artist,title,lyrics,image_url,genius_url
Tulus,Monokrom,"Lembaran foto hitam putih
Aku coba ingat lagi warna bajumu kala itu
Kali pertama di hidupku
Manusia lain memelukku
Lembaran foto hitam putih
Aku coba ingat lagi wangi rumah di sore itu
Kue cokelat balon warna-warni
Pesta hari ulang tahunku
Dimanapun kalian berada
Kukirimkan terima kasih
Untuk warna dalam hidupku dan banyak kenangan indah
Kau melukis aku
Lembaran foto hitam putih
Kembali teringat malam kuhitung-hitung bintang
Saat mataku sulit tidur
Suaramu buatku lelap
Dimanapun kalian berada
Kukirimkan terima kasih
Untuk warna dalam hidupku dan banyak kenangan indah
Kau melukis aku
Kita tak pernah tahu berapa lama kita
Diberi waktu
Jika aku pergi lebih dulu jangan lupakan aku
Ini lagu untukmu
Ungkapan terima kasihku
Lembar monokrom hitam putih
Aku coba ingat warna demi warna di hidupku
Tak akan 'ku mengenal cinta
Bila bukan karena hati baikmu",https://images.genius.com/6e95982d7ec2ba6e90fe5aa42fe1102e.1000x1000x1.png,https://genius.com/Tulus-monokrom-lyrics
Tulus,Tukar Jiwa,"Aku kehabisan cara 'tuk jelaskan padamu
Mengapa sulit 'tuk lupakanmu
Aku kehabisan cara 'tuk gambarkan padamu
Kau di mata dan di pandanganku
(Coba sehari saja)
Coba satu hari saja kau jadi diriku
(Kau akan mengerti)
Kau akan mengerti bagaimana 'ku melihatmu
Mengagumimu
Menyayangimu
Dari sudut pandangku
Dari sudut pandangku
Aku kehabisan cara 'tuk gambarkan padamu
Kau di mata dan di pandanganku
Seandainya satu hari bertukar jiwa
Kau akan mengerti dan berhenti bertanya-tanya
(Coba sehari saja)
Coba satu hari saja kau jadi diriku
(Kau akan mengerti)
Kau akan mengerti bagaimana 'ku melihatmu
(Coba sehari saja)
Coba satu hari saja kau jadi diriku
(Kau akan mengerti)
Kau akan mengerti bagaimana 'ku melihatmu
Mengagumimu
Menyayangimu
Mengagumimu
Menyayangimu
Dari sudut pandangku
Dari sudut pandangku
Dari sudut pandangku
Dari sudut pandangku",https://images.genius.com/6e95982d7ec2ba6e90fe5aa42fe1102e.1000x1000x1.png,https://genius.com/Tulus-tukar-jiwa-lyrics
Tulus,Langit Abu-Abu,"Tak mungkin secepat itu kau lupa
Air mata sedihmu kala itu
Mengungkapkan semua kekurangannya
Semua dariku yang tak dia punya
Daya pikat yang memang engkau punya
Sungguh-sungguh ingin aku lindungi
Dan setelah luka-lukamu reda
Kau lupa aku juga punya rasa
Lalu kau pergi kembali dengannya
Aku pernah menyentuhmu apa kau malu
Di bawah basah langit abu-abu
Kau di mana?
Di lengangnya malam menuju minggu
Kau di mana?
Kadang dering masih ada namamu
Beberapa pesan singkat untukku
Entah apa maksudmu, yang kutahu
Sayangimu aku telah keliru
Ayo, tulis di buku harianmu
Kelak jelaskan bila engkau punya waktu
Di bawah basah langit abu-abu
Kau di mana?
Di lengangnya malam menuju minggu
Kau di mana?
Bertemukah kau dengan sang puas?
Benar senangkah rasa hatimu?
Bertemukah kau dengan sang puas?
Benar senangkah rasa hatimu?
Di bawah basah langit abu-abu
Kau di mana?
Di lengangnya malam menuju minggu
Kau di mana?
Di bawah basah langit abu-abu
Kau di mana?
Di lengangnya malam menuju minggu
Kau di mana?
Kau di mana?",https://images.genius.com/6e95982d7ec2ba6e90fe5aa42fe1102e.1000x1000x1.png,https://genius.com/Tulus-langit-abu-abu-lyrics
Tulus,Manusia Kuat,"Kau bisa patahkan kakiku
Tapi tidak mimpi-mimpiku
Kau bisa lumpuhkan tanganku
Tapi tidak mimpi-mimpiku
Kau bisa merebut senyumku
Tapi sungguh tak akan lama
Kau bisa merobek hatiku
Tapi aku tahu obatnya
Manusia-manusia kuat itu kita
Jiwa-jiwa yang kuat itu kita
Manusia-manusia kuat Itu kita
Jiwa-jiwa yang kuat itu kita
Kau bisa hitamkan putihku
Kau takkan gelapkan apapun
Kau bisa runtuhkan jalanku
Kan kutemukan jalan yang lain
Manusia-manusia kuat itu kita
Jiwa-jiwa yang kuat itu kita
Manusia-manusia kuat itu kita
Jiwa-jiwa yang kuat itu kita
Bila bukan kehendak-Nya
Tidak satu pun culasmu akan bawa bahaya
Manusia-manusia kuat itu kita
Jiwa-jiwa yang kuat itu kita
Manusia-manusia kuat itu kita
Jiwa-jiwa yang kuat itu kita
Manusia-manusia kuat itu kita
Jiwa-jiwa yang kuat itu kita
Manusia-manusia kuat itu kita
Jiwa-jiwa yang kuat itu kita
Kau bisa patahkan kakiku
Patah tanganku rebut senyumku
Hitamkan putihnya hatiku
Tapi tidak mimpi-mimpiku",https://images.genius.com/6e95982d7ec2ba6e90fe5aa42fe1102e.1000x1000x1.png,https://genius.com/Tulus-manusia-kuat-lyrics
Tulus,1000 Tahun Lamanya,"Bila kau sanggup untuk melupakan dia
Biarkan aku hadir dan menata
Ruang hati yang telah tertutup lama
Jika kau masih ragu untuk menerima
Biarkan hati kecilmu bicara
Karena 'ku yakin kan datang saatnya
Kau jadi bagian hidupku
Kau jadi bagian hidupku
Takkan pernah berhenti untuk selalu percaya
Walau harus menunggu seribu tahun lamanya
Biarkanlah terjadi wajar apa adanya
Walau harus menunggu seribu tahun lamanya
Jika kau masih ragu untuk menerima
Biarkan hati kecilmu bicara
Karena 'ku yakin kan datang saatnya
Kau jadi bagian hidupku
Kau jadi bagian hidupku
Takkan pernah berhenti untuk selalu percaya
Walau harus menunggu seribu tahun lamanya
Biarkanlah terjadi wajar apa adanya
Walau harus menunggu seribu tahun lamanya
Selama apapun itu (Selama apapun itu)
'Ku kan setia menunggu
Takkan pernah berhenti untuk selalu percaya
Walau harus menunggu...
Takkan pernah berhenti untuk selalu percaya
Walau harus menunggu seribu tahun lamanya
Biarkanlah terjadi wajar apa adanya
Walau harus menunggu seribu tahun lamanya",https://images.genius.com/3a860c5a7fac968aec4d08721f3dc762.1000x1000x1.png,https://genius.com/Tulus-1000-tahun-lamanya-lyrics
Tulus,Ruang Sendiri,"Beri aku kesempatan 'tuk bisa merindukanmu
Jangan datang terus
Beri juga aku ruang bebas dan sendiri
Jangan ada terus
Aku butuh tahu seberapa kubutuh kamu
Percayalah rindu itu baik untuk kita
(Pagi melihatmu) menjelang siang kau tahu
(Aku ada di mana) sore nanti
Tak pernah sekali pun ada malam yang dingin
Hingga aku lupa rasanya sepi
Tak lagi sepi bisa kuhargai
Baik buruk perubahanku tak akan kau sadari
Kita berevolusi
Bila kita ingin tahu seberapa besar rasa yang kita punya
Kita butuh ruang
(Pagi melihatmu) menjelang siang kau tahu
(Aku ada di mana) sore nanti
Tak pernah sekali pun ada malam yang dingin
Hingga aku lupa rasanya sepi
Tak lagi sepi bisa kuhargai
Kita tetap butuh ruang sendiri-sendiri
Untuk tetap menghargai oh rasanya sepi
(Pagi melihatmu) menjelang siang kau tahu
(Aku ada di mana) sore nanti
Tak pernah sekali pun ada malam yang dingin
Hingga aku lupa rasanya sepi
(Pagi melihatmu) menjelang siang kau tahu
(Aku ada di mana) sore nanti
Tak pernah sekali pun ada malam yang dingin
Hingga aku lupa rasanya sepi
Tak lagi sepi bisa kuhargai
Tak lagi sepi bisa kuhargai",https://images.genius.com/6e95982d7ec2ba6e90fe5aa42fe1102e.1000x1000x1.png,https://genius.com/Tulus-ruang-sendiri-lyrics
Tulus,Gajah,"Setidaknya punya tujuh puluh tahun
Tak bisa melompat kumahir berenang
Bahagia melihat kawanan betina
Berkumpul bersama sampai ajal
Besar dan berani berperang sendiri
Yang aku hindari hanya semut kecil
Otak ini cerdas kurakit berangka
Wajahmu tak akan pernah aku lupa
Waktu kecil dulu mereka menertawakan
Mereka panggilku gajah
(Ku marah) Ku marah
Kini baru ku tahu puji di dalam olokan
(Mereka ingat ku marah)
Jabat tanganku panggil aku gajah
Kau temanku kau doakan aku
Punya otak cerdas aku harus tangguh
Bila jatuh gajah lain membantu
Tubuhmu di situasi rela jadi tamengku
Kecil kita tak tahu apa-apa
Wajar bila terlalu cepat marah
Kecil kita tak tahu apa-apa
Yang terburuk kelak bisa jadi yang terbaik
Yang terburuk kelak bisa jadi yang terbaik
Kau temanku kau doakan aku
Punya otak cerdas aku harus tangguh
Bila jatuh gajah lain membantu
Tubuhmu di situasi rela jadi tamengku
Kau temanku kau doakan aku
Punya otak cerdas aku harus tangguh
Bila jatuh gajah lain membantu
Tubuhmu disituasi rela jadi tamengku",https://images.genius.com/7cb36949e06cd83f0b745dc37156c482.1000x1000x1.png,https://genius.com/Tulus-gajah-lyrics
Tulus,Pamit,"Pamit adalah sebuah lagu yang menceritakan tentang perpisahan. Dilihat dalam segi tema, lagu ini seperti Sewindu. Namun terdapat perbedaan pada sudut pandang kedua lagu. Pada Sewindu Tulus menghayati perasaan…
Read More
Tubuh saling bersandar
Ke arah mata angin berbeda
Kau menunggu datangnya malam
Saat 'ku menanti fajar
Sudah coba berbagai cara
Agar kita tetap bersama
Yang tersisa dari kisah ini
Hanya kau takut kuhilang
Perdebatan apapun menuju kata pisah
Jangan paksakan genggamanmu
Izinkan aku pergi dulu
Yang berubah hanya
Tak lagi kumilikmu
Kau masih bisa melihatku
Kau harus percaya
'Ku tetap teman baikmu
Sudah coba berbagai cara
Agar kita tetap bersama
Yang tersisa dari kisah ini
Hanya kau takut kuhilang
Perdebatan apapun menuju kata pisah
Jangan paksakan genggamanmu
Huu, huu
Yang berubah hanya
Tak lagi kumilikmu
Huu, huu
Kau harus percaya
'Ku tetap teman baikmu
Izinkan aku pergi dulu
Yang berubah hanya
Tak lagi kumilikmu
Kau masih bisa melihatku
Kau harus percaya
'Ku tetap teman baikmu
English
Each of us is inclined
To different cardinal directions
You are expecting night to come
While I am waiting for dawn
We have tried every ways
For us to stay together
What is left from this story is
Your apprehensiveness of me disappearing
Whatever the disputation, is leading to the word 'separation'
Don't force your hold
Let me go first
What will change is only
That I'm not yours anymore
You still can see me
You must believe
I'm still your good friend
We have tried every ways
For us to stay together
What is left from this story is
Your apprehensiveness of me disappearing
Whatever the disputation, is leading to the word 'separation'
Don't force your hold
You must believe
I'm still your good friend
Huu, huu
What will change is only
That I'm not yours anymore
Huu, huu
You must believe
I'm still your good friend
Let me go first
What will change is only
That I'm not yours anymore
You still can see me
You must believe
I'm still your good friend",https://images.genius.com/d1e7e4f8e7b95e24735e305bfc451a94.1000x1000x1.png,https://genius.com/Tulus-pamit-lyrics
Tulus,Teman Hidup,"Dia indah meretas gundah
Dia yang selama ini ku nanti
Pembawa sejuk, pemanja rasa
Dia yang selalu ada untukku
Di dekatnya aku lebih tenang
Bersamanya jalan lebih terang
Tetaplah bersamaku jadi teman hidupku
Berdua kita hadapi dunia
Kau milikku milikmu kita satukan tuju
Bersama arungi derasnya waktu
Kau milikku, ku milikmu
Kau milikku, ku milikmu
Di dekatnya aku lebih tenang
Bersamanya jalan lebih terang
Tetaplah bersamaku jadi teman hidupku
Berdua kita hadapi dunia
Kau milikku ku milikmu kita satukan tuju
Bersama arungi derasnya waktu
Bila di depan nanti
Banyak cobaan untuk kisah cinta kita
Jangan cepat menyerah
Kau punya aku, ku punya kamu, selamanya akan begitu
Tetaplah bersamaku jadi teman hidupku
Berdua kita hadapi dunia
Kau milikku ku milikmu kita satukan tuju
Bersama arungi derasnya waktu
Kau milikku, ku milikmu
Kau jiwa yang selalu aku puja..",https://images.genius.com/0e1f7461eb12776a27ba6485d9461d56.1000x1000x1.png,https://genius.com/Tulus-teman-hidup-lyrics
Yura Yunita,Buka Hati,"Lirik ""Buka Hati""
Duhai diri
Ubahlah arusmu
Jadi arah
Yang dia sukai
Rendahkanlah hatimu
Duhai alam
Hujani dia dengan
Cinta dan
Hatinya yang terbuka
Aku menyayanginya
Dan terbukalah hatimu
Ada jalan untukku
Milikimu, sayangimu
Dan terbukalah hatimu
Ada jalan untukku
Milikimu, sayangimu, oh
Duhai alam
Hujani dia dengan
Cinta dan
Hatinya yang terbuka
Aku menyayanginya
Dan terbukalah hatimu
Ada jalan untukku
Milikimu, sayangimu, oh
Dan terbukalah hatimu
Ada jalan untukku
Milikimu, sayangimu, oh
Dan terbukalah hatimu
Ada jalan untukku
Milikimu, sayangimu, oh
Dan terbukalah hatimu
Ada jalan untukku
Milikimu, sayangimu, oh
Biar reda hatiku
Akupunya kasih yang
Lama kuramu untuk
Kamu",https://images.genius.com/45248d0a5b49da1d5164fb7445064a12.1000x1000x1.png,https://genius.com/Yura-yunita-buka-hati-lyrics
Tulus,Jangan Cintai Aku Apa Adanya,"Tak sulit mendapatkan mu
Karena sejak lama kau pun mengincarku
Tak perlu lama-lama
Tak perlu banyak tenaga
Ini terasa mudah
Kau trima semua kurangku
Kau tak pernah marah bila ku salah
Engkau selalu memuji apapun hasil tanganku
Yang tidak jarang payah
Reff:
Jangan cintai aku
Apa adanya
Jangan
Tuntutlah sesuatu
Biar kita jalan
Ke depan
Kau terima semua kurangku
Kau tak pernah marah bila ku salah
Engkau selalu memuji apapun hasil tanganku
Yang tidak jarang payah
Reff:
Jangan cintai aku
Apa adanya
Jangan
Tuntutlah sesuatu
Biar kita jalan
Ke depan
Aku ingin lama jadi petamu
Aku ingin jadi jagoan mu
Reff: 2x
Jangan cintai aku
Apa adanya
Jangan
Tuntutlah sesuatu
Biar kita jalan
Ke depan",https://images.genius.com/7cb36949e06cd83f0b745dc37156c482.1000x1000x1.png,https://genius.com/Tulus-jangan-cintai-aku-apa-adanya-lyrics
Yovie Widianto,Adu Rayu,"Maukah lagi kau mengulang ragu
Dan sendu yang lama
Dia yang dulu pernah bersamamu
Memahat kecewa
Atau kau inginkan yang baru
Sungguh menyayangimu
Aku ingin dirimu
Yang menjadi milikku
Bersamaku mulai hari ini
Hilang ruang untuk cinta yang lain
Separuh jalan pernah dilewati
Meski ada kecewa
Aku yang dulu tak begitu lagi
Takkan kuulangi
Jangan dulu engkau berpaling
Beriku kesempatan
Aku ingin dirimu
Tetap jadi milikku
Bersamaku mulai hari baru
Hilang ruang untuk cinta yang lain
[Bridge: Tulus,
Glenn
]
Lupakan dia pergi denganku
Lupakanlah ragu denganku
Aku
Aku
Aku
[Chorus: Tulus,
Glenn
,
Both
]
Aku ingin dirimu
(Aku ingin dirimu)
Tetap jadi milikku
(Jangan ulangi ragu)
Bersamaku mulai hari baru
Hilang ruang untuk cinta yang lain
Aku ingin dirimu
(Aku ingin dirimu)
Yang menjadi milikku
(Setengah jalanmu denganku)
Bersamaku mulai hari ini
Hilang ruang untuk cinta yang lain
[Outro: Tulus,
Both
]
Layak untuk cantikmu
Itu aku",https://images.genius.com/d885e56873516018df1dcfd23cf7eeeb.1000x1000x1.png,https://genius.com/Yovie-widianto-adu-rayu-lyrics
Tulus,Sewindu,"Sudah sewindu 'ku di dekatmu
Ada di setiap pagi, di sepanjang harimu
Tak mungkin bila engkau tak tahu
Bila 'ku menyimpan rasa yang kupendam sejak lama
Setiap pagi 'ku menunggu di depan pintu
Siapkan senyum terbaikku agar cerah harimu
Cukup bagiku melihatmu tersenyum manis
Di setiap pagimu, siangmu, malammu
Sesaat dia datang, pesona bagai pangeran
Dan beri kau harapan, bualan cinta di masa depan
Dan kau lupakan aku, semua usahaku
Semua pagi kita, semua malam kita
Oh, tak akan lagi 'ku menunggumu di depan pintu
Dan tak ada lagi tutur manisku merayumu
Setiap pagi 'ku menunggu di depan pintu
Siapkan senyum terbaikku agar cerah harimu
Cukup bagiku melihatmu tersenyum manis
Di setiap pagimu, siangmu, malammu
Sesaat dia datang, pesona bagai pangeran
Dan beri kau harapan, bualan cinta di masa depan
Engkau lupakan aku, semua usahaku
Semua pagi kita, semua malam kita
Oh, tak akan lagi 'ku menunggumu di depan pintu
Dan tak ada lagi tutur manisku merayumu
Oh, tak akan lagi 'ku menunggumu di depan pintu
Dan tak ada lagi tutur manisku merayumu
Jujur memang sakit di hati
Bila kini nyatanya engkau memilih dia
Takkan lagi ku sebodoh ini
Larut di dalam angan-angan tanpa tujuan
Oh, tak akan lagi 'ku menunggumu di depan pintu
Dan tak ada lagi tutur manisku merayumu
Oh, tak akan lagi 'ku menunggumu di depan pintu
Dan tak ada lagi tutur manisku merayumu",https://images.genius.com/0e1f7461eb12776a27ba6485d9461d56.1000x1000x1.png,https://genius.com/Tulus-sewindu-lyrics
Tulus,Hati-Hati di Jalan,"Translations
English
Perjalanan membawamu
Bertemu denganku
'Ku bertemu kamu
Sepertimu yang kucari
Konon aku juga
Seperti yang kau cari
Kukira kita asam dan garam
Dan kita bertemu di belanga
Kisah yang ternyata tak seindah itu
Kukira kita akan bersama
Begitu banyak yang sama
Latarmu dan latarku
Kukira takkan ada kendala
Kukira ini kan mudah
Kau aku jadi kita
Kasih sayangmu membekas
Redam kini sudah
Pijar istimewa
Entah apa maksud dunia
Tentang ujung cerita
Kita tak bersama
Semoga rindu ini menghilang
Konon katanya waktu sembuhkan
Akan adakah lagi yang sepertimu?
Kukira kita akan bersama
Begitu banyak yang sama
Latarmu dan latarku
Kukira takkan ada kendala
Kukira ini kan mudah
Kau aku jadi kita
Kau melanjutkan perjalananmu
'Ku melanjutkan perjalananku
Uh-uhh, Uh
Kukira kita akan bersama
Begitu banyak yang sama
Latarmu dan latarku
Kukira takkan ada kendala
Kukira ini kan mudah
Kau aku jadi kita
Kukira kita akan bersama
Hati-hati di jalan",https://images.genius.com/b8c8aad22946baa1e6c3dbde8b003506.1000x1000x1.png,https://genius.com/Tulus-hati-hati-di-jalan-lyrics
Tulus,Cahaya,"Ratusan hari 'ku mengenalmu
Ratusan alasan kamu berharga
Ratusan hari 'ku bersamamu
Ratusan alasan kamu cahaya
Semampuku
kau akrab dengan senyum dan tawa
Semampuku
tak lagi perlu kau takut cinta
Bila aku pegang kendali penuh pada cahaya
Aku pastikan jalanmu terang
Bila aku pegang kendali penuh pada cahaya
Aku pastikan jalanmu terang
Tak mudah lagi sendu mengganggu
Kau tahu cara buatku tertawa
Tak mudah kusut dalam kemelut
Kau tahu cara mengurai semua
Bila aku pegang kendali penuh pada cahaya
Aku pastikan jalanmu terang
Bila aku pegang kendali penuh pada cahaya
Aku pastikan jalanmu terang
Duhai cahaya terima aku
Aku ingin kau lihat yang kau punya
Aku ingin kau kembali bisa
Percaya pada diri dan mampumu",https://images.genius.com/6e95982d7ec2ba6e90fe5aa42fe1102e.1000x1000x1.png,https://genius.com/Tulus-cahaya-lyrics
Tulus,Interaksi,"Manalah ku tahu datang hari ini
Hari di mana 'ku melihat dia
Yang tak aku bidik
Yang tak aku cari
Duga benih patah hati lagi
Tahu begini
Jika bisa memilih tak bertemumu pasti
Itu yang kupilih
Jika bisa kuhindari garis interaksi
Itu yang kupilih
Ingin bawanya ke tempat-tempat indah
Tipikal klise ingin tahu pikirnya
Entah ini ingin, entah ini sayang
Si hati rapuh tantang wahana
Oh, lagi-lagi aku yang tak berkendali di oasis sendu
Itu yang kupilih, hmm
Aku yang tak kuasa mengendalikan hati
Tak semua kupilih
Alam dan seluruh energinya
Apa dalam ciptanya ada aku?
Bila bukan untuk aku
Hindariku dari patah hati itu
Jika dia memang bisa untukku sini
Dekat dan dekatlah
Dan jika dia memang bukan untukku, tolong
Reda dan redalah
Reda dan redalah
Reda dan redalah
Atau mendekatlah",https://images.genius.com/b8c8aad22946baa1e6c3dbde8b003506.1000x1000x1.png,https://genius.com/Tulus-interaksi-lyrics
Dere,Kota,"Di kota ini sehabis hujan
Desember yang lalu
Di kota ini dalam ruangan
Berpenyejuk udara
Kau dan wangimu bersanding dengan
Riuh angin diluar
Udara mana kini yang kau hirup?
Hujan dimana kini yang kau peluk?
Dimana pun kau kini
Rindu tentangmu 'tak pernah pergi
Dijalan ini menguning langit
Berkendara denganmu
Tajam mentari menembus pelan
Bening teduh matamu
Kau dan wangimu berpadu utuh
Tabungan kelak rindu
Udara mana kini yang kau hirup?
Hujan dimana kini yang kau peluk?
Dimana pun kau kini, hmm
Rindu tentangmu 'tak pernah pergi
Udara mana kini yang kau hirup?
Hujan dimana kini yang kau peluk?
Dimana pun kau kini, uh-uuh
Rindu tentangmu 'tak pernah pergi
Rindu tentangmu 'tak pernah pergi",https://images.genius.com/f831fc9ee80c44e4479e33358c1b3050.1000x1000x1.png,https://genius.com/Dere-kota-lyrics
Tulus,Tujuh Belas,"[
Lirik
""Tujuh Belas""]
Muda jiwa selamanya muda
Kisah kita abadi selamanya
Muda jiwa selamanya muda
Kisah kita abadi selamanya
Masihkah kau mengingat di saat kita masih tujuh belas?
Waktu di mana tanggal-tanggal merah terasa sungguh meriah
Masihkah kau ingat cobaan terberat kita matematika?
Masihkah engkau ingat lagu di radio yang merdu mengudara?
Kita masih sebebas itu
Rasa takut yang tak pernah mengganggu
Batas naluri bahaya
Dulu tingginya lebihi logika
Hu-uuh
Hu-uuh-uh
Hu-uuh
Hu-uuh-uh
Putaran bumi dan waktu yang terus berjalan menempa kita
Walau kini kita terpisah, namun jiwaku tetap di sana
Di masa masih sebebas itu (Ooh, di masa)
Rasa takut yang tak pernah mengganggu
Di masa naluri bahaya
Dulu tingginya lebihi logika
Hu-uuh
Hu-uuh-uh
Hu-uuh
Hu-uuh-uh
Muda jiwa selamanya muda
Kisah kita abadi selamanya
Kita masih sebebas itu (Kita masih sebebas itu)
Rasa takut yang tak pernah mengganggu (Rasa takut yang tak pernah mengganggu)
Batas naluri bahaya (Haaa)
Dulu tingginya lebihi logika (Haaa)
Sеderas apa pun arus di hidupmu
Genggam terus kеnangan tentang kita
Seberapa pun dewasa mengujimu
Takkan lebih dari yang engkau bisa
Dan kisah kita abadi untuk selama-lamanya
Hu-uuh
Hu-uuh-uh
Hu-uuh
Hu-uuh-uh (Haaa)
Hu-uuh (Haaa)
Hu-uuh-uh (Haaa)
Hu-uuh (Haaa)
Hu-uuh-uh
Hu-uuh
Hu-uuh-uh
Hu-uuh
Hu-uuh-uh",https://images.genius.com/b8c8aad22946baa1e6c3dbde8b003506.1000x1000x1.png,https://genius.com/Tulus-tujuh-belas-lyrics
Tulus,Tergila-gila,"Hari ini kau mesra
Besok lusa kau dingin
Kau buatku penasaran
Bisa hilang seminggu
Lalu terus di sisiku
Kau buatku penasaran
Tahukah hati ini luluh
Lihat wajahmu yang sendu
Itu yang paling kau andalkan
Kau menang menangkan hatiku
Kau buatku tergila-gila
Kau pintar buat aku rindu
Kau buatku tergila-gila, sayangku
Ini bukan yang pertama tapi ini paling menarik
Ini bukan yang pertama tapi ini paling menarik
Aku tahu kau ingin bertemu
Tapi berlagak tak mau
Kau ahlinya permainan
Tahukah hati ini luluh
Lihat wajahmu yang sendu
Itu yang paling kau andalkan (ooh)
Kau menang menangkan hatiku
Kau buatku tergila-gila
Kau pintar buat aku rindu
Kau buatku tergila-gila, sayangku
Ini bukan yang pertama tapi ini paling menarik
Ini bukan yang pertama tapi ini paling menarik
Ini bukan yang pertama tapi ini paling menarik
Ini bukan yang pertama tapi ini paling menarik
Kau menang menangkan hatiku
Kau buatku tergila-gila
Kau pintar buat aku rindu
Kau buatku tergila-gila, sayangku
Ini bukan yang pertama tapi ini paling menarik
Ini bukan yang pertama tapi ini paling menarik
Ini bukan yang pertama tapi ini paling menarik
Ini bukan yang pertama tapi ini paling menarik
(Ini bukan yang pertama tapi ini paling menarik
Ini bukan yang pertama tapi ini paling menarik
Ini bukan yang pertama tapi ini paling menarik
Ini bukan yang pertama tapi ini paling menarik)
Hari ini kau mesra, besok lusa kau dingin
Kau buatku penasaran",https://images.genius.com/6e95982d7ec2ba6e90fe5aa42fe1102e.1000x1000x1.png,https://genius.com/Tulus-tergila-gila-lyrics
Tulus,Lekas,"Saat larut dalam sedih
Tak berhenti putari bumi
Saat gentar hela nafas
Tak berhenti cepatkan laju masa
(Lekas) hentikan tangismu
(Lekas) berbinar matamu
(Lekas) waktumu sangat terbatas
(Lekas) hentikan tangismu
(Lekas) hargai nafasmu
(Lekas) waktumu sangat terbatas
Yang dicinta datang pergi
Tak terhindari tekanan hati
Lirih ajarkan kau bahagia
Waktu-waktu kian terasa berharga
(Lekas) hentikan tangismu
(Lekas) berbinar matamu
(Lekas) waktumu sangat terbatas
(Lekas) hentikan tangismu
(Lekas) hargai nafasmu
(Lekas) waktumu sangat terbatas
Waktu enggan menunggumu
Dunia terlalu ramai untuk manjakanmu
Enyahlah semua sedihmu
Kau layak untuk terus, terus tersenyum
(Lekas) hentikan tangismu
(Lekas) berbinar matamu
(Lekas) waktumu sangat terbatas
(Lekas) hentikan tangismu
(Lekas) hargai nafasmu
(Lekas) waktumu sangat terbatas
Lekas, lekas, lekas
(Lekas) hentikan tangismu
(Lekas) hargai nafasmu
(Lekas) waktumu sangat terbatas",https://images.genius.com/6e95982d7ec2ba6e90fe5aa42fe1102e.1000x1000x1.png,https://genius.com/Tulus-lekas-lyrics
Tulus,Satu Hari di Bulan Juni,"Kita tak perlu terlalu banyak uang
Kita bahagia meski tak kemana-mana
Kamu cantik (cantik) meski tanpa bedak (tanpa bedak)
Rasakan ini senang di dadaku memilikimu (memilikimu)
Peluk aku, merdu ku dengar debar jantungmu
Oh tenang sayang semua kan baik-baik saja
Kamu cantik (cantik) meski tanpa bedak (tanpa bedak)
Rasakan ini senang di dadaku memilikimu (memilikimu)
Peluk aku, merdu ku dengar debar jantungmu
Oh tenang sayang semua kan baik-baik saja
Oh kita kan baik-baik saja
Kita kan baik-baik saja
Kita kan baik-baik saja",https://images.genius.com/7cb36949e06cd83f0b745dc37156c482.1000x1000x1.png,https://genius.com/Tulus-satu-hari-di-bulan-juni-lyrics
Tulus,Sepatu,"Kita adalah sepasang sepatu
Selalu bersama tak bisa bersatu
Kita mati bagai tak berjiwa
Bergerak karena kaki manusia
Aku sang sepatu kanan
Kamu sang sepatu kiri
Ku senang bila diajak berlari kencang
Tapi aku takut kamu kelelahan
Ku tak masalah bila terkena hujan
Tapi aku takut kamu kedinginan
Kita sadar ingin bersama
Tapi tak bisa apa-apa
Terasa lengkap bila kita berdua
Terasa sedih bila kita di rak berbeda
Di dekatmu kotak bagai nirwana
Tapi saling sentuh pun kita tak berdaya
Ku senang bila diajak berlari kencang
Tapi aku takut kamu kelelahan
Ku tak masalah bila terkena hujan
Tapi aku takut kamu kedinginan
Kita sadar ingin bersama
Tapi tak bisa apa-apa
Kita sadar ingin bersama
Tapi tak bisa apa-apa
Terasa lengkap bila kita berdua
Terasa sedih bila kita di rak berbeda
Di dekatmu kotak bagai nirwana
Tapi saling sentuh pun kita tak berdaya
Cinta memang banyak bentuknya
Mungkin tak semua bisa bersatu",https://images.genius.com/7cb36949e06cd83f0b745dc37156c482.1000x1000x1.png,https://genius.com/Tulus-sepatu-lyrics
Tulus,Diri,"Hari ini kau berdamai dengan dirimu sendiri
Kau maafkan semua salahmu ampuni dirimu
Hari ini ajak lagi dirimu bicara mesra
Berjujurlah pada dirimu kau bisa percaya
Maafkan semua yang lalu
Ampuni hati kecilmu
Luka-luka hilanglah luka
Biar tenteram yang berkuasa
Kau terlalu berharga untuk luka
Katakan pada dirimu
Semua baik-baik saja
Bisikkanlah terima kasih pada diri sendiri
Hebat dia terus menjagamu dan sayangimu
Suarakan bilang padanya jangan paksakan apa pun
Suarakan ingatkan terus aku makna cukup
Luka-luka hilanglah luka
Biar senyum jadi senjata
Kau terlalu berharga untuk luka
Katakan pada dirimu
Semua baik-baik saja
Bila lelah menepilah
Hayati alur napasmu
Luka-luka hilanglah luka
Biar tenteram yang berkuasa
Kau terlalu berharga untuk luka
Katakan pada dirimu
Semua baik-baik saja
Luka-luka hilanglah luka
Biar senyum jadi senjata
Kau terlalu berharga untuk luka
Katakan pada dirimu
Semua baik-baik saja
Semua baik-baik saja",https://images.genius.com/b8c8aad22946baa1e6c3dbde8b003506.1000x1000x1.png,https://genius.com/Tulus-diri-lyrics
Tulus,Bunga Tidur,"Bekas gincu di sudut bibir kiri
Di depan cermin sabtu pagi
Aku tak tahu ini punya siapa
Cukup jauh dari mabuk rasanya
Untuk tak bermimpi entahlah
Ini pertanda apa
Sering malu karna sujud
Hanya bila tertekan duhai pria
Yang mengaku-ngaku dewasa
Kurun kebal membeku
Dididihkan pun tak mampu
Ini dia si jago pemalu
Bila kau pikir aku sekuat itu
Dua empat tujuh aku bahagia
Reff:
Kau salah kawan
Ku dilindungi dendangan
Ini musikku dia pagar jarak pandangmu
Mustahil tak bercelah
Di depan cermin sabtu pagi
Aku bicara dengan pantulanku
Bunga tidur bisa membawamu terkubur
Jauh dari sekedar angka hantui pikiran
Kadang aku jatuh cinta
Kadang naik si pitam
Kadang gelap malam
Kadang semua tuli
Reff: 2x
Selama ku lihat engkau senang
Yang lainnya ku simpan sendiri",https://images.genius.com/7cb36949e06cd83f0b745dc37156c482.1000x1000x1.png,https://genius.com/Tulus-bunga-tidur-lyrics
Tulus,Baru,"Tak perlu kau ajak aku bicara
Tak akan pernah ku mendengar-nya
Ini aku yang dulu bahkan tak dapat sebelah dengar dari telingamu
Tak perlu pesolek berwangi bunga
Tak akan mampu luluhkan hatiku
Ini aku yang dulu bahkan tak dapat sebelah mata dari pandanganmu
(Reff)
Nikmatilah kejutanku
Ini aku yang baru
Nikmatilah rasa rindu
Tak lagi di kuasamu
Tak perlu gelitik aku tertawa
Tak lagi kulihat ada yang lucu
Ini aku yang dulu namanya terus jadi sisipan tiap leluconmu
(Reff 2x)
Dari dulu kamu tau
Patuh aku demi kamu
Dulu lalu tinggal dulu
Inilah aku yang baru
(Reff 2x)",https://images.genius.com/7cb36949e06cd83f0b745dc37156c482.1000x1000x1.png,https://genius.com/Tulus-baru-lyrics
Dere,Tanya,"Dari sekian bintang cakrawala
Apa hanya kita saja yang bernyawa?
Lahir kita semua tak berdaya
Lalu hidup kita mesti berupaya
Dan dewasa terpaksa memikul raya
Banyak yang aku takkan tahu
Yang kamu tak akan juga tahu jawabannya
Sejenak berhenti bertanya
Nikmati saja waktu yang kita punya
Nikmati saja waktu yang kupunya
Mustahil untukku pahamimu
Tak sepenuhnya kau pun memahamiku
Tak tahu
Mungkin memang nadi kita, hmm
Mungkin bila semua aku pahami
Mungkin rasa ini tak menarik lagi
Banyak yang aku takkan tahu
Yang kamu tak akan juga tahu jawabannya
Sejenak berhenti bertanya
Nikmati saja waktu yang kita punya
Nikmati saja waktu yang kupunya
Aku tak pernah tahu
Kemana pergi jiwaku saat tidur tubuhku
Hidup dan segala misterinya
Bolehkah kuterjang dengamu?
Banyak yang aku takkan tahu
Yang kamu tak akan juga tahu jawabannya
Sejenak berhenti bertanya
Nikmati saja waktu yang kita punya
Nikmati saja waktu yang kupunya
Banyak yang aku takkan tahu
Yang kamu tak akan juga tahu jawabannya
Sejenak berhenti bertanya
Nikmati saja waktu yang kita punya
Nikmati saja waktu yang kupunya",https://images.genius.com/1bcace202c468b09ce1106d228f9b465.1000x1000x1.png,https://genius.com/Dere-tanya-lyrics
Tulus,Jatuh Suka,"Sungguh 'ku tidak memiliki daya
Di depan harummu
Sungguh terkunci kata yang tertata
Di depan ragamu, uuh-uhh
Bila kau lihat ’ku tanpa sengaja
Beginikah surga?
Bayangkan bila kau ajakku bicara
Ini semua bukan salahmu
Punya magis perekat yang sekuat itu
Dari lahir sudah begitu
Maafkan
Aku jatuh suka
Bila kau lihat 'ku tanpa sengaja, uuh
Beginikah surga?
Bayangkan bila kau ajakku bicara
Ini semua bukan salahmu
Punya magis perekat yang sekuat itu
Dari lahir sudah begitu
Maafkan
Aku jatuh suka
Bila kau berkenan, biarkanku di sampingmu
Berkuranglah satu jiwa yang sepi
Ini semua bukan salahmu
Punya magis perekat yang sekuat itu
Dari lahir sudah begitu
Maafkan, ohh-uhh
Ini semua bukan salahmu
Punya magis perekat yang sekuat itu
Dari lahir sudah begitu
Maafkan
Aku jatuh suka, hmm
Aku jatuh suka",https://images.genius.com/b8c8aad22946baa1e6c3dbde8b003506.1000x1000x1.png,https://genius.com/Tulus-jatuh-suka-lyrics
Tulus,Bumerang,"Dia biarkan ku jatuh cinta
Lalu dia pergi seenaknya
Dihantui ragu tapi tak peduli
Gegabah jadi alasannya
Pandangan yang takkan kulupa
Lama sudah aku tak punya
Lalu dia pergi menunggu di paksa
Dirayu untuk bicara
Reff:
Sudah jauh kini
Aku berjalan tinggalkan dirimu
Tak ku lihat lagi apa yang membutakan ragamu
Sementara kau sibuk dengan permainanmu
Dengan hati yang lain, nama yang lain
Sibuk merakit bumerang tuk menyerangmu
Berbalik menyerangmu
Dia bilang telah salah langkah
Kekaguman keliru arah
Puisi dan lagu yang sering ku tulis
Hanya itu yang dia mau
Tapi hati...
Reff:
Sudah jauh kini
Aku berjalan tinggalkan dirimu
Tak ku lihat lagi apa yang membutakan ragamu
Sementara kau sibuk dengan permainanmu
Dengan hati yang lain, nama yang lain
Sibuk merakit bumerang tuk menyerangmu
Berbalik menyerangmu
Tak ada maaf untuk dia
Nanti aku kan membalasnya
Dia harus tahu
Cinta ini benar
Bukan hanya mau biasa
Dia harus tahu
Cinta ini benar
Bukan hanya mau biasa",https://images.genius.com/7cb36949e06cd83f0b745dc37156c482.1000x1000x1.png,https://genius.com/Tulus-bumerang-lyrics
Tulus,Mahakarya,"Bapak pernah berkata
Saat jiwa terpisah dari raga
Dia kan terbang menghinggapi
Karya terbaik kita
Ibu pernah berkata
Jangan bergantung pada peruntungan
Senang dan tidak senang hidupmu
Tergantung kerja kerasmu
Beri hati pada setiap kerja kerasmu
Karya-karyamu
Beri hati pada setiap kerja kerasmu
Karya-karyamu
Beri hati pada setiap kerja kerasmu
Karya-karyamu
Beri hati pada setiap kerja kerasmu
Karya-karyamu
Aku bisa rasakan
Dia bisa rasakan
Semua bisa rasakan
Biarkan hati terus bicara
Mungkin kali ini
Mungkin kali ini
Mungkin kali ini
Lahirlah mahakaryamu",https://images.genius.com/6e95982d7ec2ba6e90fe5aa42fe1102e.1000x1000x1.png,https://genius.com/Tulus-mahakarya-lyrics
Dere,Berisik,"Du-du
Du-du-du-du-du-du-du
Oh, manusia berisik
Bermulut satu dan bicaranya lantang
Lidah tertutup gigi, tapi bagai terpampang
Oh, manusia berisik
Berakal budi, tapi terkadang lupa
Kalau hidup di dunia hanya bertamu saja
Bicaralah secukupnya
Tak semua harus terucap, hmm
Oh, manusia berisik
Punya hati, tapi tak hati-hati
Beralaskan logika, sering merasa benar
Bicaralah secukupnya
Tak semua harus terucap, hmm
Du-du (du-du)
Du-du-du-du-du-du-du
Du-du (du-du, du-du)
Du-du-du-du-du-du-du
Du-du, yeah
Aku manusia berisik
Kutulis lagu ini bukan karena aku merasa paling benar
Tapi karena kurasa kadang ku juga lupa tuk bicara secukupnya",https://images.genius.com/6aa4d0005b2798a2460ecb36525ee0b6.1000x1000x1.png,https://genius.com/Dere-berisik-lyrics
Andien,Belahan Jantungku,"Mencintaimu jauh sebelum ku lihat
Wajahmu, wajahmu
Menyayangimu semenjak jarimu masih
Bersatu, bersatu
Tumbuh yang sesungguhnya
Sayang yang sebenarnya
Senyummu, senyumku
Sedihmu, sedihku oh
Dunia ramahlah padanya
Belahan jantungku
Mencintaimu jauh sebelum ku lihat
Wajahmu, wajahmu
Menyayangimu semenjak jarimu masih
Bersatu, bersatu
Tumbuh yang sesungguhnya
Sayang yang sebenarnya
Senyummu, senyumku
Sedihmu, sedihku oh
Dunia ramahlah padanya
Belahan jantungku
Senyummu, senyumku
Sedihmu, sedihku oh
Dunia ramahlah padanya
Belahan jantungku
Belahan jantungku
Belahan jantungku
Belahan jantungku
Sayang belahan jantungku",https://images.genius.com/9d613e8657e9ff72c88f9328d7612889.1000x1000x1.png,https://genius.com/Andien-belahan-jantungku-lyrics
Tulus,Nala,"Tentang Nala dan hati yang sedang berbunga
Malam nanti ada janji yang ditunggunya, uhh-uuh
Dipilihnya baju terpantas dan bergaya
Tak sabarnya ingin segera malam tiba
Tujuh tepat pesan singkat diterimanya
Kabar dari yang ditunggu jadi tak bisa
Tak bisa bertemu
Lama Nala merasa sulit disuka
Bagi Nala malam ini istimewa
Sedih dia kembali masuk kamarnya
Tentang Nala dan kemurungan hatinya, hmm-mm
Nala figur sederhana
Tak ramai kelilingnya
Sembilan dua lahirnya
Hari besar baginya bila
Melihat benih cinta
Bagi Nala itu langka
Lama Nala merasa sulit disuka
Bagi Nala malam ini istimewa
Sedih dia kembali masuk kamarnya
Tentang Nala dan kemurungan hatinya
Ooh-ooh
Ooh-ooh
Ooh-ooh
Ooh-ooh
Ooh-ooh
Ooh-ooh
Lalu Nala mengirim singkat sebuah pesan
Kepadanya Nala bertanya, kapan ada waktu lain lagi?",https://images.genius.com/b8c8aad22946baa1e6c3dbde8b003506.1000x1000x1.png,https://genius.com/Tulus-nala-lyrics
Tulus,Labirin,"Ku cari tahu tentangmu
Tanggal dan tahun lahirmu
Ku pelajari rasi bintang menebak pribadimu
Tokoh kartun favoritmu
Dan warna kegemaranmu
Ku telusuri di titik mana kita kan bertemu
(Bius aku)
Bius aku dengan tatapanmu, tatapanmu
(Misterimu)
Menyiksaku tapi sungguh candu, sungguh candu
Lika liku labirinmu
Tak kan urungkan niatku
Betapa kuyakin kita berdua bisa menyatu
(Labirinmu)
Jebak aku dalam labirinmu, labirinmu
(Tersesatku)
Tersesatku di adiwarnamu, pesonamu
(Labirinmu)
Jebak aku dalam labirinmu, labirinmu, labirinmu
(Tersesatku)
Tersesatku di adiwarnamu, pesonamu
Kucari tau tentangmu
Tanggal dan tahun lahirmu
Kupelajari rasi bintang menebak pribadimu
(Bius aku)
Bius aku dengan tatapanmu, tatapanmu
(Misterimu)
Menyiksaku tapi sungguh candu, sungguh candu, sungguh candu
(Labirinmu)
Jebak aku dalam labirinmu, labirinmu, labirinmu
(Tersesatku)
Tersesatku di adiwarnamu, pesonamu
Lika liku labirinmu
Tak kan urungkan niatku
Betapa ku yakin kita berdua bisa menyatu",https://images.genius.com/7765e8bc3c0c7f76de00bda45a1650ed.1000x1000x1.png,https://genius.com/Tulus-labirin-lyrics
Tulus,Kelana,"Terjebak di dalam baja beroda
Di bawah raksasa tinggi
Dihantui bayang-bayang kelam
Berebut udara jernih
Di ramai kota menggantung mimpi yang entah di mana
Kita ke mana?
Mau ke mana?
Hendak mencari apa?
Menumpuk untuk apa?
Kita ke mana?
Mau ke mana?
Hendak mencari apa?
Menumpuk untuk apa?
Terik di mata dingin di raga
Keringat untuk apa?
Dihantui ringkih lelah badan
Berjuta alasan untuk kulari pergi berjuta alasan tetap di sini, hmm
Kita ke mana?
Mau ke mana?
Hendak mencari apa?
Menumpuk untuk apa?
Kita ke mana?
Mau ke mana?
Hendak mencari apa?
Menumpuk untuk apa?
Lihat langit di balik jendela bening yang jadi arena juang belasan jam tiap hariku
Hariku
Di mana mimpiku?
Di mana depan dulu yang kujadikan alamat tuju?
Uhh-uuh, uh
Kita ke mana?
Mau ke mana?
Hendak mencari apa?
Menumpuk untuk apa?
Mimpimu
Mimpinya
Mimpimu
Mimpinya
Mimpimu (Bukan mimpinya)
Mimpinya
Mimpimu (Bukan mimpinya)
Mimpinya
Kita ke mana?
Mau ke mana?
Hendak mencari apa?
Menumpuk untuk apa?
Kita ke mana?
Mau ke mana?
Hendak mencari apa?
Menumpuk uang untuk apa?",https://images.genius.com/b8c8aad22946baa1e6c3dbde8b003506.1000x1000x1.png,https://genius.com/Tulus-kelana-lyrics
Tulus,Ingkar,"Seiya menyudahi
Sekata pisah tak sama lagi
Bersama dihadapi
Engkau pun seperti
Tak enggan mengakhiri
'Ku dengan bunga baru
Jiwa sepimu diobatinya
Terus mencari celah
Berdua bicara topik mengada-ada
Ingkarkah kita?
Aku coba dengan yang baru
Kukira hilang bayangmu
Namun tiap dengan yang baru
Rasanya seperti 'ku berbohong dan curangimu
'Ku dengan bunga baru
Jiwa sepimu diobatinya
Terus mencari celah mengarang temu
Tuju mengada-ada
Aku coba dengan yang baru kukira
Hilang bayangmu
Namun tiap dengan yang baru
Rasanya seperti ku berbohong dan curangimu
Detik-detik terus menitik
Garis rindu menuju kamu
Jam demi jam terus menggeram
Rona rindumu pun kеpadaku
Mungkin kita butuhkan waktu
Atau berdua
Mengingkari hati
Detik-dеtik terus menitik
Kisah kita tidak bertitik
Aku coba dengan yang baru
Kukira hilang bayangmu
Namun tiap dengan yang baru
Rasanya seperti 'ku berbohong dan curangimu, ooh
Aku coba dengan yang baru kukira
Hilang bayangmu
Namun tiap dengan yang baru
Rasanya seperti 'ku berbohong dan curangimu
'Ku curangimu
Curangimu",https://images.genius.com/8582a5a2e222e1b4a24f43f9bd79585b.1000x1000x1.png,https://genius.com/Tulus-ingkar-lyrics
Tulus,Adaptasi,"Berdiam di dalam rumah ini denganmu
Dari malam hingga malam lagi
Terkungkung langkah ragu tak kemana-mana
Dari rabu hingga rabu lagi
Semakin banyak waktu tuk bicara
Semakin kupaham harapmu apa
Semakin banyak waktu tuk bersama
Bersyukurku kau utuh jiwa raga
Bila ini (Belum kan reda)
Tetap Kita (Saling Menjaga)
Hari depan (Tak ada yang tau)
Hadirmu sangat berharga ku ingin engkau tau
Aku sayang kamu
Kita di bawah atap lindungan yang sama
Menunggu tenangnya langit pagi
Sadari indah kerut wajahmu yang baru
Tenteram setia mengawalmu
Semakin banyak waktu bersamamu
Semakin mahir ku menata rindu
Semakin banyak waktu di dekatmu
Semakin kupaham apa doamu
Bila ini (Belum kan reda)
Tetap Kita (Saling Menjaga)
Hari depan (Tak ada yang tau)
Hadirmu sangat berharga ku ingin engkau tau
Aku Sayang Kamu
Aku Sayang Kamu",https://images.genius.com/ab87132ae34099ef07ced17d94361c37.1000x1000x1.png,https://genius.com/Tulus-adaptasi-lyrics
Tulus,Satu Kali,"Untuk matamu yang basah tak berhenti
Untuk tawa yang datang sesekali
Di titik gelap dan terang yang berganti
Gemuruh angin berbagai penjuru
Ringkihlah asa
Hilanglah harap
Terbuanglah waktu
Kecil hanya sekali
Muda hanya sekali
Tua hanya sekali
Hiduplah kini
Kecil hanya sekali
Muda hanya sekali
Tua hanya sekali
Hiduplah kini
Merangkak dua langkah kecil pertama
Kini dia lari dan tergesa-gesa
Terenyuh dia buah manis pertama
Kini ilusi pahit mewah rasa
Jutaan ragu
Juta keliru
Puji ilusimu
Kecil hanya sekali
Muda hanya sekali
Tua hanya sekali
Hiduplah kini
Kecil hanya sekali
Muda hanya sekali
Tua hanya sekali
Hiduplah kini
Wajah kecilmu
Kita manusia
Bukan yang maha paling mulia
Kecil hanya satu kali
Muda hanya satu kali
Tua hanya satu kali
Hiduplah
Hiduplah kini....
Hiduplah
Hiduplah kini
Hiduplah kini",https://images.genius.com/b8c8aad22946baa1e6c3dbde8b003506.1000x1000x1.png,https://genius.com/Tulus-satu-kali-lyrics
Tulus,Remedi,"Bila ini kesempatan kamu
Remedi yang mungkin tak terulang
Kesempatan 'tuk terang hidupmu
Aku tak akan menghalangimu
Aku tak mau
Aku rasakan yakinmu dilawan ragu
Tapi, sampai kapan kamu menahan-nahan?
Bila pergi itu solusi
'Tuk kejar mimpimu
'Tuk kejar perlumu
'Tuk kejar maumu
Untuk kejar mimpimu
Kejar perlumu
Kejar maumu
Pasti sedih menghalang legaku
Melepasmu berawan pandangku
Sendu mengingat pipi merahmu
Dan semua baik manis kenangmu
Kuharus mampu
Aku rasakan yakinmu dilawan ragu
Tapi, sampai kapan kamu menahan-nahan?
Bila pergi itu solusi
Tuk kejar mimpimu
Tuk kejar perlumu
Tuk kejar maumu, hmm
Untuk kejar mimpimu
Kejar perlumu
Kejar maumu
Kita jaga tak terputus kata
Segala mungkin lagi bersama
Bila sudah begitu jalannya
Semoga sedih ini sementara
Sementara
Temu lagi
(Ooh-ooh-ooh-ooh, ooh-ooh)
(Ooh-ooh-ooh-ooh-ooh-ooh-ooh-ooh)
(Ooh-ooh-ooh-ooh, ooh-ooh)
(Ooh-ooh-ooh-ooh-ooh-ooh-ooh-ooh)
(Ooh-ooh-ooh-ooh, ooh-ooh)
Sedihku
Sedihmu sementara
(Ooh-ooh-ooh-ooh-ooh-ooh-ooh-ooh)
Bertemu
Bertemu lagi kita
(Ooh-ooh-ooh-ooh, ooh-ooh)
Sedihku
Sedihmu sementara
(Ooh-ooh-ooh-ooh-ooh-ooh-ooh-ooh)
Bertemu",https://images.genius.com/b8c8aad22946baa1e6c3dbde8b003506.1000x1000x1.png,https://genius.com/Tulus-remedi-lyrics
Tulus,Diorama,"Aku patung, mereka patung
Cangkir teh hangat namun kaku dan dingin
Meja-meja kayu mengkilap
Wajahmu dibasahi air mata yang dilukis
Tubuh kaku tidak bergerak
Ingin hapus air matamu tapi aku tak bisa
Patung-patung kayu mengkilap
Pikiran mereka kosong memikul peran
Harusnya cerita ini bisa berakhir lebih bahagia
Tapi kita dalam diorama
Harusnya sisa masa ku buat indah menukar sejarah
Tapi kita dalam diorama
Diorama, diorama
Sakit hatimu karena aku
Sakit membekas dalam, jadi bagian sejarah
Tak ada kesempatan untuk berkilah
Untuk selamanya masa itu menguasaimu
Harusnya cerita ini bisa berakhir lebih bahagia
Tapi kita dalam diorama
Harusnya sisa masa ku buat indah menukar sejarah
Tapi kita dalam diorama
Diorama
Harusnya cerita ini bisa berakhir lebih bahagia
Tapi kita dalam diorama
Harusnya sisa masa ku buat indah menukar sejarah
Tapi kita dalam diorama
Diorama, diorama",https://images.genius.com/bac8daf99d97588b4bef8a4c64833674.500x500x1.png,https://genius.com/Tulus-diorama-lyrics
Dere,Puspa,"Bagaikan langit senja, matamu bercahaya indah
Panorama paling indah di dunia
Nada di suaramu saat kau berbisik kepadaku
Menggelitik merasuk dalam jiwaku
Dari ujung kepala hingga ujung kakimu
Enam warna berbeda
Magnetik aura dirimu
Tarik aku buat jatuh
Indahnya dimabuk cinta
Bagaikan seribu puspa bermekaran
Ramai hatiku bagai berpesta pora
Indahnya dimabuk cinta
Bagaikan seribu puspa bermekaran
Seribu puspa bermekaran
Nada di suaramu saat kau berbisik kepadaku
Menggelitik merasuk dalam jiwaku
Dari ujung kepala hingga ujung kakimu
Enam warna berbeda
Magnetik aura dirimu
Tarik aku buat jatuh
Indahnya dimabuk cinta
Bagaikan seribu puspa bermekaran
Ramai hatiku bagai berpesta pora
Indahnya dimabuk cinta
Bagaikan seribu puspa bermekaran
Seribu puspa bermekaran
Ini kali pertama kumerasa
Sedalam-dalamnya benar-benar jatuh cinta
Kubicarakan semua-semua tentangmu
Kau ada di kepalaku dua empat tujuh
Semua yang kau lakukan di depanku
Apa kau tahu kau rayuku tanpa kau tahu?
Oh, gelora, gelora, gelora dalam dada
Bak berhamburan juta puspa di dalam dadaku
Juta bunga merekah-rekah
Berpesta pora, kujatuh cinta
Juta bunga merekah-rekah
Kujatuh cinta
Puspa cinta bermekaran, diriku benar jatuh cinta
Indahnya dimabuk cinta
Bagaikan seribu puspa bermekaran
Ramai hatiku bagai berpesta pora
Indahnya dimabuk cinta
Bagaikan seribu puspa bermekaran
Seribu puspa bermekaran
Juta bunga merekah-rekah
Berpesta pora, kujatuh cinta
Juta bunga merekah-rekah
Berpesta pora, kujatuh cinta",https://images.genius.com/ff887e92d2c1d17a3403347050c612d5.1000x1000x1.png,https://genius.com/Dere-puspa-lyrics
Raisa,Hari Bahagia,"Mungkin hari ini semua hanya mimpi
Tapi cepat atau lambat semua kan terjadi
Kau dan rencanamu aku disampingmu
Kita erat bersepakat kelak kan kesana, oh hey
Cinta bukan satu-satunya
Yang bawa kita ke sana
Sebut saja dia logika
Menang mengalah bahagia
Jeda tak sepaham
Bukan tak seberapa
Kita erat pasti bisa lalui semua
Hari yang bahagia
Cinta bukan satu-satunya
Yang bawa kita ke sana
Sebut saja dia logika
Menang mengalah bahagia
Hari yang bahagia
Hari yang bahagia
Cinta bukan satu-satunya
Yang bawa kita ke sana
Sebut saja dia logika
Menang mengalah bahagia
Cinta bukan satu-satunya
Yang bawa kita ke sana
Sebut saja dia logika
Menang mengalah bahagia
Hari yang bahagia
Hari yang bahagia",https://images.genius.com/f30d1f9a952960f919230ae36addf87c.1000x1000x1.png,https://genius.com/Raisa-hari-bahagia-lyrics
Tulus,Lagu Untuk Matahari,"(intro)
(verse:)
Patah kadang semangat
Dengar mulut pedas berdebat
Yang hanya lihat salahmu
Gerah kadang pendengar
Dapat cibiran sang benar
Sinisme bukan untukmu
Oo...
Mereka tak sempurna
Sama juga halnya denganmu
Jangan risaukan cela mu
Oo...
Mungkin mereka bulan
Tapi ingat kau Matahari
(matahari) cahya mereka darimu
(reff:)
(menari, bernyanyi) lakukan yang kau suka
(hidupmu) bukan hidupnya
(bicara, bersorak, hey!!) lakukan yang kau suka
(hidupmu) bukan hidupnya
(verse:)
Mereka tak sempurna
Sama juga halnya denganmu
Jangan risaukan cela mu
Oo...
Mungkin mereka bulan
Tapi ingat kau Matahari
Cahya mereka darimu...
(mataharimu...)
Buka hatimu dengar
Biar senang beralasan
Kuatkan langkah jiwamu
Waspada yang cemburu
Tak semua kutukan berlaku
Kuatkan langkah hatimu
(reff:)
(menari, bernyanyi) lakukan yang kau suka
(hidupmu) bukan hidupnya
(bicara, bersorak, hey!!) lakukan yang kau suka
(hidupmu) bukan hidupnya
Oo...
(bridge:)
Buktikan sekarang
Angkat penamu, tulis!
Bila gemar menulis
Buktikan sekarang
Perkeras suaramu
Bila gemar menyanyi
Yeayeye!
(alternative reff:)
(menari, bernyanyi) lakukan yang kau suka
(hidupmu) bukan hidupnya
(bicara, bersorak, hey!!) lakukan yang kau suka
(hidupmu) bukan hidupnya
(reff:)
(menari, bernyanyi) lakukan yang kau suka
(hidupmu) bukan hidupnya
(bicara, bersorak, hey!!) lakukan yang kau suka
(hidupmu) bukan hidupnya
(menari, bernyanyi)...
(hidupmu)...
(bicara, bersorak, hey!!)...
(hidupmu)... uu....",https://images.genius.com/7cb36949e06cd83f0b745dc37156c482.1000x1000x1.png,https://genius.com/Tulus-lagu-untuk-matahari-lyrics
Tulus,Langit Abu-Abu (Versi Akapela),"Tak mungkin secepat itu kau lupa
Air mata sedihmu kala itu
Mengungkapkan semua kekurangannya
Semua dariku yang tak dia punya
Daya pikat yang memang engkau punya
Sungguh-sungguh ingin aku lindungi
Dan setelah luka-lukamu reda
Kau lupa aku juga punya rasa
Lalu kau pergi kembali dengannya
Aku pernah menyentuhmu apa kau malu
Di bawah basah langit abu-abu
Kau dimana?
Di lengangnya malam menuju minggu
Kau dimana?
Kadang dering masih ada namamu
Beberapa pesan singkat untukku
Entah apa maksudmu, yang kutahu
Sayangimu aku telah keliru
Ayo, tulis di buku harianmu
Kelak jelaskan bila engkau punya waktu
Di bawah basah langit abu-abu
Kau dimana?
Di lengangnya malam menuju minggu
Kau dimana?
Bertemukah kau dengan sang puas?
Benar senangkah rasa hatimu?
Bertemukah kau dengan sang puas?
Benar senangkah rasa hatimu?
Di bawah basah langit abu-abu
Kau dimana?
Di lengangnya malam menuju minggu
Kau dimana?
Di bawah basah langit abu-abu
Kau dimana?
Di lengangnya malam menuju minggu
Kau dimana?
Kau dimana?",https://images.genius.com/ed863edc9556af8edbd27793e6baf091.1000x1000x1.png,https://genius.com/Tulus-langit-abu-abu-versi-akapela-lyrics
Dere,Rumah,"Hilang dahan
Burung berhenti terbang
Hilang pohon tempat dia beregang
Air naik
Menelan lahan-lahan
Kipas yang memutar angin panas
Duh, mana yang lebih panjang
Umurku atau umur bumiku bernaung?
Duh, mana yang lebih besar
Egoku atau ketidaktahuan yang terpasung?
Bumi-bumi
Rumah kita
Rumah satu-satunya
Bumi-bumi
Rumah kita
Rumah satu-satunya
Usia Bumiku, hmm
Hmm
Airnya
Tanahnya
Anginya, daunnya, apinya
Harmoni Bumiku
Bumi-bumi
Rumah kita
Rumah satu-satunya
Bumi-bumi
Rumah kita
Rumah satu-satunya, ooh
Rumah satu-satunya
Bumi-bumi
Rumah kita
Rumah satu-satunya, ooh
Usia Bumiku, hmm",https://images.genius.com/f27d8a1ea6c9b5ebf14d2627c5e67ac6.1000x1000x1.png,https://genius.com/Dere-rumah-lyrics
Tulus,Jatuh Cinta - Live,"Seolah dia menari di mataku
Melekat di kulitku, di hatiku
Apa yang kini harus ku lakukan
Wajahnya selalu ada di pikiran
Oooh, tiba-tiba aku suka
Senyumnya selalu terbayang-bayang
Caranya bicara, oooh, aku suka
Dia punya semua pesona
Dia punya semua yang kudamba
Sosok yang cantik
Anggun menarik
Gerak menawan
Tutur cemerlang
Hati yang tulus
Tak bisa aku lewatkan
(sungguh) ku cinta dia
(sungguh) ku sayang dia
(dia) sangat menggoda
(dia) sempurna
(sungguh) ku cinta dia
(sungguh) ku sayang dia
(dia) sangat menggoda
(dia) sempurna
Senyumnya selalu terbayang-bayang
Caranya bicara, oooh, aku suka
Dia punya semua pesona
Dia punya semua yang kudamba
Sosok yang cantik
Anggun menarik
Gerak menawan
Tutur cemerlang
Hati yang tulus
Tak bisa aku lewatkan
(sungguh) ku cinta dia
(sungguh) ku sayang dia
(dia) sangat menggoda
(dia) sempurna
(sungguh) ku cinta dia
(sungguh) ku sayang dia
(dia) sangat menggoda
(dia) sempurna
Seolah dia menari di mataku
Melekat di kulitku, di hatiku
(sungguh) ku cinta dia
(sungguh) ku sayang dia
(dia) sangat menggoda
(dia) sempurna
(sungguh) ku cinta dia
(sungguh) ku sayang dia
(dia) sangat menggoda
(dia) sempurna
Seolah dia menari di mataku",https://images.genius.com/1a857a1179986678097b0de85df10205.1000x1000x1.png,https://genius.com/Tulus-jatuh-cinta-live-lyrics
Dere,Genetika,"Saat kulepas semua ilusi
Hanya ada aku dan diriku saja
Renung merenung raja nestapa
Rasa yang terlalu banyak rebut bahagia
Cinta murni untukku
Murni darimu untukku
Banggaku
Bahagia dalam genetika
Ragaku
Tetap terus benderang terjaga
Silam bertamu sedih kau boleh datang
Jangan lama-lama
Silam bertamu bahagia betah datang
Berlama-lama
Sebelum kenal surya
Kulitku sudah begini
Sebelum adanya agorafobia
Jauh sebelum aku bernyawa
Ia menyayangiku, mengasihiku
Satu-satunya tempatku mengiba
Menjagaku di seramnya dunia
Silam bertamu sedih kau boleh datang
Jangan lama-lama
Silam bertamu bahagia betah datang
Berlama-lama
Sebelum kenal surya
Kulitku sudah begini
Sebelum adanya agorafobia
Jauh sebelum aku bernyawa
Ia menyayangiku, mengasihiku
Satu-satunya tempatku mengiba
Menjagaku di seramnya dunia
Silam bertamu sedih kau boleh datang
Jangan lama-lama
Silam bertamu bahagia betah datang
Berlama-lama
Sebelum kenal surya
Kulitku sudah begini
Sebelum adanya agorafobia
Jauh sebelum aku bernyawa
Ia menyayangiku, mengasihiku
Satu-satunya tempatku mengiba
Menjagaku di seramnya dunia",https://images.genius.com/ff887e92d2c1d17a3403347050c612d5.1000x1000x1.png,https://genius.com/Dere-genetika-lyrics
Dere,Nirwana,"Bila hanya sedih yang kupunya
Apa itu bisa membuatmu untuk tetap sayang selamiku?
Bila banyak keluh yang meraja
Apa itu bisa membuatmu untuk tidak jengah ada di sampingku?
Sungguh nirwana yang aku ingin
Kau dapatkan bersamaku
Dan sejauh ini hanya kau yang bisa
Bisa tawarkan bisaku
Aku ingin kau bahagia
Di hatimu kutemukan kasih
Beri aku laut waktu kuperbaiki diriku
Sungguh nirwana yang aku ingin
Kau dapatkan bersamaku
Dan sejauh ini hanya kau yang bisa
Bisa tawarkan bisaku
Aku ingin kau bahagia
Di hatimu kutemukan kasih
Beri aku laut waktu kuperbaiki diriku
Aku ingin kau bahagia
Di hatimu kutemukan kasih
Beri aku laut waktu kuperbaiki diriku
Kuperbaiki diriku
Kuperbaiki diriku
Diriku",https://images.genius.com/ff887e92d2c1d17a3403347050c612d5.1000x1000x1.png,https://genius.com/Dere-nirwana-lyrics
Dere,Biru,"Kamis malam itu
Kumenantang diriku
Bertemu teman baru
Coba mencari tahu
Kemungkinan yang baru
Awalnya malu ragu
Namun perlahan satu
Lama-lama menyatu
Paham kisah yang baru
Ini menjadi seru
Ke mana ini ‘kan pergi
Akankah ada lagi
Lanjutan topik yang kini
Kupikirkan tiap hari
Karena perlahan
Aku jatuh cinta padamu (Ku jatuh cinta padamu)
Berhati-hati langkahku
Kupilah-pilih kataku
Biar bergulir terus
Tenggelam di kehadiranmu
Bergulir janji baru
Biar kita bertemu
Walaupun aku ragu dengan harap-harapku
Mungkin aku keliru (Keliru)
Ke mana ini ‘kan pergi
Akankah singkat lagi
Lanjutan pedih yang kini
Kurenungi tiap hari
Karena perlahan
Aku jatuh cinta padamu
Berhati-hati langkahku
Kupilah-pilih kataku
Biar bergulir terus
Tenggelam di kehadiranmu
Perlahan
Aku jatuh cinta padamu
Berhati-hati langkahku
Kupilah-pilih kataku
Biar bergulir terus
Walau kutahu ujungnya
Biru
Oh biru
Mmm
Ohh biru",https://images.genius.com/5626409d850c65efa695fb94b36159cb.1000x1000x1.png,https://genius.com/Dere-biru-lyrics
Dere,Tumbang,"Langkah-langkahku berhati-hati
Betapa takut engkau pergi
Jangan sampailah hilang rasamu
Sebelumnya aku tak pernah
Jatuh jauh sedalam ini
Suramku saat kau sungguh-sungguh pergi
Setahun berlalu upayaku 'tuk lupa
Tapi cukup dengar namamu saja
Buatku ingat lagi semua
Sudah tidak ada lagi terang
Sudah dingin lagi hari-hariku
Satu pohon harapku telah tumbang
Hilang lagi harapan cinta
Entah di mana kini naungmu
Entah masihkah kau ingat parasku, hmm
Sebelumnya aku tak pernah
Jatuh jauh sedalam ini
Suramku saat kau sungguh-sungguh pergi
Setahun berlalu upayaku 'tuk lupa
Tapi cukup dengar namamu saja
Buatku ingat lagi semua
Sudah tidak ada lagi terang
Sudah dingin lagi hari-hariku
Satu pohon harapku telah tumbang
Hilang lagi harapan cinta
Entah di mana kini naungmu
Entah masihkah kau ingat parasku, hmm
Bila kau dengar lagu ini, datanglah lagi
Bila kau dengar lagu ini, ayo kembali
Bila kau dengar lagu ini, datanglah lagi
Bila kau dengar lagu ini, ayo kembali, kembali
Sudah tidak ada lagi terang
Sudah dingin lagi hari-hariku
Satu pohon harapku telah tumbang
Hilang lagi harapan cinta
Entah di mana kini naungmu
Entah masihkah kau ingat parasku, hmm
(Bila kau dengar lagu ini, datanglah lagi)
Entah masihkah kau ingat parasku
(Bila kau dengar lagu ini, ayo kembali)
Entah masihkah kau ingat parasku",https://images.genius.com/92e8ad05aa3cf9ba07df954b3c737375.1000x1000x1.png,https://genius.com/Dere-tumbang-lyrics
Petra Sihombing,tangguh,"Kuperhatikan kau tak banyak bicara
Hanya lakukan hal yang kau suka
Semua yang kau bisa dan semua yang kau rasa
Senang aku melihatmu saja
Bertahun berlalu kamu mendewasa
Menurutku melebihi aku
Kau apa adanya dan tanpa lapisan gula
Kadang pahit tapi benar juga
Kubelajar banyak darimu
Lihat cara bersikapmu
Menghadapi rintanganmu
Sungguh kau sangat tangguh
Belajar banyak darimu
Belajar dari caramu
Mengambil keputusanmu
Sungguh kau sangatlah tangguh
Banyak kesedihan di masa lalumu
Tak mudah 'tuk jalani hidupmu
Kau temukan cinta dan memaafkan semua
Semakinku melihat dirimu, teladan untukku
Kubelajar banyak darimu
Lihat cara bersikapmu
Menghadapi rintanganmu
Sungguh kau sangat tangguh
Belajar banyak darimu
Belajar dari caramu
Mengambil keputusanmu
Sungguh kau sangatlah tangguh
Oh, betapa beruntungnya aku
Mengenalmu di garis hidupku
Kau lebih kuat dari yang kau tahu
Semoga kau selalu begitu
Semoga kau selalu begitu",https://images.genius.com/741e110c5e7e3dd6d090bfac05bbbed2.1000x1000x1.png,https://genius.com/Petra-sihombing-tangguh-lyrics
Tulus,Teman Pesta,"Di satu pesta tak ada yang datang
Hanya kau sendirian
Musik menghentak kamu kesepian
Dan tak ada yang datang
Hei huu hei huu hei huu
Dimana temanmu, dimana duniamu (dimana)
Yang selalu sejalan
Tak semua seperti yang kau inginkan (inginkan)
Coba kau ingat aku
Aku jatuh cinta pada kekuranganmu
Aku yang selalu punya waktu untukmu
(aku teman pestamu) ku ingin kau bahagia
(aku teman pestamu) ku ingin menghiburmu
(aku teman pestamu) berdansa menari kan ku lakukan
(aku cinta padamu) ku bisa kau andalkan
Mungkin terdengar konyol
Semua ku lakukan asalkan kau bahagia
Dengar kau punya aku
Pesta takkan selalu menyenangkan
Beri ku kesempatan tuk membuktikan
Aku teman pestamu, aku teman pestamu
Aku teman pestamu, aku cinta padamu
(aku teman pestamu) ku ingin kau bahagia
(aku teman pestamu) ku ingin menghiburmu
(aku teman pestamu) berdansa menari kan ku lakukan
(aku cinta padamu) ku bisa kau andalkan",https://images.genius.com/0e1f7461eb12776a27ba6485d9461d56.1000x1000x1.png,https://genius.com/Tulus-teman-pesta-lyrics
Dere,Jona,"Jona, apa kabar?
Lama sudah kita tertawa masing-masing
Jona, apa kabar?
Lama sudah tidak berjumpa dan berbincang
Aku rindu mendengar banyak
Cerita mimpimu yang jenaka
Kini tak ada lagi yang buat
Ku tersenyum saat lihat layar
Kita tak lagi tatap mata
Jona, begitulah adanya
Kau aku kini jauh beda
Hanya rindu kita yang sama
Jona, apa kabar?
S'moga dirimu bahagia di neg'ri sana
Aku rindu terjaga di malam
Malam saat bintang bertebaran
Kau 'kan namai semua bintang
Sirius, Canopus, Vega, dan Capella
Kita tak lagi tatap mata
Jona, begitulah adanya
Kau aku kini jauh beda
Hanya rindu kita yang sama
Jona, ini kabarku di dunia kita yang beda
Lagu ini tercipta kar'na ku menyimpan rindu
Kita tak lagi tatap mata
Jona, begitulah adanya
Kau aku kini jauh beda
Hanya rindu kita yang sama
Jo-Jona
Kau aku kini jauh beda
Semoga rindu kita yang sama
Jona, apa kabar?
S'moga dirimu bahagia di neg'ri sana
Jona, apa kabar
Mu?",https://images.genius.com/ff887e92d2c1d17a3403347050c612d5.1000x1000x1.png,https://genius.com/Dere-jona-lyrics
Dere,Bianglala,"Pagi buta, ku di atas di tempat tidurku
Mengamati langit-langit kamarku
Perih mataku ingin terpejam
Ku terjaga sepanjang malam
Ada banyak hal yang melayang-layang di
Kepalaku, tak mau pergi
Sudah delapan belas hari lamanya
Akankah ini cepat pulih?
Haruskah aku membagi ceritaku padamu, kepadamu?
Takutku akan pilu bila dirimu jauh
Resahku akan pandanganmu kepadaku nanti
Sesak asak jantungku saat memikirkan
Sungguh ada banyak nestapa
Sulit kuatur irama napasku
Akankah ini cepat pulih?
Haruskah aku membagi ceritaku padamu, kepadamu?
Takutku akan pilu bila dirimu jauh
Resahku akan pandanganmu kepadaku nanti
Mampukah hati kecilku untuk rela
Kau bukan untukku?
Melihatmu bahagia bersamanya
Haruskah aku membagi ceritaku padamu, kepadamu?
Takutku akan pilu bila dirimu jauh
Resahku akan pandanganmu kepadaku nanti
Haruskah aku membagi ceritaku padamu, kepadamu?
Takutku akan pilu bila dirimu jauh
Resahku akan pandanganmu kepadaku nanti",https://images.genius.com/ff887e92d2c1d17a3403347050c612d5.1000x1000x1.png,https://genius.com/Dere-bianglala-lyrics
Tulus,Jatuh Cinta,"Seolah dia menari di mataku
Melekat di kulitku
Di hatiku
Tu, wa, tu, wa, ga, pat
Apa yang kini harus kulakukan?
Wajahnya s'lalu ada di pikiran
Tiba-tiba aku suka
Senyumnya selalu terbayang-bayang
Caranya bicara, woah-oh-oh-oh
Aku suka
Dia punya semua pesona
Dia punya semua yang kudamba
Sosok yang cantik, anggun, menarik, gerak menawan
Tutur cemerlang, hati yang tulus, tak bisa aku lewatkan
(Sungguh) Kucinta dia
(Sungguh) Kusayang dia
(Dia) Sangat menggoda
(Dia) Sempurna
(Sungguh) Kucinta dia
(Sungguh) Kusayang dia
(Dia) Sangat menggoda
(Dia) Sempurna
Senyumnya selalu terbayang-bayang
Caranya bicara, woah-oh-oh-oh
Aku suka
Dia punya semua pesona
Dia punya semua yang kudamba
Sosok yang cantik, anggun, menarik, gerak menawan
Tutur cemerlang, hati yang tulus, tak bisa aku lewatkan
(Sungguh) Kucinta dia
(Sungguh) Kusayang dia
(Dia) Sangat menggoda
(Dia) Sempurna
(Sungguh) Kucinta dia
(Sungguh) Kusayang dia
(Dia) Sangat menggoda
(Dia) Sempurna
Seolah dia menari di mataku
Melekat di kulitku
Di hatiku
Kucinta dia
(Sungguh) Kusayang dia
(Dia) Sangat menggoda
(Dia) Sempurna
(Sungguh kucinta dia)
(Sungguh kusayang dia)
(Dia sangat menggoda)
(Dia) Sempurna
Seolah dia menari di mataku",https://images.genius.com/0e1f7461eb12776a27ba6485d9461d56.1000x1000x1.png,https://genius.com/Tulus-jatuh-cinta-lyrics
Tulus,Tuan Nona Kesepian,"""Hai Tuan""
""Hai Nona""
Tuan kesepian, tak punya teman
Hatinya rapuh tapi berlagak tangguh
Nona tak berkawan, tak pernah rasakan cinta
Sungguh pandai berkhayal, mimpi itu alamnya
Mereka berdua bertemu di satu sudut taman kota
Bertatap tapi tak bicara
Masing-masingnya menganalisa
(Nona berkata)
Tuan apa yang salah padamu
Mengapa wajahmu ada seribu
Tuan apa yang salah padamu
Seakan dunia hanya kamu, kamu, kamu, kamu
(Tuan berkata)
Nona apa yang salah padamu
Apa enaknya tenggelam dalam khayal
Nona apa yang salah padamu
Kau tahu 'ku tak punya hati
Kau masih saja menanti
(Nona berkata)
Tuan apa yang salah padamu
Mengapa wajahmu ada seribu
Tuan apa yang salah padamu
Seakan dunia hanya kamu, kamu, kamu, kamu
(Tuan berkata)
Nona apa yang salah padamu
Apa enaknya tenggelam dalam khayal
Nona apa yang salah padamu
Kau tahu 'ku tak punya hati
Kau masih saja menanti
Mereka terlarut dalam ego
Hati tertutup terdengar kataku
Berkata tapi tak berkaca
Semua orang hanya angin lalu
Nona jatuh cinta pada tuan
Tuan menunggu yang lain
Nona tak peduli walau tuan
Tak pernah peduli sekitarnya
Nona jatuh cinta pada tuan
Tuan menunggu yang lain
Nona tak peduli walau tuan
Tak pernah peduli sekitarnya",https://images.genius.com/0e1f7461eb12776a27ba6485d9461d56.1000x1000x1.png,https://genius.com/Tulus-tuan-nona-kesepian-lyrics
Tulus,Diorama (Studio Live),"Aku patung, mereka patung
Cangkir teh hangat namun kaku dan dingin
Meja-meja kayu mengkilap
Wajahmu dibasahi air mata yang dilukis
Tubuh kaku tidak bergerak
Ingin hapus air matamu tapi aku tak bisa
Patung-patung kayu mengkilap
Pikiran mereka kosong memikul peran
Harusnya cerita ini bisa berakhir lebih bahagia
Tapi kita dalam diorama
Harusnya sisa masa kubuat indah menukar sejarah
Tapi kita dalam diorama
Diorama
Diorama
Sakit hatimu karena aku
Sakit membekas dalam, jadi bagian sejarah
Tak ada kesempatan untuk berkilah
Untuk selamanya masa itu menguasaimu
Harusnya cerita ini bisa berakhir lebih bahagia
Tapi kita dalam diorama
Harusnya sisa masa kubuat indah menukar sejarah
Tapi kita dalam diorama
Diorama
Harusnya cerita ini bisa berakhir lebih bahagia
Tapi kita dalam diorama
Harusnya sisa masa kubuat indah menukar sejarah
Tapi kita dalam diorama
Diorama
Diorama",https://images.genius.com/0e1f7461eb12776a27ba6485d9461d56.1000x1000x1.png,https://genius.com/Tulus-diorama-studio-live-lyrics
Dere,Keluku,"Hiduplah penuh tawa dan mati
Semacam itu kutukan yang melekat
Terlalu terbuka kamu mati
Terus tertutup kamu 'kan turun takhta
Bangunlah dari tidur yang cantik
Ajang saling unjuk yang paling natural
Entah apalah parameternya
Yang kutahu aku bangun dengan liur
Maya maya
Benarkah semua yang aku saksikan?
Aduh aduh
Tiap tiap hari mulai melelahkan
Bagaimana caramu bertahan di sini?
Maya maya
Karena sepertinya aku tak lagi mampu
Setidaknya ada 50
Titik-titik membentuk garis lurus
Lalu masuki kolom jelajah
Hanya untuk tertipu oleh keluku
Maya maya
Benarkah semua yang aku saksikan?
Aduh aduh
Tiap tiap hari mulai melelahkan
Bagaimana caramu bertahan di sini?
Maya maya
Karena sepertinya aku tak lagi mampu
Oh-oh-oh-oh, oh-oh-oh
Oh-oh-oh-oh, oh-oh-oh
Juta ragam manusia
Mimpi apa aku bisa bertemu mereka?
Terdengar menakjubkan
Tapi juga menyеramkan
Yeah, yeah
Maya maya
Benarkah sеmua yang aku saksikan?
Aduh aduh
Tiap tiap hari mulai melelahkan
Bagaimana caramu bertahan di sini?
Maya maya
Karena sepertinya aku tak lagi mampu
Oh-oh-oh-oh, oh-oh-oh
Tak lagi mampu
Oh-oh-oh-oh, oh-oh-oh
Bagaimana caramu bertahan di sini?
Maya maya
Karena sepertinya aku tak lagi mampu",https://images.genius.com/92e8ad05aa3cf9ba07df954b3c737375.1000x1000x1.png,https://genius.com/Dere-keluku-lyrics
Dere,Bengis,"Bunga-bunga yang pernah kau kirim
Dan padu padan surat pujangga
Tingkah manis dan lembut usahaku
Kerling mataku menggilaimu
Cinta apa yang kau cari?
Cinta apa yang kucari?
Semakin jauh kukejar
Semakin lari kau jauh
Cinta apa yang kau cari?
Cinta apa yang kucari?
Semakin bengis rayumu
Semakin hilang nalarku
Bunga-bunga yang pernah kau kirim
Kerling mataku menggilaimu
Cinta apa yang kau cari?
Cinta apa yang kucari?
Semakin jauh kukejar
Semakin lari kau jauh
Cinta apa yang kau cari?
Cinta apa yang kucari?
Semakin bengis rayumu
Semakin hilang nalarku
Dulu aku tuduh ini salahmu
Dulu kamu tuduh ini salahku
Saling pikat tapi tak kunjung ikat
Kita yang salah, kita
Cinta apa yang kau cari?
Cinta apa yang kucari?
Semakin jauh kukejar
Semakin lari kau jauh
Cinta apa yang kau cari?
Cinta apa yang kucari?
Semakin bengis rayumu
Semakin hilang nalarku
Semakin bengis rayumu
Semakin hilang nalarku",https://images.genius.com/ff887e92d2c1d17a3403347050c612d5.1000x1000x1.png,https://genius.com/Dere-bengis-lyrics
Petra Sihombing,Kawan,"Lirik ""Kawan""
Senyummu sebenarnya tidak setenang itu
Tawamu sebenarnya tak selepas itu
Wajah bangun pagimu mungkin tak sesegar itu
Malam akhir Minggumu tidak wajib seru
Kawan, sudah lama ku mengenalmu
Ibalah sedikit pada dirimu
Keberadaanmu yang lebih berharga
Tutup layar dan utuh kau berwaktu
Lepaskanlah
Racun adalah ingin sempurna
Redakanlah
Lelah napasmu menghantam arus
Kawanku sayang yang lama kukenal
Kawanku sayang yang lama kukenal
Kawanku sayang yang lama kukenal
Memang kau suka batu
Meskipun kau tahu ku kawanmu
Aku begini untukmu
Mungkin kau sedang butuh berberaian kau menyilam utuh
Aku di sini untukmu
Kawan, sudah lama ku mengenalmu
Ibalah sedikit pada dirimu
Keberadaanmu yang lebih berharga
Tutup layar dan utuh kau berwaktu
Lepaskanlah
Racun adalah ingin sempurna
Redakanlah
Lelah napasmu menghantam arus
Kawanku sayang yang lama kukenal
Kawanku sayang yang lama kukenal
Kawanku sayang yang lama kukenal",https://images.genius.com/ca4c4dcce61cf5027935a876a59feb45.1000x1000x1.png,https://genius.com/Petra-sihombing-kawan-lyrics
Tulus,Natsu Wa Kinu - Japanese,"卯の花の
匂う垣根に
時鳥（ホトトギス
早も来鳴きて
忍音（しのびね）
もらす
夏は来ぬ
さみだれの
そそぐ山田に
早乙女が
裳裾（もすそ）
ぬらして
玉苗（たまなえ）
植うる
夏は来ぬ
楝（おうち）ちる
川べの宿の
門（かど）遠く
水鶏（クイナ）
声して
夕月すずしき
夏は来ぬ
夏は来ぬ
夏は来ぬ",https://images.genius.com/b64416c986f81650ada4ad97020e0252.1000x1000x1.png,https://genius.com/Tulus-natsu-wa-kinu-japanese-lyrics
Dere,Luar,"Kuingin pergi ke luar
Satu tempat yang sangat jauh
Mungkin kutemukan diriku
Ku 'kan sendiri sebentar
Biar kurasakan pedihku
Biar kusyukuri luka
Aku ingin menangis
Kumau tahu
Bagaimana caranya kendalikan apiku
Kuingin bisa terus bersamamu
'Kan kucoba cari tahu
Apa yang kian membuatku
Terus menggarami luka
Aku buatmu menangis
Kumau tahu
Bagaimana caranya kendalikan apiku
Kuingin bisa terus bersamamu
'Kan kucari tahu
Bagaimana caranya kendalikan apiku
Kuingin bisa terus bersamamu",https://images.genius.com/ff887e92d2c1d17a3403347050c612d5.1000x1000x1.png,https://genius.com/Dere-luar-lyrics
Yura Yunita,Duhai Sayang,"Tiap-tiap kata yang kau ucap
Ku urai, yakini, dan ku simak
Apa pun itu dari pikirmu
Kau bawa bahagia ke dekatku
Kau buatku lupa tentang waktu
Kapan pun itu di wahanamu
Di harummu aku hanyut
Di hangatmu aku larut
Ingin dekat-dekat
Dekat di pelukmu
Duhai sayang
Denganmu tenang
Hanya kau yang mampu
Melengkapiku
Duhai sayang
Denganmu tenang
Hanya kau yang mampu
Buat penuh hatiku
Di harummu aku hanyut
Di hangatmu aku larut
Ingin dekat-dekat
Dekat di pelukmu
Duhai sayang (Duhai sayang)
Denganmu tenang (Denganmu tenang)
Hanya kau yang mampu
Melengkapiku
Duhai sayang (Duhai sayang)
Denganmu tenang (Denganmu tenang)
Hanya kau yang mampu
Buat penuh hatiku
Bahkan saat kau tak ada
Hanya kau yang mampu
Hanya kau yang mampu
Membuatku merasa dicintai
Sebesar ini
Sebesar ini, oh
Duhai sayang
Denganmu tenang
(Na, na, na, na, na, na, na)
Melengkapiku
Duhai sayang (Duhai sayang)
Denganmu tenang
Hanya kau yang mampu
Buat penuh hatiku
Kusebut namamu
Dalam hening doa ku",https://images.genius.com/d887a3753959b1ad407a959dad22861f.1000x1000x1.png,https://genius.com/Yura-yunita-duhai-sayang-lyrics
Tulus,Kisah Sebentar,"Denganmu senang hati terasa
Bangun dari mimpiku, tahu aku tak sendiri
Matahari pun serasa lebih cerah
Dengan kecup manismu, kumulai melangkah
Kunikmati tiap detikku
Dengan namamu di hatiku
Kurasa bahagia dan hati berbunga-bunga
Kau buatku tergila-gila
Tunduk hati aku setia
Selayaknya sihir, kau buatku terjatuh
Tapi tak berlangsung lama
Kau tinggalkan aku
Kau pergi berjejak tanya
Ayo ingat kata-katamu
Kau tak akan tinggalkan aku
Ayo ingat kata-katamu
Selamanya kamu hanya untuk aku
Ayo ingat kata-katamu
Sayang, cinta, kamu segalanya
Ayo ingat kata-katamu
Selamanya kamu hanya untuk aku
Ayo ingat kata-katamu
Kau tak akan tinggalkan aku
Ayo ingat kata-katamu
Selamanya kamu hanya untuk aku
Ayo ingat kata-katamu
Sayang, cinta, kamu segalanya
Ayo ingat kata-katamu
Selamanya kamu hanya untuk aku
Ayo ingat kata-katamu
Kau tak akan tinggalkan aku
Ayo ingat kata-katamu
Selamanya kamu hanya untuk aku
Ayo ingat kata-katamu
Sayang, cinta, kamu segalanya
Ayo ingat kata-katamu
Selamanya kamu hanya untuk aku
Ayo ingat kata-katamu
Kau tak akan tinggalkan aku
Ayo ingat kata-katamu
Selamanya kamu hanya untuk aku
Selamanya kamu hanya untuk aku
Selamanya kamu hanya untuk aku
Selamanya kamu hanya untuk aku
Denganmu senang hati terasa",https://images.genius.com/0e1f7461eb12776a27ba6485d9461d56.1000x1000x1.png,https://genius.com/Tulus-kisah-sebentar-lyrics
Dere,Kenanga,"Sepeda roda tiga
Dan rambut basahku sehabis kumandi sore
Dua ribu lima
Kukira manusia semua datang dari bulan
Kenang kenang kenangan
Kenang Jalan Kenanga
Kenang kenang kenangan
Kenang Jalan Kenanga
Beda kini roda
Menyambut dewasa dan semua seluk cerita
Entah kini apa
Entah besok apa tak enak jadi dewasa
Ya, tidak?
Kenang kenang kenangan
Kenang Jalan Kenanga
Kenang kenang kenangan
Kenang Jalan Kenanga, ah-ah
Ooh, ooh
Ooh, ooh
Ooh
Ooh, ooh
Ooh, ooh, ooh
Kita semua sama semua kenang ke rumah
Kita saling mendoa semua damai terjaga
Kenang kеnang kenangan
Kenang Jalan Kenanga
Kеnang kenang kenangan
Kenang Jalan Kenanga, ooh, ooh
Ooh-ooh-ooh-ooh-ooh-ooh-ooh
Ooh-ooh-ooh-ooh-ooh-ooh-ooh
Ooh-ooh-ooh-ooh-ooh-ooh-ooh
Ooh-ooh-ooh-ooh-ooh-ooh-ooh
Ooh-ooh-ooh-ooh-ooh-ooh-ooh
Ooh-ooh-ooh-ooh-ooh-ooh-ooh
Ooh-ooh-ooh-ooh-ooh-ooh-ooh",https://images.genius.com/92e8ad05aa3cf9ba07df954b3c737375.1000x1000x1.png,https://genius.com/Dere-kenanga-lyrics
Dere,Berlagu,"Berlagu
Itu kesan pertama yang kutahu
Ketika berbicara 'ku denganmu, oh-oh
Pertama kali, pertama kali
Tak tahu mengapa kau beri kesan begitu
Aku kira engkau semanis madu, oh-oh
Pertama kali, pertama kali
Woh-oh, woh-oh, woh-oh, oh
Ternyata, oh, ternyata
Benarlah dugaanku
Woh-oh, woh-oh, woh-oh, oh
Kini aku tahu
Di balik gelagatmu
Sungguh madu dirimu
Caramu
Palingkan pandangmu dari wajahku
Sesekali kurasa kau lihatku, hmm
Menarik hati manis sekali
Kau buat canggung diriku
Tapi kuingin lebih mengenalmu, ooh
Woh-oh, woh-oh, woh-oh, oh
Ternyata, oh, ternyata
Benarlah dugaanku
Woh-oh, woh-oh, woh-oh, oh
Kini aku tahu
Di balik gelagatmu
Sungguh madu dirimu
Na-na-na-na-na-na-na-na-na
Na-na-na-na-na-na-na-na-na
Na-na-na-na-na-na-na-na-na
Na-na-na-na-na-na-na-na-na
Woh-oh, woh-oh, woh-oh
Ternyata, oh, ternyata
Benarlah dugaanku
Woh-oh, woh-oh, woh-oh
Kini aku tahu
Di balik gelagatmu
Sungguh madu dirimu
Na-na-na-na-na-na-na-na-na
Na-na-na-na-na-na-na-na-na
Na-na-na-na-na-na-na-na-na
Berlagu berlagu berlagu berlagu
Na-na-na-na-na-na-na-na-na
Si madu, sungguh madu dirimu",https://images.genius.com/92e8ad05aa3cf9ba07df954b3c737375.1000x1000x1.png,https://genius.com/Dere-berlagu-lyrics
Dere,Jangan Pergi,"Kita dan tentang hari depan
Merasa tak tahu hendak ke mana
Lama bersama bertautan
Tak tahu ke kutub mana menuju
Di malam-malam
Saat hariku temaram
Yang kubutuhkan
Setidaknya kamu ada
Keluhan ringan hari-harimu
Sudah jadi isi malam-malamku
Kesah dangkal hari-hariku
Hanya kamu yang bisa menenangkan
Di malam-malam
Saat harimu temaram
Mungkin yang kau butuhkan
Setidaknya aku ada
Jangan pergi
Jangan pergi
Jangan pergi
Jangan pergi
Dulu bahas hati melulu
Kini sapa pagi pun sering lupa
Mungkin kita di tangga itu
Adamu yang kuperlu tak lagi rayu
Jangan pergi
Jangan pergi
Jangan pergi
Jangan pergi
Oh-oh-oh, oh-ooh-oh
Ooh-ooh-ooh-ooh
Ooh-oh",https://images.genius.com/92e8ad05aa3cf9ba07df954b3c737375.1000x1000x1.png,https://genius.com/Dere-jangan-pergi-lyrics
Tulus,Kutsu,"僕ら一組のシューズさ
いつも一緒さ
でも交わらない
僕らなされるがまま
人間（ひと）が歩くから
僕ら動くよ
僕は右足のシューズさ
君は左足のシューズ
走るのはそりゃ楽しいけれど
君は疲れてしまわないかな？
雨に濡れても構わない
でも君は寒くないかな？
一緒にいたいのさ
でも何もできない
二人の時間は最高さ
ちがう靴箱にいれば愛しい
君の近くは天国さ
でも触れ合うことすらできない僕ら
走るのはそりゃ楽しいけれど
君は疲れてしまわないかな？
雨に濡れても構わない
でも君は寒くないかな？
一緒にいたいのさ
でも何もできない
一緒にいたいのさ
でも何もできない
二人の時間は最高さ
ちがう靴箱にいれば愛しい
君の近くは天国さ
でも触れ合うことすらできない僕ら
愛の形は様々さ
すべての人が結ばれるわけじゃない",https://images.genius.com/0249d0cf19fe2c6e299e442efec663f6.1000x1000x1.png,https://genius.com/Tulus-kutsu-lyrics
RAN,Kita Bisa,"Kadang terasa sulit untuk mensyukuri
Apa yang ada apa yang ada
Atau memang hanya kita saja yang tak puas dengan
Apa yang ada, apa yang ada
Tak semua orang bisa punya kesempatan yang sama
Andaikan engkau dapat membuka mata
Kita bisa rasakan bahagia
Asalkan kita terus percaya
Sadari semua makhluk tercipta
Tuk saling dapat menjalani
Hidup ini bersama
Setiap detik yang kau jalani
Oh sungguh sangat berarti
Jangan pernah kau sia siakan (yeah)
Semangat yang masih terpendam
Jangan biarkan tenggelam
Marilah arungi arus kehidupan
Tak semua orang bisa punya kesempatan yang sama
Andaikan engkau dapat membuka mata
Kita bisa rasakan bahagia
Asalkan kita terus percaya
Sadari semua makhluk tercipta
Tuk saling dapat menjalani
Hidup ini bersama
Janganlah kau ragu aku disini untukmu
Walaupun tak selalu di laga yang sama
Gelap pasti kan menghampiri badai pun datang menghakimi
Namun sinarnya kan menjaga jelas arah kita
Kita bisa bila kita percaya
Mewujudkan mimpi mimpi kita bersama
Kitakan raih bahagia mengubah semua harapan jadi nyata
Kita bisa rasakan bahagia
Asalkan kita terus percaya
Kita 'kan raih bahagia
Tuk saling dapat menjalani
Hidup ini bersama",https://images.genius.com/86eff00b4425089e325ffd74bf9ca2c8.1000x1000x1.png,https://genius.com/Ran-and-tulus-kita-bisa-lyrics
Tulus,Bumerang - Live,"Dia biarkanku jatuh cinta
Lalu dia pergi seenaknya
Dihantui ragu tapi tak peduli
Gegabah jadi alasannya
Pandangan yang takkan ku lupa
Lama sudah aku tak punya
Lalu dia pergi menunggu dipaksa
Dirayu untuk bicara
Sudah jauh kini aku berjalan tinggalkan dirimu
Tak kulihat lagi apa yang membutakan, oh, ragamu
Sementara kau sibuk dengan permainanmu
Dengan hati yang lain
Nama yang lain
Sibuk merakit bumerang tuk menyerangmu
Berbalik menyerangmu
Dia bilang telah salah langkah
Kekaguman keliru arah
Puisi dan lagu yang sering kutulis
Hanya itu yang dia mau
Tapi hati
Sudah jauh kini aku berjalan tinggalkan dirimu
Takku lihat lagi apa yang membutakan oh ragamu
Sementara kau sibuk dengan permainanmu
Dengan hati yang lain
Nama yang lain
Sibuk merakit bumerang tuk menyerangmu
Berbalik menyerangmu
Tak ada maaf untuk dia
Nanti aku kan membalasnya
Dia harus tahu cinta ini benar
Bukan hanya mau biasa
Dia harus tahu cinta ini benar
Bukan hanya mau biasa",https://images.genius.com/1a857a1179986678097b0de85df10205.1000x1000x1.png,https://genius.com/Tulus-bumerang-live-lyrics
Tulus,Medley: Teman Pesta / Kisah Sebentar - Live,"Teman Pesta
Di satu pesta tak ada yang datang
Hanya kau sendirian
Musik menghentak kamu kesepian
Dan tak ada yang datang
Hei huu hei huu hei huu
Dimana temanmu, dimana duniamu (dimana)
Yang selalu sejalan
Tak semua seperti yang kau inginkan (inginkan)
Coba kau ingat aku
Aku jatuh cinta pada kekuranganmu
Aku yang selalu punya waktu untukmu
(aku teman pestamu) ku ingin kau bahagia
(aku teman pestamu) ku ingin menghiburmu
(aku teman pestamu) berdansa menari kan ku lakukan
(aku cinta padamu) ku bisa kau andalkan
Mungkin terdengar konyol
Semua ku lakukan asalkan kau bahagia
Dengar kau punya aku
Pesta takkan selalu menyenangkan
Beri ku kesempatan untukmu
Aku teman pestamu
Aku teman pestamu
Aku teman pestamu
Berdansa menari kan ku lakukan
Aku cinta padamu
Ku bisa kau andalkan
(aku teman pestamu)
(aku teman pestamu) ku ingin kau bahagia
(aku teman pestamu) berdansa menari kan ku lakukan
(aku cinta padamu) ku bisa kau andalkan
Kisah Sebentar
Ayo ingat kata-katamu
Kau tak akan tinggalkan aku
Ayo ingat kata-katamu
Selamanya kamu hanya untuk aku
Ayo ingat kata-katamu
Sayang cinta kamu segalanya
Ayo ingat kata-katamu
Selamanya kamu hanya untuk aku
La-la-la-la-la-la-la-la-la
La-la-la-la-la-la-la-la-la
Ayo ingat kata-katamu
Kau tak akan tinggalkan aku
Ayo ingat kata-katamu
Selamanya kamu hanya untuk aku
Ayo ingat kata-katamu
Sayang cinta kamu segalanya
Ayo ingat kata-katamu
Selamanya kamu hanya untuk aku
Ayo ingat kata-katamu
Sayang cinta kamu segalanya
Ayo ingat kata-katamu
Selamanya kamu hanya untuk aku
Ayo ingat kata-katamu
Sayang cinta kamu segalanya
Ayo ingat kata-katamu
Selamanya kamu hanya untuk aku
Selamanya kamu hanya untuk aku
Selamanya kamu hanya untuk aku
Selamanya kamu hanya untuk aku
Denganmu senang hati terasa",https://images.genius.com/1a857a1179986678097b0de85df10205.1000x1000x1.png,https://genius.com/Tulus-medley-teman-pesta-kisah-sebentar-live-lyrics
Eclat Story,Teman Hidup,"Dia indah, meretas gundah
Dia yang selama ini kunanti
Pembawa sejuk, pemanja rasa
Dia yang selalu ada untukku
Di dekatnya aku lebih tenang
Bersamanya jalan lebih terang
Tetaplah bersamaku
Jadi teman hidupku
Berdua kita hadapi dunia
Kau milikku milikmu
Kita satukan tuju
Bersama arungi derasnya waktu
Kau milikku, ku milikmu
Kau milikku, ku milikmu
Di dekatnya aku lebih tenang
Bersamanya jalan lebih terang
Tetaplah bersamaku
Jadi teman hidupku
Berdua kita hadapi dunia
Kau milikku milikmu
Kita satukan tuju
Bersama arungi derasnya waktu
Bila di depan nanti
Banyak cobaan untuk kisah cinta kita
Jangan cepat menyerah
Kau punya aku, ku punya kamu
Selamanya akan begitu
Tetaplah bersamaku
Jadi teman hidupku
Berdua kita hadapi dunia
Kau milikku milikmu
Kita satukan tuju
Bersama arungi derasnya waktu
Kau milikku, ku milikmu
Kau jiwa yang selalu aku puja",https://images.genius.com/c372111e31d8d732b23e7e162e63dc13.1000x1000x1.png,https://genius.com/Eclat-story-teman-hidup-lyrics
Tulus,Hati-Hati di Jalan (Rhymewords Remix),"No question
You cherish me as I love you
Even more than I do
Willing to walk on a road that ain't fixed yet
On a broken track full of holes, we said, ""Be safe""
But cupids got us misled to a dead-end street
Not that I don't wanna fight for us zealously
I did, but I've learnt we can't force a destiny
That's not how reality works
Not everything is well
If you're ready to love, you should be ready to leave
I could've knocked anyone in our way out
But it'd be a rocky lane to travel
We're gon' live under black clouds
If we move without our parents' blessings
One God, two faiths
You shout, ""Unfair!""
But thanks for stopping by
I hope you enjoy the ride
So ""I Love You but I'm Letting Go"" is now on while I'm driving home
I see your headlights shine just for me through my side mirrors
Kukira kita akan bersama
Begitu banyak yang sama
Latarmu dan latarku
Kukira takkan ada kendala
Kukira ini kan mudah
Kau aku jadi kita
Getting ghosted, zone of a friend, the unrequited love
No-label, FWB, and some underlying stuffs
I'll be experienced on my romance CV, light and tough
If only I made it post-talking stage, but shit, I ain't enough
Feels like we're nearly close and far from distant
But we be in a bout every time I'm about to be in
Baby, we are not compatible
In fact, we're just combatable
And I got no bad feeling, I am just feeling bad for you
A couple that tried to let it flow well, but fuck
Sometimes it's like getting cuffed
And caged with the writer's block
With the trap music in a timeless clock
Mummified in a truck
Amongst the jam-packed street, out of luck
Other words, we're so stuck
Aku kira...
Kukira kita akan bersama
Begitu banyak yang sama
Latarmu dan latarku
Kukira takkan ada kendala
Kukira ini kan mudah
Kau aku jadi kita",https://images.genius.com/bac8daf99d97588b4bef8a4c64833674.500x500x1.png,https://genius.com/Tulus-hati-hati-di-jalan-rhymewords-remix-lyrics
Petra Sihombing,Nirmala,"Saat aku sendiri
Hanya kau yang mengerti
Dunia tak pahami
Sedalam yang kau teliti
Kau melihat aku bagai nirmala
Tak pernah ada yang bisa
Tak pernah ada yang bisa
Kau hiraukan sisi gelap hidupku
Tak pernah ada yang bisa
Hanya kamu yang bisa meredamku
Tak pernah ada yang bisa
Hanya kamu yang bisa
Dunia tak pahami
Hanya kau yang mengerti
Kau melihat aku bagai nirmala
Tak pernah ada yang bisa
Tak pernah ada yang bisa
Kau hiraukan sisi gelap hidupku
Tak pernah ada yang bisa
Hanya kamu yang bisa meredamku
Dunia tak pahami
Hanya kau yang mengerti
Tak ada yang pahami
Hanya kau yang mengerti
Kau melihat aku bagai nirmala
Tak pernah ada yang bisa
Tak pernah ada yang bisa
Kau hiraukan sisi gelap hidupku
Tak pernah ada yang bisa
Hanya kamu yang bisa meredamku
Tak pernah ada yang bisa
Hanya kamu yang bisa meredamku
Biarlah semua berkata apa
Mereka bukan kita
Biarlah semua berkata apa
Mereka bukan kita
Biarlah semua berkata apa
Mereka bukan kita
Biarlah semua berkata apa
Mereka bukan kita
Mereka bukan kita",https://images.genius.com/c31af37c81f56444764c8dfba2819e30.1000x1000x1.png,https://genius.com/Petra-sihombing-nirmala-lyrics
Tulus,Pembuka - Live,,https://images.genius.com/1a857a1179986678097b0de85df10205.1000x1000x1.png,https://genius.com/Tulus-pembuka-live-lyrics
Tulus,Ruang Sendiri - Live,"Beri aku kesempatan
'Tuk bisa merindukanmu
(Jangan datang terus)
Beri juga aku ruang
Bebas dan sendiri
(Jangan ada terus)
Aku butuh tahu seberapa ku butuh kamu
Percayalah rindu itu baik untuk kita
(Pagi melihatmu) menjelang siang kau tahu
(Aku ada di mana) sore nanti
Tak pernah sekalipun ada malam yang dingin
Hingga aku lupa rasanya sepi
Tak lagi sepi bisa kuhargai
Baik buruk perubahanku
Tak akan kau sadari
(Kita berevolusi)
Bila kita ingin tahu
Seberapa besar rasa yang kita punya
Kita butuh ruang
(Pagi melihatmu) menjelang siang kau tahu
(Aku ada di mana) sore nanti
Tak pernah sekalipun ada malam yang dingin
Hingga aku lupa rasanya sepi
Tak lagi sepi bisa kuhargai
Kita tetap butuh ruang sendiri-sendiri
Untuk tetap menghargai rasanya sepi
(Pagi melihatmu) menjelang siang kau tahu
(Aku ada di mana) sore nanti
Tak pernah sekalipun ada malam yang dingin
Hingga aku lupa rasanya sepi
Tak lagi sepi bisa kuhargai
(Pagi melihatmu) menjelang siang kau tahu
(Aku ada di mana) sore nanti
Tak pernah sekalipun ada malam yang dingin
Hingga aku lupa rasanya sepi
Tak lagi sepi bisa kuhargai
Tak lagi sepi bisa kuhargai",https://images.genius.com/1a857a1179986678097b0de85df10205.1000x1000x1.png,https://genius.com/Tulus-ruang-sendiri-live-lyrics
Nidji,Hara Tanah,"Lirik ""Hara Tanah""
Lima pagi, kau tak ada lagi
Matahari seolah tidak kembali
Musim hujan bulan Februari
Kenangan denganmu
Hidup dalam mimpi
Hara tanah lenyap bersama cerita
Kau dengannya, kau dengannya
Aku tak bisa buat kau bahagia
Habis waktu kau putuskan untuk pergi
Sakit hatiku, sakit
Melihat kau dengannya
Senang hatiku, senang
Bila engkau bahagia
Bila bukan denganku
Asalkan kau bahagia
Bila bukan denganku
Asalkan kau bahagia
Hara tanah lenyap bersama cerita
Kau dengannya, kau dengannya
Aku tak bisa buat kau bahagia
Habis waktu kau putuskan untuk pergi
Sakit hatiku, sakit
Melihat kau dengannya
Senang hatiku, senang
Bila engkau bahagia
Bila bukan denganku
Asalkan kau bahagia
Bila bukan denganku
Asalkan kau bahagia
Bila bukan denganku
Asalkan kau bahagia
Bila bukan denganku
Asalkan kau bahagia
Lima pagi, kau tak ada lagi
Kenangan denganmu
Hidup dalam mimpi",https://images.genius.com/8f1834e5c84e73bc0eefbea47c3ebb8d.1000x1000x1.png,https://genius.com/Nidji-hara-tanah-lyrics
Tulus,Baru - Live,"Tak perlu kau ajak aku bicara
Tak akan pernah ku mendengarnya
Ini aku yang dulu bahkan
Tak dapat sebelah dengar dari telingamu
Tak perlu pesolek berwangi bunga
Tak akan mampu luluhkan hatiku
Ini aku yang dulu bahkan tak dapat
Sebelah mata dari pandanganmu
Nikmatilah kejutanku
Ini aku yang baru
Nikmatilah rasa rindu
Tak lagi di kuasamu
Tak perlu gelitik aku tertawa
Tak lagi kulihat ada yang lucu
Ini aku yang dulu namanya terus
Jadi sisipan tiap leluconmu
Nikmatilah kejutanku
Ini aku yang baru
Nikmatilah rasa rindu
Tak lagi di kuasamu
Nikmatilah kejutanku
Ini aku yang baru
Nikmatilah rasa rindu
Tak lagi di kuasamu
Dari dulu kamu tau
Patuh aku demi kamu
Dulu lalu tinggal dulu
Inilah aku yang baru
Dari dulu kamu tau
Patuh aku demi kamu
Dulu lalu tinggal dulu
Inilah aku yang baru
Nikmatilah kejutanku
Ini aku yang baru
Nikmatilah rasa rindu
Tak lagi di kuasamu
Nikmatilah kejutanku
Ini aku yang baru
Nikmatilah rasa rindu
Tak lagi di kuasamu",https://images.genius.com/1a857a1179986678097b0de85df10205.1000x1000x1.png,https://genius.com/Tulus-baru-live-lyrics
Tulus,Tukar Jiwa - Live,"Aku kehabisan cara tuk jelaskan padamu
Mengapa sulit tuk lupakanmu
Aku kehabisan cara tuk gambarkan padamu
Kau di mata dan di pandanganku
Huu uuu
(Coba sehari saja)
Coba satu hari saja kau jadi diriku
(Kau akan mengerti)
Kau akan mengerti bagaimana ku melihatmu
Mengagumimu, menyayangimu
Dari sudut pandangku
Dari sudut pandangku
Aku kehabisan cara tuk gambarkan padamu
Kau di mata dan di pandanganku
Seandainya satu hari bertukar jiwa
Kau akan mengerti dan berhenti
Bertanya-tanya
(Coba sehari saja)
Coba satu hari saja kau jadi diriku
(Kau akan mengerti)
Kau akan mengerti bagaimana ku melihatmu
(Coba sehari saja)
Coba satu hari saja kau jadi diriku
(Kau akan mengerti)
Kau akan mengerti bagaimana ku melihatmu
Mengagumimu, menyayangimu
Mengagumimu, menyayangimu
Dari sudut pandangku
Dari sudut pandangku ooh
Dari sudut pandangku ooh
Dari sudut pandangku",https://images.genius.com/1a857a1179986678097b0de85df10205.1000x1000x1.png,https://genius.com/Tulus-tukar-jiwa-live-lyrics
Tulus,Gajah - Live,"Setidaknya punya tujuh puluh tahun
Tak bisa melompat kumahir berenang
Bahagia melihat kawanan betina
Berkumpul bersama sampai ajal
Besar dan berani berperang sendiri
Yang aku hindari hanya semut kecil
Otak ini cerdas kurakit perangkat
Wajahmu tak akan pernah kulupa
Waktu kecil dulu
Mereka menertawakan
Mereka panggilku gajah
(Ku marah) ku marah
Kini baru ku tahu
Puji di dalam olokan
(Mereka ingatku marah)
Jabat tanganku panggil aku (gajah)
Kau temanku kau doakan aku
Punya otak cerdas aku harus tangguh
Bila jatuh gajah lain membantu
Tubuhmu disituasi rela jadi tamengku
Kecil kita tak tahu apa-apa
Wajar bila terlalu cepat marah
Kecil kita tak tahu apa-apa
Yang terburuk kelak bisa jadi yang terbaik
Yang terburuk kelak bisa jadi yang terbaik
Kau temanku kau doakan aku
Punya otak cerdas aku harus tangguh
Bila jatuh gajah lain membantu
Tubuhmu disituasi rela jadi tamengku
Kau temanku kau doakan aku
Punya otak cerdas aku harus tangguh
Bila jatuh gajah lain membantu
Tubuhmu disituasi rela jadi tamengku",https://images.genius.com/1a857a1179986678097b0de85df10205.1000x1000x1.png,https://genius.com/Tulus-gajah-live-lyrics
Tulus,Merdu Untukmu (Intro),"Kuingin bernyanyi, melekat di tengahmu
Bingkai seisi semesta semua yang bisa bercerita
Kuingin bernyanyi, melekat di dalam hatimu
Bingkai beragam nada agar semua merdu untukmu
Kuingin bernyanyi, melekat di dalam hatimu
Bingkai seisi semesta semua yang bisa bercerita
Kuingin bernyanyi, melekat di dalam hatimu
Bingkai beragam nada agar semua merdu untukmu",https://images.genius.com/0e1f7461eb12776a27ba6485d9461d56.1000x1000x1.png,https://genius.com/Tulus-merdu-untukmu-intro-lyrics
Tulus,Cahaya - Live,"Ratusan hari ku mengenalmu
Ratusan alasan kamu berharga
Ratusan hari ku bersamamu
Ratusan alasan kamu cahaya
Semampuku kau akrab dengan senyum dan tawa
Semampuku tak lagi perlu kau takut cinta
Bila aku pegang kendali penuh pada cahaya
Aku pastikan jalanmu terang
Bila aku pegang kendali penuh pada cahaya
Aku pastikan jalanmu terang
Tak mudah lagi sendu menganggu
Kau tahu cara buatku tertawa
Tak mudah kusut dalam kemelut
Kau tahu cara mengurai semua
Bila aku pegang kendali penuh pada cahaya
Aku pastikan jalanmu terang
Bila aku pegang kendali penuh pada cahaya
Aku pastikan jalanmu terang
Duhai cahaya terima aku
Aku ingin kau lihat yang kau punya
Aku ingin kau kembali bisa
Percaya pada diri dan mampumu",https://images.genius.com/1a857a1179986678097b0de85df10205.1000x1000x1.png,https://genius.com/Tulus-cahaya-live-lyrics
Feby Putri,Pamit,,https://images.genius.com/b35b6de974e7963ce12e95df85290a06.1000x1000x1.png,https://genius.com/Feby-putri-pamit-lyrics
Tulus,Sewindu (Rhodes Version),"Sudah sewindu 'ku di dekatmu
Ada di setiap pagi, di sepanjang harimu
Tak mungkin bila engkau tak tahu
Bila 'ku menyimpan rasa yang kupendam sejak lama
Setiap pagi 'ku menunggu di depan pintu
Siapkan senyum terbaikku agar cerah harimu
Cukup bagiku melihatmu tersenyum manis
Di setiap pagimu, siangmu, malammu
Sesaat dia datang, pesona bagai pangeran
Dan beri kau harapan, bualan cinta di masa depan
Dan kau lupakan aku, semua usahaku
Semua pagi kita, semua malam kita
Oh, tak akan lagi 'ku menunggumu di depan pintu
Dan tak ada lagi tutur manisku merayumu
Setiap pagi 'ku menunggu di depan pintu
Siapkan senyum terbaikku agar cerah harimu
Cukup bagiku melihatmu tersenyum manis
Di setiap pagimu, siangmu, malammu
Sesaat dia datang, pesona bagai pangeran
Dan beri kau harapan, bualan cinta di masa depan
Engkau lupakan aku, semua usahaku
Semua pagi kita, semua malam kita
Oh, tak akan lagi 'ku menunggumu di depan pintu
Dan tak ada lagi tutur manisku merayumu
Oh, tak akan lagi 'ku menunggumu di depan pintu
Dan tak ada lagi tutur manisku merayumu
Jujur memang sakit di hati
Bila kini nyatanya engkau memilih dia
Takkan lagi ku sebodoh ini
Larut di dalam angan-angan tanpa tujuan
Oh, tak akan lagi 'ku menunggumu di depan pintu
Dan tak ada lagi tutur manisku merayumu
Oh, tak akan lagi 'ku menunggumu di depan pintu
Dan tak ada lagi tutur manisku merayumu",https://images.genius.com/0e1f7461eb12776a27ba6485d9461d56.1000x1000x1.png,https://genius.com/Tulus-sewindu-rhodes-version-lyrics
Tulus,Merdu Untukmu (Outro),"Kuingin bernyanyi, melekat di telinga
Bingkai seisi semesta, semua yang bisa bercerita
Kuingin bernyanyi, melekat di hatimu
Bingkai beragam nada, agar semua merdu untukmu
Merdu untukmu
Merdu untukmu",https://images.genius.com/0e1f7461eb12776a27ba6485d9461d56.1000x1000x1.png,https://genius.com/Tulus-merdu-untukmu-outro-lyrics
Tulus,Tanggal Merah,"Satu hari, hanya kamu dan dirimu
Menikmati tanah yang kau injak
Memandangi langit yang kau junjung
Berjalan t'rus berjalan, kaki berjalan
Walau tanpa tujuan, takkan tersesat
Ini waktumu dengan dirimu, ayo bebaslah
Kikis tepat perlahan semua beban
Nanti 'kan datang lagi itu senyuman
Ini waktumu dengan dirimu, berbahagialah
Berjalan t'rus berjalan, kaki berjalan
Walau tanpa tujuan, takkan tersesat
Ini waktumu dengan dirimu, ayo bebaslah
Kikis tepat perlahan semua beban
Nanti 'kan datang lagi itu senyuman
Ini waktumu dengan dirimu, berbahagialah
Berjalan t'rus berjalan, kaki berjalan
Walau tanpa tujuan, takkan tersesat
Ini waktumu dengan dirimu, ayo bebaslah
Kikis tepat perlahan semua beban
Nanti 'kan datang lagi itu senyuman
Ini waktumu dеngan dirimu, berbahagialah",https://images.genius.com/7cb36949e06cd83f0b745dc37156c482.1000x1000x1.png,https://genius.com/Tulus-tanggal-merah-lyrics
.Feast,Peradaban,"Bawa pesan ini ke persekutuanmu
Tempat ibadah terbakar lagi
Bawa pesan ini lari ke keluargamu
Nama kita diinjak lagi
Bagai keset ""Selamat Datang""
Masuk kencang tanpa diundang
Ambil minum lepas dahaga
Rampas galon, dispenser pula
Yang jadi saksi harus kuat
Tak terbutakan dunia/akhirat
Yang patah tumbuh, yang hilang berganti
Gapura hancur dibangun lagi
Karena peradaban takkan pernah mati
Walau diledakkan, diancam 'tuk diobati
Karena peradaban berputar abadi
Kebal luka bakar, tusuk, atau caci maki
Karena peradaban takkan pernah mati
Walau diledakkan, diancam 'tuk diobati
Karena peradaban berputar abadi
Kebal luka bakar, tusuk, atau caci maki
Beberapa orang menghakimi lagi
Walaupun diludahi zaman 1000 kali
Beberapa orang memaafkan lagi
Walau sudah ditindas habis berkali-kali
Karena peradaban takkan pernah mati
Walau diledakkan, diancam 'tuk diobati
Karena peradaban berputar abadi
Kebal luka bakar, tusuk, atau caci maki
Karena peradaban takkan pernah mati
Walau diledakkan, diancam 'tuk diobati
Karena peradaban berputar abadi
Kebal luka bakar, tusuk, atau caci maki
Karena kehidupan tidak ternodai
Maknanya jika kau tak sepaham dengan kami
Karena kematian tanggungan pribadi
Bukan milik siapapun untuk disudahi
Budaya, bahasa berputar abadi
Jangan coba atur tutur kata kami
Hidup tak sependek penis laki-laki
Jangan coba atur gaya berpakaian kami
Suatu saat nanti tanah air kembali berdiri
Suatu saat nanti kita memimpin diri sendiri
Suatu saat nanti kita meninggalkan sidik jari
Suatu saat nanti semoga semua berbesar hati
Suatu saat nanti tanah air kembali berdiri
Suatu saat nanti kita memimpin diri sendiri
Suatu saat nanti kita meninggalkan sidik jari
Suatu saat nanti semoga semua berbesar hati
Suatu saat nanti tanah air kembali berdiri
(Kapan kita cukup dewasa)
Suatu saat nanti kita memimpin diri sendiri
(Untuk jadi diri sendiri?)
Suatu saat nanti kita meninggalkan sidik jari
(Kapan kita cukup dewasa)
Suatu saat nanti semoga semua berbesar hati
(Untuk jadi diri sendiri?)
Suatu saat nanti tanah air kembali berdiri
(Kapan kita cukup dewasa)
Suatu saat nanti kita memimpin diri sendiri
(Untuk jadi diri sendiri?)
Suatu saat nanti kita meninggalkan sidik jari
(Kapan kita cukup dewasa)
Suatu saat nanti semoga semua berbesar hati
(Untuk jadi diri sendiri?)
Suatu saat nanti tanah air kembali berdiri
(Kapan kita cukup dewasa)
Suatu saat nanti kita memimpin diri sendiri
(Untuk jadi diri sendiri?)
Suatu saat nanti kita meninggalkan sidik jari
(Kapan kita cukup dewasa)
Suatu saat nanti semoga semua berbesar hati
(Untuk jadi diri sendiri?)
Suatu saat nanti tanah air kembali berdiri
(Kapan kita cukup dewasa)
Suatu saat nanti kita memimpin diri sendiri
(Untuk jadi diri sendiri?)
Suatu saat nanti kita meninggalkan sidik jari
(Kapan kita cukup dewasa)
Suatu saat nanti semoga semua berbesar hati
(Untuk jadi diri sendiri?)",https://images.genius.com/01f02956f04288ab2cd9fc665159a198.1000x1000x1.png,https://genius.com/Feast-peradaban-lyrics
Hindia,Secukupnya,"Kapan terakhir kali kamu dapat tertidur tenang?
(Renggang)
Tak perlu memikirkan tentang apa yang akan datang
Di esok hari
Tubuh yang berpatah hati
Bergantung pada gaji
Berlomba jadi asri
Mengais validasi
Dan aku pun tak hadir
Seakan paling mahir
Menenangkan dirimu
Yang merasa terpinggirkan dunia
Tak pernah adil
Kita semua gagal
Angkat minumanmu
Bersedih bersama-sama
(Ah-ah-ah-ah-ah)
Sia-sia (Pada akhirnya)
Putus asa, (Terekam pedih semua)
Masalahnya, (Lebih dari yang)
Secukupnya
Rekam gambar dirimu yang terabadikan bertahun
Silam
Putra-putri sakit hati
Ayah-ibu sendiri
Komitmen lama mati
Hubungan yang menyepi
Wisata masa lalu
Kau hanya merindu
Mencari pelarian
Dari pengabdian yang terbakar sirna
(Mengapur berdebu)
Kita semua gagal
Ambil s'dikit tisu
Bersedihlah secukupnya
(Ah-ah-ah-ah-ah)
Secukupnya ('Kan masih ada)
Penggantinya (Belum waktunya kau bisa)
Menjawabnya (Ah-ah-ah-ah-ah)
Secukupnya
Semua yang sirna 'kan kembali lagi
Semua yang sirna 'kan nanti berganti
(Ah-ah-ah-ah-ah)
(Ah-ah-ah-ah-ah)
(Ah-ah-ah-ah-ah)
(Ah-ah-ah-ah-ah)",https://images.genius.com/17e1f083ab40f612462d8d09f7d27ac8.1000x1000x1.png,https://genius.com/Hindia-secukupnya-lyrics
Hindia,Rumah ke Rumah,"Menyesal, tak kusampaikan
Cinta monyetku
ke Kanya dan Rebecca
Apa kabar kalian di sana?
Semoga hidup baik-baik saja
Tak belajar, terkena getahnya
Saat bersama Thanya dan Saphira
Kupercaya mungkin bukan jalannya
Namun kalian banyak salah juga
Jika dahulu ku tak cepat berubah
Ini maafku untukmu, Sharfina
Segala doa yang baik adanya
Untukmu dan mimpimu yang mulia
Pindah berkala, rumah ke rumah
Berharap bisa berujung indah
Walau akhirnya harus berpisah
T'rima kasih kar'na ku tak mudah
Pindah berkala, rumah ke rumah
Berharap bisa berujung indah
Walau akhirnya harus berpisah
T'rima kasih kar'na ku tak mudah
Maaf jika ku sering buat susah
Indisya, Panda, Anggra, Caca, Sismita
P'rempuan terkuat dalam hidupku
Terjanglah apa pun yang kalian tuju
Kau datang saat gelapku merekah
Seluruh hatiku untukmu, Meidiana
Kau pantas dapatkan yang baik di dunia
S'moga kita bertahan lama
Pindah berkala, rumah ke rumah
Mengambil pelajaran jika berpisah
Jikalau suatu saat berujung indah
Catat nama kita dalam sejarah
Pindah berkala, rumah ke rumah
Mengambil pelajaran jika berpisah
Jikalau suatu saat berujung indah
Catat nama kita dalam sejarah
Letih mengembara, rumah ke rumah
Kadang ku lupa akanmu,
Amalia
Siap sedia tiap ku bercerita
Ku beruntung jadi anakmu, Bunda
Pindah berkala, rumah ke rumah
Selalu pada diri-Mu aku berserah
Jika ku disebut dalam sejarah
M'reka takkan lupa kar'na siapa
Pindah berkala, rumah ke rumah
Selalu pada diri-Mu aku berserah
Jika aku disebut dalam sejarah
M'reka takkan lupa kar'na siapa",https://images.genius.com/7f487fa6ad08d65b618d52f1c5fdb1bf.1000x1000x1.png,https://genius.com/Hindia-rumah-ke-rumah-lyrics
.Feast,Tarot,"Nama yang sama bertahan
Dalam ruangan hening
Tanpa suara bertahan
Tak bergeming
Terlalu lama bercanda
Kita tak terbiasa
Dengan celaka yang nyata
Diam tak berdaya
Namun aku bingung kenapa ku tak pergi
Aku bingung kalian masih di sini
Apa mungkin karena terlalu lama?
Apa benar ‘tuk berbagi derita?
Mungkin nanti semua justru memburuk
Hati-hati, namun terjatuh lagi
Tapi luka adalah niscaya
Kutanggung denganmu selama ku mampu
Selama ku mampu
Di kehidupan kedua (Di kesempatan kedua)
S’moga kau tak terlalu keras kepala
Atau mungkin ini bukan yang pertama (Ini bukan yang pertama)
Dan kita diberi kesempatan berubah
Kuyakin nyawa kita bertautan
Khatam berbagai cobaan
Selalu menertawakan ramalan bintang,
kartu tarot
Orang pintar pembaca nasib
Namun aku bingung kenapa ku tak pergi
Aku bingung kalian masih di sini
Apa mungkin karena terlalu lama?
Apa benar ‘tuk berbagi derita?
Mungkin nanti semua justru memburuk
Hati-hati, namun terjatuh lagi
Tapi luka adalah niscaya
Kutanggung denganmu, selama ku mampu
Selama ku mampu
Selalu menertawakan ramalan bintang, kartu tarot
Orang pintar pembaca nasib
Namun
Padamu kupercaya
Tak masuk logika
Padamu kupercaya
Tak masuk logika (Tak masuk logika)
Padamu kupercaya (Padamu kupercaya)
Tak masuk logika (Tak masuk logika)
Padamu kupercaya (Padamu kupercaya)
Tak masuk logika (Tak masuk logika)
Padamu kupercaya
Tak masuk logika",https://images.genius.com/2c8b2fbf2893359b1847566d2500a5fc.1000x1000x1.png,https://genius.com/Feast-tarot-lyrics
.Feast,Berita Kehilangan,"Badanku terkujur kaku, bentuk malang melintang
Tertutup mataku namun cahaya semakin terang
Jiwaku mengambang tinggi terus melayang-layang
Nyawaku dirampas namun kita yang jaya perang
Biarkan aku pergi dengan tenang
Bunda, kali ini saja jangan menangisi jasadku
Namaku abadi
Kebencian takkan pernah menang karena
Beberapa orang memaafkan
Beberapa yang lain yang membawa
Berita kehilangan melalui
Perbuatan, perkataan menyakitkan
Jika ini memang caranya
Menggenapkan namamu yang kuberikan
Sama seperti artinya
Saat kau berkorban, menyadarkan
Sayang, kau telah menjadi abadi
Di hati, di sejarah kami
Dan kurelakan hari ini, besok, lusa
Atau lain kali, karena
Beberapa orang memaafkan
Beberapa yang lain yang membawa
Berita kehilangan melalui
Perbuatan, perkataan menyakitkan
Beberapa orang memaafkan
Beberapa yang lain yang membawa
Berita kehilangan melalui
Perbuatan, perkataan menyakitkan
Takkan ada kedamaian di hidupmu
Takkan ada ketenteraman di kamarmu
Takkan ada keberlanjutan namamu
Takkan ada kedamaian di surgamu
Di dalam hidup ada saat untuk berhati-hati
Di dalam hidup ada saat untuk berhati-hati
Di dalam hidup ada saat untuk berhati-hati
Di dalam hidup ada saat untuk berhati-hati
Di dalam hidup ada saat untuk berhati-hati
Di dalam hidup ada saat untuk berhati-hati
Di dalam hidup ada saat untuk berhati-hati",https://images.genius.com/38ea837002f4774f242534a59182e3a2.1000x1000x1.png,https://genius.com/Feast-berita-kehilangan-lyrics
.Feast,Kami Belum Tentu,"Lirik ""Kami Belum Tentu""
Tiang masih berdiri
Bendera makin tinggi
Berkibar tiap pagi
Dimakan matahari
Merah makin memudar
Yang bunglon merasa benar
Putih makin menguning
Yang pintar masih berpaling
Ditinggal beasiswa
Tenang kawan, tak apa
Bertahan, buat apa?
Belum ada artinya
Masih dipeluk setan
Alergi peradaban
Alergi kemajuan
Mendorong kemunduran
Pemimpin di esok hari
(Adakah yang cukup mampu?)
Mewakilkan suara kami
(Jelas tak ada yang tahu!)
Ada yang cukup peduli
Umat yang dikelabui
Melupakan masa lalu
(Namun kami belum tentu!)
Earth-03 kerusuhan lagi
Earth-04 perang nuklir lagi
Jadikan pelajaran
Jangan sampai rusak beneran
Earth-02 masih main tusuk
Tiap hari kian buruk
Ayo cepat mending rujuk
Jangan sampai salah tunjuk
Pemimpin di esok hari
(Adakah yang cukup mampu?)
Mewakilkan suara kami
(Jelas tak ada yang tahu!)
Ada yang cukup peduli
Umat yang dikelabui
Melupakan masa lalu
(Namun kami belum tentu!)
Pemimpin di esok hari
(Adakah yang cukup mampu?)
Mewakilkan suara kami
(Jelas tak ada yang tahu!)
Ada yang cukup peduli
Umat yang dikelabui
Melupakan masa lalu
(Namun kami belum tentu!)
Apa guna gelar kami?
(Siapa yang sudah tahu?)
Jadi apa tua nanti?
(Tentu kami belum tahu!)
Tumblr, Reddit diblok lagi
(Siapa bilang situs biru?)
Untuk apa terkoneksi
(Jika masih mati lampu?)
Cukup dikasih hati
(Masih minta tambah paru)
Pura-pura bersih lagi
(Bagaikan Kalpataru)
Jelas-jelas tangan besi
(Masih berlagak rindu!)
Sembah Tuhan tiap minggu
(Tapi masih lempar batu)
Ada yang cukup peduli
Umat yang dikelabui
Melupakan masa lalu
(Namun kami belum tentu!)
Ada yang cukup peduli
Umat yang dikelabui
Melupakan masa lalu
(Namun kami belum tentu!)",https://images.genius.com/c4954a8b8c31ad7dffe682a24751f55e.1000x1000x1.png,https://genius.com/Feast-kami-belum-tentu-lyrics
Hindia,Evaluasi,"Yang tak bisa terobati
Biarlah
Mengering sendiri
Menghias tubuh dan
Yang mengevaluasi
Ragamu
Hanya kau sendiri
Mereka tak mampu
Melewati yang telah kau lewati
Tiap berganti hari
Rintangan yang kau hadapi
Masalah yang mengeruh
Oh, perasaan yang rapuh
Ini belum separuhnya
Biasa saja
Kamu tak apa
Yang selalu ingin ambil peran
Hanya berlomba menjadi lebih
Sedih dari dirimu
Muak dikesampingkan
Disamakan
Hatimu terluka, sempurna
Masalah yang mengeruh
Oh, perasaan yang rapuh
Ini belum separuhnya
Biasa saja
Kamu tak apa
Perjalanan yang jauh
Kau bangun untuk bertaruh
Hari belum selesai
Biasa saja
Kamu tak apa
Bilas muka, gosok gigi, evaluasi
Tidur sejenak menemui esok pagi
Walau pedih ku bersamamu kali ini
Ku masih ingin melihatmu esok hari
Bilas muka, gosok gigi, evaluasi
Tidur sejenak menemui esok pagi
Walau pedih ku bersamamu kali ini
Ku masih ingin melihatmu esok hari
Bilas muka, gosok gigi, evaluasi
Tidur sejenak menemui esok pagi
Walau pedih ku bersamamu kali ini
Ku masih ingin melihatmu esok hari",https://images.genius.com/3164a06404a66aeb5923ee9ed38e9b92.1000x1000x1.png,https://genius.com/Hindia-evaluasi-lyrics
Hindia,everything u are,"Wajahmu kuingat selalu
Lupakan hal-hal yang menggangguku
Karena hari ini mata kita beradu
Kita saling bantu melepas perasaan
Tinggi ke angkasa, menantang dunia
Merayakan muda ‘tuk satu jam saja
Kita hampir mati dan kau selamatkan aku
Dan ku menyelamatkanmu dan sekarang aku tahu
Cerita kita tak jauh berbeda
Got beat down by the world, sometimes I wanna fold
Namun suratmu kan kuceritakan ke anak-anakku nanti
Bahwa aku pernah dicintai with everything you are
Fully as I am with everything you are
Wajahmu yang beragam rupa
Pastikan ku tak sendirian
Jalani derita, kau bawakan kisahmu
Aku mendengarkan, oh kita bergantian
Bertukar nestapa, menawar trauma
Datang seadanya, terasku terbuka
Kita hampir mati dan kau sеlamatkan aku
Dan ku menyelamatkanmu dan sekarang aku tahu
Cеrita kita tak jauh berbeda
Got beat down by the world, sometimes I wanna fold
Namun suratmu kan kuceritakan ke anak-anakku nanti
Bahwa aku pernah dicintai
Seada-adanya, sekurang-kurangnya
Walau sulit utarakan hatiku dengan indah
Walau jarang ku bernyanyi dengan cara yang indah
Tapi tak sekali pun kisahku pernah kau bantah
Cerita kita tak jauh berbeda
Got beat down by the world (beat down by the world), sometimes I wanna fold
Namun suratmu kan kuceritakan ke anak-anakku nanti
Bahwa aku pernah dicintai with everything you are
Fully as I am with everything you are",https://images.genius.com/4f47be92df2b8f160b23e5ef066609b7.1000x1000x1.png,https://genius.com/Hindia-everything-u-are-lyrics
Hindia,Untuk Apa/Untuk Apa?,"And it wasn't social intelligence
It wasn't good looks, physical health
And it wasn't IQ
It was grit
Rumah ini dahulu sederhana
Ruang demi ruang dibangun bersama
Angan-angan yang dulu mimpi belaka
Kita gapai segala yang tak disangka
Tak sadar menimbun yang lebih berharga
Berdiri di atas yang lebih bermakna
Anak tangga yang berlebihan jumlahnya
Mendaki terus entah mau ke mana?
Dan kau selalu bertanya untuk apa?
Mengelak, kerap kutemukan jawabnya
Medusa dan semakin keras kepala
Seakan hidup hanya untuk bekerja
Mengejar mimpi sampai tak punya rasa
Mengejar mimpi sampai lupa k'luarga
Mengejar mimpi lupa dunia nyata
Mengejar mimpi tapi tidak bersama
Padahal katanya uang takkan ke mana
Jika memang rezeki, ya 'kan ditransfer juga
Namun dikejar terus seakan satwa langka
Di prosesnya melintah lupa jadi manusia
Melihat Hawa jadi panas lupa cuaca
Tertiup angin buah jatuh digigit juga
Seakan perlu banyak seperti Dewa Siwa
Padahal manusia hanya bertangan dua
Kasur yang luas tapi bangun sendiri
Mobil baru mengkilap tanpa penumpang di kiri
Banyak sepatu minim privasi susah pergi
PS4, Nintendo Switch tanpa player dua
Dan dahulu kau bertanya untuk apa?
Lalu kuperhatikan ini semua
Barang mahal yang tidak ada harganya
Dan sekarang ku bertanya untuk apa?
Terlepas apa yang engkau percayai
Tetap takkan ada yang dibawa mati
Kembali ke tanah dan tumbuh cemara
Mana saja harta yang lebih berharga
Terlepas apa yang engkau percayai
Tetap takkan ada yang dibawa mati
Kembali ke tanah dan tumbuh cemara
Mana saja harta yang lebih berharga
Terlepas apa yang engkau percayai
Tetap takkan ada yang dibawa mati
Menimbun surga yang tak bisa dibagi
Akhirnya pun wafat sendiri-sendiri
Mengangkat ikat rambutmu yang tertinggal
Di lengan kiri mobilku, terakhir kita menonton
Jariku tak juga kuat, sungguh janggal
Lebih berat dari seribu ton
Satu dari ribuan hal kecil
Yang sekarang menjadi terampil
Menggosok garam di atas luka
Dulu tak ada apa-apanya
Rute pagi yang dahulu ceria
Menu favorit kini hambar rasanya
Foto yang tak berani dilirik mata
Kontak sekarang jadi sebatas nama
Masing-masing selamat dan bercerita
Namun tidak lagi
Miliki bersama
Cepat namun sendiri, untuk apa?
Bersama tapi meracuni, untuk apa?
Cepat namun sendiri, untuk apa?
Bersama tapi meracuni, untuk apa?
Cepat namun sendiri, untuk apa?
Bersama tapi meracuni, untuk apa?",https://images.genius.com/7f487fa6ad08d65b618d52f1c5fdb1bf.1000x1000x1.png,https://genius.com/Hindia-untuk-apa-untuk-apa-lyrics
.Feast,Kelelawar,"Unjuk rasa di alun-alun neraka
Mengguyur luka mayoritas dengan Vodka
Menantang maut, mengadu sikut
Membabi buta, bela logika
Menantang cakrawala
Tutup mata mengarungi lorong waktu
Jangan patah arang saat hasil belum menentu
Kejar jawaban dari
Coki, Rey dan Vicky
Guna mencari
Siapa, mengapa
Di mana
, apa
Bagaimana
Banyak cara taklukkan malam
Banyak cara hancurkan sulam
Banyak cara kelinci dibalap kura-kura
Kelelawar, tak akan dibutakan surya
(Tak akan dibutakan surya)
Terjun bebas dari puncak Jayapura
Menendang bigot jatuh ke dasar samudera
Bermuka dua, lidah bercabang tiga
Raga terbelah
Lima lawan berenam
Tujuh, delapan
Maju semua
Banyak cara taklukkan malam
Banyak cara hancurkan sulam
Banyak cara kelinci dibalap kura-kura
Kelelawar, raja malam
[Bridge: Baskara &
Karaeng
]
Tak akan dibutakan surya
Tak akan dibekukan duka
Kebal racun takkan tertawa
Takkan menghirup bunga gila
(Di dalamku multisemesta)
Kebal tirani rata-rata
(Urat nadiku seribu nyawa)
Tidak takut takhayul dewa
(Di dalamku multisemesta)
Kebal gertak masuk neraka
(Urat nadiku seribu nyawa)
Suci tanpa harus didoa
(Di dalamku multisemesta)
Kebal tirani rata-rata
(Urat nadiku seribu nyawa)
Tidak takut takhayul dewa
(Di dalamku multisemesta)
Kebal gertak masuk neraka
(Urat nadiku seribu nyawa)
Suci tanpa harus di doa
[Outro:
Karaeng
& Baskara]
(Di dalamku multisemesta)
(Urat nadiku seribu nyawa)
Tak akan dibutakan surya
(Di dalamku multisemesta)
(Urat nadiku seribu nyawa)
Tak akan dibekukan duka
(Di dalamku multisemesta)
(Urat nadiku seribu nyawa)
Tak akan dibutakan surya
(Di dalamku multisemesta)
(Urat nadiku seribu nyawa)
Tak akan dibekukan duka
It felt like days
We're still there
After countless times of circular reasoning
And tireless explanation of how all loving she is
Going through my ears
As the wind began to shout stronger
""don't disrupt the balance
Forget the past, move on
And I promise you to be loving""
She tried to make a pact with me
But I can't
I can't forget the past
When I remember my friends practicing bigotry
When I remember my family shutting me down
For my religious opinion
When I remember Moslem friends telling me
That I deserve hell as a Christian
When I remember Christian friends telling me
That I deserve hell as an atheist
When I remember authorities telling me
That I deserve jail for being myself
I won't forget what I am
I won't forget yesterday
Sometimes, I wanna hide",https://images.genius.com/3a3ca32d35ac5a3e18f5536228061c88.1000x1000x1.png,https://genius.com/Feast-kelelawar-lyrics
.Feast,Nina,"[Lirik
""Nina""
]
Saat engkau tertidur
Aku pergi menghibur
Beda kota pisah raga bukan masalahku
Lihat wajahmu di layar ku tetap bersyukur
Saat engkau terjaga
Aku kan ada di sana
Sempatkan bermain dan bawakan cenderamata
Satu sampai lima tahun cepat tak terasa
Segala hal kuupayakan untuk
Melindungi
Tunggu aku kembali lagi esok
Pagi
Tumbuh lebih baik, cari panggilanmu
Jadi lebih baik dibanding diriku
‘Tuk sementara ini aku
Mengembara
Jauh, saat dewasa kau kan mengerti
Saat engkau dewasa
Dan aku kian menua
Jika ku berpulang lebih awal, tidak apa
Berjumpa lagi di sana
, aku tetap sama
Saat engkau teringat
Tengkar kita, manakala
Maaf atas perjalanan yang tidak sempurna
Namun percayalah untukmu kujual dunia
Segala hal kuupayakan untuk
Mеlindungi (Untuk melindungi)
Tunggu aku kembali lagi esok
Pagi (Sеlalu janjiku pada dirimu)
Tumbuh lebih baik, cari panggilanmu
Jadi lebih baik dibanding diriku
Dan tertawalah saat ini
Selepas-lepasnya
Karena kelak kau kan tersakiti
Aku tahu kamu hebat namun selamanya diriku pasti berkutat
‘Tuk selalu jauhkanmu dari dunia yang jahat
Ini sumpahku padamu ‘tuk biarkanmu
Tumbuh lebih baik, cari panggilanmu
Jadi lebih baik dibanding diriku
‘Tuk sementara, kita tertawakan
Berbagai hal yang lucu dan lara
Selepas-lepasnya, saat dewasa kau kan mengerti
Karena kelak kau kan tersakiti
Saat dewasa kau kan mengerti
Karena kelak kau kan tersakiti",https://images.genius.com/d8bfd4a44fd544233b5d33ac0d00a10d.1000x1000x1.png,https://genius.com/Feast-nina-lyrics
Hindia,Membasuh,"Selama ini
Kunanti
Yang kuberikan datang berbalik
Tak kunjung pulang
Apa pun yang terbilang
Di daftar pamrihku seorang
Telat kusadar hidup bukanlah
Perihal mengambil yang kau tebar
Sedikit air yang kupunya
Milikmu juga bersama
Bisakah kita tetap memberi
Walau tak suci?
Bisakah terus mengobati
Walau membiru?
Cukup besar 'tuk mengampuni
'Tuk mengasihi
Tanpa memperhitungkan masa yang lalu
Walau kering
Bisakah kita tetap membasuh?
Kita bergerak dan bersuara
Berjalan jauh
, tumbuh bersama
Sempatkan pulang ke beranda
'Tuk mencatat hidup dan harganya
Bisakah kita tetap memberi
Walau tak suci?
Bisakah terus mengobati
Walau membiru?
Cukup besar 'tuk mengampuni
'Tuk mengasihi
Tanpa memperhitungkan masa yang lalu
Walau kering
Bisakah kita tetap membasuh?
[Refrain:
Rara
, Hindia & Rara]
Mengering sumurku
Terisi kembali
Kutemukan
Makna hidupku di sini
Mengering sumurku
Terisi kembali
Kutemukan
Makna hidupku di sini
Bisakah kita tetap memberi
Walau tak suci?
Bisakah terus mengobati
Walau membiru?
Cukup besar 'tuk mengampuni
'Tuk mengasihi
Tanpa memperhitungkan masa yang lalu
Walau kering
Bisakah kita tetap membasuh?
Membasuh
Mengering sumurku
Terisi kembali
Kutemukan
Makna hidupku di sini
Mengering sumurku
Terisi kembali
Kutemukan
Makna hidupku di sini
Mengering sumurku
Terisi kembali
Kutemukan
Makna hidupku di sini
Mengering sumurku
Terisi kembali
Kutemukan
Makna hidupku di sini",https://images.genius.com/4dc520eec558eb96f6889acaaa374389.1000x1000x1.jpg,https://genius.com/Hindia-membasuh-lyrics
.Feast,Tarian Penghancur Raya,"Lirik ""Tarian Penghancur Raya""
Mata dan peluh yang asin
Perlahan dihapus angin
Jogja yang beku mendingin
Menari, menghancurkan alam raya
Yang kecewa
Dibuatnya malapetaka
Kamar berjeruji berpenghuni bersafari
Berbagai fauna flora kerasukan freon di ruko toko bunga
Bank ahli industri teknologi etnografi
Produksi menggurui penghuni asli
Berbicara cepat bilang haram
Kearifan lokal yang dibungkam
Tuli pada yang belajar alam
Mati sesak nafas tengah malam
La-la-la, la-la-la, la-la
La-la-la, la-la-la, la-la
La-la-la, la-la-la, la-la
La-la-la, la-la-la, la-la
Trotoar lebar
, bahan hijau,
Tesla
Kalah cepat disalip Kuda Asia
Tewas di lampu merah garis zebra
Efek Rumah Kaca tiba-tiba suddenly di mana-mana
Uap terlontar mengepung kota
Berlomba ciptakan plastik kita
Saat senja kehabisan kata
Siang malam pun gelap gulita
La-la-la, la-la-la, la-la
La-la-la, la-la-la, la-la
Kerja bakti menyusun neraka
Kita miliki bahan bakarnya
Perihal waktu tunggu datangnya
O2 dijual oleh negara
Oh terima kasih 'kan usahanya
Sedotan besi, plastik cycle tiga
Pun pepohonan tak berkuasa
Lawan kebijakan yang bertamasya
Burung bersiul malapetaka
Gurun menatap dingin manusia
Laut dan pegunungan kecewa
Kudeta besar alam semesta
Siarkan kabar penelan surya
Meleleh matikan Kutub Utara
Amalkan tarian penghancur raya
Kobarkan tarian penghancur raya
La-la-la, la-la-la, la-la
Kobarkan tarian penghancur raya
La-la-la, la-la-la, la-la
Kobarkan tarian penghancur raya
La-la-la, la-la-la, la-la
La-la-la, la-la-la, la-la
La-la-la, la-la-la, la-la
La-la-la, la-la-la, la-la",https://images.genius.com/df99db2d8795910ef057195f3b721835.1000x1000x1.png,https://genius.com/Feast-tarian-penghancur-raya-lyrics
.Feast,Arteri,"Telanjang, ku telanjang menyicipi dunia
Hatiku berkata
“Selamat datang di dua puluh!”
Kau tambal kegagalanku
Kau masuk ke dalam darah, berdansa dan berserah
Untuk sekian jam saja
Sembunyikanmu dari dunia, hilang akal saat kau ada
Berputar, mana ujungnya?
Menangisku di pundakmu
Kau bilang muntahkan semua pilu
Aku pura-pura tak tahu, aku pura-pura tak sadar
Kau hanya trauma (Meluncur di Arteri)
Aku ingin tak menghiraukan masa depan
Namun hidup apa hanya delapan kali sebulan?
Salahku memikirkan untuk menyelamatkan
Saat kaulah titik perkara
Menangisku di pundakmu
Kau bilang muntahkan semua pilu
Aku pura-pura tak tahu, aku pura-pura tak sadar
Kau hanya trauma (Di Arteri Pondok Indah)
Aku berlari, lari, lari
Lari mengejar dirimu
Cinta macam apa
Yang dijaga ketat oleh perantara?
Indraku mati rasa
Kubuang jauh dalam
Tempat sampah (Di Arteri Pondok Indah)
Kau hanya trauma
Meluncur di Arteri
Hanya lagu lama
Bernyanyi di Arteri
Menangisku di pundakmu
Kau bilang muntahkan semua pilu
Aku pura-pura tak tahu, aku pura-pura tak sadar
Kau hanya trauma (Meluncur di arteri)
Setetes bahagia yang selalu kau cari
Mengalir berkelana meluncur di arteri
Setetes bahagia yang selalu kau cari
Mengalir berkelana meluncur di arteri",https://images.genius.com/2c8b2fbf2893359b1847566d2500a5fc.1000x1000x1.png,https://genius.com/Feast-arteri-lyrics
.Feast,Dalam Hitungan,"Lirik ""Dalam Hitungan""
Dear Twitter, please do your magic
Semoga rohku selalu kekal dalam hitungan
Tidak diretas oleh umat luar jaringan
Aku tak berguna jika tak diukur angka
Bertobat di media, Tuhan pasti salah sangka
Mimpi butuh dana, ""Engagement rate-mu berapa?
""
Terka jarak berita, tragedi milik siapa?
Memahat citra sesuai standar-Nya
Surga buka cabang, kita semua pialang
Seratus ribu per sepuluh Giga
Akhirat yang adil, semua orang berwenang
Sekarang semua
Tidur tenang
Cek lagi besok pagi
Keselamatan
Kita membangun bersama
Tuhan yang baru
Dunia yang berani
Semua orang berseru
Taman Eden dengan wi-fi dan kamera depan
Malaikat yang hadir mengukur dalam hitungan
Kehidupan dibenahi arahan redaksi
Kematian disiarkan Instagram TV
Nyanyian pujian yang termatrikulasi
Sangkakala seindah bunyi notifikasi
Kita membangun bersama
Tuhan yang baru
Dunia yang berani
Semua orang berseru
Taman Eden dengan wi-fi dan kamera depan
Malaikat yang hadir mengukur dalam hitungan
Membangun bersama
Tuhan yang baru
Dunia yang berani
Semua orang berseru
Taman Eden dengan wi-fi dan kamera depan
Malaikat yang hadir mengukur dalam hitungan
Semoga rohku s'lalu kekal dalam hitungan
Tidak diretas oleh umat luar jaringan
Semoga rohku s'lalu kekal dalam hitungan
Tidak diretas oleh umat luar jaringan
Semoga rohku s'lalu kekal dalam hitungan
Tidak diretas oleh umat luar jaringan
Semoga rohku s'lalu kekal dalam hitungan
Tidak diretas oleh umat luar jaringan
Semoga rohku s'lalu kekal dalam hitungan
Tidak diretas oleh umat luar jaringan
Semoga rohku s'lalu kekal dalam hitungan
Tidak diretas oleh umat luar jaringan",https://images.genius.com/1bfcffabcc8286d47722521afc5227bd.1000x1000x1.png,https://genius.com/Feast-dalam-hitungan-lyrics
.Feast,"o,Tuan","Oh jelas aku tahu,
bunga akan layu
Rumput kian mengering,
daun kan menguning
Kau tahu menurutku waktu adalah
Kutukan, ancaman, bualan
Dan satu per satu orang sekitarku
Mulai ditinggalkan, oh ini peringatan
Untukku,
o Tuan
, wahai Kematian
Ku tak bisa melawan jamah perhentian
Berjanji kuikhlaskan dengan rela
Namun jangan hari ini
Melihatmu masuk ke dalam ruang operasi
Berdoa semalam suntuk di kamar yang hening
Tanpa metafora dan analogi
Kiasan berbelit diksi, tanpa berbungkus fiksi
Aku takut
Untuknya, o Tuan, wahai Kematian
Ku tak bisa melawan jamah perhentian
Berjanji kuikhlaskan dengan rela
Namun jangan hari ini
Kurelakan, o Tuan
Kurelakan, namun jangan hari ini
Kurelakan, o Tuan
Kurelakan, namun jangan hari ini
Kurelakan, o Tuan
Kurelakan, namun jangan hari ini
Namun jangan hari ini",https://images.genius.com/2c8b2fbf2893359b1847566d2500a5fc.1000x1000x1.png,https://genius.com/Feast-otuan-lyrics
.Feast,Sectumsempra,"Kau bedah ilmu hitam tak tertandingi
Kau tindak, kau tindas yang sayap kiri
Lidahmu setajam yang
darah murni
Tak perlu kawan, kau jalani sendiri
Lawanmu pasti kau tebas mati
Dengan sihirmu
Sihirmu
Sihirmu..
Sectumsempra!
Kau sangga kehormatan hijau dan perak
Menjaga derik ular tanpa merusak
Tangismu tertahan dan tak mendobrak
Walau tak murni, kau b'rani berteriak
Lawanmu pasti kau tebas mati
Dengan sihirmu
Sihirmu
Sihirmu..
Sectumsempra!
Lawanmu pasti kau tebas mati
Dengan sihirmu
Sihirmu
Sihirmu..
Sectumsempra!
Raaaahhh...!!
Akan ku bagi semesta menjadi ingatan-ingatan
Yang nanti semua makhluk bisa membesuk
Waktu begitu sempit dan luas
Waktu ada di kolong tempat tidurmu
Tapi rumahmu adalah hutan
Amfibi, dikotomi, sisi-sisi
Oposisi biner
de Saussure!
Raaaahhh...!!
Kita tak kenal jam besuk
Kita tak kenal jam besuk
Kita tak kenal jam besuk
Kita tak kenal jam besuk
Kita tak kenal jam besuk
Bantai!
Kita tak kenal jam besuk
Bantai!
Kita tak kenal jam besuk
Bantai!
Kita tak kenal jam besuk
Bantai!
Kita tak kenal jam besuk
Bantai!
Kita tak kenal jam besuk
Bantai!",https://images.genius.com/59b05557fbc2cbdddbd3931386c97047.268x268x1.jpg,https://genius.com/Feast-sectumsempra-lyrics
Hindia,Besok Mungkin Kita Sampai,"Luka silet di pipi
Sakitnya setengah mati
Kubawa bekasnya sampai mati
Setidaknya ku tak takut darah lagi
Mengikuti sepak bola
Dan transfer pemain di berita
Tapi masuk klub fotografi
Karena kaki tak hebat menari
Enggan masuk SMA
Hingga malam di Brawijaya
Menunggu pembebasan
M'reka tak paham yang kita wariskan
Stella bertemu pasangannya
Adrian ke Australia
Kawan-kawan pergi S-2
Namun tujuanku belum tiba
[Chorus: Hindia,
Natasha Ud
u
,
Hindia & Udu
]
Tak ada yang tahu
Kapan kau mencapai tuju
(
Ooh, ooh, ooh, ooh
) dan percayalah bukan urusanmu untuk menjawab itu
Bersender pada waktu
Kuatkanlah dirimu
Atas pertanyaan yang memburu
Tentang masa depan, pernikahan, pendidikan, pekerjaan, keimanan
Selalu minta bertemu lagi
Namun hanya bersua di reuni
Nama-nama yang datang dan pergi
Kadang bagai maling di malam hari
Jangan takut melihat yang ambil cuti
Kapan-kapan semoga kau berani
Hidup bukan saling mendahului
Bermimpilah sendiri-sendiri
[Chorus: Hindia,
Natasha Udu
,
Hindia & Udu
]
Tak ada yang tahu
Kapan kau mencapai tuju
(
Ooh, ooh, ooh, ooh
) dan percayalah bukan urusanmu untuk menjawab itu
Katakan pada dirimu
Besok mungkin kita sampai
Besok mungkin tercapai
[Chorus: Hindia,
Natasha Udu
,
Hindia & Udu
]
Tak ada yang tahu
Kapan kau mencapai tuju
Tak ada yang tahu
Selesainya peraduanmu
(
Ooh, ooh, ooh, ooh
) dan percayalah bukan urusanmu untuk menjawab itu
Bersender pada waktu
Besok mungkin kita sampai
Besok mungkin tercapai
Besok mungkin kita sampai",https://images.genius.com/7f487fa6ad08d65b618d52f1c5fdb1bf.1000x1000x1.png,https://genius.com/Hindia-besok-mungkin-kita-sampai-lyrics
Hindia,Apapun yang Terjadi,"Alarm jam delapan pagi
Kar'na jam sepuluh kau isi absensi
Kau bangunkan aku s'tiap hari
Rute yang sama, ulangi lagi
Makan malam bersama di Gancy
Hanya bersama di lima hari
Sering berpisah di akhir pekan
Kau dengan teman-teman
Aku bermain peran
Mulai mempertanyakan
Siapa yang salah benar
Dulu bersama berburu properti
Dulu antar jemput sekarang pulang sendiri
Di kehidupan kita singgah dan pergi
Apa pun yang terjadi, kita abadi
Di masa lalu, di dalam buku
Dalam sejarah, kita masih indah
Walau parau perih di lagu yang lain
Di melodi ini bersyukur pernah terjadi
Taman yang luas,
seekor corgi
Kita beri nama Gimli
Kuantar jemput anak setiap pagi
Di kehidupan yang lain
Ukuran sepatumu, pantangan dan dietmu
Masih berguna di masa lalu
Ukuran sepatumu, pantangan dan dietmu
Masih berguna di masa lalu
[Chorus: Hindia,
Natasha Udu
,
Hindia & Udu
]
Dulu bersama berburu properti
Dulu antar jemput sekarang pulang sendiri
Di kehidupan kita singgah dan pergi
Apa pun yang terjadi, kita abadi
(
Ukuran sepatumu, pantangan dan dietmu
)
Di masa lalu
(
Masih berguna, di masa lalu
)
Di dalam buku
(
Ukuran sepatumu, pantangan dan dietmu
)
Dalam sejarah
(
Masih berguna, di masa lalu
)
Kita masih indah
Ukuran sepatumu, pantangan dan dietmu
Masih berguna di masa lalu
Ukuran sepatumu, pantangan dan dietmu
Masih berguna di masa lalu",https://images.genius.com/7f487fa6ad08d65b618d52f1c5fdb1bf.1000x1000x1.png,https://genius.com/Hindia-apapun-yang-terjadi-lyrics
Hindia,Cincin,"Kau bermasalah jiwa, aku pun rada gila
Jodoh akal-akalan neraka, kita bersama
Kau langganan menangis, lakimu muntah-muntah
Begitu terus sampai Iblis tobat dan sedekah
Terkadang rasanya leher terbakar hingga pagi
Seperti aku hidup berpasangan dengan api
Berhenti, ulangi, psikolog dan terapi
Aku isi bensin, kita coba lagi
Tapi sebelumnya, sejuta sayang untukmu, cinta
Karena aku pun bola panas juga, kadang lebih atau sama parahnya
Dan jika bicara tentang masa depan, aku pun bingung, tak punya tebakan
Lagu cinta untuk akhir dunia, lihat kami nyanyikan ini bersama
Semoga hidup kita terus begini-gini saja
Walau sungai meluap dan kurs tak masuk logika
Semoga kita mencintai apa adanya
Walau katanya sekarang ku bisa masuk penjara
Satu per satu, hari per hari
Yang menyakiti, benahi lagi
Perihal esok ‘tuk nanti dulu
Perihal cincin, kucari waktu
Persetan kata siapa, mau bilang apa, tak guna
Mereka hanya tahu namamu, mereka takkan jadi diriku
Persetan aturan cinta, tak tertulis di atas batu
Apa kau ingin menjadi benar, atau ingin menjadi muda?
Semoga hidup kita terus begini-gini saja
Walau sungai meluap dan kurs tak masuk logika
Semoga kita mencintai apa adanya
Walau katanya sekarang ku bisa masuk penjara
Persetan kata siapa, mau bilang apa, tak guna
Mereka hanya tahu namamu, mereka takkan jadi diriku
Persetan aturan cinta, tak tertulis di atas batu
Apa kau ingin menjadi benar, atau ingin menjadi muda?
Lagu cinta untuk akhir dunia
Sekarang bantu aku nyanyikan ini bersama
Semoga hidup kita terus begini-gini saja
Walau sungai meluap dan kurs tak masuk logika
Semoga kita mencintai apa adanya
Walau katanya sekarang ku bisa masuk penjara
Satu per satu, hari per hari
Yang menyakiti, benahi lagi
Perihal esok ‘tuk nanti dulu
Perihal cincin, kucari waktu",https://images.genius.com/d16ab978dc13fbebf1708f5866ca8b24.1000x1000x1.png,https://genius.com/Hindia-cincin-lyrics
Hindia,Evakuasi,"Lirik ""Evakuasi""
Aku hanya ingin ketenangan
Bukan rumah, uang atau ketenaran
Aku hanya butuh ketenangan
Ia sangat jauh, hanya angan-angan
Aku hanya ingin ketenangan
Tanpa kabar, panggilan dan pertemuan
Aku hanya butuh ketenangan
Menghilangkan diri dari keramaian
Seribu Tuhan, ini berat
Bangun, berpura menjadi kuat
Sungguh semua ini bom waktu
Memikul ceritamu, memikul salahku
Aku bukan objek validasi
Jauhkan diriku dari foto selfie
Aku bukan objek imitasi
Jangan pakai fotoku di akun pribadi
Kau tak akan pernah mengenaliku
Berbicara seakan kau tahu diriku
Ku mendoakanmu dari jauh
Tak perlu mengirim pesan di ulang tahunmu
Seribu Tuhan, ini berat
Bangun, berpura menjadi kuat
Sungguh semua ini bom waktu
Memikul ceritamu, memikul salahku
Sekarang kupergi, anggap aku mati
Selamatkan diri, oh evakuasi
Jangan cari aku
Siang hari, sore nanti, malam ini
Ku menari dengan bayangan diri sendiri
Sekarang kupergi, anggap aku mati
Selamatkan diri, oh evakuasi
Jangan cari aku
Siang hari, sore nanti, malam ini
Ku menari dengan bayangan diri sendiri
Aku hanya butuh ketenangan
Ia sangat jauh, hanya angan-angan
Aku hanya butuh ketenangan",https://images.genius.com/7f487fa6ad08d65b618d52f1c5fdb1bf.1000x1000x1.png,https://genius.com/Hindia-evakuasi-lyrics
Hindia,Dehidrasi,"Lirik “Dehidrasi”
Lihatlah kebunku
Penuh dengan ratusan pesan WhatsApp menggebu
Selalu pura-pura lupa
Membalas yang meminta
Berkarya cuma-cuma
Nihil m-BCA
Memaksa wawancara dengan pertanyaan yang itu-itu saja
Dengan yang dulu yakin bahwa ku takkan bisa
Sekarang menyapa seakan sahabat lama
Yang membuat resah, oh air yang keruh
Siram jauh, tak usah kau sentuh
Lepaskan dirimu, bersihkan lingkupmu
Dari racun yang mengalir di dalam darahmu
Lepaskan dirimu, bersihkan lingkupmu
Dari racun yang bersuara tentang hidupmu
Hati-hati dalam memilih racunmu
Hati-hati dengan hati yang berduri
Dehidrasi, mata air yang semu
Dehidrasi, memaksa tanpa mengerti
Ku diminta bercerita
Ku meninggi, ""Sekarang berbeda""
Katamu yang ramah, katanya
Katamu yang dulu tak pernah ada
Lepaskan dirimu, bersihkan tubuhmu
Dari racun yang mengalir di dalam darahmu
Lepaskan dirimu, bersihkan lingkupmu
Dari racun yang bersuara tentang hidupmu
Hati-hati dalam memilih racunmu
Hati-hati dengan hati yang berduri
Dehidrasi, mata air yang semu
Dehidrasi, memaksa tanpa mengerti
Lepaskan dirimu, bersihkan tubuhmu
Dari racun yang mengalir di dalam darahmu
Lepaskan dirimu, bersihkan lingkupmu
Dari racun yang bersuara tentang hidupmu
Hati-hati dalam memilih racunmu
Hati-hati dengan hati yang berduri
Dehidrasi, mata air yang semu
Dehidrasi, memaksa tanpa mengerti",https://images.genius.com/8f12c730911a85f4c50a269e6bd94b69.1000x1000x1.png,https://genius.com/Hindia-dehidrasi-lyrics
Hindia,Belum Tidur,"Lirik ""Belum Tidur""
Semua yang sirna 'kan kembali
Semua yang sirna' kan terganti
Dan ku bertanya, ""untuk apa?""
Angan yang belum dijawab juga
[Versi 2: Hindia &
Sal Priadi
]
Amin paling serius
(
Detik jam
)
Simpul jari yang erat (
Sang gerilyawan
)
Doa semakin berat (
Berdentang mengingatkan
)
Rasakanlah (
Ciri pikiran
)
Semua perasaanmu (
Khas pagi buta menyerang aku
)
Malam ini (
Yang tegang
)
Milikmu sendiri (
Terus-terusan
)
[Verse 3: Hindia &
Sal
]
Melayang dan masuk dalam tubuhmu (
Merebahlah sedikit badanmu katamu yang memahamiku
)
Kami sabar (
Maunya juga menepi tapi banyak tapi banyak yang
)
Menunggu nyawamu kembali (
Belum rapi, ya meski b-b-berantakan
)
Dan tidurlah dengan kecepatanmu (
Juga karya seni
)
Saat siap menutup hari
[Chorus: Hindia &
Sal
]
(
Belum tidur, bukan lembur
)
Dunia berhenti pukul tiga pagi (
Belum tidur, bukan lembur, bukan menunggu
)
(
Kejutan
)
(
Selamat dan panjang umur
)
(
Selamat dan panjang umur
)
Menghentikan waktu di kamar ini (
Selamat dan panjang umur
)
(
Selamat dan panjang umur
)
(
Selamat dan panjang umur
)
[Bridge: Hindia &
Sal
]
(
Sibuk mencerna riuh bukan di telinga
)
Kau yang tahu tenggat diri sendiri (
Ku sehat raga
)
(
Lantas berisik di kepala
)
Kau yang tahu racun diri sendiri (
Datangnya dari mana?
)
[Chorus: Hindia &
Sal
]
Dunia berhenti pukul tiga pagi (
Datangnya dari mana?
)
(
Datangnya dari mana?
)
Menghentikan waktu di kamar ini
[Outro: Hindia &
Sal
]
(
Canggih tubuh ‘kan mampu sembuhkan lukanya sendi
)
Kau yang tahu tenggat diri sendiri (
Canggih tubuh ‘kan mampu sembuhkan lukanya sendiri
)
Kau yang tahu racun diri sendiri",https://images.genius.com/6afb84d71bedc17332c424f6060b5be0.1000x1000x1.png,https://genius.com/Hindia-belum-tidur-lyrics
Hindia,Jam Makan Siang,"Kita manusia
Makhluk mulia
Kita butuh uang
Untuk gali liang
Tentang angan-anganku
Di jam makan siang
Saat semua
Orang berjuang
Di ladang yang gersang
Terus m'rasa kurang
Haus yang mengiang
Siapa yang menang?
Sosial media
Jual beli surga
Tak ada prospeknya
Tak ada uangnya
Tanah yang melangit
Oh, bumi yang sakit
Cukup dirimu
Yang tahu jalannya
""Boleh berkarya
Asal hobi saja""
Cita-cita, cinta
Dipatah k'luarga
Ketika norma peradatan
Terpilih sebagai alasan
Semua berkata
""Mimpi sewajarnya""
Tentang angan-anganku
Di jam makan siang
Saat semua
Orang berjuang
Di ladang yang gersang
Terus merasa kurang
Haus yang mengiang
Siapa yang menang?
Ku di antara gemuruh ragu yang menggetarkan jiwa
Seorang manusia yang sedang memimpikan mimpinya
Di atas awan yang menderu, melamun
Dia belum merasa saatnya terbangun
Sedang berlayar tinggi-tingginya
Di sini tempatku berlabuh
Jalan yang kutempuh dari dulu (Ah-ah)
Satu-satunya yang kutahu (Ah)
Aku cuma bisa jadi aku
Hidup tak semudah membalik telapak tangan
Tak ada jalan singkat 'tuk menuai yang kau tanam
Sadari yang kau cari itu butuh dirancang
Kecuali dietmu hanya makanan instan
Tentang angan-anganku
Di jam makan siang
Saat semua
Orang berjuang
(Dan, dan) di ladang yang gersang
Terus merasa kurang
Haus yang mengiang
Siapa yang menang?
Kita manusia
Makhluk mulia
Kita butuh uang
Untuk gali liang
Kita manusia
Makhluk mulia
Kita butuh uang
Untuk gali liang",https://images.genius.com/14a50625bf5a09085296f7bdb78ca764.1000x1000x1.jpg,https://genius.com/Hindia-jam-makan-siang-lyrics
Hindia,"Tidak Ada Salju di Sini, Pt. 4","Lirik ""Tidak Ada Salju di Sini Part IV""
Sayang, kita gagal pergi
Jakarta rintik-rintik lagi
Kita sama-sama sedih
Benci hujan di bulan ini
Menyusahkan pergerakan
Enggan beranjak ke depan
Banyak jalan, sedikit berlari
Kadang berhenti, kali ini pasti
Walau berdua berjanji
Kuat apa pun yang terjadi
Aku letih, kamu letih
Aku enggan, kamu tak sudi
Aku salju, kamu seperti api
Kau maju, ku tak berlari
Ku tak rayakan Idul Fitri
Kamu berdoa lima waktu
Hanya sejauh hari Sabtu
Ibu gereja hari Minggu
Menunggu Natal, Tahun Baru
Beda Tuhan dengan menantu
Selamat datang
(Di dunia)
Adik kecil
(Raja semua)
Kelak kau kan menjadi raja
Menuntun seluruh umat-umat-Nya
Yang bersedih di hari Minggu
Yang bersedih di hari lahirmu
Menentukan resolusi
Kali ini seorang diri
Mungkin ke luar berlanjut studi
Karena tak ada salju di sini
Selamat datang
(Di dunia)
Adik kecil
(Raja semua)
Kelak kau kan menjadi raja
Menuntun seluruh umat-umat-Nya
Yang bersedih di hari Minggu
Yang bersedih di hari lahirmu
Selamat datang
(Di dunia)
Adik kecil
(Raja semua)
Kelak kau kan menjadi raja
Menuntun seluruh umat-umat-Nya
Yang bersedih di hari Minggu
Yang bersedih di hari lahirmu",https://images.genius.com/16b32d4bf4737c4cb1d9d998f2472f39.1000x1000x1.png,https://genius.com/Hindia-tidak-ada-salju-di-sini-pt-4-lyrics
Hindia,Kita ke Sana,"Rayakan hari ini
Besok sisa sengsara
Belum pulang, kau pun di sini
Temani diriku
Kita bersandiwara
Bicara tak semestinya
Walau kita tahu nyatanya
Semua tak baik saja
Ada masanya kita
Mencuri ruang dan waktu
Walau pasti berlalu, biarkan saja
Kita ke sana, selagi masih bisa bersama
Bersama
Semuanya sementara
Kita di ujung cerita
Untuk lima menit coba kau
Mengambil alih dunia
Ada masanya kita
Mencuri ruang dan waktu
Walau pasti berlalu, biarkan saja
Kita ke sana, selagi masih bisa bersama
Ada masanya kita
Mencuri ruang dan waktu
Walau pasti berlalu, biarkan saja
Kita ke sana (kita ke sana)
Selama-lamanya (selama-lamanya)
Selagi masih bisa bersama
Bersama
Oh oh oh, bersama
Bersama, oh oh oh oh",https://images.genius.com/d16ab978dc13fbebf1708f5866ca8b24.1000x1000x1.png,https://genius.com/Hindia-kita-ke-sana-lyrics
.Feast,Minggir!,"Lirik ""Minggir!""
Hidup dalam layar
Berharap menjadi besar
Melalui jumlah pemirsa yang engkau tawar
Hidup di balik kaca
Berharap menjadi Akbar
Menabuh konflik menebar dusta di udara
Menembakkan garam ke angkasa
Hujan memperkeruh suasana
Mengkomodifikasi cuaca
Memperkosa etika
Minggir, minggir
(Pendapatmu tak relevan)
Minggir, minggir
(Perkataanmu tak sepadan)
Dengan tingkah laku nyatanya
Membela diri seadanya
Ulah tak sebesar namanya
Pengecut, minggir
Hidup dalam ilusi
Jaga ereksi abadi
Atas fantasi mulukmu 'tuk diri sendiri
Hidup dalam e Lucy
In the Sky above you float so free
The youth will burst you off your bubble in the count of three
Minggir, minggir
(Pendapatmu tak relevan)
Minggir, minggir
(Perkataanmu tak sepadan)
Dengan tingkah laku nyatanya
Membela diri seadanya
Ulah tak sebesar namanya
Pengecut, minggir
Manuver melupa batas
Bagaikan Jalur Gaza, Israel, Palestina
Meledak lagi, drone berterbangan
Massa kau bakar lagi,
seseorang gantung diri
Di Cijantung
tetap kau tunggangi
Minggir, minggir
(Pendapatmu tak relevan)
Minggir, minggir
(Perkataanmu tak sepadan)
Dengan tingkah laku nyatanya
Membela diri seadanya
Ulah tak sebesar namanya
Pengecut, minggir
Minggir, minggir
(Pendapatmu tak relevan)
Minggir, minggir
(Perkataanmu tak sepadan)
Dengan tingkah laku nyatanya
Membela diri seadanya
Ulah tak sebesar namanya
Pengecut, minggir",https://images.genius.com/f348939c87020a1457c23ce59bb53be3.1000x1000x1.png,https://genius.com/Feast-minggir-lyrics
.Feast,Watcher of the Wall,"Malam dan siang yang tidak pernah bertatap muka
Sebab diantara nya kemilau jingga masuk mengukir nama
Akan jurang yang membedakan diri mereka masing-masing
The night is holding down the sun
It's darkest before dawn
I set my eyes on this wall that
Separates us all
Ooh-oh-oh
This time now I know-how
Ooh-oh-oh
We're not the same after all
Ooh-ooh ooh
Ooh ooh ooh
When Friday calls all gather round
And mocking can be found
No responds made on Sunday
Yet you here always wail
Ooh, I recognize this wall
Hmm, hat separates us all
Ooh-ooh ooh
Ooh ooh ooh
Dey bin hyah, dey bin hyah
My medah's bin birthin ever since uh child an o a na-na
Help dem Lord, help dem Lord
Me voices was heard in the heat tso tse day and isy cool o de nah
Kumbaya, Lord, Kumbaya, Kumbaya, Lord
Oh our Lord is never he, it, or she
Our Lord is never as well as Fa'afafine
Shut down, shut down, shut down
Hallelujah from the poplar tree
Oh yes, we are different an' all ben Papua been bloodin' thousands of death toll
If we crash, the military will have all the money
If we peace, they gwyne lost their investments and their honey
But if they force to own the sole all  money
We will shed in forever constant irony
Save me, shoot me
Save me, rape me
Lord, if my tongue split to three, then I'll strike up upon thee
But somehow upon all of my puffed-up-ness
We sank down deep in this river full of Victorian dress
Break it down, Lord! Break it down!
If I had a hammer this holy then I'll hit it every day
If I had a phone this loud I'll ring it everyday
Don't, no more
Captain Ahab
This is a wreck ship and we've been sailing from the massive crack in Africa
What if I named the whale ""Milk""
It would've bring us calamities that are wrapped in silk
Oh God, in the name of Bhinneka
We're expecting you, Lord of the Saints
I gaze up to those flyin' crane
They flew into volcanic plume
That went to meet their hurtful doom
Willingly
Peacefully
I am the watcher of the wall
I am the watcher
I am the hot iron ball
Peace be upon y'all, fuckers
Shalom
Ooh-ooh ooh
Ooh ooh ooh
Tapi
kata rendra
Tanpa oposisi mereka akan sepi dan onani
Apakah malam bisa gelap?
Jika matahari tidak berperan di tempat lain
Mana indah bianglala tunggal warna
Bagaimana kelahiran tanpa pelukan Yoni kepada Lingga
Bahasa di tiap lidah, selera di tiap tafsir, Aamiin di tiap iman, Batas di tiap identitas
Karna tanpa oposisi rezim terus berkuasa, Tanpa oposisi persepsi memakan kepala sendiri",https://images.genius.com/3a3ca32d35ac5a3e18f5536228061c88.1000x1000x1.png,https://genius.com/Feast-watcher-of-the-wall-lyrics
Hindia,"Berdansalah, Karir Ini Tak Ada Artinya","Besok coba kau izin pulang cepat
Bilang saja siapa sedang sakit
Lusa coba izin terlambat
Bilang saja kau celaka sedikit
Habiskan cutimu sebelum resign
I know you’re scared, but it’s totally fine
Karena kau bukan mesin assembly line
Lihat promo liburan, babe that’s a sign
Oh, karena kutahu
Kalimat itu ada di ujung mulutmu
Oh, karena kau tahu
Tak mau lakukan itu seumur hidupmu
Lakukan apa yang kau mau, sekarang
Saat hatimu bergerak, jangan kau larang
Hidup ini tak ada artinya, maka
Kau bebas mengarang maknanya seorang
Lakukan apa yang kau mau, sekarang
Saat hatimu bergerak, jangan kau larang
Lagipula hidup akan berakhir, maka
Lakukan apa yang kau mau, sekarang
Berdansalah, kau raja dunia!
Karier ini tak ada artinya
Berdansalah, kau ratu dunia!
Hidup ini tak ada artinya
Besok coba kau berbohong sedikit
Lalu kau melupa saat diungkit (ungkit)
Bisa juga kau jujur saja (jujur saja)
Separahnya kau akan makin lega
Oh, karena kutahu
Kalimat itu ada di ujung mulutmu
Oh, karena kau tahu
Utamakanlah dirimu di sisa hidupmu
Lakukan apa yang kau mau, sеkarang
Saat hatimu bergerak, jangan kau larang
Hidup ini tak ada artinya, maka
Kau bebas mеngarang maknanya seorang
Lakukan apa yang kau mau, sekarang
Saat hatimu bergerak, jangan kau larang
Lagipula hidup akan berakhir, maka
Lakukan apa yang kau mau, sekarang
Lakukan apa yang kau mau, sekarang
Saat hatimu bergerak, jangan kau larang
Hidup ini tak ada artinya, maka
Kau bebas mengarang maknanya seorang
Lakukan apa yang kau mau, sekarang
Saat hatimu bergerak, jangan kau larang
Lagipula hidup akan berakhir, maka
Lakukan apa yang kau mau, sekarang
Berdansalah, kau raja dunia! (Raja dunia)
Karier ini tak ada artinya (Artinya)
Berdansalah, kau ratu dunia! (Ratu dunia)
Hidup ini tak ada artinya",https://images.genius.com/d16ab978dc13fbebf1708f5866ca8b24.1000x1000x1.png,https://genius.com/Hindia-berdansalah-karir-ini-tak-ada-artinya-lyrics
Hindia,kids,"Pagi ini sumpah kukira kucingku bangunkanku dengan kukunya
Hati sedih saat kusadar diriku sendirian di luar kota
Far far away from my responsibility of feeding them all on time
Right now so close I know I’m getting what I want, I think I need some more dimes
Dan kadang ku takut kurang luangkan waktu di rumah ‘tuk
Mimi dan Betty
Terlambat sadar
bahwa sepanjang hidup mereka hanya punya diriku
Or maybe I made one too many mistakes, just wanna feel their purr one last time
Always I hope that I did them okay and gave them enough love in their lives
No I got no answer, I just can’t decide
Tak punya jawaban, I just can’t decide
Whether I really care about making it big or if I really just wanna hope on that planе and go home
Be home with my
cats
, bе home with my kids
Maybe I made one too many mistakes, just wanna feel their purr one last time
Always I hope that I did them okay and gave them enough love in their lives
No I got no answer, I just can’t decide
Tak punya jawaban, I just can’t decide
Whether I really care about making it big or if I really just wanna hop on that plane and go home
Be home with my cats, be home with my kids
It was difficult, it’s inevitable
Certain all my life I’d find a way to just not talk about it
Andai kamu ada selamanya, takkan siap hadapi harinya
Dan saat tiba waktuku juga, ‘kan kupanggil kau di atas sana
No I got no answer, I just can’t decide
Tak punya jawaban, I just can’t decide
(Whether I) Whether I (really care about making it big) really care about making it big (or if I really just wanna hop on that plane and go home) or I just wanna go home
Be home with my cats, be home with my kids
Be home with my cats, be home with my kids
Be home with my kids",https://images.genius.com/4f47be92df2b8f160b23e5ef066609b7.1000x1000x1.png,https://genius.com/Hindia-kids-lyrics
Hindia,semua lagu cinta terdengar sama,"Di seluruh tempat, di seluruh dunia
Dimanapun lagu cinta ini terputar
Aku bergeleng kecil dan tersenyum tipis
Andai lagu ini tertulis olehku
[Verse 2: Hindia &
Madukina
]
Direkam yang manis, diisi bombastis
Ditujukan secara spesifik untukmu
Tentang hal-hal yang hanya kita berdua tahu
Karena semua lagu cinta terdengar sama
Semua membosankan, semua menjemukan
Tak ada yang bisa gambarkan parasmu
Secara sempurna maka kan kucoba
Karena semua yang lain terdengar sama
Terdengar sama
Semua membosankan, semua menjemukan
Tak ada yang bisa gambarkan parasmu, oh, oh
Secara sempurna maka kan kucoba
Karena semua yang lain terdengar sama
Terdengar sama
[Verse 3: Hindia,
Sal Priadi
,
Hindia & Sal
]
(Di seluruh tempat, di seluruh dunia
Di mana pun lagu cinta ini terputar)
Terdengar sama
(Ada film di kepalaku yang kuputar
Adegan romantis, pemerannya kamu)
Di seluruh tempat di seluruh dunia
Di mana pun lagu cinta ini terputar
Ada film di kepalaku yang kuputar
Adegan romantis pemerannya kamu
Semua membosankan, semua menjemukan
Tak ada yang bisa gambarkan parasmu
Secara sempurna maka kan kucoba
Karena semua yang lain terdengar sama
Terdengar sama
Terdengar sama
Terdengar sama",https://images.genius.com/4f47be92df2b8f160b23e5ef066609b7.1000x1000x1.png,https://genius.com/Hindia-semua-lagu-cinta-terdengar-sama-lyrics
.Feast,Metakritik,"Malam kesekian memperdebatkan
Tutur perkataan dan gaya penulisan
Ada ketakutan dicaci karena
Punya kesalahan dan gaya berpakaian
Waswas cemas lihat yang lain, habis dilibas, aku membatin
Apakah ku terlalu peduli dengan standarmu yang beku dan sangat tinggi?
Bertanya-tanya apa kau benar-benar nilai dirimu dengan cara yang sama?
Atau apa aku takut dengan aibku dan lingkunganku?
Hidup di masa kecemasan, kita tumbang bergantian
Penantian menyiksa, terpaksa kubungkam diriku
Kali ini, harus main aman
Meninggalkan yang kubicarakan
Kehilangan jati diriku
Malam kesekian mempertanyakan
Semua keputusan yang telah diamalkan
Ada ketakutan sewaktu tiba
Sebuah penyesalan yang harus dijalankan
Waswas cеmas lihat diriku, mulai kesulitan dalam menulis
Apakah ku terlalu nyaman dеngan hidupku yang kini kian meninggi?
Bertanya-tanya apa ku benar-benar hilang amarah karena mulai menua?
Atau apa aku takut dengan aibku dan lingkunganku?
Hidup di masa kecemasan kita tumbang bergantian
Penantian menyiksa, terpaksa kubungkam diriku
Kali ini, harus main aman
Meninggalkan yang kubicarakan
Terpaksa kutinggal diriku yang dahulu, runtuh dan percuma
Meninggalkan yang kubicarakan
Susun dan jatuhkan, kehilangan jati diriku",https://images.genius.com/2c8b2fbf2893359b1847566d2500a5fc.1000x1000x1.png,https://genius.com/Feast-metakritik-lyrics
.Feast,Jerusalem,"Oh I thought it was over
With all these broken spines
We argue we fight
Talks were cold, extra shiver
30 days were all night
No sunshine no sight
Old school
Taxi and Uber we fight?
Why can't our road be as one?
Tear down this border
We share the same mother
Our foes aligned
Dreams intertwined
Blow off your steam
Tomorrow is fine
Share our promised land this time
Jerusalem's not just mine
Oh I got dreams without fever
Of a place I could call home
A place I share with some
Leave behind all this sickness and bruises
That you inflict upon me
That I inflict upon you
Fender and Gibson
Why do we fight?
Why can not we both rhyme as one?
Tear down this border
We share the same mother
Our foes aligned
Dreams intertwined
Blow off your steam
Tomorrow is fine
Share our promised land this time
Jerusalem's not just mine
I spoke a lot
Don't think know it was necessary
She shook her head
Let out a sigh
Suddenly the ground was shaking
Eyes blinded by light
Back in a cafe in Jakarta
I looked around and she wasn't there
Amazed
Such magic
Applause
Curtain call
But wait
Whom did I talk to?
Then again I was in a cafe in Jakarta
The music was loud
They were playing Kendrick
Doesn't fit the place's branding
But well, whatever
It was good
I should shut up and enjoy my latte
So either way it doesn't matter
If I spoke with myself
If I spoke with society
Or if
God spoke to me last night",https://images.genius.com/3a3ca32d35ac5a3e18f5536228061c88.1000x1000x1.png,https://genius.com/Feast-jerusalem-lyrics
Hindia,Mata Air,"Lirik ""Mata Air""
Ah, ah-ah, ah-ah
Ah-ah-ah-ah-ah, ah-ah, ah-ah
Menghabiskan gaji untuk diriku sendiri
Membeli satu tiket film terkini
Memesan yang cukup hanya untuk satu porsi
Menyanyikan Kunto Aji di tengah muda-mudi
Semua jatuh bangunmu, hal yang biasa
Angan dan pertanyaan, waktu yang menjawabnya
Berikan tenggat waktu, bersedihlah secukupnya
Rayakan perasaanmu sebagai manusia
Jika kau pernah tersakiti, angkat tangan
Jika kau pernah menyakiti, angkat tangan
Jika kau pernah bahagia, angkat tangan
Jika kau pernah kecewa, angkat tangan
Jika kau pernah tersakiti, angkat tangan
Jika kau pernah menyakiti, angkat tangan
Jika kau pernah bahagia, angkat tangan
Jika kau pernah kecewa, angkat tangan
Hidup bukan untuk saling mendahului
Bayangan yang diciptakan oleh mentari
Ada karena matahari bermaksud terpuji
Untukmu cintai diri sendiri hari ini
[Chorus: Hindia & Udu,
Kamga
]
Jika kau pernah tersakiti, angkat tangan
Jika kau pernah menyakiti, angkat tangan (
Angkat tangan
)
Jika kau pernah bahagia, angkat tangan (
woo-woo-woo, yeah
)
Jika kau pernah kecewa, angkat tangan
(
Jika kau pernah tersakiti, angkat tangan
)
Jika kau pernah tersakiti, angkat tangan
Jika kau pernah menyakiti, angkat tangan (
angkat tanganmu
)
Jika kau pernah bahagia, angkat tangan (
angkat tangan
)
Jika kau pernah kecewa, angkat tangan
(
jika engkau kecewa, angkat tangan
)
[Post-Chorus: Hindia & Udu,
Kamga
]
Mata airmu ada di sini (
angkat tangan
)
Mata airmu diri sendiri (
angkat tangan
)
Temukan makna hidupmu sendiri (
angkat tangan
)
Menarilah dengan bayangan diri sendiri
(
jika engkau kecewa, angkat tangan
)
Mata airmu ada di sini
(
dan jika engkau bahagia, angkat tangan
)
Mata airmu diri sendiri
(
jika kau pernah disakiti, angkat tangan
)
Temukan makna hidupmu sendiri
(
jika kau pernah menyakiti, angkat tangan
)
Menarilah dengan bayangan diri sendiri (
yeah
)
Mata airmu ada di sini (
mata airmu ada di sini
)
Mata airmu diri sendiri
Temukan makna hidupmu sendiri (
oh-oh-oh
)
Menarilah dengan bayangan diri sendiri (
mata airmu
)
[Outro: Hindia,
Udu
,
Kamga
]
Mata airmu ada di sini (
mata airmu
,
ada di sini
)
Mata airmu diri sendiri (
mata airmu
,
diri sendiri
)
Temukan makna hidupmu sendiri
(
mata airmu ada di sini
,
oh-oh-oh
)
Menarilah dengan bayangan diri sendiri (
mata airmu, diri sendiri
)",https://images.genius.com/7f487fa6ad08d65b618d52f1c5fdb1bf.1000x1000x1.png,https://genius.com/Hindia-mata-air-lyrics
.Feast,Fastest Man Alive,"Lalu apalagi yang sebetulnya kau tangisi?
Air mata dan regang nyawa tidak bisa membentuk cakrawala
Ruang dan batas selamanya menyala
Apalagi yang perlu kau takutkan?
Distorsi selalu bernyanyi dengan harmoni
Tentang keyakinan yang menyelamatkan
Tentang kecepatan yang memastikan!
Let's Go!
Never compromise, get turn get crazy
Push ye's button and walk for frenzy
Boost your ego, get yeezy get ready
(Don't need no shoes to run this city, babe)
Take them all, every glances you get
Chairil on-on-on so bitches won't forgot
Sorry Mama but my feet's the only thing that I got
For now, Imma let all my money burn away
For song recognition
In my mind, I'm speeding 120
I'm the fastest man alive
Brushing consequences off like penny
I'll tweak the past bring back the dead to life
Don't tell me 'bout the chances
I know too well it's slim
Now jump in baby go, go, go!
I'm way better than
Gerard
I wanna change the world
I wanna be it's Lord
I don't care if I die!
Never ask my age babe VIP access
Don't I ask my lover well I digress
Don't tell my God if you can't guess
(Who's who inside this crazy multiverse)
Gonna sell some guns to some odd tooth fairy
Engagement rings for feminists who just wouldn't marry
Give a laugh for Pandji who's just not funny
I'll write down any lines necessary
Just to reach my chorus
My words outrun
forest
Let's make one big unrest
In my mind, I'm speeding 120
I'm the fastest man alive
Brushing consequences off like penny
I'll tweak the past bring back the dead to life
Don't tell me 'bout the chances
I know too well it's slim
Now jump in baby go, go, go!
I'm way better than
Gerard
I wanna change the world
I wanna be it's Lord
I don't care if I die
Die, die!
Motherfucker die!
Die, die!
Motherfucker die!
Die, die!
Motherfucker die!
In my mind, I'm speeding 120
I'm the fastest man alive
Brushing consequences off like penny
I'll tweak the past bring back the dead to life
Don't tell me 'bout the chances
I know too well it's slim
Now jump in baby go, go, go!
I'm way better than
Gerard
I wanna change the world
I wanna be it's Lord
I don't care if I die
(I'm way better than Gerard!)
(I wanna change the world!)
(I wanna be it's Lord!)
(I don't care if I die!)
(I'm way better than Gerard!)
(I wanna change the world!)
(I wanna be it's Lord!)
(I don't care if I-)
Haha, lagi pula mantramu bisa membelah semesta kan?",https://images.genius.com/3a3ca32d35ac5a3e18f5536228061c88.1000x1000x1.png,https://genius.com/Feast-fastest-man-alive-lyrics
Hindia,No One Will Find Me,"This is the debut solo single of Hindia a.k.a. Baskara Putra, lead singer of the band Feast.
I'm on the run again
Threats all around me
I’m on the run again
Aku bersaksi
Atas padi milik rakyat di Wonogiri
My people, our church under siege, another city
Mom's on the phone again
""Dek, jaga diri""
Media interview again
""Kristenisasi?!""
Stranger in my own land
Pariah for the Godsend
Taboo for my own fans
See me with your sixth sense
'Cause no one will find me
They can try rat me out and locate me
But no one will find me
Sniff me out where I lay, GPS me
Yet no one will find me
Track me down,
Cerebro
can’t afford me
But no one will find me
But no one will find
'Cause no one will find me
They can try rat me out and locate me
But no one will find me
Sniff me out where I lay, GPS me
Yet no one will find me
I'm a ghost, don't look at me
I am lost, never find me
Yeah leave me here where I should be
Back on the track again
No one will miss me
They'll heed my words again
Come close, come for me
Crown made out of thorns again
Body on the cross again
Dark Knight rises, Mr. Wayne
Messiah Wordfangs, born again
Rodents on the run again
Well they better be
Fire in the booth, amen
Gotta confess my sins
When my deeds got done, I know
Gotta reap what you sow
They'll be running back at me, I know
By then I'll be long gone
And no one will find me
They can try rat me out and locate me
But no one will find me
Sniff me out where I lay, GPS me
Yet no one will find me
Track me down,
Cerebro
can't afford me
But no one will find me
But no one will find me
’Cause no one will find me
They can try rat me out and locate me
But no one will find me
Sniff me out where I lay, GPS me
Yet no one will find me
I’m a ghost, don't look at me
I am lost, never find me
Yeah leave me here where I should be",https://images.genius.com/f8e696f74a3f41ca4ca67d0a2e63dc2d.1000x1000x1.jpg,https://genius.com/Hindia-no-one-will-find-me-lyrics
.Feast,Gelora,"Lirik ""Gelora""
Bergelora di penjuru tenggara
Sorak-sorai menggebuk gendang telinga
Malas dan pasrah 'kan kutaklukkan
Pertarungan tiba, saatnya buktikan
Ku menyelam hingga palung terdalam
Lompat tinggi lewati gedung menjulang
Cara yang curang sigap kulawan
Anthem yang keras, kita nyanyikan
Kibarkanlah, kobarkanlah
Merah yang memanas di dalam dada
Bergelora taklukkan semesta
Tabuhlah suara gendang Nusantara
Kalah menang perihal belakang
Hanya perlu nyali sepanas arang
Tendang tiang-tiang yang menghadang
Jika terlalu keras, panjat sampai atas
Tak ada halangan yang selamanya kekal
Indonesia punya banyak akal
Kibarkanlah, kobarkanlah
Merah yang memanas di dalam dada
Sebarkanlah, hidupkanlah
Putih yang menyala di hati kita
Kibarkanlah, kobarkanlah
Merah yang memanas di dalam dada
Sebarkanlah, hidupkanlah
Putih yang menyala di hati kita",https://images.genius.com/f845e5626f6889cb9a4c4c7a6929acf1.1000x1000x1.png,https://genius.com/Feast-and-the-panturas-gelora-lyrics
.Feast,Padi Milik Rakyat,"Lirik ""Padi Milik Rakyat""
Padi milik rakyat
Padi milik rakyat
Lauk di atas piringku setengah porsi rakyat
Padi milik rakyat
Padi milik rakyat
Darahku mengering perlahan hingga jadi mayat
Padi milik rakyat
Padi milik rakyat
Siapa berani merampas lumbung padi milik rakyat?
Badan jadi mayat
Badan jadi mayat
Siapa hidup mewah hingga lupa badan jadi mayat?
Pajak dari rakyat
Pajak dari rakyat
Jok kiri mobil pemberian ayahmu mungkin milik rakyat
Pajak dari rakyat
Pajak dari rakyat
Setengah harga alamat rumahmu mungkin milik rakyat
Pajak dari rakyat
Pajak dari rakyat
Siapa berani memakai uang pajak dari rakyat?
Atas nama rakyat
Atas nama rakyat
Siapa berani kerap berbohong atas nama rakyat?
Padi milik rakyat
Padi milik rakyat
Siapa berani merampas lumbung padi milik rakyat?
Badan jadi mayat
Badan jadi mayat
Siapa hidup mewah hingga lupa badan jadi mayat?
(Badan jadi mayat)
(Badan jadi mayat)
(Pajak dari rakyat)
(Pajak dari rakyat)",https://images.genius.com/f348939c87020a1457c23ce59bb53be3.1000x1000x1.png,https://genius.com/Feast-padi-milik-rakyat-lyrics
Lomba Sihir,Tak Ada Waktu Tepat untuk Berita Buruk,"Uuu, uuu
Uuu, uuu
Uuu, uuu
Uuu, uu
Setengah sembilan pagi
Semua pesan sudah kubaca
Tak ada kerjaan yang tertunda
Tinggal cari kafein (Es kopi susu atas nama Kak Natasha)
Sudah setengah hari
Terbayang kegiatan malam nanti, aku
Tak sabar untuk cepat pergi (Pergi)
Tidak ada ancang, tak sempat pikir matang
Rencana tak terancang, jantung berdebar
Takkan ada
Waktu yang tepat
Untuk berita buruk, beri tahu dirimu
Takkan ada yang bisa kau lakukan
Uuu, uuu
Uuu, uu
Setelah masalah terakhir
Kukira ku akan siap hadapi cobaan
Namun ku tetap terjungkir
Mau tak mau harus kutelan
Tidak ada ancang, tak sempat pikir matang
Rencana tak terancang, jantung berdebar
Takkan ada
Waktu yang tepat
Untuk berita buruk, beri tahu dirimu
Takkan ada yang bisa kau lakukan
Takkan ada
Waktu yang tepat
Untuk berita buruk, beri tahu dirimu
Takkan ada yang bisa kau lakukan
Uuu, uuu
Uuu, uuu
Uuu, uuu
Uuu, uu
Mau tak mau harus kutelan
Mau tak mau harus kutelan
Takkan ada
Waktu yang tеpat
Untuk berita buruk, beri tahu dirimu
Takkan ada yang bisa kau lakukan
Takkan ada (Takkan ada)
Waktu yang tepat (Waktu yang tеpat)
Untuk berita buruk, beri tahu dirimu
Takkan ada yang bisa kau lakukan
Uuu, uuu
Uuu, uuu
Uuu, uuu
Uuu, uu",https://images.genius.com/0a1b9b9c26e97176886ae8072b0c6501.1000x1000x1.png,https://genius.com/Lomba-sihir-tak-ada-waktu-tepat-untuk-berita-buruk-lyrics
.Feast,Uʍop Ǝpᴉsdn,"God texted yesterday
I'd welcome her any day
But when everybody prays
Too loud o, can't hear what she says
Mass strike every day
Wanna hear what they gotta say
But they want me out the way
'Cause all I am is heresy
Heaven pulled me yesterday
They forced me in, so bright light ray
But then I said not today
'Cause they asked me to change my ways
Million beliefs on display
Wanna prove all their own Madre
Convince me with their only way
Oh who cares time changes anyway
(hoo-woo, woo-woo)
Yet we stand strong as the world keeps spinning
(hoo-woo, woo-woo)
Ghostfolks strong someday we'll be winning
If I show my way then y'all be, y'all be playing hound
You'll keep sniffing then I-I don't wanna be found
If this really it the air you breathe
Then I'll stay underground
(hoo-woo, woo-woo)
(I'll stay upside)
Coffee yesterday
Same old drinks, same old cafe
Some clients said ""I can't stay""
Said ""My people would betray""
But what else is really mine
Not this flag on-on this land
A pest in my own bloodline
Plastic Bhinneka tagline
(hoo-woo, woo-woo)
Yet we stand strong as the world keeps spinning
(hoo-woo, woo-woo)
Ghostfolks strong someday we'll be winning
If I show my way then y'all be, y'all be playing hound
You'll keep sniffing then I-I don't wanna be found
If this really it the air you breathe
Then I'll stay underground
(woo woo woo woo)
I'll stay upside down
Down, down, down
I'll stay upside down
Down, down, down
I'll stay upside down
Down, down, down
I'll stay upside down
Down, down, down
I'll stay upside down, down
Make a sound, minorities never kneel
Freebirds love all whom you feel
Unbelievers take the wheel
Down, down
Make a sound, minorities never kneel
Freebirds love all whom you feel
Unbelievers take the wheel
Down, down
Make a sound, minorities never kneel
Freebirds love all whom you feel
If I show my way then y'all be y'all be playing hound
You'll keep sniffing then I don't wanna be found
If this really it the air you breathe
Then I'll stay underground
(woo woo woo woo)
I'll stay upside down
Down, down, down
I'll stay upside down
Down, down, down
I'll stay upside down
Down, down, down
I'll stay upside down
Down, down, down
I'll stay upside down, down
Make a sound, minorities never kneel
Freebirds love all whom you feel
Unbelievers take the wheel
Down, down
Make a sound, minorities never kneel
Freebirds love all whom you feel
Unbelievers take the wheel
She
slammed the table
God was talking to me, and she
was angry
Thunder rings, heavy rain
I understood then
She created harmony
One made of silence
To visit the past is to learn from it
And learning is loud
A crime against harmony
But still, I'd rather be a convict than a mute
'Cause in silence in hear people whispering
'65
Skim one group, so they come out as heroes
In silence I hear hounds barking to reenact
'98
Raping and killing Chinese when all they killed were Indonesians
She threw her arms toward me
Split seconds
I saw crimson clouds
Everything went black
Years of my life flashed in a blink
I remember things that never happened before
Countless tragedies, persecutions
Cathedral burned down, mobs rammed down
I opened my eyes
Saw my wrinkled hands
Illuminated by dim bonfire
Children all around me
Waiting for me to say something
God showed me myself in another world
In which I have failed
I know bad things happen when it's too late
Still, I won't forget who I am
I won't forget yesterday",https://images.genius.com/3a3ca32d35ac5a3e18f5536228061c88.1000x1000x1.png,https://genius.com/Feast-uop-psdn-lyrics
Hindia,perseverance (in the face of grief),"Kan ku terabas api neraka untuk bisa menatap matamu hari ini
Badai petir di atas kepala tapi Tuhan terima kasih ‘tuk hari ini’
Diselimuti gelap gulita, tapi bangga lewati denganmu hari ini
Tuli mendengar maki dan cerca, siap kulawan mereka untukmu hari ini
Kan ku terabas api neraka untuk bisa menatap matamu hari ini
Badai petir di atas kepala tapi Tuhan terima kasih ‘tuk hari ini’
Diselimuti gelap gulita, tapi bangga lewati denganmu hari ini
Tuli mendengar maki dan cerca, siap kulawan mereka untukmu hari ini
Mama said, “Son, keep on believing
All the world’s for you to achieve
Gotta ask and you shall receive
Perseverance, in thе face of grief”
Mama said, “Son, keep on beliеving
All the world’s for you to achieve
Gotta ask and you shall receive
Perseverance, in the face of grief”
Mama said, “Son, keep on believing
All the world’s for you to achieve
Gotta ask and you shall receive
Perseverance, in the face of grief”
Mama said, “Son, keep on believing
All the world’s for you to achieve
Gotta ask and you shall receive
Perseverance, in the face of grief”",https://images.genius.com/4f47be92df2b8f160b23e5ef066609b7.1000x1000x1.png,https://genius.com/Hindia-perseverance-in-the-face-of-grief-lyrics
.Feast,5,"Lima tahun ke depan kau kecewa
Tutur kata dan serapah tak berguna
Terlantar bagai pusat perbelanjaan
Di kota yang hadir khusus ‘tuk yang mapan
Lima tahun ke depan angkat tangan (Angkat tangan)
Macam jari tak ikut aduk adonan
Jempolku menari di ujung senapan
Taut kelingking pasti tak diindahkan
Bangkitkan aku
Dari tidurku
Menatap mata setan
Yang sama
Terus-terusan tidak berjalan
Mati-matian lima tahunan
Gadai gigi geraham, tukar dengan belati
Tuai api yang padam di pemungutan nanti
Tersesat dan tidak paham, digembala ambisi
Siklus lima tahunan, membangun dan menghancurkan
Lima tahun ke depan ku berharap
Ku belum terlanjur minta lobotomi
Dipaksa bangga dan menyayangi negeri
Dikutuk membiayai rumah menteri
Lima tahun ke depan makan tai (Makan tai)
Bеrhadapan dengan partai yang sok suci
Dijebak foto dengan pеjabat tinggi
Minta bedakan oknum dan institusi
Lima tahun ke depan kau kecewa
Tutur kata dan serapah tak berguna
Terlantar bagai pusat perbelanjaan
Di kota yang hadir khusus ‘tuk yang mapan
Lima tahun ke depan angkat tangan
Lima tahun ke depan angkat tangan",https://images.genius.com/2c8b2fbf2893359b1847566d2500a5fc.1000x1000x1.png,https://genius.com/Feast-5-lyrics
Lomba Sihir,Andai Saja,"Andai saja kita mengerti
Saat bertemu pertama kali
Berkali kita kan bergantian untuk menyakiti
Untuk memaafkan
Oh, betapa mudahnya ini semua
Kan berjalan
Terlalu banyak hal yang ingin kuubah
Takkan kubiarkan kita diam terlalu lama
Ada ruang kosong yang ingin kuberi makna
Namun tak pernah berani kusampaikan
[Verse 2: Hindia &
Rayhan Noor
]
Andai saja kita kembali
Bertemu untuk pertama kali, oh
Bisakah kita memulai lagi
Berpapasan dengan seribu lebih kemungkinan, ho oh
Terlalu banyak hal yang ingin kuubah
Takkan kubiarkan kita diam terlalu lama
Ada ruang kosong yang ingin kuberi makna
Namun tak pernah berani kusampaikan
Terjebak dalam kata mungkin
Berharap ‘tuk bisa saling mengerti
Terjebak dalam kata mungkin
Berharap ‘tuk bisa saling mengerti
Terlalu banyak hal yang ingin kuubah
Takkan kubiarkan kita diam terlalu lama
Ada ruang kosong yang ingin kuberi makna
Namun tak pernah berani
Terlalu banyak hal yang ingin kuubah
Takkan kubiarkan kita diam terlalu lama
Ada ruang kosong yang ingin kuberi makna
Namun tak pernah berani kusampaikan
Kusampaikan",https://images.genius.com/770c94ddffdf3f474448c19c60b9c99b.1000x1000x1.png,https://genius.com/Lomba-sihir-andai-saja-lyrics
Hindia,Janji Palsu,"Sukses hanya dipinjamkan, dan mungkin aku penyewa yang lihai
Hidup dalam angan-angan, di dalam kepala sibuk bertikai
Cinta dan hal banal lain disobek bagaikan kain
Dijual sesuai berat, dipakai untuk bermain
Semua tak terkecuali hingga nihil direduksi
Jadi produk nan terkini sekecil serbuk gergaji
Kata-kata kosong yang kerap kujual
Kali ini menuntut tumbal
Per hari ini kita semua mati rasa
Atas berbagai lirik berisi semesta
Yang berkata semua indah pada waktunya
Kau tahu hidup ini tak ada artinya
Dijual grosir oleh yang kanan, dimaki habis di jaringan kiri
Dilepeh najis oleh yang mapan, ditekan habis bak anak tiri
Batinku sebatas bahan, guyon, gelak tawa kalian
Imanku sebatas bahan, makian Peradaban, bosan
Kurasa kau tak akan takut malam ini
Melihat namamu jadi target caci maki
Seringku berfantasi untuk bunuh diri
Agar kau merasa bеrsalah sampai mati
Per hari ini kita semua mati rasa
Atas berbagai lirik bеrisi semesta
Yang berkata semua indah pada waktunya
Kau tahu hidup ini tak ada artinya
Kau tahu ku tak minta dilahirkan juga
Kutahu semua uang ini tak berasa
Kutahu karier ini tak ada artinya
Kesuksesanku dipinjamkan sementara
Janji palsu dunia",https://images.genius.com/d16ab978dc13fbebf1708f5866ca8b24.1000x1000x1.png,https://genius.com/Hindia-janji-palsu-lyrics
.Feast,Langitruntuh,"Segala situasi
Tak mau berhenti
Dalam kerusuhan, di tengah-tengah kerumunan
Dalam masa yang kumuh, bercinta di bawah langit yang runtuh
Kabar-kabar belakangan ini
Seakan paksa agar kita tak terjadi
Bersekongkol gagalkan sepasang sejoli
Aku tak bisa bernafas di ibu kota
Hingga kau hembusku kala kita berjumpa
Aku tak kuat panasnya khatulistiwa
Kau dinginkan dadaku tiap kita bersama
Sejenak ku bersamamu, berdua berbaring
Di puncak dunia
Langit yang runtuh, bertukar peluh
Surga di antara neraka, tanpa intervensi negara
Kamu matikan lampu, kita hentikan waktu
Sementara tak berbusana di bawah langit yang runtuh
Di tengah bangsa yang luruh, oh oh, oh oh
Cuaca di waktu-waktu lalu
Seakan paksa agar kita tak bertemu
Seakan bumi janji melawan aku dan kamu
Aku tak bisa bernafas di ibu kota
Hingga kau hembusku kala kita berjumpa
Aku tak kuat panasnya khatulistiwa
Kau dinginkan dadaku tiap kita bersama
(Langit yang runtuh, bertukar peluh)
(Bangsa yang luruh, bertukar peluh)
Aku tak bisa bernafas di ibu kota
Hingga kau hembusku kala kita berjumpa
Aku tak kuat panasnya khatulistiwa
Kau dinginkan dadaku tiap kita bersama",https://images.genius.com/2c8b2fbf2893359b1847566d2500a5fc.1000x1000x1.png,https://genius.com/Feast-langitruntuh-lyrics
Hindia,Bayangkan Jika Kita Tidak Menyerah,"Pernah kau bayangkan jika kita menikah?
Selucu apa anak-anak karena ibunya manis sekali?
Pernah kau bayangkan jika
Abang dan Madu
hidup selamanya?
Menungguku pulang di tur kelima puluh nanti
Bayangkan jika kita tidak menyerah
Tantangan apa pun dari Ayah atau dunia
Kita hadapi, kita lewati, kita ikuti, kita nikmati
Pemanasan global dan perbedaan agama
Kita hadapi, kita lewati
Bayangkan jika kita tidak menyerah
Bayangkan jika kita tidak menyerah
Pernah kau bayangkan langit Jakarta cerah?
Saat kau mendarat pulang pandanganmu tak tertutup polusi
Pernah kau bayangkan percaya dengan yang ada di Istana?
Karena yang kita taruh di sana akhirnya memiliki hati
Pernah kau bayangkan tak takut melihat berita?
Tak takut jadi dirimu yang seada-adanya?
Tak takut punya mimpi yang lumayan agak gila?
Berat tapi besok ada di tangan kita
Bayangkan jika kita tidak menyerah
Tantangan apa pun dari Ayah atau dunia
Kita hadapi, kita lewati, kita ikuti, kita nikmati
Pemanasan global dan perbedaan agama
Kita hadapi, kita lewati
Bayangkan jika kita tidak mеnyerah
Bayangkan jika kita tidak menyerah
Aku tahu kuhabiskan rеkaman ini banyak mengeluh
Di penghujung album ini satu kesempatan kupakai untuk
Tersenyum, tertawa, berkhayal maka
Bayangkan jika kita tidak menyerah
Tantangan apa pun dari Ayah atau dunia
Kita hadapi, kita lewati, kita ikuti, kita nikmati
Pemanasan global dan perbedaan agama
Kita hadapi, kita lewati
Bayangkan jika kita tidak menyerah
Bayangkan jika kita tidak menyerah
Bayangkan jika kita tidak menyerah
Tantangan apa pun dari Ayah
Dari Bunda, dari dunia, dari mana, hei maju semua
Bayangkan jika kita tidak menyerah
Bayangkan jika kita tidak menyerah",https://images.genius.com/d16ab978dc13fbebf1708f5866ca8b24.1000x1000x1.png,https://genius.com/Hindia-bayangkan-jika-kita-tidak-menyerah-lyrics
Lomba Sihir,Ribuan Memori,"Dalam kepalamu ribuan memori
Mana yang membuatmu s'perti hari ini?
Jatuh pertamamu dari sepeda?
Penampakan hantu di rumah tua?
Serpihan berbahagia
Atau justru membuatmu merana?
Jika ada ingatan yang terus menghangatkan dirimu
Jaga apinya, hadapi hari, teruslah kau begitu
Jika ada pedih yang panjang mengikat tubuhmu
Percayalah, dunia tak selamanya harus begitu
Karyawisata, liburan pertama, kado dari Mama dan Papa
Kar'na berhasil naik kelas, walau rata-rata pas-pasan
Nekat pulang lewat jam malam, dilarang jalan-jalan sebulan
Setahun bimbingan belajar, gawat! Ujian akhir sekolah
Serpihan berbahagia
Atau justru membuatmu merana? Oh
Pertahankan atau melupa?
Pilihanmu kawan tidak mengapa
Oh tak apa-apa
Jika ada ingatan yang terus menghangatkan dirimu
Jaga apinya, hadapi hari, teruslah kau begitu
Jika ada pedih yang panjang mengikat tubuhmu
Percayalah, dunia tak selamanya harus begitu
[Bridge: Rayhan Noor &
Natasha Udu
]
Dalam kepalamu (
kepalamu
) ribuan memori (
memori
)
Mana yang membuatmu di hari ini?
Jika ada ingatan yang terus menghangatkan dirimu
Jaga apinya, hadapi hari, teruslah kau begitu
Jika ada pedih yang panjang mengikat tubuhmu
Percayalah, dunia tak selamanya harus begitu
Jika ada yang kau pelajari dari masa lalumu
Jaga apinya, hadapi hari, teruslah kau begitu
Jika ada yang buatmu tak mau buka lembaran baru
Percayalah, dunia tak selamanya harus begitu
Harus begitu
(Percayalah dunia tak selamanya) harus begitu
Harus begitu",https://images.genius.com/b0fd655c06faa1475cc17f5749af8d4d.1000x1000x1.png,https://genius.com/Lomba-sihir-ribuan-memori-lyrics
Hindia,a feeling,"Don’t know what to do with this song, I just know that I got a feeling
A foreign city and I’m all alone, all I got is this certain feeling
Did I take this away from home? Don’t know how to describe this feeling
Tried everything just to overcome this exact particular feeling
Don’t know what to do with this song (this song), I just know that I got a feeling
A foreign city and I’m all alone, all I got is this certain feeling
Did I take this away from home? Don’t know how to, to describe this feeling
Tried everything just to overcome (overcome) this exact particular feeling
Somebody help! I think I might just drown
Deep inside, pull me out, I haven’t got enough sleep
I guess I found the key to my success
I confess that I’m rambling, a mess
This is me at my best
I think this is me at my best
When I’m overwhelmed by a feeling then that’s me at my best
I’m a big bowl of chaos, I choke the world when I cry
I think that’s when I’m at my best
(My best, my best, my best) Doves flying up in the air
Just a bit outside my reach, sing for me your gift of freedom
Don’t wanna be like this anymore
I guess I’m nothing at my best
I guess I’m nothing at my best
Cukupkanlah ikatanmu
Relakanlah yang tak seharusnya untukmu
Cukup sudah yang lalu-lalu
Kugunakan lukaku ‘tuk menggenggam dunia",https://images.genius.com/4f47be92df2b8f160b23e5ef066609b7.1000x1000x1.png,https://genius.com/Hindia-a-feeling-lyrics
Hindia,Ramai Sepi Bersama,"Written during the COVID-19 outbreak for IM3 Ooredoo’s Ramadan ad campaign Silaturahmi Setiap Hari, this song is about staying connected in times of physical isolation.
The ad version of the song features…
Read More
Lirik ""Ramai Sepi Bersama""
Seberapa jauh dari sini
Tembok-tembok ini tak berarti
Asal kulihat senyummu hari ini
Mendengar keluhmu malam nanti
Saat semua tak jelas arahnya
Kita hanya punya bersama
Lewati curam terjalnya dunia
Ramai sepi ini milik bersama
Ramai sepi ini milik bersama
Kita sama-sama takkan ke mana
Selama kau ada, aku tak apa
Apa pun yang terjadi tidak apa
Melihat tawa, tangis dan isak
Mendengar kabar berbagai macamnya
Kali ini kita belajar banyak
Yang runtuh kita ulangi nantinya
Saat semua tak jelas arahnya
Kita hanya punya bersama
Lewati curam terjalnya dunia
Ramai sepi ini milik bersama
Saat terasa berat-beratnya
Kutahu kau pun berjuang juga
Hadapi semuanya langsung di muka
Apa pun yang terjadi tidak apa
Setiap hari ku bersyukur
Melihatmu
Berselimut harapan
Berbekal cerita
Saat semua tak jelas arahnya
Kita hanya punya bersama
Lewati curam terjalnya dunia
Ramai sepi ini milik bersama
Ramai sepi ini milik bersama
Kita sama-sama takkan ke mana
Selama kau ada, aku tak apa
Apa pun yang terjadi tidak apa",https://images.genius.com/a762eb5f2d8edb803904509e8fe52557.597x590x1.jpg,https://genius.com/Hindia-ramai-sepi-bersama-lyrics
.Feast,Riphunter,"God spoke to me last night
While I was in a cafe, in Jakarta
She said it's too crowded
One snap of her fingers
We were suddenly elsewhere
Lots of water, lots of wind
View was nice but a bit grim
She was furious so I asked her, ""what's wrong?""
She said that, I went back in time
And it was the greatest crime of all
We gonna win this!
We gonna win this!
We gonna win this!
We gonna win this!
Bad to the bone, yeah
I do it alone
Your idols keep blowin' up my phone
We started as kids when y'all do was just preach
Too ahead of my time, it won't work (Niche!)
My dad always says he doesn't understand me
My mom, she spent life as a secretary
They hate me for being me so who I should be?
A man, a woman with cum laude degree?
Mom says if only she'd go back in time
Then, all these problems wouldn't be mine
Prayin' to God but I guess She declined
She said ""nein"", She said ""nein""!
But praise be to God, I'm alive, ah
We almost reach finish line, ah
Fuck what you heard, fuck what you heard!
Heart of my enemies, that's for dessert!
Funny thing is instead of wanting me dead
Now they want me to be bad (haha)
Think if I go back in time and tweak history
Things would be better like, ugh (it's sickening)
But maybe they're right, maybe I might
Things could be different if that's what they like
And how 'bout I poison the haters on site
Why? Well, out of spite!
How? Easy? (cyanide)
Give 'em free dinner and tell 'em to bite!
Or if that's too easy we can take their babies
And burn 'em and call it a night!
Cops will be chasin' us down but we move out of town
'Til we're safe and sound, we're nowhere to be found
(I'm sorry does that sound crazy?)
Well, put me in prison already!
Ain't nothing's right with this backward nation
When my friend went to rehab for being one in million
Ain't nothing's right with this rightful nation
Left behind its heritage in one year, smooth motion
(oooh) Folks tell me to go back in time
Fix things up one try make it all a-rhyme
(oooh) Folks tell me to commit greatest crime
Tweak time, what time, well, I guess I'm in my prime
(oooh) Tell me to be loud and political
So tell 'em my head's the price for being political
(oooh) So tell 'em to play my band in my funeral
And play my funeral on national television
Tell 'em to see what's wrong in this backward nation
Tell 'em to get ready jump back in time in motion
Ask them to join me, get ready for collision
Ask them to get together win with me, demand devotion
Tell 'em to see what's wrong in this backward nation
Tell 'em to get ready jump back in time in motion
Ask them to join me, get ready for collision
Ask them to get together win with me, demand devotion
Kids went nuts at my show
This nation don't even know
I get no recognition
For my success are proven
Opportunities are given
For those ones whom they've known
They never see it coming
They'll never see my dreams dying
We gonna win this!
We gonna win this!
We gonna win this!
We gonna win this!
We gonna win this!
We gonna win this!
We gonna win this!
Kids went nuts at my show
This nation don't even know
I get no recognition
For my success are proven
Opportunities are given
For those ones whom they've known
They never see it coming
They'll never see my dreams dying
And son
You, who disobey God
There will be great earthquakes
In various places
Famines
And pestilences
And there will be terrors and great signs
From heaven",https://images.genius.com/3a3ca32d35ac5a3e18f5536228061c88.1000x1000x1.png,https://genius.com/Feast-riphunter-lyrics
.Feast,Politrik,"Hari ini kau belanja topik
Cari-cari debat paling berisik
Jalan jinjit di tepi jurang menukik
Bungkus kritik dangkal dengan cantik
Trik trik trik positioning
Trik trik trik trik marketing
Trik trik trik trik trik branding
Semua kau sikat miring
Santai saja lihatnya kawan
Palingan ya hanya jualan
Berita jadi uang makan
Derita jadi uang jajan
Aku pernah di situ kawan
Muak dianggap hanya jualan
Menjalankannya jadi beban
Sulit imbangi perkataan
Trik paling jitu (Po)
Angkat topik tabu (Li)
Tarik pendengar lugu (Trik)
Lalu jualan baju
Besok pagi kau menuai kritik
Berbagai grup di ponsel mulai berisik
Berusaha tenang namun kau mulai panik
Tapi tertawa saat angka jadi cantik
Trik trik trik positioning (positioning)
Trik trik trik trik marketing (marketing)
Trik trik trik trik trik branding
Semua kau sikat miring
Santai saja lihatnya kawan
Palingan ya hanya jualan
Berita jadi uang makan
Derita jadi uang jajan
Aku pernah di situ kawan
Muak dianggap hanya jualan
Menjalankannya jadi beban
Sulit imbangi perkataan
Santai saja lihatnya kawan
Palingan ya kejar setoran
Kontrak dengan label rekaman
Incar liputan masuk koran
Aku pernah di situ kawan
Formula ampuh berjualan
Seakan tangkap semangat zaman
Pakai busana yang terdepan
Trik paling jitu
Angkat topik tabu
Tarik pendengar lugu
Lalu jualan baju
Trik trik trik positioning
Trik trik trik trik marketing
Trik trik trik trik trik branding
Semua kau sikat miring
Trik trik trik positioning
Trik trik trik trik marketing
Trik trik trik trik trik branding
Semua kau sikat miring
Po, li, trik",https://images.genius.com/533bb3087e10ba78121a9be33168f129.1000x1000x1.png,https://genius.com/Feast-politrik-lyrics
.Feast,Luar Jaringan,"Lirik ""Luar Jaringan""
Ku kebal peluru, di luar jaringan
Retas semua nama, di dalam hitungan
Ku kebal peluru, di luar jaringan
Retas semua nama, di dalam hitungan
Aku ingin sakit karena sedang fashion
Aku bagai dokter, diagnosa pasien
Semua omonganku ya hanya bercanda
Semua tanggapanmu ya tidak dewasa
Tinggi dan berkelas, ku
Tak banyak akun, tak
Perlu pengikut
Tak ikut-ikut kamu
Tak pantas bergerak
Keluargamu mampu, idolaku juga
Tak pantas untukmu
Aku hebat, beda sendiri
Aku hebat, punya opini
Aku cepat, kalian musiman
Aku tepat, berpengalaman
Aku hebat, temanku juga
Tak makan daging, seniman, aktivis
Militan, beriman, misoginis, atheis
Terpandang, politis, pemerkosa berantai
Kami kubur jejaknya
Kami kubur jejaknya
Kami kubur jejaknya
Kami kubur jejaknya
Kami kubur jejaknya
Kami kubur jejaknya
Kami kubur jejaknya
Kami kubur jejaknya
Kami kubur jejaknya
Ku kebal peluru, di luar jaringan
Retas semua nama, di dalam hitungan
Ku kebal peluru, di luar jaringan
Retas semua nama, di dalam hitungan
Aku hebat, beda sendiri
Aku hebat, punya opini
Aku cepat, kalian musiman
Aku tepat, berpengalaman",https://images.genius.com/ac43ebb19855133e8dddbf5e10116e88.1000x1000x1.png,https://genius.com/Feast-luar-jaringan-lyrics
Hindia,harga satu pil,"Berapa harga satu pil? Berapa banyak yang kau dapat sebelum
Semua disita jadi barang bukti?
Berapa harga tebusan? Berapa banyak dari kami yang enggan
Karena kau lakukan ini berulang kali?
Lalu, ku berkaca
Tanyakan pada diriku
Berapa harga empati? Berapa banyak dari kami yang sadar kau lakukan ini
Kar’na sesuatu?
Di keluargamu, di masa lalu? Aku tak tahu
Berapa harga empati? Berapa besar ruang hatiku yang sadar hidupmu
Tak seberuntung diriku?
Semoga aku menapak tanah, aku tak tahu
Berapa harga dua manusia? Berapa besar tekanan batin dari kedua belah pihak
Orang tua? Mmm
Berapa harga sila ketiga? Terakhir kudengar hanya berlaku ‘tuk mereka yang
Tak menyukai sesama, oh
Berapa harga empati? Berapa banyak dari kami yang sadar kau lakukan ini
Dari dalam hati?
Tak terbayangkan besar bebanmu, aku tak tahu
Berapa harga empati? (Berapa harga empati?) Berapa besar ruang hatiku yang sadar hidupmu
Tak seberuntung diriku?
Semoga aku menapak tanah, aku tak tahu (Aku tahu)
Aku tak tahu (Aku tahu)
Aku tak tahu (Aku tahu)
Aku tak tahu
Semoga aku menapak tanah, aku tak tahu",https://images.genius.com/4f47be92df2b8f160b23e5ef066609b7.1000x1000x1.png,https://genius.com/Hindia-harga-satu-pil-lyrics
.Feast,Ouroboros,"Seakan semua hanya simulasi
Jika salah, hapus lalu ulangi
Kelak jadi bahan curahan hati
Kuingat ‘tuk bercerita padamu
Kadang terabadikan dalam lagu
Kadang cerita aslinya kau tahu
Saat terjadi dulu tidak lucu
Kau bilang pelajaran ‘tuk lain hari
Seakan kami tak pernah dewasa
Seakan tangismu tanpa saksi mata
Kau samakanku dengan tokoh fiksi
Tak sadar kau gigit ekor sendiri
Kau tenggelam jauh
Maka aku pergi
Kawan, sampai nanti
Kelak suatu saat kau mau kembali
Kau simpan nomorku ‘tuk dihubungi
Segala halangannya urus sendiri
Pasti kau tahu apa dalam hati
Jika rumahmu kian terasa sepi
Atau bising gaung hati nurani
Mudah kau cari cara jembatani
Tapi mungkin itu keinginan kami
Tampaknya mustahil
Maka aku pergi
Kawan, sampai nanti
Maka aku pergi
Kawan, sampai nanti
Maka aku pergi
Kawan, sampai nanti
Maka aku pergi
Kawan, sampai nanti
Maka aku pergi",https://images.genius.com/2c8b2fbf2893359b1847566d2500a5fc.1000x1000x1.png,https://genius.com/Feast-ouroboros-lyrics
.Feast,Wives of ゴジラ / Gojira (We Belong Dead),"Praise all my sisters
We belong dead
The king of pacific waters
Claims all our head
Praise all my sisters
We belong dead
Stop crying don't be sad
It ain't so bad
This our fate to drown
In the depths of the ocean
Time to become one
With the fangs of the fallen
Thermonuclear claws
End the days that we sulk in
Wives of Gojira
No need to be sullen
Praise all my sisters
We belong dead
The king of pacific waters
Claims all our head
Praise all my sisters
We belong dead
Stop crying don't be sad
It ain't so bad
This our fate to drown
In the depths of the ocean
Time to become one
With the fangs of the fallen
Thermonuclear claws
End the days that we sulk in
Wives of Gojira
No need to be sullen
There I was
Sitting just a chair away from God
The Allmother calling me a
bat
, a pest over a cup of coffee
The wind was howling
Waters crackled around our feet
I looked at her in the eye
A moment of silence
I braced myself to ask her
""aren't we all time travelers?
Visiting the past everyday to try shape the future?
Isn't that human nature
One with your image
Would you say that we are all cheaters?
Wouldn't it also make you one?
I am me, because I learn from the past
So you can't stop me
Not or nor any god
I won't forget what I am
I won't forget yesterday
Even in the face of hell",https://images.genius.com/3a3ca32d35ac5a3e18f5536228061c88.1000x1000x1.png,https://genius.com/Feast-wives-of-gojira-we-belong-dead-lyrics
Hindia,Satu Hari Lagi,"Lima juta lagi untuk botol minum keras
Tiga juta kosmetik dalam game terus kukuras
Hanya segelintir uang yang terus keluar deras
Ku sekarang bernafas, tanpa tujuan jelas
Karena tak ada lagi yang kucari di sini
Mimpi menjadi besar tak menggiurkan lagi
Anganku hanya sampai sejauh tanah sendiri
Hanya ingin mengeluh, tak bisa bijak lagi
Jujur, aku sangat beruntung
Selalu hidup cukup, tak bisa lagi ku bernyanyi seakan ku
Mengerti dirimu, hidupmu, lukamu, sakitmu
Mulai sekarang, coba kau tanggung itu sendiri
Kadang ku merasa terlalu malas untuk berkarya
Kurang pantas diriku bergelimang harta
Sekali saja ku bicarakan tentang mentalmu kawan
Tak setiap hari ku bisa peduli itu, oh kawan
Tinggalkan aku di sini
Ku hanya mampu menyambung hidup hari per hari
Biarkan aku di sini
Hanya bisa berpikir ‘tuk satu hari lagi
Aku hanya ingin muntah sekali lagi
Ingin makan kеnyang sekali lagi
Jangan anggap aku tulang punggungmu
Sekali ku berhеnti, tamat hidupmu
Jangan beri aku target dagangmu
Aku bukan komoditas milikmu (bukan milikmu)
Tinggalkan aku di sini
Ku hanya mampu menyambung hidup hari per hari
Biarkan aku di sini
Hanya bisa berpikir ‘tuk satu hari lagi
Aku hanya ingin muntah sekali lagi
Ingin makan kenyang sekali lagi
Ingin menamatkan satu series lagi
Dan menangis keras sekali lagi
Dan menangis keras sekali lagi
Dan menangis keras sekali lagi",https://images.genius.com/d16ab978dc13fbebf1708f5866ca8b24.1000x1000x1.png,https://genius.com/Hindia-satu-hari-lagi-lyrics
.Feast,Masimarah,"Telan sisa jualan
Basi setengah lahan
Mual ingin memelan
Terlanjur jalan
Hadir setengah hati
Tampil setengah sadar
Duduk setengah berdiri
Tak ada jangkar
Pun hari ini (Aku masih marah)
Tanpa suara (Tanpa kata-kata)
Masih diriku (Menabung amarah)
Menumpuk panas (Namun tanpa arah)
Benci aku yang dulu
Berisik lantang sok tahu
Mulut si anak baru
Berlagak guru
Pun hari ini (Aku masih marah)
Tanpa suara (Tanpa kata-kata)
Masih diriku (Menabung amarah)
Menumpuk panas (Namun tanpa arah)
Dan hari ini (Aku masih marah)
Di luar panggung (Bersorot cahaya)
Masih diriku (Menabung amarah)
Tak tahu tuju (Salahkan siapa)
Oh kita melihat
Isi dada masing-masing
Siap ‘tuk jatuhkan sesama
Siap untuk ciptakan luka
Salahkan aku segera
Tak sabar aku membalas
Beribu kali berlipat
Agar kita jadi ampas
Pun hari ini (Aku masih marah)
Tanpa suara (Aku masih marah)
Masih diriku (Aku masih marah)
Menumpuk panas (Aku masih marah)",https://images.genius.com/2c8b2fbf2893359b1847566d2500a5fc.1000x1000x1.png,https://genius.com/Feast-masimarah-lyrics
.Feast,Blackwater / Multiverses,"I saw kiddos, shoes all white
Running chasing night
Never once fight
Mindset ain't right
I saw big mobs, dressed in white
Running starting blight
Showing virtues
Burning locals in their grip
And mothers
And sisters
And everyone
Weep
It's too late
Bad things happen
When you sleep
Now we're all coral and bones
Ghost between the stones
Claimed by Davy Jones
You get no glory
Running like a pest
Stay silent and see us all catching gash
No one is right in a world turning right
Leave silence
You'll drown underwater
I saw people in my screen playing victim
I only see ghouls searching for like
I saw big groups pressing privileges on the few
But I never saw them stand in our light and realize
How easy
How safe
And sound
They can be
Ungrateful
Bad things we did
In our sleep
We burn our saviours / youth /flower / truth / crosses / books
You get no glory
Running like a pest
Stay silent and see us all catching gash
No one is right in a world turning right
Leave silence
You'll -
You get no glory
Running like a pest
Stay silent and see us all catching gash
No one is right in a world turning right
Leave silence
You'll drown underwater
Left on Blackwater
Left on Blackwater
Left on Blackwater
Melawan waktu, sebab akibat
Mengetuk pintu, mencari obat
Mari bersatu jaga martabat
Semoga kita belum terlambat
Melawan waktu, sebab akibat
(Harus dilaksanakan jangan diwacanakan)
Mengetuk pintu, mencari obat
(Harus dilaksanakan jangan diwacanakan)
Mari bersatu jaga martabat
(Harus dilaksanakan jangan diwacanakan)
Semoga kita belum terlambat
Dalam pandanganku multisemesta
Urat nadiku seribu nyawa
Jangan lekang oleh waktu
Jangan diam
Lekas bergerak
Melaju kencang
Tuntut tanah merah berdarah dijanjikan",https://images.genius.com/3a3ca32d35ac5a3e18f5536228061c88.1000x1000x1.png,https://genius.com/Feast-blackwater-multiverses-lyrics
Hindia,letdown,"Dua dekade, ratusan janji yang tak selesai
Taman bermain yang berkarat dan terbengkalai
Jadi saksi generasi yang dipaksa tumbuh dewasa
Direnggut masa mudanya, dijajah pelayannya
Apakah kita memang terpaksa harus berdamai?
Bahwa semua mimpi bersama takkan tercapai
Atau sebaliknya lihat pagar yang tak terbuka
Jadi bunga di tirai besi, berjuang dan tak henti di sini
[Pre-Chorus:
Madukina
& Hindia]
Oh, pray that I still have it in me
Bunga di tirai besi, mengakar berlipat kali
Oh, pray that I still
Pray that I still have it in me
You and me both, we want the same thing
Riding on danger, oh like it’s nothing
We know it won’t end well, we’ll keep on singing
Keep holding on, bring on the lеtdown
You and me both, we want the samе thing
Riding on danger, oh like it’s nothing
We know it won’t end well, we’ll keep on singing
Keep holding on, bring on the letdown
Ku tak terima jika kita yang harus mengalah
Beranjak pergi, di Tanah Ibu aku terjajah
Atau sebaliknya, tegap kencangkan kuda-kuda
Tuang semen di mata kaki, berjuang dan tak henti di sini
[Pre-Chorus:
Madukina
& Hindia]
Oh, pray that I still have it in me
Bunga di tirai besi, mengakar berlipat kali
Oh, pray that I see
Pray that I still have it in me
[Chorus: Hindia &
Madukina
]
You and me both, we want the same thing (
we want the same thing
)
Riding on danger, oh like it’s nothing (
oh like it’s nothing
)
We know it won’t end well, we’ll keep on singing
Keep holding on,
bring on the letdown
You and me both (you and me both), we want the same thing (we want the same thing)
Riding on danger, oh like it’s nothing (
oh like it was nothing
)
We know it won’t end well, we’ll keep on singing
Keep holding on, bring on the letdown
We get high from the letdown
We get high from the letdown
We get high from the letdown
We get high from the letdown
We get high from the letdown
We get high from the letdown
We get high from the letdown
We get high from the letdown",https://images.genius.com/4f47be92df2b8f160b23e5ef066609b7.1000x1000x1.png,https://genius.com/Hindia-letdown-lyrics
Hindia,Tinggalkan di Sana,"Lirik ""Tinggalkan di Sana""
Menikmati Cipete yang sepi
Walau minim yang dapat dikunjungi
Tak hilang indahnya Senopati
Tanpa hiruk-pikuk muda-mudi
Karena masuk di notification
Langsung diklik dalam milisekon
Mumpung kredit belum kena plafon
Hari raya bukan tentang diskon
Semua orang pulang ke rumah
Meninggalkan raksasa di kota
Dan warna langit mulai berubah
Jadi lebih biru dan ceria
Tersisa segelintir pejuang
Kali ini kami belum pulang
Mungkin karena sudah tak berkampung
Atau beda Tuhan dan pelindung
Meleburlah dengan keluarga
Basa-basi yang basi, biasa
Tahan-tahan lawan pertanyaan
Yang tak seharusnya ditanyakan
Tinggalkan pilihanmu di sana
Kembali menjadi manusia
Yang waras menanggapi berita
Tak dipecah yang di atas sana
Tinggalkan pilihanmu di sana
Kembali menjadi manusia
Yang mawas melihat isi kota
Dengan orang yang banyak ragamnya
Tinggalkan pilihanmu di sana
Kembali menjadi manusia
Yang waras menanggapi berita
Tak dipecah yang di atas sana
Tinggalkan pilihanmu di sana
Kembali menjadi manusia
Yang mawas melihat isi kota
Dengan orang yang banyak ragamnya",https://images.genius.com/e5f2e546e03a8b1b347c31e7ea0e132d.1000x1000x1.jpg,https://genius.com/Hindia-tinggalkan-di-sana-lyrics
Lomba Sihir,Nirrrlaba,"Luruskan macam-macam pikiran
Pakaian, watak dan perbuatan
Yang kurang menyenangkan
Yang kurang ketimuran
Bakar dan lempar dan putarbalikkan
Sejarahku, asal tunjuk asu, hilang
Hilangkan andilku, adil katanya kar’na
Kami nirguna nirlaba si
Internet, ekonomi
Salah kami lagi
Istana, bencana
Salah kami lagi
Orang hilang peluang
Salah kami lagi
Tak peduli, tak peduli
Aku tak peduli
Belajar ‘tuk tiada
Belajar jadi muda
Kar’na
Kau bakar dan lempar dan putarbalikkan
Sejarahku, asal tunjuk asu, hilang
Hilangkan andilku, adil katanya kar’na
Kami nirguna nirlaba si
Internet, ekonomi
Salah kami lagi
Istana, bencana
Salah kami lagi
Orang hilang peluang
Salah kami lagi
Tak peduli, tak peduli
Aku tak peduli
Internet diblokir
Salah kami lagi
Bom nuklir, invoice cair
Salah kami lagi
Invasi, inflasi
Salah kami lagi
PKI, radikalisasi
Salah kami lagi
[Outro: Hindia, Udu &
Rayhan Noor
]
Tak peduli, aku tak peduli
Tak peduli, aku tak peduli
Tak peduli
, tak peduli,
tak peduli
, aku tak peduli
Tak peduli
, tak peduli",https://images.genius.com/c813e9fa379b83d6ea9a41a57a8cd4ca.1000x1000x1.png,https://genius.com/Lomba-sihir-nirrrlaba-lyrics
.Feast,Di Padang Lumpuh,"Lirik ""Di Padang Lumpuh""
Main yang bener lu, 'Dat
Siapa siap meninggal?
Siapa siap ditinggal?
Siapa tahu harga perubahan tapi tak siap bertemu ajal?
Kita banggakan yang dulu saja
Bakar ban, tutup jalan, lempar segala
Bicara dengan megafon sampai berbusa
Anti-kritik hampir sama dengan Istana
Nama demi nama jadi senjata
Tiap kali ditanya ""kau tahu apa?""
Berdiri di atas pendapat orang mati
Tak bisa berlari dengan mulut sendiri
Hiduplah tanahku, negeriku, rumahku
Bangsa para korban
Gala raya bumi digdaya
Berdiri di padang lumpuh
Hiduplah tanahku, negeriku, rumahku
Bangsa tersangka
Gala raya bumi digdaya
Berdiri di padang lumpuh
Kita tak pantas dapatkan perubahan
Kita tak bisa ciptakan perubahan
Kita tak tahu apa itu perubahan
Selalu berpikir menggunakan ego, iman, uang, otot, selangkangan
Goblok!
Hiduplah tanahku, negeriku, rumahku
Bangsa para korban
Gala raya bumi digdaya
Berdiri di padang lumpuh
Hiduplah tanahku, negeriku, rumahku
Bangsa tersangka
Gala raya bumi digdaya
Berdiri di padang lumpuh
Hiduplah tanahku, negeriku, rumahku
Bangsa para korban
Gala raya bumi digdaya
Berdiri di padang lumpuh
Hiduplah tanahku, negeriku, rumahku
Bangsa tersangka
Gala raya bumi digdaya
Berdiri di padang lumpuh",https://images.genius.com/1294e8a37cc01a0774126c5c8c9fe591.1000x1000x1.png,https://genius.com/Feast-di-padang-lumpuh-lyrics
Hindia,WAWANCARA LIAR PT. II,"Pakai sabuk pengaman kalau bikin gerakan, basa-basi salaman, pura-pura temenan
Pengalaman tahunan, soal akal-akalan, dari dulu nyontek kalo lagi ulangan
Oke, bosku suka sepihak, oke
Suka beli algoritma, oke
Suka pakai pintu belakang
Tahu-tahu ada di depan, oke
Hello, enggak perlu porto kalau bisa ngasih
Kado, buat apa nyari ilmu kalau paling bisa
Nego, ada masalah apa lagi hari ini? Berasa distopia kalau nyalain TV
Aman aja, ada Rudy (Hei Rudy)
Terpaparkan sampai sadar kalau kau dan aku sama-sama terabaikan
Di atas papan hanya jadi pion belaka, sulit gerak karena terbatas melangkah, bangsat
Hello, si enggak perlu porto kalau ada maunya ngasih
Kado, buat apa sih lo nyari ilmu kalau paling bisa
Nego, ada masalah apa lagi hari ini? Kangen jaman revolusi ada di TV
Aman aja, ada Rudy (Hei Rudy)
Berseringai cause I'm feeling Lawless, topeng Vendetta, Anonymous
Don't shoot the mеssenger, call me Silas, ngomongin Makna macеm Iyas
Berani adu debat budak wakil rakyat, bilang bela rakyat curi uang rakyat
Dapat mandat rakyat, rakyatnya diculas, awas diawasin netizen Indonesans
Jantung macam double pedal, di-interview keringatan, gak berani buka mulut takut salah-salah cakap
Bibirku rapat namun belum kenyang masih lapar, lukisan palsu Picasso tingkah lo acak-acakan
Dari kiri ke kanan aku di tengah masih Malang, Sabang ke Merauke banyak masih berantakan
[Skit:
Iyas Lawrence
& Kristo Immanuel]
Semalam ada acara, Pak?
Ahaha! Biasa, lah. Acara kecil-kecilan aja ama keluarga, haha!
Saya lihat di medsos istri
Oh, ya
Nikahan? Anniversary?
Itu, apa, ulang tahun si bontot. Biasa, anak kesayangan saya
Ulang tahun?
Iya, ya, sama teman-temannya aja
Yang keberapa, Pak?
Enam belas, 16
Enam belas tahun?
Iya, ya
Buat Bapak kecil-kecilan, buat saya besar itu
Ahahahaha! Bisa aja, Mas ini! Yang pasti itu kecil itu, kecil
Kado saya lihat mobil
Oh, ya, itu mobil seken. Itu mobil seken aja saya kasih
Oh, mobil seken?
Iya, itu seken itu, hahaha. Gitu, Mas Bro
Tapi acara kemarin bahagia, lah ya
Bahagia sekali, Mas Bro. Eh, saya panggil Mas Bro enggak apa-apa, ya?
Enggak apa-apa, enggak apa-apa
Biar akrab aja. Umur kita kan enggak jauh, ahahahaha!
Ya, sial!
Umur enggak jauh!
Ya ya ya, ya ya ya
Padahal bisa seumuran dengan bapaknya ya, hahahaha! Bercanda aja Mas, bercanda
Saya izin kita mulai acaranya?
Siap, Mas Bro. Siap, siap
Maaf nih, saya mengundang setelah acara. Mungkin masih, euforianya masih kerasa
Ah, enggak, lah
Cuman, ada beberapa poin yang saya harap bisa kita diskusikan hari ini
Ya, ya, ya, ya
Hari ini memang agendanya adalah berbicara tentang satu hal
Oke
Yaitu kebocoran data, dan sepertinya arahnya...ya, ke institusi Bapak. Tepatlah untuk kita bicara dengan Bapak, karena Bapak lah yang bertanggungjawab atas kebocoran data tersebut
Oke, begini ya, Mas. Jadi, memang kebocoran data itu sudah terjadi dari beberapa waktu terakhir ini, ya. Tapi...ya, itu bukan semata-mata karena institusi kami juga, gitu. Jadi kayak, apa ya, ini sudah terjadi dan memang kami sudah melakukan hal terbaik yang bisa kami lakukan, dan kami sudah mencoba nge-prevent hal ini terjadi. Namun memang ya para hacker itu, wah, kacau, Mas. Enggak cuma di Indonesia aja, Mas Bro
Kenapa, kenapa...tujuan kita berbicara bukan seputar hacker. Kita tahu tugas hacker seperti apa
Oh, ya, ya. Betul, betul
Ini data-data yang menurut saya adalah data-data pribadi yang dipegang oleh...ya, institusi Bapak, gitu
Ya, ya, ya
Ini di luar kendali hacker, setahu saya
Oke. Lalu, mmm, maksudnya gimana jadi, Mas?
Ya, saya rasa semua orang sudah merasa bahwa ini adalah pertanggungjawaban Bapak untuk melindungi kami, gitu
Ya, tapi gini, Mas. Jadi, memang data itu kami sudah simpan dengan, dengan sangat baik, Mas. Kita sudah menggunakan orang-orang terbaik, lah. Orang-orang ini memang terkejut, ya, karena, karena datanya di-breach gitu. Bahasa sekarang, ya? Breach, ya? Saya baca di Internet itu breach, gitu, kalau enggak salah, hahaha. Ini tuh juga sama mengejutkannya buat saya, Mas. Saya juga sedang, saya sedang istirahat waktu itu di Bali sama istri. Saya dihubungi sama asisten saya, tiba-tiba ada, ada breach data seperti ini. Saya juga terkejut sekali, itu sama seperti, apa, nijeten. Apa netijen, ya?
Netizen
Ya, netijen. Lah, sama saya terkejutnya. Karena kok bisa, gitu, ini terjadi, gitu? Waktu itu saya, wah, kaget banget, deh. Saya langsung dikasih tahu sama asisten saya untuk buka, apa, dia ngasih lihat, apa, akun Twetter. Apa? Sori, Twetti? Twitter?
Twitter
Ya, itu. Itulah, itu. Karena saya, bukan saya yang pegang itu, admin saya. Tapi saya bukalah sekali-sekali, dan saya lihat itu twit-twitnya pada, apa namanya, marah-marah gitu, karena kerjaan saya tidak beres, gitu. Mas juga kalau di posisi saya mungkin bingung juga mau bagaimana. Ya, mungkin, mungkin, apa, kesalahan kami, ya belum tentu juga karena ini sesuatu yang terjadi di luar negeri. Di Amerika, mau di Eropa, itu juga terjadi. Enggak hanya di Indonesia. Dan mereka juga kewalahan, sama seperti kita. Padahal, padahal teknologi mereka mungkin jauh lebih mumpuni dari sini. Jadi, enggak bisa begitu, lah. Maksudnya, menyudutkan kami sebagai institusi, padahal institu...apa, dari negara lain juga mengalami hal yang sama
Yang pertama, saya rasa kaget adalah reaksi yang wajar. Saya setuju
Ya, ya. Betul
Dan itu satu-satunya hal yang kita setuju pada sore hari ini
Ya
Tetapi kaget itu bukan menjadi sebuah alasan untuk Anda merasa bahwa Anda tidak bersalah
Lo? Enggak, gini, Mas...
Dan yang kedua adalah membandingkan...
Lo? Enggak gitu, Mas. Enggak, dengerin dulu. Mas ini suka motongnya enggak, gitu! Kesannya saya yang disalahkan, padahal enggak bisa dibilang saya yang salah juga. Ini kan sesuatu yang mendadak. Ini sebuah kejadian yang kita tidak pernah alami 10 tahun terakhir. Tiba-tiba terjadi, ah, siapa yang bisa, bisa menanggulanginya? Saya bukan...
Anda
Supremen gitu, yang bisa, apa, jadi menjaga dan membantu, apa, masyarakat. Saya bukan Superman, gitu. Jadi jangan begitu, lah
Tapi saya, izinkan saya mengutip twit Bapak, ya. Dua minggu lalu Bapak nge-twit...
Nge-twit...Rudy, Rudy, saya nge-twit apa, Rudy? Rudy? Oh ya, coba dibaca apa tadi
Cuitan Bapak adalah, ""Kami sedang menjalani dan memusnahkan para hacker di negara ini."" Apa yang dimaksud Bapak dalam twit tersebut?
Kita di sini juga berusaha sebisa mungkin untuk melindungi...
Pak, izinkan saya
Ya
Tugas saya di sini bukan hanya untuk bertanya
Betul!
Tapi mendengarkan
Ya, begitulah! Memang, memang...
Harusnya memang diketahui...
Kami sedang, kami sedang...
Sebagai...
Kami sedang, kami sedang melakukan yang terbaik sekarang. Ini sedang dalam proses semuanya
Sebagai pemimpin harusnya memahami...
Kami dari teknisi, dari IT...
...dari awal bahwa hal ini memang sulit
...dari pembenar arsip, semua...
Kesulitan itu bukan menjadi alasan atas kebocoran
Dan, ya...
Saya rasa di institusi Bapak juga memiliki hacker untuk melindungi perusahaan Bapak
Oh...Rudi, ada enggak? Ada, ada. Ada, ya. Betul, ada! Ada. Ya
Tugas saya di sini bukan hanya untuk bertanya
Betul
Tapi mendengarkan
Iya
Dan saya sudah cukup mendengarkan Bapak berputar-putar obrolannya
Loh
Maaf, saya harus bilang seperti ini
Kok berputar-putar jadinya ini? Bagaimana Mas Bro ini?
Pertanyaan saya adalah tanggung jawab Bapak dan institusi Bapak
Ya, oke
Ini terjadi karena apa?
Oke, begini. Begini, Mas. Jadi, ini sebuah masalah yang bisa, bisa saya tanggulangi. Kalau saya mendapatkan posisi yang lebih tinggi. Itu kenapa saya mencoba untuk maju di 2024 nanti, agar saat saya terpilih ini bisa saya tanggulangi karena saya di posisi yang lebih tinggi. Di posisi saya sekarang itu banyak sekali proses-proses yang harus saya lewati untuk bisa menangani ini, gitu
Bagaimana orang-orang bisa memilih Bapak ketika memang tidak berhasil dalam melindungi data kami?
Enggak, saya rasa...wah, data kalian...udah, lah, jujur-jujuran ajalah, Mas. Data yang bocor juga enggak penting-penting amat, lah. Maksudnya banyak...
Wow wow wow wow wow wow, Anda berbicara seperti itu?
Ah, enggak, enggak dipakai itu, apa...
Ini, ini on the record lo, Bung!
KTP-nya enggak dipakai juga, maksudnya. Enggak apa-apa kesebar, gitu lo. Bukan, bukan KTP Pak Presiden gitu yang kesebar, kan. Maksudnya, jadi ya sudah, gitu
Saya rasa detik ini Bapak hanya mencari alasan untuk mencari masalahnya ada di mana...
Lo, bukan, bukan. Dengar dulu...
Dan siapa bersalah, dan mencoba untuk mencari bagaimana pun caranya Bapak tidak salah. Saya rasa itu yang dilakukan
Aduh
Dan saya merasa cukup bahwa wawancara ini sudah dilaksanakan
Rudy, ini bagaimana? Tadi kita bicara di awal enggak gini, Rudy! Kamu ini kalau pilih acara enggak jel...Mas, ini tolong dihapus saja, ya. Saya enggak bisa begini, nih
Kita sudah dari awal...
Rudy?
...sudah ada consent bahwa...
Rudy! Rudy ke mana?
...Bapak akan ada di sini dan direkam. Baik, terima kasih semuanya atas acara hari ini
Saya tadi enggak suruh beli kopi! Kenapa beli kopi? Rudy!",https://images.genius.com/d16ab978dc13fbebf1708f5866ca8b24.1000x1000x1.png,https://genius.com/Hindia-wawancara-liar-pt-ii-lyrics
.Feast,Membangun,"Aku benci keramaian, tapi aku takut sepi
Aku benci kehidupan, tapi aku takut mati
Aku anti kerusakan, tapi ku senang bercermin
Aku anti kemapanan, tapi aku takut miskin
Ini perubahan arah di setengah kelipatan
Aku kehilangan arah di belokan dan perempatan
Sobek kulit kubentangkan peta dan kompas dari bola mata
Dari tulang rusuk sebuah pena, sesuai citraku gambar diri-Nya
Aku membangun tuhan sendiri
Kutulis kitabku kar’na aku mengulang diri sendiri
Kutulis c’ritaku dan kupastikan kali ini aku
Pengarang dari derita diriku sendiri
Kupastikan kali ini aku meluluhlantakkan
Surga dan neraka yang lama
Ku menyiarkan
Lukaku terabadikan
Ku menyiarkan
Lukaku terabadikan
Ku menyiarkan
Lukaku terabadikan
Ku menyiarkan
Lukaku terabadikan",https://images.genius.com/2c8b2fbf2893359b1847566d2500a5fc.1000x1000x1.png,https://genius.com/Feast-membangun-lyrics
Hindia,loved by You,"Mencintai itu susah
Gua lahir sendiri, ada ibu ada bapak yang mencintai
Tapi enggak selalu
Kadang satu ada yang enggak tahu ke mana, dua-duanya enggak tahu ke mana
Makin gede ada om gua
Terus ada tante gua yang ngurusin gue dari kecil
Tapi di minggu yang sama mereka pergi duluan
Dan akhirnya hilang lagi
Mencintai itu susah
Apalagi diri sendiri
Kalau gua enggak sayang sama diri gue sendiri
Gimana caranya orang lain bisa sayang?
It’s been a year since my last therapy
If I’m being honest I’ve been looking for signs to come back
It’s been three years since I moved closer to the city
If I’m being honest I’ve been looking for signs to go back
I’ve been so fast to judge that I’m sick
I’ve been so fast to judge that I’m hated
I’ve been thinking maybe your attention’s just a trick
Some twisted game that would come to bite me much later
Most days it seems impossible for me to get better
Most days it seems impossible for me to remember
That you would be there to catch me when I fall, that I have you that would answer when I call
Today I started to count all my blessings, today I realized that I’ve been
Loved by you all along
Loved by you all along
Loved by you all along
Loved by you all along
Loved by you, loved
Loved by you, loved
Loved by you, loved",https://images.genius.com/4f47be92df2b8f160b23e5ef066609b7.1000x1000x1.png,https://genius.com/Hindia-loved-by-you-lyrics
Hindia,Matahari Tenggelam,"Semua yang kau cela
Semua yang kau bela
Hak suaraku kan kau anggap responsif
Menahan diri dianggap lemah
Semuanya tak nyata
Kau pun termakan juga
Batin lapar, kau mudah digembala
Lihat sekarang engkau di mana
Oh jelas hal ini memang tak ada
Karena kau tak pernah merasakannya
Aman duduk manis hanya tertawa
Gagah dirimu di balik kaca
Hanya jika sampai ada karangan bunga
Aku akan berbela sungkawa
""Dan apa kau dengar semalam di berita?
""Omong-omong kukenal dia juga""
Kudoakan kita semua
Masuk neraka (Haha hahaha)
Panjang umur
Matahari tenggelam (Matahari tenggelam)
Selamat datang malam (Selamat datang malam)
Panjang umur (Turut berduka)
Panjang umur (Turut berduka)
Matahari tenggelam (Matahari tenggelam)
Selamat datang malam (Selamat datang malam)
Panjang umur (Turut berduka)
Panjang umur (Turut berduka)
Matahari tenggelam (Matahari tenggelam)
Selamat datang malam (Selamat datang malam)
Panjang umur (Turut berduka)
Panjang umur (Turut berduka)",https://images.genius.com/d16ab978dc13fbebf1708f5866ca8b24.1000x1000x1.png,https://genius.com/Hindia-matahari-tenggelam-lyrics
.Feast,Komodifikasi,"Lirik “
Komodifikasi
”
Sampai kita pada akhirnya, penemuan paling mulia
Ciptakan kebutuhan yang tak ada, menjual cerita konflik manusia
Sampai kita pada akhirnya, penemuan paling mulia
Ciptakan kebutuhan yang tak ada, menjual cerita konflik manusia
Jauh umat telah berpikir
Jauh kita telah melangkah
Menciptakan piramida di padang pasir
Dulu berserah, sekarang disembah
Sampailah kita pada akhirnya, menciptakan emas
Dari ketiadaan, antar sampai atas
Cari siapa yang pantas bicara
Wakili semua, wakili kita
Selamat datang di tingkat tertinggi (selamat datang)
Menanjak, arak-arak, ikuti
Kalau kurang ya tinggal tuang lagi
Dikuras habis kau sampai mati
Membeli legenda, tentang keluarga dan rumah luasnya
Tentang ketaatannya beragama
Terkadang tentang bisnis bajunya
Percintaan dan pernikahannya
Semua yang disiarkan ke dunia
Di titik ini kita pеduli
Obsesi yang dipupuk setiap hari
Semua kеsalahan masa lalu
Semua perkataan yang berlalu
Bung dan nona terbaik bangsa
Semua kita bayar di muka
Di titik ini kita peduli
Tentang konflik dan klarifikasi
Selamat datang di tingkat tertinggi (selamat datang)
Menanjak, arak-arak, ikuti
Kalau kurang ya tinggal tuang lagi
Dikuras habis kau sampai mati
Sempat ku berharap dari hati (dari hati)
Agar diriku suatu hari nanti
Buka baju, komodifikasi
Bisa menjual mulut sendiri
Sampai kita pada akhirnya, penemuan paling mulia
Ciptakan kebutuhan yang tak ada, menjual cerita konflik manusia
Sampai kita pada akhirnya, penemuan paling mulia
Ciptakan kebutuhan yang tak ada, menjual cerita konflik manusia
Sampai kita pada akhirnya, penemuan paling mulia
Ciptakan kebutuhan yang tak ada, menjual cerita konflik manusia",https://images.genius.com/92ccb5a6c75bc62a5eccce70619b9a7d.1000x1000x1.png,https://genius.com/Feast-komodifikasi-lyrics
.Feast,Menghancurkan,"Gunting, batu dan kertas
Semua cara kucoba
Tiban perih yang ada, oh
Dengan sakit terbaru
Aku menuai abu
Darah dalam sela kuku
Mempertontonkan pilu
Gajah, semut, manusia
Berputar di pusara
Di nyawa berikutnya, oh
Lihat aku berduka
Aku menuai abu
Darah dalam sela kukuku
Mempertontonkan pilu
Aku tak jemu-jemu
Siarkan nanah dan retak dalam hatiku
Tarik tiket ke dunia
Kupasang tarif ‘tuk pasang
Mata yang menyaksikan
Bersorak untuk jiwa
Yang rusak, tayangkan langsung
Di panggung, di ponsel
Di algoritma
Aku menuai abu
Darah dalam sela kukuku
Mempertontonkan pilu
Aku tak jemu-jemu
Siarkan nanah dan retak dalam hatiku
Tarik tiket ke dunia
Aku membangun dan aku menghancurkan
Aku membangun dan aku menghancurkan
Aku membangun dan aku menghancurkan
Aku membangun dan aku menghancurkan",https://images.genius.com/2c8b2fbf2893359b1847566d2500a5fc.1000x1000x1.png,https://genius.com/Feast-menghancurkan-lyrics
Hindia,Forgot Password,"Kuyakin kau sama juga seperti aku, benci butuh dunia maya
Segala hal baik kudoakan untukmu, karena kutahu rasanya
Buat salah di sana, babak belur dicerca
Buat salah di sana, sakiti yang kucinta
Aku tahu kau juga melihat aku buang jiwa di sana
Terbawa apa pun yang terlihat bebas, lupa bawa logika
Buat salah di sana, kematian jadi doa
Buat salah di sana, nilaiku hilang sempurna
Dan semua pun sibuk menjebak, terjebak
Menggonggong, merintih, mohon pertolongan dari
Diri sendiri
Dan aku sadari
Semua berisik, ku berteriak
Semua berisik, kupilih diam
Aku membenci sepenuh hati
Aku menjadi hal yang kubenci",https://images.genius.com/d16ab978dc13fbebf1708f5866ca8b24.1000x1000x1.png,https://genius.com/Hindia-forgot-password-lyrics
.Feast,Konsekuens,"Inikah kehidupan yang kau mau?
Apakah ini cerita yang kau mau?
Inilah dunia yang kau wariskan
Sesuatu yang sempat kau banggakan
Bacalah petaka yang kau tuliskan
Burukmu terpampang terang-terangan
Di udara dosamu lengkap tercatatkan
Borok jagat maya terabadikan
Darah di tanganmu dalam ingatan
Amanah
Bertulah
Berbuat maka kau harus terima
Berbuat maka kau siap derita
Mulutmu bersumpah ugal-ugalan
Jauhkan nama dari kecelakaan
Saat ditunjuk nanti kau salahkan kami
Jika takut hangus jangan kau main api
Mulutku menyerang asal-asalan
Seakan aku siap jadi panutan
Saat ditunjuk nanti ku mengelak lagi
Aku takut hangus tapi kumain api
Amanah
Bertulah
Berbuat maka kau harus terima
Berbuat maka kau siap derita
Kullu nafsin bimaa kasabat rahiinah
Kullu nafsin bimaa kasabat rahiinah
Kullu nafsin bimaa kasabat rahiinah
Kullu nafsin bimaa kasabat rahiinah
Amanah
Bertulah
Aku membangun dan aku menghancurkan
Aku membangun dan aku menghancurkan
Aku membangun dan aku menghancurkan
Aku membangun dan aku menghancurkan",https://images.genius.com/cec3359d35efe3f4df3a2481c309bee0.1000x1000x1.png,https://genius.com/Feast-konsekuens-lyrics
Hindia,the world is ending all over again,"Matikan ponselmu
Berita selalu sama saja
Matikan hatimu
Tak perlu kau bela penguasa
The world is ending all over again
Oh well, I don’t care, pick me up at ten
Buang simpatimu
Kau pun sedang lewati bencana
Aaaa
Makin tak berdaya
Aaaa
Makin terbiasa
The world is ending all over again
Oh well, I don’t care, pick me up at ten
Ku tak peduli
The world is ending all over again
The world is ending all over again
Oh well, I don’t care, pick me up at ten
Ku tak peduli
Right now I’m used to all this fading pain",https://images.genius.com/4f47be92df2b8f160b23e5ef066609b7.1000x1000x1.png,https://genius.com/Hindia-the-world-is-ending-all-over-again-lyrics
Hindia,hated in the Nation,"We don’t talk about this back home
Lock me up if I talk about this back home
Mistreated some of us back home
Colonized what’s left in the West back home
We sure play pretend back home
Picking scraps of what we used to call home
Cautious of how I use my phone
Fearful of how I set my tone
Can only sing these songs in English
I know my chance yeah so I’ll take the piss
I don’t have much time, let me finish
A little space for things to say
That got me oh,
hated in the nation
I know I’ll be oh, hatеd in the nation, the nation
We can’t talk about this back homе
Tiptoe when you talk about home
I know you get demonized back home
Full speed, demolition back home
Can only sing these songs in English
Unless I wanna sleep with the fishes
Saudara sedarah menangis
A little space for things to say
That got me oh, hated in the nation
I know I’ll be oh, hated in the nation, the nation
Oh, hated in the nation
I know I’ll be oh, hated in the nation, the nation
Oh, hated in the nation, I know I’ll be
Oh, hated in the nation, the nation
Oh, hated in the nation, I know I’ll be
Oh, hated in the nation, the nation",https://images.genius.com/4f47be92df2b8f160b23e5ef066609b7.1000x1000x1.png,https://genius.com/Hindia-hated-in-the-nation-lyrics
Hindia,betty,"Today I hope that I get better
So I can love you more, so I can hear you more
Today I hope that I get better
Today I hope my heart gets stronger
Today I hope my smile gets wider
So I can finally say that I’m doing okay
Today I hope that you fly higher
Somehow I know that you’ll be fine
Oh, rebahlah
Tubuhmu, pejamkan mata
Oh, percayalah
Tubuhmu penuh cahaya
Today I realized through this song
That you were talking through me, always been talking through me
Baby you were always our angel
Someday I hope seeing your picture won’t be so painful
Today I hopе that we had more time
So I could hug you morе, so I could kiss you more
Today I’m here learning to let go
Somehow I know that you’ll be fine
Oh, rebahlah
Tubuhmu, pejamkan mata
Oh, percayalah
Tubuhmu penuh cahaya
Oh, tidurlah
Yang tenang, aku beranjak
Oh, semua makhluk
Berbahagia, malaikat kecilku
[Bridge:
Meidiana Tahir
& Clara Friska Adinda]
Tidur yang tenang malaikatku
Jika bahagia
Yang kurasa
Hanya semantara
Akan kuhabiskan
Semua waktuku
Hanya bersamamu
Jika bahagia
Yang kurasa
Hanya sementara
Akan kuhabiskan
Semua waktuku
Hanya bersamamu",https://images.genius.com/4f47be92df2b8f160b23e5ef066609b7.1000x1000x1.png,https://genius.com/Hindia-betty-lyrics
Hindia,Siapa yang Akan Datang ke Pemakamanmu Nanti?,"Kau duduk kaku di tepi tempat tidur
Terdengar isak tangis, hati keluargamu hancur
Bergegas, kau ikuti konvoi ke liang lahat
Berkumpul di tempat terakhir beristirahat
Tanah terbuka dan bumi menganga
Melihatnya kau sadar uang hanya sementara
Lihat petimu dibalut duka dan lara
Dan beberapa berharap kau masuk neraka!
Siapa yang akan datang ke pemakamanmu
Nanti?
Siapa yang dalam diam berharap kau ‘tuk cepat
Mati?
Tetangga dan teman mana yang terpukul?
Pasti hadir, lihat peti dan tawarkan memikul?
Akankah kucing komplekmu sedih kau telah tiada?
Cukup baikkah kau ke yang tidak punya kuasa?
Selesaikah semua ikatanmu di dunia?
Apa kalimat terakhirmu untuk yang kau cinta?
Tanah terbuka dan bumi menganga
Melihatnya kau sadar hidup hanya sengsara
Lepas dari penjara fisik, langit bergema
Sekarang namamu diuji kematian kedua
Oh, hidup hanya sengsara!
Siapa yang akan datang ke pemakamanmu
Nanti?
Siapa yang dalam diam berharap kau ‘tuk cepat
Mati?
Siapa yang akan datang ke pemakamanmu nanti?
(Siapa yang akan datang?)
(Siapa yang akan datang?)",https://images.genius.com/d16ab978dc13fbebf1708f5866ca8b24.1000x1000x1.png,https://genius.com/Hindia-siapa-yang-akan-datang-ke-pemakamanmu-nanti-lyrics
Lomba Sihir,Semua Orang Pernah Sakit Hati,"[Verse 1: Hindia &
Natasha Udu
]
Cari-cari baju rapi lagi
Akhir pekan, pesta pernikahan lagi
Setelan yang itu-itu lagi
Kaca bosan bentukanku sama lagi
Ambil kambing guling, salaman, foto lalu pulang
Jangan lupa foto sebelum pulang
Inginnya memang tidak peduli
Apa daya, ujungnya alkohol lagi
Cari-cari trauma, saat hilang pasti ngetweet lagi
Jika ada yang harus diingatkan ya pasti hanyalah diriku
Bahwa banyak hal yang harus dipikirkan selain cinta melulu
Berhenti mengira hanya aku yang paling pantas untuk mengeluh
Semua kepingan baik akan datang namun mereka perlukan waktu
Sabar, yang perlu kau kenal ya dirimu
Yang perlu kurangi minum kamu
Yang perlu nasihat masih kamu
Bahwa semua orang pernah sakit hati
Semua orang pernah patah hati
Semua orang pernah ingin mati
Semuanya pernah ditinggal pergi
Kutip-kutip kata bijak lagi
Akhir tahun, bikin resolusi lagi
Ambil hati omongan orang, lantas gagal tenang
Semua disalahkan, selalu kurang
Cari pelarian, tak pernah kenyang
Jika ada yang harus diingatkan ya pasti hanyalah diriku
Bahwa banyak hal yang harus dipikirkan selain cinta melulu
Berhenti mengira hanya aku yang paling pantas untuk mengeluh
Semua kepingan baik akan datang namun mereka perlukan waktu
Sabar, yang perlu kau kenal ya dirimu
Yang perlu kurangi minum kamu
Yang perlu nasihat masih kamu
Bahwa semua orang pernah sakit hati
Jika ada yang harus diingatkan ya pasti hanyalah diriku
Bahwa banyak hal yang harus dipikirkan selain cinta melulu
Berhenti mengira hanya aku yang paling pantas untuk mengeluh
Semua kepingan baik akan datang namun mereka perlukan waktu
Sabar, yang perlu kau kenal ya dirimu
Yang perlu kurangi minum kamu
Yang perlu nasihat masih kamu
Bahwa semua orang pernah sakit hati",https://images.genius.com/c813e9fa379b83d6ea9a41a57a8cd4ca.1000x1000x1.png,https://genius.com/Lomba-sihir-semua-orang-pernah-sakit-hati-lyrics
.Feast,Dapur Keluarga,"Tidak ada yang tidak untuk sang anak
Si bungsu lantas bahagia dapat
HP Boba
Ibu senyum lalu berbisik “Uang dari mana?”
Kamu pendengar tak perlu tahu bagaimana
Sejauh apa aku mau berusaha?
Setakut apa diriku dengan akhirat?
Hilangkah dosanya jika ada yang kuzakat?
Bolehkah jika demi anakku naik tingkat?
Ingin kucerita tapi dapur keluarga
Gatal bicara tapi bukan urusan kita
Aku takut ternyata itu rahasiamu
Juga ku takut aku nanti begitu
Sebut-sebut namaku dalam akunmu
Kritik kata-kataku yang semu
Karena kucari nafkah dari kejahatan
Kucari makan dari kelaparan
Hidup matimu ada dalam tanganku
Menemukan harta karena kehilangan
Aku tak takut karma, tidak takut neraka
Tak bisa dipidana, semua demi keluarga
Ingin kucerita tapi dapur keluarga
Gatal bicara tapi bukan urusan kita
Aku takut ternyata itu rahasiamu
Repot jika berhadapan dengan ayahmu
Ingin cerita namun pasti ada yang tersinggung
Karena sampai sekarang merasa agung
Benar percaya bersih atau pura-pura tak tahu
Dan mungkin aku begitu
Sebut-sebut namaku dalam akunmu
Kritik kata-kataku yang semu
Karena kucari nafkah dari kejahatan
Kucari makan dari kelaparan
Hidup matimu ada dalam tanganku
Menemukan harta karena kehilangan
Aku tak takut karma, tidak takut neraka
Tak bisa dipidana, semua demi keluarga
Sebut-sebut namaku dalam akunmu
Kritik kata-kataku yang semu
Karena kucari nafkah dari kejahatan
Kucari makan dari kelaparan
Hidup matimu ada dalam tanganku
Menemukan harta karena kehilangan
Aku tak takut karma, tidak takut neraka
Tak bisa dipidana, semua demi keluarga",https://images.genius.com/bc8f91e7dc2b36835f3e42a8d8a31c8a.1000x1000x1.png,https://genius.com/Feast-dapur-keluarga-lyrics
.Feast,Camkan [Original Version],"Kubakar asap yang membumbung tinggi
Kuarahkan ke kiblatku sendiri
Tintaku merangkai ayat pribadi
Mencatat standar dosa duniawi
Pisahkan fantasimu dari diriku
Ritualmu urusanmu
Ritualku urusanku
Camkan
Karma dan membunuh bukan ranahku
Diluar jangkauku untuk kuhakimi
Lihat kembali sila kesatu
Buka kembali pintu interpretasi
Pisahkan fantasimu dari diriku
Ritualmu urusanmu
Ritualku urusanku
Ritualmu urusanmu
Ritualku urusanku
Camkan
Ritualmu urusanmu
Ritualku urusanku
Ritualmu urusanmu
Ritualku urusanku
Camkan
Camkan
Camkan
Camkan
Camkan
Camkan
Camkan
Camkan
Camkan",https://images.genius.com/8138dbf6bd2304cc62b8627d5d377445.1000x1000x1.png,https://genius.com/Feast-camkan-original-version-lyrics
Hindia,Iya... Sebentar,"Gue pingin jadi bokap yang nyantai, yang asyik
Yang bisa berteman dengan anak gue
Tapi dia tetap tahu sopan santun
Tahu tetap cara bertata krama
Tahu tetap behave dan bisa menempatkan dirinya aja, sih
Ayah pertanyakan keputusanku kontrak rumah
Seakan harga tanah semurah saat ia belia
Bunda pertanyakan keputusanku tak menikah
Seakan biaya pendidikan semurah dahulu kala
Awan mempertanyakan minimku berolahraga
Sedikit lagi kiamat, sehatku tidak berguna
Lalu kau pertanyakan apiku kini memudar
Iya sebentar, ku perlu waktu untuk berbinar
Masih bisa kau haha-hihi di tengah pusara?
Dunia sisa lara, aku makan yang seadanya
Bulatkan hatiku sepenuhnya ikhlas berkarya
Masih saja iri diri dengan yang lеbih ada
Iya sebentar, beri aku waktu ‘tuk mеncerna
Nasib yang sial, aku tak minta ‘tuk dilahirkan
Aku mual, perlahan semua menjadi banal
Aku menyerah melihat kotaku disfungsional
Iya sebentar, beri aku waktu ‘tuk berdiam
Dalam ketidakberdayaan melawan negara
Dalam ketidakberdayaan melawan dunia
Dalam ketidakberdayaanku melawan sukma
Iya sebentar, beri aku waktu ‘tuk berdiam
Dalam ketidakberdayaan melawan negara
Dalam ketidakberdayaan melawan dunia
Dalam ketidakberdayaanku melawan sukma
Iya sebentar, beri aku waktu ‘tuk berdiam
Dalam ketidakberdayaan melawan negara
Dalam ketidakberdayaan melawan dunia
Dalam ketidakberdayaanku melawan sukma",https://images.genius.com/d16ab978dc13fbebf1708f5866ca8b24.1000x1000x1.png,https://genius.com/Hindia-iya-sebentar-lyrics
.Feast,Tel Aviv,"Building overrun
Our hope is on the fire exit
Dead television
On every floor we all four went through
You cry upon the dead, I-I pity all the undead
Foul scent, blood and limbs
I'll bear them long as they don't know I
City overrun
Our hope is on the nearest shoreline
All radio line
Static oh we know things are not fine
You cry upon the dead, I-I pity all the undead
They still don't realize I got bit on second floor
I will not be a feral,
(I will survive, I won't)
I will survive
All these blood, what a plague now we all rot
It's horror in Nora's eyes, 'bout time my dear realizes
You cry upon the dead, I say might as well upon me
My mind gets fuzzy, hard to stand my feet getting lousy
I'm out, fall down headfirst
This fever is getting worse
I overheard John argues
""Left him before time is due""
You cry upon the dead, I say right as well upon me
My tongue is static, hands are as cold as the Antarctic
Inside me, my blood is boiling
Will I survive?
The colors I see start fading
Will I survive?
[Verse 5: Baskara &
Haikal
]
It's a shame, all this mess
(Oh, mother time)
Tel Aviv now put to rest
(Help me this time)
Got caught up inside this failed ""System fuck fest both east and west""
You cry upon me, I want you to just shut the fuck up
(I cry upon me, please cry upon me)
I am the 10th man the machine puts men like me to pay
(I am the 10th man our nation puts men like me to pay)
John drags me all the way while my minds lost in space
(Oh drags me all the way, I am lost in space)
Noises ring in my ears, the girls are stricken with fear
(Noises in my ears which to hear unclear)
Sarah stands up points a gun at me, Nora snatches it then I plea
(My people here point their gun at me, I seek god to her it plea)
Honey shoot me, end this torture, set me free
(Mother shoot me, end this torture, set me free)
She lacks the gut to gun me down, I won't survive
Go run away my darling, I won't survive
I won't survive
I won't survive
(Go run away my darling)
(Go run away my darling)
I won't survive
(Go run away my darling)
(Go run away my darling)
I won't survive
(Go run away my darling)
(Go run away my darling)
I won't survive
(Go run away my darling)
(Go run away my darling)
I won't survive
(Go run away my darling)
(Go run away my darling)
I won't survive
(Go run away my darling)
(Go run away my darling)
I won't survive
(I'll rot in my land)
(Go run away my darling)
I won't survive
(I'll die by your hand)
(Go run away my darling)
I won't survive
(Mark my grave with my bones)
(Go run away my darling)
I won't survive
(Mark my grave with these stones)
(Go run away my darling)
I won't survive
(I'll rot in my land)
I won't survive
(Go run away my darling)
(I'll die by your hand)
I won't survive
(Mark my grave with my bones)
(Go run away my darling)
You won't survive
(Mark my grave with these stones)
(Go run away my darling)
You won't survive
You won't survive
Black is my blood, my bones, my limbs, my dear
You won't survive
John's dead and Sarah's next, my darling
You won't survive
Dark is my heart, my intention, my veins, my love
You won't survive
Sarah's a corpse, go run away, no no no
You won't survive
In between the stories for the kids
The colours I see started fading
I was out, fell down headfirst
I opened my eyes
Back again in the middle of elsewhere
There she was
God almighty, standing upon me
She showed me possibilities, bad ones
I was mad, I stood up
Face to face
I asked her
""Why would you let this happen? Where were you whenever we need you?
Were they all your plan?
Am I your son? Or did you adopt me?
Where do you hide the voices of your step-children?
Why do I need to constantly run from my own people?
Why do you let me suffer throughout the years?""
I took two steps closer
Told her my fixed price
I'll still go back and forth in time
Those things I saw, they must not happen
Learn from the past
Learn from possible future
Learn that blood will never be the answer for any conflict
Learn that the only scapegoat is prejudice for people I don't understand
Learn that I don't need to understand everyone
Learn that it would be enough just respecting each other's shoes
Children need to remember that censorship doesn't solve
Friends need to remember that sugar coated message doesn't solve
Ghostfolks need to remember that it's okay to be one in a million
We need to remember that speaking up shouldn't have a price
I need to remember that I saw possible Multiverses in this fucked up world
No guns, no sword
No violent horde
No punishment for people who learn from the past
No mobs swearing to rape anyone who don't fast
No children restrained because differences and class
No religious sites burned down
No school of thoughts gunned down
No stepsons or favored daughters
Just humans
That's what I see
And I'm sorry
If the state got me
Put a lead in me
If God erased me
After I'm finished telling this story
Please pass this on
And repeat after me
I won't forget who I am
I won't forget yesterday",https://images.genius.com/3a3ca32d35ac5a3e18f5536228061c88.1000x1000x1.png,https://genius.com/Feast-tel-aviv-lyrics
Hindia,Masalah Masa Depan,"Ku tak cukup pintar 'tuk bicarakan uang
Ku tak cukup peka 'tuk bicarakan alam
Tak cukup bijak 'tuk bicarakan orang
Pikiranku bertandang, jauh dari sekarang
(Yang kutahu besok hancur berantakan)
Seperti kata orang pintar macam Gita Wirjawan
(Dan kutahu siapa untuk disalahkan)
Masalah masa depan, biar mereka bereskan
Berdiri di penghujung buku, gemetar lututku, tersisa ragu
Berlindung di belakang tawa, di dalam hati tersisa ragu
Hari ini apa yang lucu? Jutaan cara 'tuk batin yang gagu
Berdiri di akhir dunia, di minggu ini tersisa ragu
Lawan resesi modalku hanya pas-pasan
Lawan emisi pun aku hanya figuran
Tak cukup penting 'tuk bikin perubahan
Nasibku tak karuan, tidak digenggam tangan
(Yang kutahu hadapi sambil berjalan)
Seperti kata orang bijak yang paham kebatinan
(Dan kutahu siapa untuk disalahkan)
Masalah masa depan, aku punya peranan
Berdiri di penghujung buku, gemetar lututku, tersisa ragu
Berlindung di belakang tawa, di dalam hati tersisa ragu
Hari ini apa yang lucu? Jutaan cara 'tuk batin yang gagu
Berdiri di akhir dunia, di minggu ini tersisa ragu
Ke manakah
Pelik esok hari kan bawaku pergi
Di antara
Berjuta nama, aku hanya angka, bukan sesiapa
Berdiri di penghujung buku, gemetar lututku, tersisa ragu
Berlindung di belakang tawa, di dalam hati tersisa ragu
Hari ini apa yang lucu? Jutaan cara 'tuk batin yang gagu
Berdiri di akhir dunia, di minggu ini tersisa ragu",https://images.genius.com/d16ab978dc13fbebf1708f5866ca8b24.1000x1000x1.png,https://genius.com/Hindia-masalah-masa-depan-lyrics
eaJ,right where you left me,"Translations
Português
Baby, can I even call you that anymore?
Lately, I've been in a thousand parts on the floor
Told me that there's no one else and you left me for yourself
But I know you love me still, that's what makes it hurt like hell
You know it's never over 'til we both walk away
Although my tears are running, I'll be staying in place
Let's not make it complicated, I don't even got to say to you
I'll be right here, right where you left me
(Woah, woah, woah, woah, woah)
If you forget me
(Woah, woah, woah)
If you forget me (Woah, woah)
Just remember right where you left me
From waking up in your arms to wondering where you are (Wondering where you are)
Talking 'bout the home we want, to watching it fall apart
You know it's never over 'til we both walk away
Although my tears are running, I'll be staying in place
Let's not make it complicated, I don't even got to say to you (Aku masih di sini)
I'll be right here, right where you left me
(Woah, woah, woah, woah, woah)
If you forget me
(Woah, woah, woah)
If you forget me (Woah, woah)
Just remember right where you left me
If you forget me, oh
Oh, if you forget me
Just remember right where you left me
Please don't forget me
Please don't forget me
Don't you ever forget
Please don't forget me",https://images.genius.com/d81212ed122b492ad278ac8291b4b587.1000x1000x1.png,https://genius.com/Eaj-and-hindia-right-where-you-left-me-lyrics
RAN,Si Lemah,"Lirik ""Si Lemah""
[Verse 1: Nino &
Hindia
]
Hai kau si lemah dalam cermin
Mari beradu mata dan mulai bicara
Tentang pijar resah yang menyala
Benarkah ini yang kau ingin
Pura-pura sempurna, kelabui cela
Demi aman, nyamanmu tersia
Hai si lemah, buatlah semesta menerima
Dirimu apa adanya
Relakanlah, masih banyak senyum di dunia
Yang bisa terima semua indah kurangmu
Bila engkau berbeda, jangan kau benci dirimu
[Verse 2:
Rayi
]
Habis daya bangun imaji
Hingga bohongmu tak lagi berbohong lagi
Yang kau tipu dirimu sendiri
Hai si lemah, buatlah semesta menerima
Dirimu apa adanya
Relakanlah, masih banyak senyum di dunia
Yang bisa terima semua indah kurangmu
Bila engkau berbeda, jangan kau benci dirimu
[Bridge:
Hindia
, Nino &
Rayi
]
Pagi yang berat
Kasur yang erat
Menahan dirimu bersinar, berguna
Di mata dunia
Tarik nafas yang dalam dan dengarkan ini
Apa pun yang kau idap atau menghantui
Bukan halanganmu untuk kalahkan hari
Kamu berarti
,
kamu berarti
, kamu berarti
Kamu berarti
Hai si lemah, buatlah semesta menerima
Dirimu apa adanya
Relakanlah, masih banyak senyum di dunia
Yang bisa terima semua indah kurangmu
Bila engkau berbeda
Bila engkau berbeda
Janganlah kau benci dirimu",https://images.genius.com/485092fd1311f95962832a958db92995.1000x1000x1.jpg,https://genius.com/Ran-si-lemah-lyrics
.Feast,Ali,"Gunung, laut, angkasa
(gunung, laut, angkasa)
Aku yang berkuasa
(aku yang berkuasa)
Perintahku perkasa
(perintah ku perkasa)
Figur pilihan bangsa
(figur pilihan bangsa)
Siapa yang dipercaya, menyesalkah kita?
Kubenahi nusantara
Raja di khatulistiwa
Warta Jayabaya tiba
Tuhan manusia
(berkuasa)
Tuhan manusia
(berkuasa)
Tuhan manusia
(berkuasa)
Tuhan manusia
(berkuasa)
Tuhan manusia
(berkuasa)
Neraka dan kahyangan
(neraka dan kahyangan)
Dalam telapak tangan
(dalam telapak tangan)
Semua ia ratakan
(semua ia ratakan)
Semua ia dirikan
(semua ia dirikan)
Siapa yang ia bela, menyesalkah kita?
Kubenahi nusantara
Raja di khatulistiwa
Warta Jayabaya tiba
Tuhan manusia
(berkuasa)
Tuhan manusia
(berkuasa)
Tuhan manusia
(berkuasa)
Tuhan manusia
(berkuasa)
Tuhan manusia
(berkuasa)
A-A-Ali
A-A-Ali
A-A-Ali
A-A-Ali
Sebut namanya sejuta kali!
A-A-Ali
A-A-Ali
A-A-Ali
A-A-Ali
A-A-Ali
A-A-Ali
A-A-Ali
A-A-Ali
A-A-Ali
A-A-Ali
A-A-Ali",https://images.genius.com/a1b6cbf7999bf02b5fb2714b1acadf5a.1000x1000x1.png,https://genius.com/Feast-ali-lyrics
.Feast,Gugatan Rakyat Semesta,"(Rapatkan barisan, petir di kepalan tangan)
(Rapatkan barisan, petir di kepalan tangan)
(Rapatkan barisan, petir di kepalan tangan)
(Rapatkan barisan, petir di kepalan tangan)
Sudah siapkah kau 'tuk melihat esok hari?
Tanpa parasit yang makan lebih dari babi
Tanpa kaki yang bersepatu semahal sapi
Mulut yang semanis minuman berkarbonasi
Sudah siapkah kau 'tuk ciptakan esok hari?
Kau kepung kastil yang berpura-pura peduli
Duduki atap hijau dan mereka kabur lari
Bendera warna-warni kau tak dipecah lagi
Tak ada waktu yang benar-benar tepat
Ciptakanlah sendiri
Tak ada tembok yang benar t'rlalu kuat
Rapatkan barisan, petir di kepalan tangan
Ku tak memintamu 'tuk taruh nyawa di jalan
Ku hanya b'ri tahu bahwa s'lalu ada jalan
Jika kau sangat serius ingin perubahan
M'reka kira kau lemah, maka kau jadi setan
Sudah siapkah kau 'tuk hidupi esok hari?
Apa pun yang kau percayai, pasti hakiki
Siapa pun yang kau cintai, kau dihargai
Dari mana kau datang dan pergi, dilindungi
Kеnyamanan hanya dipinjamkan sementara
Tunjukkan bahwa kaulah yang pegang pеrcaya
Tunjukkan bahwa kaulah yang punya kuasa
Tunjukkan gemuruh gugatan rakyat semesta
Ku tak memintamu 'tuk taruh nyawa di jalan
Ku hanya b'ri tahu bahwa s'lalu ada jalan
Jika kau sangat serius ingin perubahan
M'reka kira kau lemah, maka kau jadi setan
(Rapatkan barisan, petir di kepalan tangan)
(Rapatkan barisan, petir di kepalan tangan)
(Rapatkan barisan, petir di kepalan tangan)
(Rapatkan barisan, petir di kepalan tangan)
Rapatkan barisan, petir di kepalan tangan
Rapatkan barisan, petir di kepalan tangan
Rapatkan barisan, petir di kepalan tangan
Rapatkan barisan, petir di kepalan tangan
Rapatkan barisan, petir di kepalan tangan
Ku tak memintamu 'tuk taruh nyawa di jalan
Ku hanya b'ri tahu bahwa s'lalu ada jalan
Jika kau sangat serius ingin perubahan
M'reka kira kau lemah, maka kau jadi setan
Ku tak memintamu 'tuk taruh nyawa di jalan
Ku hanya b'ri tahu bahwa s'lalu ada jalan
Jika kau sangat serius ingin perubahan
M'reka kira kau lemah, maka kau jadi setan
Rapatkan barisan, petir di kepalan tangan
Rapatkan barisan, petir di kepalan tangan
Rapatkan barisan, petir di kepalan tangan
Rapatkan barisan, petir di kepalan tangan
Rapatkan barisan, petir di kepalan tangan
Rapatkan barisan, petir di kepalan tangan
Rapatkan barisan, petir di kepalan tangan
Rapatkan barisan, petir di kepalan tangan
Rapatkan barisan, petir di kepalan tangan
Rapatkan barisan, petir di kepalan tangan
Rapatkan barisan, petir di kepalan tangan
Rapatkan barisan, petir di kepalan tangan",https://images.genius.com/eba44248e3b10e0151a339a0a7be098d.1000x1000x1.png,https://genius.com/Feast-gugatan-rakyat-semesta-lyrics
.Feast,Kelelawar [Revisi Final Fix Banget],"Lirik “Kelelawar”
Unjuk rasa di alun-alun neraka
Mengguyur luka mayoritas dengan vodka
Menantang maut, mengadu sikut
Membabi buta, bela logika
Menantang cakrawala
Tutup mata mengarungi lorong waktu
Jangan patah arang saat hasil belum menentu
Kejar jawaban dari Coki, Rey dan Viki
Guna mencari
Siapa, mengapa
Di mana, apa
Bagaimana
Banyak cara taklukkan malam
Banyak cara hancurkan sulam
Banyak cara kelinci dibalap kura-kura
Kelelawar, tak akan dibutakan surya
Tak akan dibutakan surya
Terjun bebas dari puncak Jayapura
Menendang bigot jatuh ke dasar samudra
Bermuka dua, lidah bercabang tiga
Raga terbelah
Lima lawan berenam
Tujuh, delapan
Maju semua
Banyak cara taklukkan malam
Banyak cara hancurkan sulam
Banyak cara kelinci di balap kura-kura
Kelelawar, raja malam
[Bridge: Baskara &
Karaeng
]
Tak akan dibutakan surya
Tak akan dibekukan duka
Kebal racun takkan tertawa
Takkan menghirup bunga gila
(Di dalamku multisemesta)
Kebal tirani rata-rata
(Urat nadiku seribu nyawa)
Tidak takut takhayul dewa
(Di dalamku multisemesta)
Kebal gertak masuk neraka
(Urat nadiku seribu nyawa)
Suci tanpa harus didoa
(Di dalamku multisemesta)
Kebal tirani rata-rata
(Urat nadiku seribu nyawa)
Tidak takut takhayul dewa
(Di dalamkumultisemesta)
Kebal gertak masuk neraka
(Urat nadiku seribu nyawa)
Suci tanpa harus di doa
[Outro:
Karaeng
& Baskara]
(Di dalamku multisemesta)
(Urat nadiku seribu nyawa)
Tak akan dibutakan surya
(Di dalamku multisemesta)
(Urat nadiku seribu nyawa)
Tak akan dibekukan duka
(Di dalamku multisemesta)
(Urat nadiku seribu nyawa)
Tak akan dibutakan surya
(Di dalamku multisemesta)
(Urat nadiku seribu nyawa)
Tak akan dibekukan duka",https://images.genius.com/768a9e75419a3604d11fe1ebdc4e0039.1000x1000x1.png,https://genius.com/Feast-kelelawar-revisi-final-fix-banget-lyrics
Hindia,Setengah Tahun Ini,"Six and a half months after releasing his debut album Menari dengan Bayangan, Hindia brings the album’s cycle to a close with this standalone single that musically and lyrically recaps the album, as well as…
Read More
Setengah tahun ini kita bertahan
Belajar bermaafan tanpa pertemuan
Setengah tahun ini memanggil Tuhan
Saat bisnis jeblok hilang penghasilan
Siapa sekarang yang tak tahu Wuhan?
Siapa yang suka colongan berdekat-dekatan?
Siapa yang mencibir video “Imagine”
Yang dengar rock metal dan masih gak maafin?
Sebagian kita dirundung murka
Panas melihat Istana yang tidak transparan
Sebagian kita dirundung murka
Karena Omnibus, McD Sarinah, Staf Khusus
Dan semua hati diwabah duka
Bunga untuk semua korban dan yang garda depan
Dan semua hati diwabah duka
Bung Glenn dan cinta dalamnya yang semua rasa
Siapa yang sangka, siapa yang sangka
Enam bulan sekarang terasa selamanya?
Siapa yang sangka, siapa yang sangka
Kita ada di sini, oh absurd rasanya
Absurd rasanya
Setengah tahun ini kuminta izin
Kurangi buka ponsel, bahaya batin
Bersalah besar ke keluarga besar
Harus ikut stres karena ku mulut besar
Banyak omong tapi dari keluarga menengah, banyak gonggong tapi anjing datang ku jengah
Banyak berkah, banyak celah hidup mudah, banyak tulah lahap menjilat ludah
I’m on the run again, no one will find me, put down the razor now, do you want to end me?
Kembali ke tanah, tumbuh cemara lagi, seenaknya beban ‘tuk yang ditinggal mati
Beban ‘tuk yang ditinggal mati
Kita bersama kali ini
Lewati setengah tahun lagi
Kita bersama kali ini
Jangan kau pamit lebih pagi
Kita bersama kali ini
Lewati setengah tahun lagi
Ku masih ingin melihatmu esok hari
Siapa yang sangka, siapa yang sangka
Enam bulan sekarang terasa selamanya?
Siapa yang sangka, siapa yang sangka
Kita ada di sini, oh absurd rasanya
Aku hanya butuh ketenangan
Semua yang sirna kan nanti terganti
Ku masih ingin melihatku esok hari
Menarilah dengan
Bayangan sendiri",https://images.genius.com/530da2ba293e269f12bf14cff3a8bf1f.750x749x1.jpg,https://genius.com/Hindia-setengah-tahun-ini-lyrics
Lomba Sihir,Lomba Sihir!,"Selamat datang di ujung dunia!
Seperempat masa lamanya, mencari kawan seirama (Oh oh oh)
Mencoba peruntungan, mencoba ‘tuk selaras
Semua semua dijalani, basa-basi, basa-basi (Oh oh oh)
Tak terasa hingga hari ini, tak terpikirkan ‘tuk pergi
Dan jika bukan suratannya
Akankah kau usahakan
‘Tuk kita terus berjalan?
Selamat datang di ujung dunia, kita tak sengaja bersama
Melawan takdir kalahkan dunia, semoga selalu hingga ujung usia
[Verse 2: Rayhan Noor &
Hindia
]
Dia tertawa di tempat-tempat yang sepi, yang satu lagi dikit sedikit emosi
Yang satu lupa cara berhemat, yang satu bisnisnya tak kunjung berbuah
Coba tanyakan cara dia kendalikan cuaca
Dulu party, berlari, cari jati diri, lagi dan lagi dan lagi
Selamat datang di ujung dunia, kita tak sengaja bersama
Melawan takdir kalahkan dunia, semoga selalu hingga ujung usia
Terima kasih telah singgah hari ini
Terima kasih kau hangatkan ruang ini
Terima kasih, terima kasih, terima kasih, oh oh
Oh oh oh, oh oh oh
Oh oh oh oh
Dan jika bukan suratannya
Akankah kau usahakan
‘Tuk kita terus berjalan?
(Seperti maumu)
Selamat datang di ujung dunia, kita tak sengaja bersama
Melawan takdir kalahkan dunia, semoga selalu hingga ujung usia
Selamat datang di ujung dunia, kita tak sengaja bersama
Melawan takdir kalahkan dunia, semoga selalu hingga ujung usia",https://images.genius.com/770c94ddffdf3f474448c19c60b9c99b.1000x1000x1.png,https://genius.com/Lomba-sihir-lomba-sihir-lyrics
Hindia,Alexandra,"Sasa, malam ini mau pergi ke mana?
Masih bisakah kau dan teman-temanmu rayakan dunia?
Tengah malam ini ‘kan bertemu siapa?
Bisakah ia tersenyum menyikapi dunia?
Maukah kalian memaafkan kami semua?
Kami rampas berbagai hal yang bisa buatmu bahagia
Jalanmu berat, seumur hidup
Semoga ada bara yang tersisa
Pun kata maaf, jauh terlambat
Datang, salahkan kami
Jika suatu saat kau jadi ibu juga
Paman harap kau ajarkan ia ‘tuk merayakan dunia
Semoga ia tak ulangi lalai kami semua
Bisakah tak kau rampas api itu dari dalam dirinya?
Jalanmu berat, seumur hidup
Semoga ada bara yang tersisa
Pun kata maaf, jauh terlambat
Datang, salahkan kami
Salahkan kami, kami mengerti
Satu hal yang bisa kau tiru hanya perihal merusak diri
Berharap hal baik yang kau temui hari ini berarti
Saat kau dewasa nanti
Jalanmu berat, seumur hidup
Semoga ada bara yang tersisa
Pun kata maaf, jauh terlambat
Datang, salahkan kami
Jalanmu berat, seumur hidup
Semoga ada bara yang tеrsisa
Pun kata maaf, jauh terlambat
Datang, salahkan kami",https://images.genius.com/d16ab978dc13fbebf1708f5866ca8b24.1000x1000x1.png,https://genius.com/Hindia-alexandra-lyrics
Hindia,Malaikat Berputar di Atas Pencakar Langit,,https://images.genius.com/d16ab978dc13fbebf1708f5866ca8b24.1000x1000x1.png,https://genius.com/Hindia-malaikat-berputar-di-atas-pencakar-langit-lyrics
Hindia,YAAYO,"Aku membenci, aku menghakimi
Setengah mati tapi saat ini
Aku tak tahu apa kau mau bicara serius
Tentang bagaimana instrumen negara bunuh anaknya
You just want some fries, would you like some tea? Give you ABC
You don’t want none of my activist shit
So give me three minutes, I’m gonna crank you out another hit
‘Cause last time I heard you just wanna
Dance with me
If you just wanna dance with me (YAAYO)
You just wanna dance with me
If you just wanna dance with me (YAAYO)
Jika kau ingin lupa sebentar keadaan yang sukar
Tanah air yang pudar, hukum yang kian memelar
Dance with me
If you wanna dance with me
If you wanna
Bounce
Blazing in the fray, throw your hands away
Count me in
Ingin mati rasa, apa kau bisa tetap berdansa
Jika terselip kubicara tentang
Papua
(Kanjuruhan)
If you’re not comfortable then just scroll up
If you’re not comfortable then go fuck yourself
If you’re not comfortable then you know you just wanna
Dance with me
If you just wanna dance with me (YAAYO)
You just wanna dance with me
If you just wanna dance with me (YAAYO)
Jika kau ingin lupa sebentar keadaan yang sukar
Tanah air yang pudar, hukum yang kian memelar
Dance (dance) with me
If you wanna dance with me (YAAYO)
If you wanna
YAAYO",https://images.genius.com/4f47be92df2b8f160b23e5ef066609b7.1000x1000x1.png,https://genius.com/Hindia-yaayo-lyrics
Lomba Sihir,Mungkin Takut Perubahan,"Nananana nanana
Nananana nana
Nananana nanana
[Verse 1: Hindia &
Udu
]
Banyak alasan ku tetap di sini
Kamu tak pernah suka dengan orang di dalamnya
Tumbuh berkembang terlahir di sini
Kau banyak alasan
Semoga semuanya teraih
Semoga tak patah hati
Mungkin sudah yang terbaik, mungkin karena kakak-adik
Mungkinkah terlalu nyaman, mungkin takut perubahan
Jika suatu saat nanti aku kan mati di sini
Belantara kejam ini t’lah tuntas mencuri hatiku
[Verse 2: Rayhan Noor,
Hindia & Udu
]
Siapa yang kau lindungi selain dirimu?
Siapa yang kan peduli jika kau pergi?
Betul, namun tetap takkan mudah
Kau bukanlah seorang penyerah
Semua pun lelah dan jengah
Kali ini berserah
Mungkin sudah yang terbaik, mungkin karena kakak-adik
Mungkinkah terlalu nyaman, mungkin takut perubahan
Jika suatu saat nanti aku kan mati di sini
Belantara kejam ini t’lah tuntas mencuri hatiku
Sedikit senyum palsu
Abaikan angin lalu (abaikan angin lalu)
Walau panas dan berdebu
Hanya ada kamu sepanjang hidupku
Mungkin sudah yang tеrbaik, mungkin karena kakak-adik
Mungkinkah terlalu nyaman, mungkin takut perubahan
Jika suatu saat nanti aku kan mati di sini
Bеlantara kejam ini t’lah tuntas mencuri hatiku
Nananana nanana
Nananana nanana
Nananana nanana",https://images.genius.com/c813e9fa379b83d6ea9a41a57a8cd4ca.1000x1000x1.png,https://genius.com/Lomba-sihir-mungkin-takut-perubahan-lyrics
Hindia,aku berharap ini tak terjadi kepadamu,"Tengah tahun siang bolong, mantan manajer jalan empat tahun
Ditembak di muka langsung pikun, ketahuan nyolong
Berkali-kali, ketahuan curang, pakai uang kas, pakai wewenang
Sering bicara dari belakang, tebar benih, anak-anak saling serang
Sering bawa cerita, kosong, ternyata bohong
Tiap kali dikoreksi kami dipotong
Angkuh, dagu naik terus, semua harus tentang dia
Sampai hari ini dampaknya masih diperbaiki, enggak yakin dia merasa bersalah
Tengah tahun sore cerah, enggak nyangka akan dengar kalimat seperti itu
Sempat enggak percaya, diam membatu beberapa hari
Semua dikerjakan pakai hati, semua dikerjakan buat keluarga sendiri
Enggak pernah sekali pun mikirin uang duluan
Karena omongan tersebut jadi mikir pelan-pelan
Panjang pertimbangan sampai akhirnya terpaksa
Tinggalin rumah yang dibikin sendiri
Masih sedih sampai hari ini
Masih mikir apa ini salah kalau lagi sendiri
Tapi gue enggak akan mau digituin lagi
Awal tahun pagi-pagi, tengkar terbesar di hubungan kami
Karena gue cari pelarian dari masalah yang harusnya gue hadapi
Hampir aja gue buang apa yang ada secara sia-sia
Cari perhatian dari orang lain, selama setahun terapi puluhan sesi
Malunya ada sampai hari ini
Karena gue enggak sebaik yang orang pikir di dalam hati
Akhir tahun tengah malam, selesai mengerjakan tiga lagu kiriman Emir
Turun ke bawah, duduk sebentar
Lari bawa Mbak Betty ke rumah sakit
Berhari-hari merasa gagal, apa jika gue turun lebih cepat dia selamat
Enggak pernah merasa sepedih ini, anak gue yang gue rawat udah enggak ada
Hari ini setengah delapan, mengerjakan lagu ini kiriman Kareem
Enggak jadi masuk album kedua
Apakah gue cukup berani buat ngomongin semua ini?
Terlepas dari semua hal yang gue takutkan
Udah lulus terapi lewat setahun
Gue bukan kesalahan gue di masa lalu
Gue bukan luka-luka gue di masa lalu
Rasa sakit itu pasti
Penderitaan adalah pilihan diri sendiri",https://images.genius.com/4f47be92df2b8f160b23e5ef066609b7.1000x1000x1.png,https://genius.com/Hindia-aku-berharap-ini-tak-terjadi-kepadamu-lyrics
Lomba Sihir,Sofa,"Apa kenang
Yang terakhir kau ingat
Kusam
Ku di sini saksikan segalanya
Obrolan jam tiga pagi
, abu rokok, remah makanan
Berantakan
Andai ku bisa bicara, banyak yang ingin kusampaikan
Semua cerita yang engkau lalui
Drama dan tawa
Rebahlah, kau tahu ku selalu di sini
Ku bersamamu, dirimu malam ini
Di sini satu per satu beban terurai
Tak seburuk yang kau bayangkan
Pergulatan batinmu, keruhnya kepalamu
Selesai dengan besar hatimu
[Pre-Chorus: Natasha Udu &
Rayhan Noor
]
Obrolan jam tiga pagi (
Jam tiga pagi
), abu rokok, remah makanan (
Remah makanan
)
Berantakan (
Berantakan
)
Andai ku bisa bicara banyak yang ingin kusampaikan (Kusampaikan)
Biarku perlihatkanmu
Semua cerita yang engkau lalui
Drama dan tawa (Drama dan tawa)
Rebahlah, kau tahu ku selalu di sini (Ku selalu di sini)
Ku bersamamu, dirimu malam ini
[Bridge:
Hindia
& Natasha Udu]
Helai rambutmu di sela lipatanku
Ada yang memutih
Busaku (Busaku, busaku) menipis, semoga masih nyaman
‘Tuk kau bersandar
Semua cerita yang еngkau lalui
Drama dan tawa
Rebahlah (Rebahlah), kau tahu ku selalu di sini
Ku bеrsamamu, dirimu malam ini
Semua (Semua) cerita yang engkau lalui (Yang engkau lalui)
Drama dan tawa (Tawa)
Rebahlah, kau tahu ku selalu di sini
Ku bersamamu",https://images.genius.com/03dd786032b91198dd5335757e6f9e0d.1000x1000x1.png,https://genius.com/Lomba-sihir-sofa-lyrics
Lomba Sihir,Hati dan Paru-Paru,"Melesat di jantung Nusantara
Berdansa bermandikan cahaya
Layar-layar dahsyat menyangga angkasa
Pendar warna-warni menghias udara
Siasat pemasaran termahal bangsa
Latar cerita patah mimpi manusia
Kota memburu anak yang lugu
Jadilah licik s’perti hantu
Sedikit senyum palsu, bawa luaran baru
Tertawalah walau tak lucu, kenakan sepatu terbaikmu
Kau jaga hati dan paru-paru
Dari taring tajam malam Minggu
Jutaan insan yang sibuk menari
Menggulung Thamrin hingga Antasari
Dengan cerita dan luka pribadi
Mengulur waktu hingga Senin pagi
Kota memburu anak yang lugu
Jadilah licik s’perti hantu
Irit pakai nurani, perbanyak basa-basi
Dan perlahan pasti kau kan miliki
Lantai yang tinggi
Kota memburu anak yang lugu
Jadilah licik s’perti hantu
Kota memburu anak yang lugu
Tega sedikit jangan ragu
Sedikit senyum palsu, bawa luaran baru
Kenakan sepatu terbaikmu
Kau jaga hati dan paru-paru
Dari taring tajam malam Minggu
Kau jaga hati dan paru-paru
Dari taring tajam malam Minggu",https://images.genius.com/4a0f5b7e7804aa551277906740754e3c.1000x1000x1.png,https://genius.com/Lomba-sihir-hati-dan-paru-paru-lyrics
Tashoora,Terang,"Oh, oh, oh, oh
Oh, oh, oh, oh
Puja puji pada kata
Santun melantun jenaka
Arus harus yang kuasa
Tanya-tanya yang terlupa
Ayat-ayat memaksa merajam manusia
Surgamu yang mana?
Ayat-ayat memaksa merajam manusia
Surgamu yang mana?
Lima-lima yang tergesa
Lenyap dalam nama-nama yang kau bela
Makna usang dan terulang
Nyala takkan hilang dan jadilah terang
[Chorus: Tashoora,
Tashoora & .Feast
]
Ayat-ayat memaksa merajam manusia
Surgamu yang mana?
Ayat-ayat memaksa merajam manusia
Surgamu yang mana?
Ayat-ayat memaksa merajam manusia
Surgamu yang mana?
Ayat-ayat memaksa merajam manusia
Surgamu yang mana?
[Bridge: Baskara Putra,
Tashoora
]
Ayat-ayat memaksa merajam manusia
Surgamu yang mana?
Kata direkayasa tersinggung apa saja
Surgamu yang mana?
Lalu karangan bunga terbakar sia-sia
Berdebu di udara dan kita yang durhaka
Kota yang khianati, saat ditinggal pergi
Sekarang merana
Pilar-pilar raksasa menjulang tak bermakna (
surgamu yang mana?
)
Surga kita bersama, hilanglah pelayannya
Harapan dan usaha sekarang tinggal rencana (
surgamu yang mana?
)
Neraka kita bersama, hilang penyelamatnya
Pilar-pilar raksasa menjulang tak bermakna (
surgamu yang mana?
)
Surga kita bersama, hilanglah pelayannya
Harapan dan usaha sekarang tinggal rencana (
surgamu yang mana?
)
Neraka kita bersama, hilang penyelamatnya
Harapan dan usaha, sekarang tinggal rencana
Neraka kita bersama, hilang penyelamatnya
Harapan dan usaha, sekarang tinggal rencana
Neraka kita bersama, hilanglah pelayannya
Harapan dan usaha, sekarang tinggal rencana
Neraka kita bersama, hilang penyelamatnya
Harapan dan usaha, sekarang tinggal rencana
Neraka kita bersama, hilanglah pelayannya
Harapan dan usaha, sekarang tinggal rencana
Neraka kita bersama, hilang penyelamatnya
Harapan dan usaha, sekarang tinggal rencana
Neraka kita bersama, hilanglah pelayannya
[Chorus: Tashoora,
Baskara Putra
]
Ayat-ayat memaksa (
harapan dan usaha
)
Merajam manusia (
sekarang tinggal rencana
)
Surgamu yang mana? (
neraka kita bersama, hilang penyelamatnya
)
Ayat-ayat memaksa (
harapan dan usaha
)
Merajam manusia (
sekarang tinggal rencana
)
Surgamu yang mana? (
neraka kita bersama, hilanglah pelayannya
)
Ayat-ayat memaksa (
harapan dan usaha
)
Merajam manusia (
sekarang tinggal rencana
)
Surgamu yang mana? (
neraka kita bersama, hilanglah pelayannya
)
Ayat-ayat memaksa merajam manusia
Surgamu yang mana?",https://images.genius.com/4d2cfe97d34ed7f2ab6823c0492d70e2.1000x1000x1.png,https://genius.com/Tashoora-terang-lyrics
Hindia,Selebrisik,"Aku adalah arsitek (no I’m just kidding, that’s Koil)
Aku tak peduli, kalian better watch your back (watch your back, watch your back)
Kalian bisa panggilku kaum intelek, paling punya knowledge, seleb rajin bersolek kuasai setiap aspek
Spec canggih, high tech, followers siap protect, kuangkat derajatmu waktu engkau ku follback
Get it, get it on, kalian minum dari tong kosong, walau suaraku fals kau tetap sing along
Selebriti jadi candu, kau hisap pakai bong, lalu kumabukkan kalian dengan statement bodong
Social media, televisi, arena bermainku untuk dapat komisi
Comment semua isu, aku butuh validasi, adiksi monetisasi lalu aku selebrasi
No matter how I do it you’ll keep walking around, trash talking but menina you are trying too hard
‘Cause I’ll be saying tô nem ai, eu não tô nem ai (mas que porra, mas que porra, mas que porra)
Se ele soubesse, esse, ele mesmo é um lixo assim, muito trashy
Then I’ll be saying tô nem ai, eu não tô nem ai
Lebih baik tutup mulutmu karena ku sudah duluan menutup mulutku
Karena ilmu milikmu tidak pernah di situ, pun aku mustahil selalu melek, kau halu
Kamu hanya target pasar, produk jualan korporasi jemput antar
Modal cerita sedih bisa main kasar, narasi kesehatan mental menggelegar
Lebih baik tutup mulutmu karena ku sudah duluan menutup mulutku
Lebih baik tutup mulutmu karena ku sudah duluan menutup mulutku
Lebih baik tutup mulut, lebih baik tutup mulutmu, kututup mulutmu lebih baik
Lebih baik tutup mulutmu, karena ku sudah duluan menutup mulutku
Let’s go",https://images.genius.com/d16ab978dc13fbebf1708f5866ca8b24.1000x1000x1.png,https://genius.com/Hindia-selebrisik-lyrics
.Feast,Belalang Sembah,"Kusimpan tubuhmu
Dalam kantong kiriku
Setiap saat kulit ini hendak bergesekan
Keringat bertemu saat jari ke kanan
Tak percaya semua yang kulihat dari layar
Kecuali apa yang keluar dari bibirmu
Yang hakiki hanya topografi lekukmu
Namun sabun kita berbeda wangi
Dan tubuhmu dibalut hal berbeda tiap malam
Saat ini ku masih figuran buram
Tapi jadikanku
Belalang sembah
Walau sebentar kupercaya indah
(Kupercaya indah)
Seberapa banyak, seberapa mahal
Semua kan kuberi, semua kan kugadai
Matikan aku setelah usai, Matikan aku setelah usai
Kalah di undian kehidupan
Selamanya ada di pinggiran
Ada harga dalam berpasangan
Uang muka sebuah pertemuan
Jumlah rambutmu kan kuhafal mati
Rute pulangmu telah kupelajari
Kutahu nama anak kita nanti
Suatu saat kau pasti mengerti
Walau upahku dalam sebulan
Hanya porsimu dalam sehari
Di dalam app kita bersimpangan
Aku yakin kau bisa mengerti
Maka jadikanku
Belalang sembah
Walau sebentar kupercaya indah
Seberapa banyak, seberapa mahal
Semua kan kuberi, semua kan kugadai
Matikan aku setelah usai
Matikan aku setelah usai
Kalah di undian kehidupan
Selamanya ada di pinggiran
Ada harga dalam berpasangan
Uang muka sebuah pertemuan
Kalah di undian kehidupan
Selamanya ada di pinggiran
Ada harga dalam berpasangan
Uang muka sebuah pertemuan",https://images.genius.com/bc8f91e7dc2b36835f3e42a8d8a31c8a.1000x1000x1.png,https://genius.com/Feast-belalang-sembah-lyrics
Hindia,Nabi Palsu,"Di sebuah kota, pinggir Jakarta
Ada seorang anak belajar dansa
Dengan bayangannya, dengan lukanya
Dibalut lagu, sedikit pas-pasan
Dan tanpa disangka, mimpinya jadi besar
Awalnya ia dambakan, ternyata merepotkan
Maka ia berpesan, pada dasarnya semua orang hipokrit
Percaya hanya pada dirimu, bukan idolamu yang liriknya berbelit
Juga dengan mereka, yang menjual air mata setiap menit
Atau dengan pelaku skena, yang bagimu keren selangit
Banjir acara, di Ibu Kota
Ada seorang pria belajar terbuka
Dengan dirinya, perasaannya
Dibalut lagu, masih pas-pasan
Dan tanpa diminta, orang perdebatkannya
Tanpa titik tengah, entah benci dan suka
Maka ia berpesan, pada dasarnya semua orang hipokrit
Percaya hanya pada dirimu, bukan idolamu yang liriknya berbelit
Juga dengan mereka, yang menjual air mata setiap menit
Atau dengan pelaku skena, yang bagimu keren selangit
Mereka semua penipu, percaya hanya pada dirimu
Mereka semua penipu, dan mungkin aku juga begitu
Mereka semua penipu, percaya hanya pada dirimu
Mereka semua penipu, dan mungkin aku juga begitu
Maka Ia berpesan, pada dasarnya semua orang hipokrit
Percaya hanya pada dirimu, bukan idolamu yang liriknya berbelit
Juga dengan mereka, yang menjual air mata setiap menit
Atau dengan pelaku skena, yang bagimu keren selangit
Mereka semua penipu, percaya hanya pada dirimu
Mereka semua penipu, dan mungkin aku juga begitu
Mereka semua penipu, percaya hanya pada dirimu
Mereka semua penipu, dan mungkin aku juga begitu
Na na nabi palsu (mereka semua penipu), na na na na nabi palsu (percaya hanya pada dirimu)
Na na nabi palsu (mereka semua penipu), na na na na nabi palsu (dan mungkin aku juga begitu)
Na na nabi palsu (mereka semua penipu), na na na na nabi palsu (percaya hanya pada dirimu)
Na na nabi palsu (mereka semua penipu), na na na na nabi palsu (dan mungkin aku juga begitu)
Na na nabi palsu
Na na na na nabi palsu
Na na nabi palsu
Na na na na nabi palsu",https://images.genius.com/d16ab978dc13fbebf1708f5866ca8b24.1000x1000x1.png,https://genius.com/Hindia-nabi-palsu-lyrics
Hindia,anak itu belum pulang,"Suatu hari aku melihat
Payung hitam berbaris rapat
Di televisi, suatu pagi
Sebelum gegas berangkat sekolah
Suatu hari aku tercekat
Pertama kali aku mengerti
Alasan hadir puluhan orang
Baju gelap, nol titik terang
Suatu hari aku bertanya
Apa belum selesai juga?
Di layar ponsel, di kantin kampus
Mendekati hari kululus
Di hari ini aku bertanya
Apa rasanya bagi mereka?
Mengirim surat untuk siapa?
Domba mohon ke serigala
Anak itu belum pulang
Yang di seberang belum pulang
Anak itu belum pulang
Yang di seberang belum pulang
Satu jamuan, tanpa jawaban
Siapa yang dalam diam benar tahu?
Siapa yang dalam hati berseteru?
Siapa yang suatu hari ‘kan mengaku?
Anak itu bеlum pulang
Yang di seberang belum pulang
Anak itu bеlum pulang
Yang di seberang belum pulang
Aku bantu semampuku
Merawat cerita di dalam kepalaku
Kamu bantu semampumu
Menebar cerita jauh ke penjuru
(Anak itu belum pulang) Anak itu belum pulang
(Yang di seberang belum pulang)
(Anak itu belum pulang, anak itu belum pulang)
(Yang di seberang belum pulang)",https://images.genius.com/4f47be92df2b8f160b23e5ef066609b7.1000x1000x1.png,https://genius.com/Hindia-anak-itu-belum-pulang-lyrics
Lomba Sihir,Selamanya,"[Verse 1: Rayhan Noor,
Hindia
&
Natasha Udu
]
Gerbong kepalang berjalan, kau dan aku di sana
Pertemuan tak terencana, kita belajar percaya
Sesaat atau selamanya
Kadang bahagia, kadang pilu, ku bertaruh padamu
Walau sering ku mengeluh
Ruangan ini hampa tanpamu
(Uu-uu) Kusimpan semua candaan kita
(Uu-uu) Dan adegan pertengkaran yang ada
(Uu-uu) Semoga kau lakukan yang sama
(Kutahu) Kami kan merindumu
Hidup berjalan, perhentian kita berbeda
Kerap saling bertanya kabar sekarang
""Kau baik saja, kan?""
Walau kini tak bertemu
Semua yang baik untukmu
(Uu-uu) Kusimpan semua candaan kita
(Uu-uu) Dan adegan pertengkaran yang ada
(Uu-uu) Semoga kau lakukan yang sama
(Kutahu) Kami kan merindukanmu
Selamanya
Na-na-na, na-na-na-na
Na-na-na, na-na-na-na
Na-na-na, na-na-na-na
Na-na-na, na-na-na-na
Na-na-na, na-na-na-na
Na-na-na, na-na-na-na
Na-na-na, na-na-na-na
(Uu-uu) Kusimpan semua candaan kita
(Uu-uu) Dan adegan pertengkaran yang ada
(Uu-uu) Semoga kau lakukan yang sama
(Kutahu) Kami kan merindukanmu
Selamanya
Na-na-na, na-na-na-na
Na-na-na, na-na-na-na
Na-na-na, na-na-na-na
Na-na-na, na-na-na-na
Semua yang terlewati
Semua yang tak terjadi
Dewasakah kisah ini?",https://images.genius.com/dfa34e0b194fe309d2bc206171daff23.1000x1000x1.png,https://genius.com/Lomba-sihir-selamanya-lyrics
Hindia,Wejangan Mama,"Lirik ""Wejangan Mama""
Kamu itu waktu lahir, itu jam 5 pagi
Tapi dari jam 11 malam itu Mama udah di rumah sakit
Besoknya Papa kasih nama kamu Daniel, apa ya?
Pratama, apa? Putra
Terus Mama bilang, ""Kayaknya ini kurang cocok deh, Pa
Kasih nama Daniel Baskara Putra aja, deh""
Baskara itu kan artinya matahari
Pinginnya nanti kalau Daniel
tuh
bisa jadi matahari
Bisa, (
apa
?), menyinari sekitarnya
Menyinari alam semesta, menyinari sekitarnya
Kemudian dia mulai sekolah
Itu minatnya kok lebih banyak di ini, ya, di depan komputer?
Mama pikir nanti Daniel itu besarnya mau bergerak di IT atau apalah
Tapi begitu meningkat waktu SMA,
kok
kamu minatnya malah ke menggambar, terus desain
Kemudian
pingin
masuk ke DKV, tapi akhirnya keterimanya di Komunikasi UI
Begitu kamu selesai kuliah, Mama Papa pinginnya kamu kerja jadi humas atau apa di perusahaan
Tapi, kamu malah milihnya ke bidang seni, ke musik
Mama Papa juga agak kaget
sih
, karena ya kalau buat hobi
sih
oke-oke aja
Tapi akhirnya kamu dapat meyakinkan Mama Papa bahwa kamu bisa menjadi orang yang berguna
Baik bagi diri sendiri, membahagiakan banyak orang
Dan akhirnya, ya, kami percaya aja bahwa apa pilihan kamu, kalau dilakukan dengan baik, ya
Jadi berkat buat banyak orang
Yang penting, eh, tetap rendah hati dan, apa
Bermanfaat buat banyak orang",https://images.genius.com/7f487fa6ad08d65b618d52f1c5fdb1bf.1000x1000x1.png,https://genius.com/Hindia-wejangan-mama-annotated
.Feast,Peralihan,"Besok aku enggak mau mimpi berlebihan
Aku mau pulang ke orang-orang yang aku sayang
Aku mau kita bisa ngobrol tanpa marah-marah
Aku mau kita bisa ketawa bareng-bareng di perjalanan
Besok aku bermanfaat untuk orang lain
Aku mau maafin orang-orang di sekitarku
Aku berharap dimaafin orang-orang di sekitarku
Besok aku mau membangun rumahku dari nol
Besok aku mau menghancurkan diriku yang lama",https://images.genius.com/2c8b2fbf2893359b1847566d2500a5fc.1000x1000x1.png,https://genius.com/Feast-peralihan-lyrics
Hindia,"Kami Khawatir, Kawan","Kali ini ke mana lagi?
Kau ajak tas ranselmu pergi
Kami khawatir, kawan
Sumpah, sudah berapa kali
Kau bilang tak mungkin kembali
Kami khawatir, kawan
Kau tahu kutahu
Betapa beracunnya benakmu
Bertahan melawan sumpah serapah di rumah
Kutahu kau tahu
Tak mudah membelah antah berantah
Berkali-kali kita ulangi
Ayo pulang, kawan
Masuk dulu, hujan
Kau menyerah, sakit hati
Pasti lelah bertengkar lagi
Dengan ayahmu, kawan
Percayalah, dengar kami
Banyak yang rindu dan peduli
Kakakmu dan kawan-kawan
Pasti ada waktunya nanti
Kau bayar semuanya sendiri
Tapi tak sekarang, kawan
Dan jikalau jengah kami mengerti
Namun jangan enggan dicari
Hampiri kawan-kawan
Kau tahu kutahu
Betapa beracunnya benakmu
Bertahan melawan sumpah serapah di rumah
Kutahu kau tahu
Tak mudah membelah antah berantah
Berkali-kali kita ulangi
Ayo pulang, kawan
Masuk dulu, hujan
Ada waktunya, nanti
Kau bisa menjauh, pergi
Namun belum, kawan
Masuk dulu, hujan
Ada caranya melepas diri
Waktu yang tepat untuk dirimu pergi
Namun tidak seperti ini
Namun jangan menghilang lagi, kawan",https://images.genius.com/d16ab978dc13fbebf1708f5866ca8b24.1000x1000x1.png,https://genius.com/Hindia-kami-khawatir-kawan-lyrics
Lomba Sihir,Menit Tambahan,"Atur napas lebih dalam
Paruh kedua dimulai sudah
Lapangan yang berubah
Kembali ke titik nol lagi
Cari celah, jangan kalah
Tegak hadapi kehidupan
Bersilang suara di kepala
Tentang waktu yang tersisa
Berapa menit tambahan yang kau miliki
Sebelum peluit panjang jangan berhenti
Ini mungkin lebih berat
Kemarin aku hampir tak kuat
Krisis jati diri, patah hati dan pandemi
Semua bisa terjadi lagi
Beri paham pikirmu
Selalu ada kesempatan kedua
Beri paham dirimu
Ada ruang 'tuk lembaran kedua
Bersilang suara di kepala
Tentang waktu yang tersisa
Berapa menit tambahan yang kau miliki
Sebelum peluit panjang jangan berhenti
Melangkah, melangkah merelakan
Waktu yang berlalu
Melangkah, melangkah merayakan
Waktu yang 'kan datang
Bersilang suara di kepala
Tentang waktu yang tersisa
Berapa menit tambahan yang kau miliki
Sebelum peluit panjang jangan berhenti
Bersilang suara di kepala (Bersilang suara di kepala)
Tentang waktu yang tersisa (Tentang waktu yang tersisa)
Berapa menit tambahan yang kau miliki
Sebelum peluit panjang jangan oh jangan
Oh jangan berhenti",https://images.genius.com/1755bb970dfc51194e312b032919fdc4.1000x1000x1.png,https://genius.com/Lomba-sihir-menit-tambahan-lyrics
Laze,Sementara,"Lirik ""Sementara""
Hingga hingar bingar sampai pukul tiga
Hingga hingga hingga kita pun bertiga
Sikap sikap sikap semua jaga sikap
Singkat singkat singkat hidup ini singkat
Untuk lagak bodoh, untuk jadi ceroboh
Untuk jadi bulu karena tak ada bobot
Untuk jadi kaku, untuk jadi robot
Antri bahagia, serobot serobot serobot
Hingga hingga hingga harta tak terhingga
Singgah singgah singgah hidup hanya singgah
Mata mata mata Tuhan kita makhluk
Mata Mata Najwa koruptor pun takluk
Mata mata uang semua orang kejar
Kerja kerja kerja belajar belajar belajar
Raja raja raja beli isi dunia
Cita cita-cita kita pun tak punya
Sedih sementara kau senang
Panik sementara kau tenang
Lebih sementara kau kurang
Kalah sementara kau menang
Sementara, ini semua sementara
Sementara, ini semua sementara
Sementara, ini semua sementara
Sementara, ini semua sementara
Bila bila bila kita sampai atas
Nilai nilai nilai dari kerja keras
Mobil-mobil mewah, brankas, uang kertas
Hilang hilang hilang bila bank diretas
Kita semua kikir bagai habis potong kuku
Kurang berpikir, boleh buka buku
Berita dipelintir seperti peras baju
Lalu tersingkir, sapu sapu sapu
Teman baru datang, teman lama pergi
Katanya yang abadi hanya energi
Bila ia menghilang saat kau merugi
Mungkin kasih sayang hanya strategi
Sia sia sia hidup sia-sia
Bila lihat belakang terus bagai Sia
Korek korek korek buka luka lama
Korek korek korek kini api nyala
[Bridge:
Hindia
]
Pun cepat padam, mengalah tenggelam
Perlu TED Talk sebulan sekali agar tenang
Mata-mata yang letih menguntit angka
Perlu jumlah tinggi untuk merasa menang
Pun cepat padam, mengalah tenggelam
Perlu hancur di kelab malam 'tuk merasa senang
Mata-mata yang letih menguntit siapa?
Bila jumlah kurang tinggi merasa hilang
Sedih sementara kau senang
Panik sementara kau tenang
Lebih sementara kau kurang
Kalah sementara kau menang
Sementara, ini semua sementara
Sementara, ini semua sementara
Sementara, ini semua sementara
Sementara, ini semua sementara",https://images.genius.com/b84572b2057e1b295dd3c0123771b412.615x606x1.jpg,https://genius.com/Laze-sementara-lyrics
.Feast,Bintang Massa Aksi,"Bawa temanmu yang centang biru
Lawyer, sponsor, partaimu, mana? Aku tak takut
Kuberikan tantangan untukmu
Coba buatku kalut, ayo sini, pengecut!
S'karang mana paham usangmu?
Dasar maskulin rapuh
Lemah, permisif, angkuh,
juara titik jenuh
Kalengan! Hanya melek jualan!
Otak encer oplosan!
Jalan ke pengasingan!
Sekarang api bintang jatuh, aku yang terpilih
Aku kan taklukkan jalanan
Aku kan taklukkan angkasa
Aku yang dipercaya untuk menggembala
Aku adalah median semua massa
Sini, mana teman-temanmu? Hilang satu per satu
Perlahan jadi batu, mulai enggan membantu
Putuskan! Menyerahlah sekarang!
Tutup akun sekarang! Menyerahlah dan pulang!
Bela dan perjuangkan berbagai hal yang usang
Keropos dan berkarang, mundurlah dan menghilang!
Aku kan taklukkan jalanan
Aku kan taklukkan angkasa
Aku yang dipercaya untuk menggembala
Aku adalah median semua massa
Aku kan taklukkan jalanan
Aku kan taklukkan pikiran
Aku yang dipercaya untuk menggembala
Aku adalah median semua massa",https://images.genius.com/78116839f883605780910af9c9b6cc2c.1000x1000x1.png,https://genius.com/Feast-bintang-massa-aksi-lyrics
.Feast,Apa Kata Bapak,"Lirik ""Apa Kata Bapak""
Departemen Pendidikan dan Kebudayaan adalah
""Departemen Pendidikan dan Kebudayaan""
Departemen Pendidikan dan Kebudayaan adalah
""Departemen Untuk Lebih Mendidik dan Membudayakan Departemen Pendidikan dan Kebudayaan""
Departemen Pendidikan dan Kebudayaan adalah
""Departemen Yang Berpendidikan dan Berkebudayaan""
Tugasnya adalah untuk mengisi
""Pendidikan
Dan Kebudayaan""
Tut Wuri Handayani
adalah bagian dari Departemen Pendidikan dan Kebudayaan
Tut Wuri Handayani
merupakan salah satu dari tiga prinsip yang diajarkan oleh Bapak Pendidikan kita
Konteks yang sebenarnya berbunyi
""Ing ngarso sung tulodo, ing madyo mangun karso, Tut Wuri Handayani""
Ing Ngarso Sung Tulodo
adalah yang berada di depan - pemimpin atau pendidik - harus memberi contoh yang baik kepada anak didiknya
Ing Madyo Mangun Karso
artinya yang berada di tengah - pemimpin atau pendidik - harus memberikan atau menuangkan ide-ide cemerlang sekaligus semangat
Tut Wuri Handayani
artinya yang berada di belakang - pemimpin atau pendidik - harus memberi dorongan atau arahan kepada anak didiknya
Tut Wuri Handayani, ing ngarso sung tulodo, ing madyo mangun karso",https://images.genius.com/f348939c87020a1457c23ce59bb53be3.1000x1000x1.png,https://genius.com/Feast-apa-kata-bapak-lyrics
Enrico Octaviano,"Tidak Ada Salju di Sini, Pt. 1","Lirik ""Tidak Ada Salju di Sini Part I""
Tak ada salju di sini
Lama Ia kita nanti
Raja datang
Tidur nyenyak
Kesalahan yang sama lagi
Hati patah berulang kali
Pengharapan
Dan kelahiran
Tak ada salju di sini
(Kapan)
Lama Ia kita nanti
(Datang)
Kesalahan yang sama
(Rasa)
Datang kembali
(Berkecukupan)
Tak ada salju di sini
(Kesalahan yang sama lagi)
(Kapan)
Lama Ia kita nanti
(Hati patah berulang kali)
(Datang)
Kesalahan yang sama
(Pengharapan)
(Rasa)
Datang kembali
(Dan kelahiran)
(Berkecukupan)",https://images.genius.com/16b32d4bf4737c4cb1d9d998f2472f39.1000x1000x1.png,https://genius.com/Enrico-octaviano-tidak-ada-salju-di-sini-pt-1-lyrics
Hindia,Wejangan Caca,"Lirik ""Wejangan Caca""
Bas, lo tahu kan gue orangnya enggak jago ngomong
Kita udah kenal dari enam tahun lalu
Udah gue tahu lo orangnya kayak gimana orangnya
Ambisius, walaupun capek juga enggak pernah istirahat, kayaknya
Selalu ada yang dikerjain
Tapi gue juga tahu lo orangnya sangat care dengan orang-orang yang dekat banget sama lo
Dan gue tahu lo habis alamin hal yang sangat berat
Dan gue sangat berterima kasih karena pada waktu itu lo udah mau terbuka sama gue
Lo ceritain semuanya, dan lo mau berubah
Sayangin diri lo sendiri sebelum lo sayangin orang lain
Dan gue tahu walaupun kadang hal itu susah untuk dilakukan
Tapi gue harap lo bisa, dan tolong ingat bahwa banyak banget orang yang sayang sama lo
Terus ngedukung elo
Dan care sama lo
Yang terakhir
Jangan sering-sering bikin gue sebel, Bas!
Udah",https://images.genius.com/7f487fa6ad08d65b618d52f1c5fdb1bf.1000x1000x1.png,https://genius.com/Hindia-wejangan-caca-annotated
Lomba Sihir,Pesona,"Ku terpesona
Saat pertama
Bertukar tatap dengannya
Ku terpesona
Warna matanya
Tajam sorotnya buat ku merona
Bergetar hatiku memikirkannya
Percuma kucoba-coba melawan
Rasa yang membara, inginku mendekapnya
Mungkinkah aku terbawa suasana
Gemerlap lantai dansa yang menggila
Tak sadar sudah gelas ketiga
Ku tak lantas kelar membayangkanmu
Rambut panjang memegang gelas biru
Kutebak kau pasti pengunjung baru
Berharap cukup brani tuk mengenalmu ketahui namamu
Rambut panjang memegang gelas biru
Kutebak kau pasti bercentang biru
Berharap cukup brani tuk mengenalmu ketahui namamu
Ku tak menyangka
Kali kedua
Bertemu lagi dengannya
Pasti kau lupa
Ada waktunya
Kita pernah bertukar sapa
Berharap kau ingat namaku siapa
Tapi mungkin kau orang yang berbeda
Inginku datang menghampirinya
Ku tak lantas selesai menatapmu
Kaos putih luaran tanpa saku
Kutebak kau beku tersipu malu
Berharap cukup brani tuk menyapamu, untuk mengingatkanmu
Kaos putih luaran tanpa saku
Kutebak kau beku tersipu malu
Berharap cukup brani tuk menyapamu, untuk mengingatkanmu
Bolehkah ku tahu namamu?
Kita sudah pernah bertemu
Dua atau setahun yang lalu?
Tapi ku tak
Coba engkau ingat dulu
Kupikir-pikir tak mengapa juga
Sekali lagi kita berkenalan
Sekarang sudah gelas yang kelima
Malam ini masih belum berakhir, ku masih penasaran
Kupikir-pikir tak mengapa juga
Kali ini kita berkenalan
Malam ini kita harus berdansa, hingga pagi tiba
Kupikir-pikir tak mengapa juga
Kali ini kita berkenalan
Malam ini kita harus berdansa, hingga pagi tiba",https://images.genius.com/0cb48df5340abdfa645a47763c048a17.500x500x1.webp,https://genius.com/Lomba-sihir-pesona-lyrics
Hindia,Pesisir,"Komet melintas di atas kepala, tak satu pun kita menoleh
Semua sibuk hidupi diri
Lihat ke atas, dambakan bulan, lutut hanyut, pinggang tenggelam
Semua sibuk hidup di mimpi
Harapanku menyelam kala langit menghitam
Dan pesisir bergumam dalam diam mengancam
Kencang kau menertawakan hujan di tengah gurun berapi
Cepat kau menertawakan hewan, di dalam hilang empati
Cendekia kau anggap jenaka, durhaka kau di hadapan data
Yang kau bangun sekarang semua fana, kau sibuk hidup di mimpi
Harapanku menyelam kala langit menghitam
Dan pesisir bergumam, dalam diam mengancam
Harapanku tenggelam, langit tertutup muram
Dan pesisir bergumam, bersiap ‘tuk menerkam
Bersiap ‘tuk tenggelam, bersiap ‘tuk melebam
Sejauh ku berlari, dosaku kan kembali
Konyol memikirkan masa depan, esokmu masih dalam ancaman
Semua rancangan yang parau, hanya mewariskan risau
!
Harapanku menyelam kala langit menghitam
Dan pesisir bergumam, dalam diam mengancam
Harapanku tenggelam, langit tertutup muram
Dan pesisir bergumam, bersiap ‘tuk menerkam
Bersiap ‘tuk menerkam, bersiap ‘tuk menerkam
(Harapanku tenggelam, langit tertutup muram)
(Dan pesisir bergumam) Bersiap ‘tuk menerkam (Bersiap ‘tuk menerkam)
(Harapanku tenggelam, bersiap ‘tuk menerkam)
(Bersiap ‘tuk menerkam, ‘tuk menerkam)",https://images.genius.com/d16ab978dc13fbebf1708f5866ca8b24.1000x1000x1.png,https://genius.com/Hindia-pesisir-lyrics
Hindia,Bayangkan,"Pernah kau bayangkan jika kau tak menyerah?
Hadir sepenuhnya untuk masalah yang sedang kau hadapi?
Pernah kau bayangkan bagaimana jika kita selamanya?
Di ujung hari catat kita berdua dalam sejarah
Bayangkan jika kita tidak menyerah
Bangun semua hal yang selalu kita lamunkan
Bagaimana pun, kau jaga aku
Di mana aku, kau pun di situ
Dalam tawa atau palung sedalam-dalamnya
Kujaga kamu, kau jaga aku
Bayangkan jika kita tidak menyerah
Bayangkan jika kita tidak menyerah",https://images.genius.com/d16ab978dc13fbebf1708f5866ca8b24.1000x1000x1.png,https://genius.com/Hindia-bayangkan-lyrics
.Feast,Cicilan 12 Bulan (Iklan),"Buka mulut yang lebar, tatap layar lebar
Cerna semua, kami sudah sediakan
Berkualitas, kelas teratas
Oh terbatas, dibuat hanya untukmu
Seorang, duhai terpandang
Beli sekarang, tambah lagi masih kurang
(Tiba) waktu yang tepat, dibuat
(Bisa) tabunganku masih kuat
(Ada) taruh rumah, masih muat
(Tuhan) terima kasih 'kan pilihan
Cicilan dua belas bulan
Mobil antik motor klasik, sepatu langka angka cantik
Ponsel baru casing ori, cinderamata ah nafas
(Ahaha aha, anjing)
(Tiba) waktu yang tepat, dibuat
(Bisa) tabunganku masih kuat
(Ada) taruh rumah, masih muat
(Tuhan) terima kasih 'kan pilihan
(Tiba)
open jastip luar negeri
(Bisa) jangan telat langsung
japri
(Ada) kurang uang cari lagi
(Tuhan) lowongan
side job
, berkahi
Komponen besi kita, secuil sekrup di
Ujung dunia
Bersenanglah sementara
Hewan buas ini kita sisir rambutnya, kita isi perutnya
Kewajiban bersama
Tuhan syukur kami pada-Mu karena Kau beri waktu yang Kau bekukan
Dalam kartu dalam dompetku
Berisi semesta seluruhnya, pria dan wanitanya
Semua bisa kudapat dengan cicilan dua belas bulan
(Tiba) waktu yang tepat, dibuat
(Bisa) tabunganku masih kuat
(Ada) taruh rumah, masih muat
(Tuhan) token listrik bunyi lagi
(Tiba) open jastip luar negeri
(Bisa) jangan telat langsung japri
(Ada) kurang uang cari lagi
(Tuhan) upgrade limit hamba lagi
[Outro: Fadli Fikriawan &
Natasha Udu
]
Sayang, sayang
Mm?
Aku boleh jajan lagi enggak, sih?
Jajan apa tuh?
Kemarin ada sepeda itu di
eBay
, murah
Coba bentar, tiga hari yang lalu pusing enggak?
Kenapa tuh?
Pusing enggak, pas pulang?
Pusing!
Pusing! Jadi, jajan lagi?",https://images.genius.com/bc8f91e7dc2b36835f3e42a8d8a31c8a.1000x1000x1.png,https://genius.com/Feast-cicilan-12-bulan-iklan-lyrics
Lomba Sihir,"Tidak Ada Salju di Sini, Pt. 6 (Selamat Jalan)","Satu sendok teh pengharapan hal-hal baik
Kau minum setiap pagi, berharap harimu cantik
Jakarta kadang setuju, rejeki anak baik
Seringkali menolak, siasati dengan cerdik
Mimpi-mimpimu yang tumbang menopang bendera
Persilakan yang datang ‘tuk pertaruhkan jiwa
Semoga tak patah hati, waras aman sentosa
Semoga tak disalahkan macam narapidana
Daratan turun, juga niatmu bertahan
Air laut naik, pun niatmu pamitan
Ujung Dunia mengerti ia penuh cobaan
Jika sekarang waktunya maka
Selamat jalan, selamat jalan
Selamat jalan, selamat jalan
Selamat jalan, selamat jalan
Selamat jalan, selamat jalan
Daratan turun, juga niatmu bertahan
Air laut naik, pun niatmu pamitan
Ujung Dunia mengerti ia penuh cobaan
Jika sekarang waktunya maka
Selamat jalan, selamat jalan
Selamat jalan, selamat jalan
Sеlamat jalan, selamat jalan
Selamat jalan, selamat jalan
Tidak ada salju di kota ini
Tidak akan maju jika sеrba anti
Selamat jalan, selamat bertahan
Selamat jalan, seakan tak ada esok hari
‘Tuk menebus hari ini
[Chorus: Hindia, Udu,
Petra
&
Rayhan Noor
]
Selamat jalan (
selamat jalan
), selamat jalan (
selamat jalan
)
Selamat jalan, selamat jalan
Selamat jalan (
selamat jalan
), selamat jalan (
selamat jalan
)
Selamat jalan (
selamat jalan
), selamat jalan
[Outro: Hindia, Udu,
Petra
&
Rayhan Noor
]
Selamat jalan (
oh selamat jalan
), selamat jalan (
selamat jalan
)
Selamat jalan, selamat jalan (
selamat jalan
)
Selamat jalan (
selamat jalan
), selamat jalan
Selamat jalan",https://images.genius.com/c813e9fa379b83d6ea9a41a57a8cd4ca.1000x1000x1.png,https://genius.com/Lomba-sihir-tidak-ada-salju-di-sini-pt-6-selamat-jalan-lyrics
Lomba Sihir,Misteri,"[Verse 1: Rayhan Noor &
Hindia
]
Menunggu malam untuk mengungkap
Hal yang siang enggan bicarakan
Melawan kantuk aku menguap
Menerjang pagi aku bertahan
Di waktu ini aku renungi
Berbagai yang masih kucari
Mentari, kau hanya mengenal setengah diriku
Terkunci, banyak tanyaku di malam hari
Mencari
Esok pagi masih misteri
[Verse 2:
Natasha Udu
& Rayhan Noor]
Kuulangi ku tak jemu-jemu, ribuan cabang cerita di kepalaku
Yang tak sesuai rencana yang lalu. yang tak sesuai keinginanku
Menualah dengan luruh yang tak sesuai harapanku
Mereka kelak menjadi jalanku, mungkin merekalah jalanku
Hanya di sini kuketahui
Berbagai yang masih kucari
Mentari, kau hanya mengenal setengah diriku
Terkunci, banyak tanyaku di malam hari
Mencari
Esok pagi masih misteri
Mentari, kau hanya mengenal setengah diriku
Terkunci, banyak tanyaku di malam hari
Mencari, esok pagi masih misteri
(Ya ya ya ya, ya ya, uh uh uh)
Masih misteri
(Ya ya ya ya, ya ya)
Masih misteri
(Ya ya ya ya, ya ya, uh uh uh)
Masih misteri
(Ya ya ya ya, ya ya)",https://images.genius.com/770c94ddffdf3f474448c19c60b9c99b.1000x1000x1.png,https://genius.com/Lomba-sihir-misteri-lyrics
.Feast,Kembali ke Posisi Masing-masing,"Enggan mati tapi susah hidup
Dari udara yang aku hirup
Anyir emas dan uang muka karena katanya
Hidup tanpa harta butuh biaya
Ingin mati tapi belum cukup
Biaya untuk menutup degup
Siapa yang akan bayarkan pemakaman?
Tak sempat berguna diriku di kehidupan
Ingin berhenti tapi belum sanggup
Karena tanah dijadikan modal hidup
Dijual bagai aset oleh yang tua lalu
Kami harus tinggal di mana?
Hanya membayangkan sebentar saja
Keras kudengar teriak di telinga
“Kembali ke posisi masing-masing
Tahu diri kau dalam bermimpi”
Dan jika seluruh hidupku
Didedikasikan semua
Tetap tak mampu berlantai kayu
Seperti yang di istana
Dan jika seluruh tubuhku
Dijual seada-adanya
Kutahu hanya dapat seminggu
Istirahat sementara
Hanya membayangkan sebentar saja
Keras kudengar tеriak di telinga
“Kembali ke posisi masing-masing
Tahu diri kau dalam bеrmimpi”
Tahu diri kau dalam bermimpi
Tahu apa kau tentang properti?
Habis tabunganmu diminum kopi
Habis peluangmu berinvestasi
Lumat kau diinjak generasi
Luntur rencanamu karena pandemi
Hanya membayangkan sebentar saja
Keras kudengar teriak di telinga
“Kembali ke posisi masing-masing
Tahu diri kau dalam bermimpi”
Hanya membayangkan sebentar saja
Keras kudengar teriak di telinga
“Kembali ke posisi masing-masing
Tahu diri kau dalam bermimpi”",https://images.genius.com/bc8f91e7dc2b36835f3e42a8d8a31c8a.1000x1000x1.png,https://genius.com/Feast-kembali-ke-posisi-masing-masing-lyrics
Mantra Vutura,"Percakapan, Pt. 1","Lirik “Percakapan, Pt. 1”
S'lamat malam, s'lamat pagi
Ini aku Tuhan, bertemu lagi
Rangka kasur dan lemariku hafal mati
Doa-doaku dalam Internet
Di dalam hati
Tanya dan tuntut kecam marahku
S'tiap hari
Ku sakit hati
Oh, sakit hati
Perlahan mulai tidak percaya
Perlahan yakin tidak sengaja
(Oh-oh-oh-oh) dipaksa mencari maknanya
(Oh-oh-oh-oh) dipaksa mencari hikmahnya
(Oh-oh-oh-oh) dipaksa senyum hadapinya
(Oh-oh-oh-oh) dipaksa berserah selamanya
Siapa yang minta dilahirkan?
Diberi k'luarga yang bertentangan?
Tubuh dan hati yang bergesekan?
Lalu set'lah semua terjawab
Apa yang akan kau lakukan?
Set'lah tahu mengapa yang satu berlimpah
Dan yang lain menderita?
Pohon terbakar, tanah tenggelam
Bumi terguncang
Semua tawa, teriak, tuntut sakit hatimu
(Oh-oh-oh-oh) semua terlalu besar untukmu
(Oh-oh-oh-oh) semua yang ditinggalkan baik adanya
(Oh-oh-oh-oh) baik awalnya
Dan kau ambil perlahan
(Oh-oh-oh-oh) dan kau cukil perlahan
Saat pecak kau salahkan Tuhan
(Oh-oh-oh-oh) perlahan mulai tidak percaya
(Oh-oh-oh-oh) perlahan yakin tidak sengaja
Perlahan mulai tidak percaya
Perlahan yakin tidak sengaja",https://images.genius.com/cfba7955677724ecfd854910a9daf341.1000x1000x1.png,https://genius.com/Mantra-vutura-percakapan-pt-1-lyrics
Hindia,Rasakan Nikmatnya Hidup,"Yang kau dengar dalam hati
Biarlah bergema kali ini
Jangan kau redam dan
Yang kau tempa sejauh ini
Jangan kau anggap tak berguna
Hanya kau yang tahu
Semua pengorbananmu
'Tuk hal yang kau cinta
Tanyakan pada dirimu
Sebetapa kau mau
Oh, 'tuk mengubah hidupmu
Di tanganmu kuasa
Atas ceritamu sekarang juga
Besok atau hari ini
Kau yang pegang kendali
Di tanganmu kuasa
Atas ceritamu sekarang juga
Berbagai cobaan dan hal yang buat kau ragu
Jadikan percikan 'tuk menerpa tekadmu
Jalan hidupmu hanya milikmu sendiri
Rasakan nikmatnya hidupmu hari ini
Berbagai cobaan dan hal yang buat kau ragu
Jadikan percikan 'tuk menerpa tekadmu
Jalan hidupmu hanya milikmu sendiri
Rasakan nikmatnya hidupmu hari ini
Berbagai cobaan dan hal yang buat kau ragu
Jadikan percikan 'tuk menerpa tekadmu
Jalan hidupmu hanya milikmu sendiri
Rasakan nikmatnya hidupmu hari ini",https://images.genius.com/61b67643aad572343a2126db7ec67a40.1000x1000x1.png,https://genius.com/Hindia-rasakan-nikmatnya-hidup-lyrics
Lomba Sihir,Jalan Tikus,"Tawa masih berkelindan
Abu rokok masih berjatuhan
Janjiku pulang dari dua jam lalu
Kucari jalan tikusnya
Dering ponsel di tengah jalan
Takut terdengar kendaraan
Bilang ku sudah di p'ristirahatan
Kucari jalan tikusnya
[Chorus: Hindia, Udu &
Rayhan Noor
]
Jalur-jalur ini bergerak terlalu lambat
Perubahan ini terjadi tanpa isyarat
Di lumbung terdalam kepala semua kucatat
Dusta-dusta kecil yang lahir untukku rehat
Hati menggugat, hati mengumpat
Namun kadang kota menjungkir t’rlalu kuat
Walaupun berat, ini cara terakhir
Untuk selamat, kucari jalan tikusnya
Kucari jalan pintasnya
Kucari jalan tikusnya
Dia gadang reputasi palsu
Diamku karena malas perkara
Semua yang tahu memilih ‘tuk membisu
Kucari jalan tikusnya
Tak berfungsi dua minggu
Ke terapi dan Ibu tak tahu
Malas mendapat semua stigmanya
Kucari jalan tikusnya
[Chorus: Hindia, Udu &
Rayhan
]
Jalur-jalur ini bergerak terlalu lambat
Perubahan ini terjadi tanpa isyarat
Di lumbung terdalam kеpala semua kucatat
Dusta-dusta kecil yang lahir untukku rehat
Hati mеnggugat, hati mengumpat
Namun kadang kota menjungkir t'rlalu kuat
Walaupun berat, ini cara terakhir
Untuk selamat, kucari jalan tikusnya
Kucari jalan pintasnya
Kucari jalan tikusnya
(Kucari jalan tikusnya)
[Chorus: Hindia, Udu &
Rayhan
]
Jalur-jalur ini bergerak terlalu lambat
Perubahan ini terjadi tanpa isyarat
Di lumbung terdalam kepala semua kucatat
Dusta-dusta kecil yang lahir untukku rehat
Hati menggugat, hati mengumpat
Namun kadang kota menjungkir t'rlalu kuat
Walaupun berat, ini cara terakhir
Untuk selamat, kucari jalan tikusnya
Kucari jalan pintasnya
Kucari jalan tikusnya
Kucari jalan pintasnya
Kucari jalan tikusnya",https://images.genius.com/c813e9fa379b83d6ea9a41a57a8cd4ca.1000x1000x1.png,https://genius.com/Lomba-sihir-jalan-tikus-lyrics
Hindia,(mimi),"Mimi meninggal sebulan persis setelah Mbak Betty
Mereka berdua masuk rumah di momen yang berdekatan
Jadi gue berasumsi kesehatannya menurun semenjak ngelihat sahabatnya yang sama-sama betina dan senior udah enggak ada
Gue nulis lirik dan melodi untuk “betty” tanpa tahu awalnya apa topik yang pingin gue omongin karena
Lagu ini enggak terencana, cuma demo lebihan dari Emir
Lima menit setelah gue selesai rekam, Betty tumbang dan harus gue larikan kе klinik
Dan malam itu dia wafat
Gue baru sadar satu minggu setelahnya bahwa sеcara enggak sadar gue nulis dan nyanyiin lagu tentang kepergian dia
Persis di malam dia meninggal, tepat sebelum kejadian
Verse dua gue tulis seminggu setelah dia berpulang
Kayaknya enggak ada yang bisa mencintai lo lebih tulus dari peliharaan lo
Karena biasanya lo bertemu orang lain, ya, di saat lo siap
Tapi lo selalu pulang ke peliharaan lo di saat lo lagi capek, di saat energi lo habis, bahkan di saat lo kena musibah
Cuma mereka yang pernah lihat lo di keadaan terburuk
Dan kasih sayang mereka enggak berubah sedikit pun",https://images.genius.com/4f47be92df2b8f160b23e5ef066609b7.1000x1000x1.png,https://genius.com/Hindia-mimi-lyrics
Hindia,Perkara Tubuh,"Aku tak nyaman dengan tubuhku, habiskan dua jam berganti baju
Aku tak nyaman dengan kepalaku, habis seumur hidup ditopang dagu
Aku tak nyaman dengan mataku, tak terlihat hidup di bawah lampu
Aku tak nyaman dengan rambutku, dengan tipe potongan apa pun itu
Aku tak nyaman dengan diriku, serta semua dari lahir begitu
Aku tak nyaman dengan diriku, banyak yang jelas salah dalam hatiku
Aku tak nyaman dengan diriku, hangus di dalam batin aku membiru
Aku tak nyaman dengan diriku, hanya mulia dalam doa ibuku
Aku tak nyaman dengan mulutku, sulit diajak sopan saat berguru
Aku tak nyaman dengan perutku, tahan nafas terus sampai membeku
Aku tak nyaman dengan jariku, menguning dengan jelas menghisap abu
Aku tak nyaman dengan pundakku, dua nomor di atas ukuran baju
Aku tak nyaman dengan diriku, serta semua dari lahir begitu
Aku tak nyaman dengan diriku, banyak yang jelas salah dalam hatiku
Aku tak nyaman dengan diriku, hangus di dalam batin aku membiru
Aku tak nyaman dengan diriku, hanya mulia dalam doa ibuku
Aku tak nyaman dengan batinku, terlalu sering ingin menutup buku
Aku tak nyaman dengan batinku, perlahan menghancurkan dalam diriku
Aku tak nyaman dengan batinku, percobaan bunuh diri di dalam saku
Aku tak nyaman dengan batinku, kau juga kabari jika begitu",https://images.genius.com/d16ab978dc13fbebf1708f5866ca8b24.1000x1000x1.png,https://genius.com/Hindia-perkara-tubuh-lyrics
Lomba Sihir,Bisa-bisanya,"Ingin sekali saja kuteriakkan
Semua keluhku yang tak pernah kau dengarkan
Karena kita rasa yang sama
Sama tak berdaya
(Uh uh, uh uh uh uh) Selamanya mati-matian
(Uh uh, uh uh uh uh) Berlagak mampu aku belum sanggup
(Uh uh, uh uh uh uh)
Biar berlalulah yang tak berbalas
Dipenjara masa depan
Mudamu hanya banyak
Bersembunyi menanti pagi
Realita bisa-bisanya
Begitu tega
(Uh uh, uh uh uh uh)Selamanya habis-habisan
(Uh uh, uh uh uh uh)
Biar berlalulah yang tak berbalas
Dipenjara masa depan
Mudamu hanya banyak
Bersembunyi menanti pagi
[Bridge: Hindia,
Natasha Udu
&
Rayhan Noor
]
Ingin sekali saja kuteriakkan,
ingin sekali saja kuteriakkan
Semua keluhku yang tak pernah kau dengarkan
Biar berlalulah yang tak berbalas
Dipenjara masa depan
Mudamu hanya banyak
Bersеmbunyi menanti pagi
Biar berlalulah (biar berlalulah) yang tak bеrbalas (oh)
Dipenjara masa depan
Mudamu (mudamu hanya banyak) hanya banyak (bersembunyi menanti pagi)
Bersembunyi menanti pagi",https://images.genius.com/770c94ddffdf3f474448c19c60b9c99b.1000x1000x1.png,https://genius.com/Lomba-sihir-bisa-bisanya-lyrics
Hindia,Bunuh Idolamu,"Bunuh idolamu
Atau biarkan mereka hancurkan diri sendiri
Mau tak mau
Bertengkar mengejar hal yang hanya sekejap berarti
Kau nilai dirimu
Hanya dari banyak pekerjaanmu
Kau nilai dirimu
Dari nama-nama yang kau kenal
Kalian berdua sama saja
Oh, sedikit banyak yang kupikirkan
Tak pernah tega ‘tuk kuucapkan
Oh, terlalu banyak kusembunyikan
Karena kutahu jika ku menyanggah
Kau bilang aku egois, dramatis, oh
Aku yang salah
Ku tak mau tahu
Pertikaian yang lahir karena kau belum usai dengan dirimu (usai dengan dirimu)
Berpura tak tahu
Tapi kupegang rahasia kalian semua satu per satu (satu per satu)
Ku tak mau tahu (tak mau tahu)
Setelah ini ku bernyanyi hal lain dan berlagak membisu
Sudah cukup sibuk
Menjaga hatiku di tengah dunia yang semakin berdebu
Oh, sedikit banyak yang kupikirkan
Tak pernah tega ‘tuk kuucapkan
Oh, terlalu banyak kusembunyikan
Aku makamkan
Jangan kau banyak bicara
Kau juga sama buruknya
Jari tengah untukmu, kawan
Sana, lanjut jual namaku
Aku sudah lelah mengalah
Aku yang pertama dirugikan
Aku tak mengerti keadaan
Aku yang egois, dramatis, apatis
Masih banyak yang kurasakan
Masih banyak hal yang kubenci
Bermodalkan kedua tangan
Kucekik kau di dalam mimpi
Terkadang kusebut nama-Mu
Oh Tuhan, selamatkan aku!
Benci ini sungguh mengganggu
Berkaca, bunuh idolaku
Oh, sedikit banyak yang kupikirkan
Tak pernah tega ‘tuk kuucapkan
Oh, terlalu banyak kusembunyikan
Dalam doaku kukunci diriku
Oh, sedikit banyak yang kupikirkan (kupikirkan)
Tak pernah tega (tak pernah tega) ‘tuk kuucapkan (ucapkan)
Oh, terlalu banyak (banyak) kusembunyikan
Dalam doaku kukunci diriku",https://images.genius.com/d16ab978dc13fbebf1708f5866ca8b24.1000x1000x1.png,https://genius.com/Hindia-bunuh-idolamu-lyrics
Hindia,Voice Note Anggra,"Lirik ""Voice Note Anggra""
Bos, ke mana aja lu?
Dari pagi dicariin enggak ada kabar
Itu anak-anak nungguin approval content dari lo
Dibalas ya, secepatnya
Terus ada beberapa caption yang harus lo kirim ke gue juga
Brief-nya udah gue email
Buruan ya, soalnya perlu approval dari client
Tama juga tadi nanyain demo lo udah jadi atau belum
Tawaran main sama ngomong semua udah gue kasih juga ya ke lo, jangan lupa dicek
Terus kasih tahu gue lo mau ngambil apa enggak
Jangan lupa besok harus standby jam setengah sebelas sharp ya Bas, jangan telat
Oke?",https://images.genius.com/7f487fa6ad08d65b618d52f1c5fdb1bf.1000x1000x1.png,https://genius.com/Hindia-voice-note-anggra-annotated
Hindia,WAWANCARA LIAR PT. I,"[Intro:
Faiz Novascotia Saripudin
]
About 60 percent of university students in the nation have felt a sense of unease about their finances due to the rising costs of living, a recent survey has revealed
The study showed that among 60 percent of students expressing concerns about their finances, 36 percent said that they are very often worried, while 35 percent said they arе extremely oftеn worried
Students' mental health appears to have also been affected due to inflation, 65 percent saying they felt their mental health had worsened for this reason
The majority of respondents, 74 percent, said they mostly feel stress
66 percent said that they are anxious, and 49 percent said frustration is a feeling they...
[Skit:
Iyas Lawrence
& Kristo Immanuel]
Mas, terima kasih banyak sudah hadir
Yes, you're very welcome
Banyak yang dibahas
Yes
Banyak yang harus dilurusin, tapi sebelumnya terima kasih sudah di sini dan mungkin pertanyaan pertama: Kenapa setuju dengan wawancara ini?
Ahahahahaha. Well, this is kind of awkward ya
Haha
Karena, to be honest with you...
Well, only if you let it be awkward, ya kan?
Well, you know, haha. I mean, I thought you hated me, to be honest with you
No, no
I thought you hated me
No
Because of your tweets, your Instagram posts. Tapi enggak apa-apa juga, I mean, I mean this is a healthy relationship
OK
Menurut, menurut saya, ya. Karena I, I, I do think a healthy...
I will, I will apologize if you feel that I need to
No, no, you don't have to apologize, karena...
OK
It is your opinion...
Ya
And it's a free...I don't, I don't, I don't know, I don't know if this is a free country, tapi...
Hahahaha!
Tapi, but like, it's, it's your opinion and it's totally fine. Dan, dan to be honest with you, saya juga kaget pas kamu undang saya, karena oh my God, I thought you hated me. Tapi ternyata...
No
This is like a platonic relationship...
Ya
Di mana you have your opinions...
Ya
You criticize me, tapi saat kamu mau bicara dengan saya, let's go, let's talk about it
OK!
Which is totally, totally, totally healthy
Baik
And I like that
Mari kita buka dengan data, kalau begitu
Yes, oke
Data terbaru di Asia Tenggara adalah anak muda jaman sekarang spending hal-hal non-esensial dua kali lebih…
Yes
...daripada hal-hal yang esensial
Yes
Tanggapannya?
So, I actually wrote it in my book yang baru aja saya jual, ya. And thank God banget, terima kasih, puji Tuhan banget, it's already a bestselling book right now in Indonesia. Tapi ya, I talk about it in my book, gimana itu sebuah hal yang concerning sekali
Hmm
Concerning banget, dan itu dekat banget dengan saya
Oke
Ya, dekat banget. Karena...
Saya setuju ini
Ya, dekat banget. Kenapa? Karena anak saya yang paling tua...
Hmm
Yang perempuan itu, kayak, dia sering banget ngomong, ""Daddy, aku mau, mau ngopi sama teman-teman aku."" Oh my God! Walaupun di angkatan saya dulu enggak lebih sering ngopi tapi lebih ke Stadium ya, hahaha!
Hahaha!
No, I'm, I'm joking, lah. Tapi ya, you know what I mean, gitu
Ya, berarti kita, kita setuju bahwa ini adalah sebuah masalah
Masalah banget!
Oke
Karena mereka, mereka bisa afford coffee every week. Yang kalau misalnya dikumpulkan, they could buy a house!
Oke
Tapi ya, tapi saya juga enggak bisa menyalahkan ke mereka gitu, Mas
Oke, tapi…
Kenapa? Karena...
Ini putri-putri ini kan masih dalam tanggungan Bapak
Betul
Setahu saya putri tiga ya, berarti? Ada tiga, kan?
Tiga, tiga putri semuanya
Masih tanggungan Bapak, dan, dan Bapak menyetujui hal tersebut
Ya
Ya, kan? Berarti apakah mereka yang salah? Bapak yang salah? Pendidikannya yang salah? Atau…?
So this is basically, is a generational problem. Ibaratnya begini, jaman sekarang millennials, Gen Z melihat coffee shop sebagai ruang tamu
Huh
Jaman sekarang tuh, coba deh. Kalau, kalau kita lihat deh, kamu lihat deh. Misalnya jaman sekarang kalau kita beli rumah-rumah di cluster gitu, udah enggak ada ruang tamu, lo
Ya
Jaman sekarang tuh ruang tamu tuh sudah enggak ada. Masuk, langsung ruang TV buat keluarga, langsung dapur. Dan saya juga agak kasihan sama mereka, kayak...Mas, jaman sekarang, rumah segede warung tuh 1M!
Ya
And it is a problem, but you cannot blame the millennials. You cannot blame the Gen Zs. They cannot do anything. Iklim ekonomi sekarang sedang berat sekali, yaitu sudah menjadi lifestyle
Huh
Yang coba saya benahi...sori, maksud saya, yang coba saya benahi sekarang dengan satu-satu, perlahan-lahan, caranya adalah salah satunya dengan just like the things that I talk about in my podcast yang baru saya rilis juga di YouTube saya. Gitu
Baik, baik, ya
Dan, dan maksud saya, memang ini tidak bisa dilakukan secara cepat",https://images.genius.com/d16ab978dc13fbebf1708f5866ca8b24.1000x1000x1.png,https://genius.com/Hindia-wawancara-liar-pt-i-lyrics
Hindia,Ibel,"Aku duduk manis di kamar
Sirene berkejaran di luar
Siapa lagi yang tak beruntung hari ini?
Masih muda atau kena komplikasi?
Aku duduk manis menulis
Lagu ini menunggu rilis
Sekolah dibuka lagi, murid berbaris
Rasa bersalahku tak kunjung habis
Hidupku berlanjut
Dan malam ini teman-temanku tertawa
Termabuk di bar
Atas semua kesalahan kami
Kurang cepat buka suara
Atas semua kesalahan kami
Tak disiplin menutup mulut
Aku minta maaf
Aku minta maaf
Aku takut kau hilang ditelan waktu
Berharap kau bahagia di atas sana
Kau tata rambut semuanya di surga
Sekarang kau tata rambut semuanya di surga",https://images.genius.com/d16ab978dc13fbebf1708f5866ca8b24.1000x1000x1.png,https://genius.com/Hindia-ibel-lyrics
.Feast,Dalam Hitungan Lebih Panjang,"Dear Twitter, please do your magic
Semoga rohku selalu kekal dalam hitungan
Tidak diretas oleh umat luar jaringan
Aku tak berguna jika tak diukur angka
Bertobat di media, Tuhan pasti salah sangka
Mimpi butuh dana, ""Engagement rate-mu berapa?""
Terka jarak berita, tragedi milik siapa?
Memahat citra sesuai standar-Nya
Surga buka cabang, kita semua pialang
Seratus ribu per sepuluh Giga
Akhirat yang adil, semua orang berwenang
Sekarang semua
Tidur tenang
Cek lagi besok pagi
Keselamatan
Kita membangun bersama
Tuhan yang baru
Dunia yang berani
Semua orang berseru
Taman Eden dеngan wi-fi dan kamera depan
Malaikat yang hadir mengukur dalam hitungan
Kеhidupan dibenahi arahan redaksi
Kematian disiarkan Instagram TV
Nyanyian pujian yang termatrikulasi
Sangkakala seindah bunyi notifikasi
Kita membangun bersama
Tuhan yang baru
Dunia yang berani
Semua orang berseru
Taman Eden dengan wi-fi dan kamera depan
Malaikat yang hadir mengukur dalam hitungan
Membangun bersama
Tuhan yang baru
Dunia yang berani
Semua orang berseru
Taman Eden dengan wi-fi dan kamera depan
Malaikat yang hadir mengukur dalam hitungan
Semoga rohku s'lalu kekal dalam hitungan
Tidak diretas oleh umat luar jaringan
Semoga rohku s'lalu kekal dalam hitungan
Tidak diretas oleh umat luar jaringan
Semoga rohku s'lalu kekal dalam hitungan
Tidak diretas oleh umat luar jaringan
Semoga rohku s'lalu kekal dalam hitungan
Tidak diretas oleh umat luar jaringan
Semoga panjang gaungku di jaring wawasan
Besar pikiranku dengan berbagai unggahan
Semoga panjang gaungku di jaring wawasan
Besar pikiranku dengan berbagai unggahan
Semoga panjang gaungku di jaring wawasan
Besar pikiranku dengan berbagai unggahan
Semoga panjang gaungku di jaring wawasan
Besar pikiranku dengan berbagai unggahan
Berpikiran diawasi polisi nurani
Diharapkan aman sesuaikan kanan-kiri
Nyanyian pujian yang menjual massa aksi
Semua salah, dunia pasca modernisasi
Kita membangun bersama
Tuhan yang baru
Dunia yang berani
Semua orang berseru
Taman Eden dengan Wi-Fi dan kamera depan
Malaikat yang hadir mengukur dalam hitungan
Membangun bersama
Tuhan yang baru
Dunia yang berani
Semua orang berseru
Taman Eden dengan Wi-Fi dan kamera depan
Malaikat yang hadir mengukur dalam hitungan
Semoga panjang gaungku di jaring wawasan
Besar pikiranku dengan berbagai unggahan
Semoga panjang gaungku di jaring wawasan
Besar pikiranku dengan berbagai unggahan
Semoga panjang gaungku di jaring wawasan
Besar pikiranku dengan berbagai unggahan
Semoga panjang gaungku di jaring wawasan
Besar pikiranku dengan berbagai unggahan
Semoga rohku s'lalu kekal dalam hitungan
Tidak diretas oleh umat luar jaringan
Semoga rohku s'lalu kekal dalam hitungan
Tidak diretas oleh umat luar jaringan",https://images.genius.com/701141a577825f69e2d70aecb36f7339.1000x1000x1.png,https://genius.com/Feast-dalam-hitungan-lebih-panjang-lyrics
Petra Sihombing,"Tidak Ada Salju di Sini, Pt. 2","Lirik ""Tidak Ada Salju di Sini Part II""
Rayakan kelahiran
Kita yang mendapatkan
Coba kau pikirkan
Permen dan mainan
Simbol kelahiran
Coba kau pikirkan
Tidak ada salju di sini
Tidak ada salju di sini
Tidak ada salju di sini
Tidak ada salju di sini
Berhenti sulitkan diri
Seakan sakit hati
Seakan kubuat resah
Dengan Santa dan pohon Natal-nya
Dilarang 'tuk dirayakan
Mengganggu perasaan
Takut dengan keberagaman
Kerap cari kesalahan
Simbol yang menakutkan
Salib yang dipatahkan
Coba kau pikirkan
Simbol yang menakutkan
Hanya di pikiran
Coba kau pikirkan
Tidak ada salju di sini
(Tidak ada salju di sini)
Tidak ada salju di sini
(Tidak ada salju di sini)
Tidak ada salju di sini
(Tidak ada salju di sini)
Tidak ada salju di sini
(Tidak ada salju di sini)",https://images.genius.com/16b32d4bf4737c4cb1d9d998f2472f39.1000x1000x1.png,https://genius.com/Petra-sihombing-tidak-ada-salju-di-sini-pt-2-lyrics
.Feast,Kata Pengantar oleh Jason Ranti,"Yo, halo, Baskoro and the gang
Kelelawar Malam and Batman, anjing, jadi begini
Kalian bicara masalah uang, ya tolong jangan overlapping
Sama Ibu (disensor), wah
Wanita memang harus dilindungi, emang hidup berat
Mike Tyson aja kemarin sampai nangis-nangis kan
Apalagi kita, apalagi kemarin
Ibu (disensor) nelefon mantan saya
Nomornya 085218267777
Ibu (disensor) bilang, “Yo, Mbakyu
Ini negara sudah lama tidak oyo
Sekarang utangnya sudah sampai kebas"" kan anjing
Ya, terang anak metal marah, IMF marah
George Soros marah, Mahatma Gandhi jalan kaki
Ayu Ting Ting gagal nikah sama Didi Riyadi, anjing
Rumit memang, walaupun sebenarnya ya bicara uang itu
Ya hak prerogatif tuyul, kalian kan bicara nominal
Lo, tuyul metanominal, anjay, edan
Nah, sekarang keren mana, coba? Kalian?
Tuyul? Atau Ibu (disensor)? Rumit memang
Ini semua karena uang
Ini di mana toh sekarang, Mas?
Jalan apa?
(Jalan Ronggowarsito) Oh, Ronggowarsito
Wih, Ronggowarsito!
(Bonjol, Imam Bonjol!)
Yo, ini gimana matiinnya?",https://images.genius.com/bc8f91e7dc2b36835f3e42a8d8a31c8a.1000x1000x1.png,https://genius.com/Feast-kata-pengantar-oleh-jason-ranti-lyrics
.Feast,Drums,"I’m ready for a change
Oh, now the past seems so strange
I’m ready for a fight
I’m gaining appetite
Gaining appetite
I’m gaining appetite
I’m ready for a change
Oh, now the past seems so strange
I’m ready for a fight
I’m gaining appetite
Gaining appetite
I’m gaining appetite
I’m ready for a change
Oh, now the past seems so strange
I’m ready for a fight
I’m gaining appetite",https://images.genius.com/2c8b2fbf2893359b1847566d2500a5fc.1000x1000x1.png,https://genius.com/Feast-drums-lyrics
Hindia,"Tidak Ada Salju di Sini, Pt. 7","Bapa kami yang ada di surga
Dimuliakanlah nama-Mu
Datanglah kerajaan-Mu
Jadilah kehendak-Mu
Di atas bumi seperti di dalam surga
Berilah kami rezeki pada hari ini
Dan ampunilah kesalahan kami
Seperti kami pun mengampuni yang bersalah kepada kami
Dan janganlah masukkan kami ke dalam pencobaan
Tetapi bebaskanlah kami dari yang jahat (ah)
(Apa ada amin?)
Amin (ah)
Aku hilang, aku kurang
Ku kalah sebelum mulai berperang
Aku hilang, aku kurang
Ku dirampas dari semua peluang
Kakiku dikunci, biasa (biasa)
Mulutku dibui, biasa (biasa)
Aku usang, ditelanjangi mereka yang akan selalu menentang
Hanya bisa melawan dengan bernyanyi
Saat sekujur diriku dianggap tak suci
Hanya kebebasan yang aku cari
Menjadi diri kami tanpa dibenci
Tidak ada salju di sini (ah)
Tidak ada salju di sini (ah)
Tidak ada salju di sini (ah)
Tidak ada salju di sini (tak ada salju)
Tidak ada salju di sini (ah)
Tidak ada salju di sini (ah)
Tidak ada salju di sini (ah)
Di sini, di sini
Aku marah, aku jengah
Namun bicaraku kan selalu salah
Aku marah, aku jengah
Namun bisa apa selain berpasrah
Budayaku t’rus diperah
Direduksi menjadi hiburan murah
Dibakar, dicibir, dihantam, diredam, dicaci maki, kulewati
Oh hanya bisa melawan dengan bernyanyi
Menengadah ke langit, Bapa lindungi kami (Bapa lindungi kami)
Yakin cahaya-Mu bersama kami
Harus bertahan lagi, karena kami mengerti
Tidak ada salju di sini (ah)
Tidak ada salju di sini (ah)
Tidak ada salju di sini (ah)
Tidak ada salju di sini (tak ada salju)
Tidak ada salju di sini (tak ada salju)
Tidak ada salju di sini (ah)
Tidak ada salju di sini (ah)
Tidak ada salju di sini (tidak ada salju di sini, salju di sini)
[Bridge: Hindia &
Kamga
]
Hanya bisa melawan dengan bernyanyi
Menengadah ke langit, Bapa lindungi kami
Kutahu Kau takkan tinggalkan kami
Semua yang berhati, tidak terkecuali (
tidak terkecuali
)
Pendosa (
pendosa
), pencoba (
pencoba
), penyintas (
penyintas
), tertindas (
tertindas
)
Tidak terkecuali (
tidak terkecuali
)
Masuk (
masuk
) dalam (
dalam
) pencobaan (
pencobaan
)
Tidak ada salju di sini
Tidak ada salju di sini (ah)
Tidak ada salju di sini (ah)
Tidak ada salju di sini (ah)
Tidak ada salju di sini (tak ada salju)
Tidak ada salju di sini (tak ada salju)
Tidak ada salju di sini (tak ada salju)
Di sini, di sini (tidak ada salju di sini)
Tidak ada salju di sini
Tidak ada salju di sini (tak ada salju)
Tidak ada salju di sini (tak ada salju)
Tidak ada salju di sini (ah)
Tidak ada salju di sini
Apa ada amin?",https://images.genius.com/1cfcca71cd738646cce7d524533acc8f.1000x1000x1.png,https://genius.com/Hindia-and-dipha-barus-tidak-ada-salju-di-sini-pt-7-lyrics
Lomba Sihir,Seragam Ketat,"[Verse 1: Hindia, Rayhan Noor &
Natasha Udu
]
Biasa,
lihat tawuran
Biasa,
dikolek iuran
Biasa,
melihat pelecehan
Biasa,
diseragamkan
Biasa,
lihat pengadaan
Biasa,
mimpi dipatahkan
Biasa,
dibanding-bandingkan
Biasa,
dipertontonkan
Dibuai aturan tak beralasan
Dipaksa sama makin berantakan
[Verse 2: Hindia, Rayhan &
Udu
]
Biasa,
gagah-gagahan
Biasa,
gencet-gencetan
Biasa,
kebut-kebutan
Biasa,
mahal-mahalan
Tak heran aku jadi setan
Biasa digilir sebagai pembuktian
Tak heran aku jadi segan
Menegur omongan yang merendahkan
Diminta kejar penghargaan
Kalau punya titit harus gede-gedean
Dididik ‘tuk kejar setoran
Dibiasakan lihat hal salah s’bagai warisan
Dibuai aturan tak beralasan
Dipaksa sama makin berantakan
Ku dicetak rapuh oleh yayasan
Ku dicetak angkuh di sekolahan
Hei
Kita bagian ugal-ugalan
Disuruh pelan-pеlan, katanya persetan
Kita bagian ugal-ugalan
Disuruh pelan-pеlan, katanya persetan
Kita bagian ugal-ugalan
Disuruh pelan-pelan, katanya persetan
Dibuai aturan tak beralasan
Dipaksa sama makin berantakan
Ku dicetak rapuh oleh yayasan
Ku dicetak angkuh di sekolahan
Hei
Hei",https://images.genius.com/c813e9fa379b83d6ea9a41a57a8cd4ca.1000x1000x1.png,https://genius.com/Lomba-sihir-seragam-ketat-lyrics
Hindia,"Apa Kabar, Ayah?","Sejak kau pergi semua terasa berbeda
Rumah yang dulu ramai menjadi sepi
Berat sekali rasanya mengingat kau sudah tak di sini
Ditinggalkan oleh seseorang yang menjadi panutan pertamaku di dunia ini
Baik atau buruk yang kau lakukan, dan yang kau ajarkan padaku
Akan kujadikan pelajaran untuk menjadikanku orang yang akan kau banggakan suatu hari nanti
Sekarang, mau tidak mau aku harus menggantikan beberapa hal posisimu di rumah
Itu pun berkat bantuanmu yang telah mengajarkanku berbagai hal
Tapi, masih banyak sekali yang belum kau ajarkan
Seringkali aku masih butuh bantuanmu
Tapi pada akhirnya aku harus berusaha sendiri
Menolak kepergianmu sangat menyiksa
Tapi menerimanya pun sangat menyakitkan
Seringkali aku harus bercanda atas kepergianmu di dеpan yang lain
Agar aku tidak terlihat sedih atas kepеrgianmu
Setidaknya, mengetahui engkau di sana sudah tidak menderita lagi dan bisa mengkonsumsi makanan manis dengan bebas
Sudah cukup membuat diriku senang
Mungkin suatu hari nanti kita akan bertemu lagi
Membuat kamu secangkir kopi seperti biasanya
Bertukar cerita, berdebat, dan memamerkan aku telah berhasil menjadi orang yang pantas kau banggakan dengan caraku sendiri berkat bantuanmu",https://images.genius.com/d16ab978dc13fbebf1708f5866ca8b24.1000x1000x1.png,https://genius.com/Hindia-apa-kabar-ayah-lyrics
Lomba Sihir,Satu Jam Terpanjang,"[Verse 1: Rayhan Noor,
Natasha Udu
&
Hindia
]
Jujur ku hanya berharap ini berakhir dengan cepat
Satu jam terpanjang dalam hidupku
Tersiksa ku berulang kali, pikiranku berbalapan
Satu jam terpanjang dalam hidupku
Ingin ku semua berjalan sebagaimana mestinya
Mesti kini semua di luar kendaliku
Menunggu satu per satu berita, di tengah seribu suara
Jangan bercanda kali ini saja, batin bergulat mati rasa
Dan apa pun hasilnya, kuterima walau ku tak siap
Menunggu datangnya satu harapan, oh atau kabar kejutan?
[Verse 2: Rayhan Noor,
Natasha Udu
&
Hindia
]
Sekarang yang lain tak lagi penting, sudah kuusahakan semua yang kubisa
Satu jam terpanjang dalam hidupku
Semakin lama semakin kupahami bahwa yang terjadi biarlah terjadi
Satu jam terpanjang dalam hidupku
[Pre-Chorus:
Natasha Udu
& Rayhan Noor]
Ingin ku semua berjalan sebagaimana mestinya
Mesti kini semua di luar kendaliku
Mеski kini semua tak di tanganku
Menunggu satu per satu bеrita, di tengah seribu suara
Jangan bercanda kali ini saja, batin bergulat mati rasa
Dan apa pun hasilnya, kuterima walau ku tak siap
Menunggu datangnya satu harapan
Oh oh, oh oh
Oh oh, oh oh oh",https://images.genius.com/770c94ddffdf3f474448c19c60b9c99b.1000x1000x1.png,https://genius.com/Lomba-sihir-satu-jam-terpanjang-lyrics
Maria Catarina Sumarsih,(kamis),"Dan tidak akan ada orang yang rela anak yang dicintai ditembak atau dibunuh
Wawan itu anak yang menyenangkan
Hobinya membaca
Dia di kamar mandi pun selalu baca koran
Atau bawa komik atau buku
Kalau hari Sabtu, hari Minggu
Kami masak bersama-sama
Pada saat makan bersama itu, jam berapa pun makan malam bersama
Kami bercerita tentang keseharian
Dari pembicaraan yang sederhana, kami membicarakan masalah politik
Karena pada tahun ’97-’98 masalah politik Indonesia semakin memanas
Setelah pembicaraan sampai kepada masalah politik, selalu ditutup dengan “Besok dimasakin apa?”
Karena pada tahun ’98 itu demonstrasi dan hari ke hari semakin membesar
Tahun ’98 terjadi tragedi kemanusiaan yang sudah diselidiki oleh Komnas HAM
Yaitu dalam berkas tragеdi penembakan mahasiswa
Peristiwa Sеmanggi 1, Semanggi 2, Trisakti
Kemudian berkas kerusuhan 13-15 Mei ’98
Dan berkas penghilangan paksa atau penculikan aktivis pro-demokrasi
Wawan mahasiswa Atma Jaya
Juga aktif di masyarakat dengan ikut anggota Tim Relawan untuk Kemanusiaan
Mengadvokasi korban 13, 15 Mei ’98 sebagai anggota tim relawan kemanusiaan
Setiap Wawan datang ke rumah sakit yang diminta adalah obat-obatan untuk teman-temannya yang berdemonstrasi
Dan menurut kesaksian, pada tanggal 13 November hari Jumat itu, jam 10 pagi
Bersama enam orang temannya, Wawan menetralisir gas air mata di depan kampus Atma Jaya dengan menyemprotkan air hidran
Sekitar jam 3 sore, aparat masuk ke Atma Jaya
Ada korban yang jatuh, Wawan ngasih tahu
“Pak, itu ada korban. Boleh ditolong atau tidak?”
Tentara itu mengatakan, “Boleh, silakan”
Kemudian Wawan mengeluarkan bendera putih, dilambai-lambaikan
Tetapi pada saat Wawan akan mengangkat korban, justru Wawan ditembak
Banyak orang mengatakan dari pagi Wawan menggunakan ID card Tim Relawan untuk Kemanusiaan
Dan Wawan diautopsi oleh Dr. Budi Sampurno
Wawan meninggal dunia karena ditembak dengan peluru tajam standar militer di dada sebelah kiri mengenai jantung dan parunya
Dan menurut kesaksian juga bahwa Wawan ditembak oleh aparat di halaman kampusnya ketika sedang menolong seorang korban yang juga ditembak oleh aparat
Setelah Wawan meninggal dunia, hari Jumat 13 November ’98 Wawan ditembak, hari Sabtu Wawan dimakamkan
Pulang dari makam ada wartawan bertiga begitu, di rumah sunyi
Kemudian saya bilang, “Saya akan berhenti bekerja
Saya tidak sanggup untuk bertemu dengan orang”
Saya sangat mencintai Wawan, kami sekeluarga mencintai Wawan
Tapi duka cita saya bertransformasi pada cinta terhadap sesama
Dengan memperjuangkan agar kasus-kasus pelanggaran HAM berat yang terjadi di Indonesia ini
Dipertanggungjawabkan sesuai dengan undang-undang yang berlaku
Yaitu Undang-Undang Nomor 26 tahun 2000 tentang pengadilan HAM
Untuk mewujudkan agenda reformasi yang ketiga yang diperjuangkan oleh Wawan dan kawan-kawannya
Yaitu tegakkan supremasi hukum
Bagi saya, warna hitam bukan lambang duka cita tetapi lambang keteguhan
Jangan yang ada hanya korban, tetapi pelakunya tidak ada",https://images.genius.com/4f47be92df2b8f160b23e5ef066609b7.1000x1000x1.png,https://genius.com/Maria-catarina-sumarsih-kamis-lyrics
Hindia,Evaluasi (Reprise),"Yang tak bisa terobati
Biarlah
Mengering sendiri
Menghias tubuh dan
Yang mengevaluasi
Ragamu
Hanya kau sendiri
Mereka tak mampu
Melewati yang telah kau lewati
Tiap berganti hari
Rintangan yang kau hadapi
Masalah yang mengeruh
Oh, perasaan yang rapuh
Ini belum separuhnya
Biasa saja
Kamu tak apa
Yang selalu ingin ambil peran
Hanya berlomba menjadi lebih
Sedih dari dirimu
Muak dikesampingkan
Disamakan
Hatimu terluka, sempurna
Masalah yang mengeruh
Oh, perasaan yang rapuh
Ini belum separuhnya
Biasa saja
Kamu tak apa
Perjalanan yang jauh
Kau bangun untuk bertaruh
Hari belum selesai
Biasa saja
Kamu tak apa
Bilas muka, gosok gigi, evaluasi (evaluasi)
Tidur sejenak menemui esok pagi
Walau pedih ku bersamamu kali ini
Ku masih ingin melihatmu esok hari
Bilas muka, gosok gigi, evaluasi (evaluasi)
Tidur sejenak menemui esok pagi
Walau pedih ku bersamamu kali ini
Ku masih ingin melihatmu esok hari",https://is1-ssl.mzstatic.com/image/thumb/Music123/v4/93/e9/c4/93e9c48f-f3ec-b6e7-c9e8-0b957a9b0c88/cover.jpg/1000x1000bb.png,https://genius.com/Hindia-evaluasi-reprise-lyrics
Lomba Sihir,Cameo,"Kafe ini dulu belum ada
Gelas plastik menumpuk bagai dosa
Seakan kita semua kekurangan kafein
Makin banyak tempat tatap muka
Kurang lebih sama
Orang asing lalu-lalang hingga petang
Berapa banyak (yang)
Yang kukenal? (hoo)
Berapa banyak (yang)
Temanku kenal? (hoo)
(Indahnya gibah)
Bertukar nama di ibu kota (di ibu kota)
Bertukar kisah dalam kepala (dalam kepala)
Ku figuran dalam c’rita lain
Ku bajingan dalam c’rita lain
Berapa banyak aku bikin salah?
Berapa banyak yang bahaya?
Berapa sering aku disumpahkan celaka?
Berapa banyak (yang)
Aku tuduh?
(Karena kabar burung)
Berapa banyak (yang)
Tak pernah benar?
(Salah dikejar)
Bertukar nama di ibu kota (di ibu kota)
Bertukar kisah dalam kepala (dalam kepala)
Ku figuran dalam c’rita lain
Ku bajingan dalam c’rita lain
Tembok-tembok berbicara
Waspada bertukar cerita
Gelas-gelas bеrbicara
Waspada kau bersulang dengan siapa
Bertukar nama di ibu kota (di ibu kota)
Bеrtukar kisah dalam kepala (dalam kepala)
Ku figuran dalam c’rita lain
Ku bajingan dalam c’rita lain",https://images.genius.com/c813e9fa379b83d6ea9a41a57a8cd4ca.1000x1000x1.png,https://genius.com/Lomba-sihir-cameo-lyrics
Danilla,Jika,"Jika teringat tentang dikau
Jauh di mata dekat di hati
Sempat terpikir ‘tuk kembali
Walau beda akan kujalani
Tak ada niat untuk selamanya pergi
Jika teringat tentang dikau
Jauh di mata dekat di hati
Apakah sama yang kurasa?
Ingin jumpa walau ada segan
Tak ada niat untuk berpisah denganmu
Jika memang masih bisa mulutku berbicara
Santun kata yang ingin terucap
‘Kan kudengar caci
Dan puji dirimu padaku
Kita masih muda dalam mencari keputusan
Maafkan, daku ingin kembali
Seumpama ada
Jalan ‘tuk kembali
[Verse 3: Danilla &
Hindia
]
Jika teringat tentang dikau, jauh di mata dekat di hati
Tak ada niat untuk selamanya pergi
Jika teringat tentang dikau, jauh di mata dekat di hati
Tak ada niat untuk berpisah denganmu
Jika memang masih bisa mulutku berbicara
Santun kata yang ingin terucap
‘Kan kudengar caci
Dan puji dirimu padaku
Kita masih muda dalam mencari keputusan
Maafkan daku ingin kembali
Seumpama ada
Jalan ‘tuk kembali
Jika memang masih bisa mulutku berbicara
Santun kata yang ingin terucap
‘Kan kudengar caci
Dan puji dirimu padaku
Kita masih muda dalam mencari keputusan
Maafkan daku ingin kembali
Seumpama ada
Jalan ‘tuk kembali
'Tuk kembali",https://images.genius.com/bfdf1a236c5cc220c6deb1f95d88dc3d.1000x1000x1.png,https://genius.com/Danilla-and-hindia-jika-lyrics
Lomba Sihir,"Uangku2x, Uangmu1x","Pendidikan yang kujalankan
Berdasarkan jumlah transaksi
Dipaksa berdiri sendiri
Sampai sakti kais rezeki
(A ya ya ya ya ya)
Kubanting lagi tulang punggungku sampai ku
(Tua a a a a)
Masih panjang jalan hidupku
Uangku, uangku, uangmu, kuhabiskan semua waktu
Untuk menghidupi dirimu sepenuh hati setengah mati
Ya memang ku menyayangimu, yakinlah selalu begitu
Ya tapi kan kerja kerasku, ya Tuhan ingin kunikmati ugal-ugalan
Semua yang kau mau
Semua yang kau perlu
(A ya ya ya ya) Kubanting lagi tulang punggungku sampai ku
(Tua a a a a) Masih panjang jalan hidupku
Uangku, uangku, uangmu, kuhabiskan semua waktu
Untuk menghidupi dirimu sepenuh hati setengah mati
(Ya memang ku menyayangimu) Yakinlah selalu begitu
Ya tapi kan kerja kerasku, ya Tuhan ingin kunikmati sekali-kali
Ugal-ugalan
(A ya ya ya ya, a ya ya ya ya)
(A ya ya ya ya, a ya ya ya ya)
Uangku, uangku, uangmu, kuhabiskan semua waktu
Untuk menghidupi dirimu sepenuh hati setengah mati
Ya memang ku menyayangimu, yakinlah selalu begitu
Ya tapi kan kerja kerasku, ya Tuhan ingin kunikmati ugal-ugalan
Sekali-kali",https://images.genius.com/770c94ddffdf3f474448c19c60b9c99b.1000x1000x1.png,https://genius.com/Lomba-sihir-uangku2x-uangmu1x-lyrics
Isyana Sarasvati,Hari Ini,"Hari ini aku bisa jatuh lagi
Hari ini ku menangis
Kali ini aku syukuri semua luka di diri
Sampai nanti
[Verse 1: Isyana Sarasvati,
Isyana Sarasvati & Hindia
]
Terlalu hati-hati
Maksudmu hanya melindungiku
Memaksa
ku memelukmu mati rasa
Sampai nanti
Hari ini aku bisa jatuh lagi
Hari ini ku sendiri
Kali ini aku syukuri semua luka di diri
Sampai nanti
[Verse 2: Hindia,
Isyana Sarasvati & Hindia
]
Terlalu hati-hati
Mengunci
diriku sendiri
Bergan
tung pada melodi
Di atas
panggung megah
Di kamar
diriku bersinar
Doakanku belajar membuka diri
Sampai nanti
Hari ini aku bisa jatuh lagi
Hari ini ku menangis
Kali ini aku syukuri semua luka di diri
Sampai nanti
Merasakan kembali
Api yang pernah mati
Melaju walau kalut
Kehidupan berlanjut
Merasakan kembali
Api yang pernah mati
Kehidupan berlanjut
Kawanku sampai nanti",https://images.genius.com/f9eaa2714606d492562a4cb49680e1c5.1000x1000x1.png,https://genius.com/Isyana-sarasvati-and-hindia-hari-ini-lyrics
Hindia,Jangan Jadi Pahlawan,"[Verse 1:
Teddy Adhitya
& Hindia]
Banyak cobaan, kita lalui bersama
Jadi bahan candaan
Banyak cobaan, kita berbeda pandangan
Kuusahakan
Jangan jadi pahlawan
Biarkan kucoba memahami dunia dengan
Cara sendiri
Tak berarti ku akan membencimu, aku hanya
Belajar berdiri
[Verse 2: Hindia &
Teddy Adhitya
]
Karena begitulah hidup, kita akan beranjak dewasa
Masing-masing (
Masing-masing
)
Ku melihat lagi ke belakang dan bersyukur kau di sana
Tanpamu ku tak bisa
Jangan jadi pahlawan, jangan larang kupergi
Mungkin habis apiku di sini
Biarkan kucoba memahami dunia dengan
Cara sendiri
Tak berarti ku akan membencimu, aku hanya
Belajar berdiri
[Bridge: Hindia &
Teddy Adhitya
]
Percuma sebetapa kau coba, kakiku sudah setengah di luar
Hatiku yakin inilah jalan yang benar
Jika ku tak lakukan ini sekarang
Cepat atau lambat pasti terjadi, itulah hidup
Kau beranjak dewasa
[Chorus: Hindia &
Teddy Adhitya
]
Biarkan kucoba memahami dunia dengan
Cara sendiri
Biarkan kucoba memahami dunia dengan
Cara sendiri
Tak berarti ku akan membencimu, aku hanya
Belajar berdiri",https://images.genius.com/d16ab978dc13fbebf1708f5866ca8b24.1000x1000x1.png,https://genius.com/Hindia-jangan-jadi-pahlawan-lyrics
Lomba Sihir,Selamat Datang,"Selamat datang di ujung dunia
Gegap gempita Jakarta
Selamat datang di ujung dunia
Gegap gempita Jakarta
Mimpi yang rongsok menopang kota
Air laut yang naik merendam dosa
Mimpi yang rongsok menopang kota
Air laut yang naik merendam dosa
[Chorus: Natasha Udu &
Rayhan Noor
]
Selamat datang di ujung dunia
Gegap gempita Jakarta
Selamat datang (
selamat datang
) di ujung dunia (
dunia
)
Gegap gempita Jakarta
Arena akbar mengulang diri
Arena akbar merusak diri
Arena akbar mengulang diri
Arena akbar merusak diri
Selamat datang di ujung dunia
Gegap gempita Jakarta
Selamat datang di ujung dunia
Gegap gempita Jakarta
Semoga kamu tak patah hati
Semoga bertemu rumah abadi
Semoga kamu tak patah hati
Semoga bertemu rumah abadi
Selamat datang di ujung dunia
Gegap gempita Jakarta
Selamat datang di ujung dunia
Gegap gempita Jakarta
[Outro: Hindia,
Rayhan
&
Udu
]
Selamat datang di ujung dunia
(Gegap gempita) gegap gempita (Jakarta) kota Jakarta, selamat datang
(Selamat datang) selamat datang (di ujung dunia) ooo
(Gegap gempita) gegap gempita (Jakarta) kota Jakarta, penjara termewah dunia
(Selamat datang)
selamat datang
(di ujung dunia)
dunia
(Gegap gempita)
aaaaaa
(Jakarta)
gegap gempita Jakarta
(Selamat datang)
selamat datang
(di ujung dunia)
dunia
(Gegap gempita Jakarta)",https://images.genius.com/c813e9fa379b83d6ea9a41a57a8cd4ca.1000x1000x1.png,https://genius.com/Lomba-sihir-selamat-datang-lyrics
Loner Lunar,.Fin,"Running out of time
Running out of time
We'll feel complete
I am old enough
I am old enough
For this mad world
[Chorus: Jasmine &
Hindia
]
My heart beats fast
When you touch my feet (
oh please release me
)
And you hold my thumb (
for the time has come
)
My heart beats fast
When you touch my feet (
oh please release me
)
And you hold my thumb (
for the time has come
)
Oh please release me, for the time has come
Oh please release me, for the time has come
Oh please release me, for the time has come
Oh please release me, for the time has come
[Bridge:
Hindia
& Jasmine]
Oh I hear it calls
Death comes twice for all
One under the ground
One when your name falls
Oh I hear it calls
(Veins and)
Death comes twice for all
(Bones come rushing)
One under the ground
(Veins and)
One when your name falls
(Bones come rushing)
Oh I hear it calls
(Veins and)
Death comes twice for all
(Bones come rushing)
One under the ground
(Veins and)
One when your name falls
(Bones come rushing)
Veins and
Bones come rushing
Veins and
Bones come rushing
Veins and
Bones come rushing
Veins and
Bones come rushing",https://images.genius.com/83959048a8a35019ebc3eb2a5f56bab2.593x601x1.jpg,https://genius.com/Loner-lunar-fin-lyrics
Lomba Sihir,Ya Mau Gimana?,"Kakak pernah OD di sofa
Di penjara minta Ibunda PS2
Adik sampai besar pun tak pernah belajar
Sampai sekarang obat apa pun dihajar
Lihat Ibu bangga dengan tas Eropa
Terbiasa tontonkan harta untuk semua
Terbiasa susah terima kesusahan
Yang dikejar anak ya hanya kekayaan
Natural tertawakan hal-hal normal
Bicarakan hal-hal yang janggal
Mudah ditebak dari awal
Melazimkan hal-hal yang banal (hal-hal yang banal)
Melazimkan hal-hal yang banal (hal-hal yang banal)
Melazimkan hal-hal yang banal (hal-hal yang banal)
Melazimkan hal-hal yang banal (hal-hal yang banal)
Lazimkan semua karena
[Rap: Hindia &
Udu
]
Di rumah selalu ditabukan topik tentang beberapa organ
Di sekolah sering dijauhkan, celana dan rok tak boleh berdekatan
Makin tua tak heran si anak penasaran, punya uang sedikit ‘tuk DVD bajakan
Malah bertemu ayah di pijat-pijatan, pegang sana-sini biasakan pelecehan
S’kali Bapak tertangkap basah, ada yang disimpan selain di rumah
Keduanya pisah sejak dulu, mau mencontoh siapa tak tahu
Di pojok klub bertabur bintang, ia pilah pilih belanja tebengan pulang
Cari pria wanita yang cukup lancang karena orang tua di rumah tak pernah pulang
Ke Pulau Dewata saat pandemi
Seakan di Bali tak ada transmisi
Berangkat pun kar’na dibiayai orang tua
Yang kasih didik kan paling sering cuci tangan
Yang kasih uang yang paling jaga jarak aman
Seakan semua anak lahir s’bagai bajingan
Seakan pengaruh mereka tak sekuat lingkungan
Seakan anak begitu bukan pelarian
Natural tertawakan hal-hal normal
Bicarakan hal-hal yang janggal
Mudah ditebak dari awal
Melazimkan hal-hal yang banal (hal-hal yang banal)
Melazimkan hal-hal yang banal (hal-hal yang banal)
Lazimkan semua karena",https://images.genius.com/c813e9fa379b83d6ea9a41a57a8cd4ca.1000x1000x1.png,https://genius.com/Lomba-sihir-ya-mau-gimana-lyrics
Lomba Sihir,Polusi Cahaya,"Mencari duduk perkara, tajam polusi cahaya
Pendar megah tanpa makna, penjara termewah di dunia
Mencari duduk perkara, tajam polusi cahaya
Pendar megah tanpa makna, penjara termewah di dunia
Jalan ini tak seindah
Yang kuingat awal mula
Tangga ini tak berujung menggunung
Kian tinggi makin gaung
Aku belum beranjak jauh
Aku mungkin kalah bertaruh
Mabuk pemasaran di pusat kota
Mati penasaran di ujung dunia
Terlalu banyak langkah yang tidak ke mana
Hilang arah
Terlalu sering ku mengiyakan dunia
Mati rasa
Terlalu susah untuk menerima fakta
Bahwa aku belum jadi siapa-siapa
Besar andil untuk polusi cahaya
Sampah di penjara termewah dunia
Hati ini tak seikhlas
Lagu dan tulisan Hindia
Mual motivasi berujung kembung
Dipaksa jadi petarung
Mabuk pemasaran di pusat kota
Mati penasaran di ujung dunia
Terlalu banyak langkah yang tidak ke mana
Hilang arah
Terlalu sering ku mengiyakan dunia
Mati rasa
Terlalu susah untuk menerima fakta
Bahwa aku belum jadi siapa-siapa
Besar andil untuk polusi cahaya
Sampah di penjara termewah dunia
Mencari duduk perkara, tajam polusi cahaya
Pendar megah tanpa makna, penjara termewah di dunia
Mencari duduk perkara, tajam polusi cahaya
Pendar megah tanpa makna, penjara termewah di dunia
Mencari duduk perkara, tajam polusi cahaya
Pendar megah tanpa makna, penjara termewah di dunia",https://images.genius.com/c813e9fa379b83d6ea9a41a57a8cd4ca.1000x1000x1.png,https://genius.com/Lomba-sihir-polusi-cahaya-lyrics
Matter Mos,Rudi (Wawancara Liar),"Pakai sabuk pengaman kalau bikin gerakan
Basa-basi salaman, pura-pura temenan
Pengalaman tahunan soal akal-akalan
Dari dulu nyontek kalau lagi ulangan
(Oke) Bosku suka sepihak
(Oke) Suka beli algoritma
(Oke) Suka pakai pintu belakang
Tahu-tahu ada di depan (Oke)
Hello! Nggak perlu porto
Bisa ngasihnya cuma kado
Buat apa nyari ilmu kalau paling bisanya cuma nego?
Ada masalah apa lagi hari ini?
Kangen jaman revolusi ada di TV
Aman aja ada Rudi (Hey Rudi)
Terpaparkan sampai sadar kalau kau dan aku sama-sama terabaikan
Di atas papan hanya jadi pion belaka
Sulit gerak karena terbatas melangkah, bangsat
Hello! Si enggak perlu porto
Kalau ada maunya, ngasih kado
Buat apa nyari ilmu kalau paling bisanya cuma nego?
Ada masalah apa lagi hari ini?
Distopia kalau nyalain TV
Aman aja ada Rudi (Hey Rudi)
Berseringai cause I'm feeling Lawless
Topeng Vendetta, anonymous
Don't shoot the messenger, call me Silas
Ngomongin makna macam Iyas
Berani adu debat, budak wakil rakyat, bilang bela rakyat, curi uang rakyat
Dapat mandat rakyat, rakyatnya diculas, awas diawasin
netizen Indonesians
Jantung macam double pedal di-interview keringatan, gak berani buka mulut
Takut salah-salah cakap, bibirku rapat namun belum kenyang masih lapar
Lukisan palsu Picasso, tingkah lo acak-acakan
Dari kiri ke kanan, aku di tengah masih Malang
Sabang, Merauke masih pada berantakan
Sadar ini sebatas khayalan saat 'ku berangan-angan pas jam makan siang
Hello! Si enggak perlu porto
Kalau ada maunya, ngasih kado
Buat apa nyari ilmu kalau paling bisanya cuma nego?
Ada masalah apa lagi hari ini?
Kangen jaman revolusi ada di TV
Aman aja ada Rudi (Hey Rudi)",https://images.genius.com/7f123c1c7b34337a09a0efe55e346132.1000x1000x1.png,https://genius.com/Matter-mos-rudi-wawancara-liar-lyrics
.Feast,Kuping Ini Makin Lalai,"Bapak
Ibu udah enggak ada
Aku belum mengerti banyak hal
Maka ajari diriku hingga paham
Tentang penderitaan
Tentang pembangunan
Sumpah, tak pernah kumaksud di hati
Niatku sejernih air Fiji
Kulebur seluruh jiwaku untukmu
Aku sayang kamu
Kawan, harap mengertilah
Jika kamu yang berdarah
Beberapa harus pecah
'Tuk jutaan bertumbuh indah dan merekah
(Indah dan merekah)
Aku takut kuping ini makin lalai
Mendengar jeritan yang buatku tak nyaman
Aku takut mata ini makin kabur
Melihat gajah-gajah mengerang di ujung pelupuk
Sumpah, tak pernah kumaksud di hati
Niatku sejernih air Fiji
Kulebur seluruh jiwaku untukmu
Aku sayang kamu
Kawan, harap mengertilah
Jika kamu yang berdarah
Beberapa harus pecah
'Tuk jutaan bertumbuh indah dan merekah
Sumpah, tak pernah kumaksud di hati
Namun kata mereka ini hari-hari
Walau kau sudah dengar dua kali
Asli, aku sayang kamu
Kawan, harap mengertilah
Jika kamu yang berdarah
Beberapa harus pecah
'Tuk jutaan
Kawan, harap mengertilah
Jika kamu yang berdarah
Beberapa harus pecah
'Tuk jutaan bertumbuh indah dan merekah
Kawan, harap mengertilah
Jika kamu yang berdarah
Beberapa harus pecah
'Tuk jutaan bertumbuh indah dan merekah",https://images.genius.com/78116839f883605780910af9c9b6cc2c.1000x1000x1.png,https://genius.com/Feast-kuping-ini-makin-lalai-lyrics
Hindia,I’m Not a Robot/CAPTCHA,,https://images.genius.com/d16ab978dc13fbebf1708f5866ca8b24.1000x1000x1.png,https://genius.com/Hindia-im-not-a-robot-captcha-lyrics
.Feast,Maju,"Lirik ""Maju""
Ini bukan tulisan jurnal tangan anak ingusan
Ini bukan keluhan jenuh anak kurang kerjaan
Bukan omongan orang mapan cari-cari tantangan
Berburu topik hangat hanya tuk dapatkan kawan
Siapa kau asal bawa peluru main ancam rumah kami?
Siapa kau modal lebih tinggi main ancam siapa kami?
Siap-siap kau berkeping dihantam pertiwi
Siap-siap kau kutentang sampai ku mati
Walau nafasku habis tertimbun dalam tanah
Aku tak peduli, lawan aku, ayo maju
Aku tak peduli, lawan aku, ayo maju
Sampai kau teriak ampun, melodi untuk kupingku
Na-na na-na na-na na-na na-na na-na na
Na-na na-na na-na na-na na-na na-na na
Na-na na-na na-na na-na na-na na-na na
Na-na na-na na-na na-na na-na na-na na
Lihatlah ke atas kawan, lihatlah lawan sebenarnya
Lihatlah ke samping kawan, kita dibelah karena berbeda
Cepatlah sadar kawan selagi kau masih muda
Dengarkah kau dipanggil mengabdi alam Indonesia?
Walau nafasku habis tertimbun dalam tanah
Aku tak peduli, lawan aku, ayo maju
Aku tak peduli, lawan aku, ayo maju
Walau nafasku habis tertimbun dalam tanah
Aku tak peduli, lawan aku, ayo maju
Walau jasadku hilang dihajar bencana
Aku tak peduli, lawan aku, ayo maju
Walau jutaan kali kau datang menyerbu
Aku tak peduli, lawan aku, ayo maju
Sampai kau teriak ampun, melodi untuk kupingku
Na-na na-na na-na na-na na-na na-na na
Na-na na-na na-na na-na na-na na-na na
Na-na na-na na-na na-na na-na na-na na
Na-na na-na na-na na-na na-na na-na na",https://images.genius.com/f4d2e01f2db11856941899460a48204f.1000x1000x1.png,https://genius.com/Feast-maju-lyrics
Hindia,Setiap Waktu,"Aku tahu kau bingung memulai percakapan
Takut salah bicara, lalu aku tersinggung
Aku tahu kau linglung, gundah mencari jalan
Cairkan suasana, diam sehening patung
Kau kehabisan kata karena nilai yang berbeda
Masalah yang pernah ada antara kita berdua
Pun begitu kumaafkanmu hingga seratus tahun lagi
Karena untukmu setiap waktu aku berusaha
Hatiku terbuka selebar-lebarnya
Aku tahu terkadang kau anggapku masih kecil
Tak tahu apa-apa (tak tahu apa-apa), pongah tentang dunia (pongah tentang dunia)
Aku tak ingin menang walau kita berseberang
Hanya ingin kau percaya aku bisa mencerna
Pun begitu kumaafkanmu hingga seratus tahun lagi
Karena untukmu setiap waktu aku berusaha
'Tuk selalu memaafkanmu hingga seratus tahun lagi
Karena untukmu setiap waktu ku masih bеrdoa
Hatiku terbuka selebar-lеbarnya
Ku masih berdoa, hatiku terbuka
Aku tahu tak mudah, aku berusaha
Melihat kehidupan dari pasang matamu
Yang berubah warna, termakan usia
Kutemukan kebijaksanaan di dalamnya
Berjuang untukku dalam dunia yang berubah
Pun begitu kau maafkanku hingga seratus tahun lagi (hingga seratus tahun lagi)
Karena untukku setiap waktu engkau berusaha
'Tuk selalu memaafkanku hingga seratus tahun lagi
Karena untukku setiap waktu kau masih berdoa
Pun begitu kau maafkanku hingga seratus tahun lagi
Karena untukku setiap waktu (setiap waktu) engkau berusaha
'Tuk selalu memaafkanku (maafkanku) hingga seratus tahun lagi (hingga seratus tahun lagi)
Karena untukku setiap waktu kau masih berdoa
Hatimu terbuka selebar-lebarnya
Kita berusaha",https://images.genius.com/47e019e985d335f9d5052b57adcde35d.500x500x1.jpg,https://genius.com/Hindia-setiap-waktu-lyrics
Hindia,Aku Rasa Kita Selamanya,"Aku rasa kita selamanya
Kita abadi, menyala bersama
Peganganku saat tak ada yang nyata
Andalanku, kawan kau selalu ada
Ingatkah saat kita bermalam habis?
Atau saat ku linglung digantung habis?
Saat kita bersama melihat matahari terbit di awal hari dari puncak tertinggi?
Memoriku semua terisi penuh
Kau di situ selalu, tak pernah jenuh
Maafkan aku jika sering mengeluh, ku mau kau trus di sini, temani aku lagi, sekarang dan sampai nanti
Aku rasa kita selamanya
Kita abadi, menyala bersama
Peganganku saat tak ada yang nyata
Andalanku, kawan kau selalu ada
Ingatkah saat kita terjebak total?
Seakan cuaca simpan dendam fatal
Juga segala cerita dan persoalan, tiap bulan dan tanggal, tanpamu akan janggal
Memoriku semua terisi penuh
Kau di situ selalu, tak pernah jenuh
Maafkan aku jika sering mеngeluh, ku mau kau trus di sini, temani aku lagi, sekarang dan sampai nanti
Sеkarang dan sampai nanti
Sekarang dan sampai nanti
Sekarang dan sampai nanti
Aku rasa kita selamanya
Kita abadi, menyala bersama
Peganganku saat tak ada yang nyata
Andalanku, kawan kau selalu ada
Aku rasa kita selamanya
Kita abadi, menyala bersama
Peganganku saat tak ada yang nyata
Andalanku, kawan kau selalu ada",https://images.genius.com/6b4a50b6faee02365bc9f8456f7b7d9c.1000x1000x1.webp,https://genius.com/Hindia-aku-rasa-kita-selamanya-lyrics
.Feast,Jaya,"(Rapatkan barisan, petir di kepalan tangan)
(Rapatkan barisan, petir di kepalan tangan)
(Rapatkan barisan, petir di kepalan tangan)
(Rapatkan barisan, petir di kepalan tangan)
Lalu ke mana lagi setelah ini
Jika masa lalu lepas sudah
Dari pundak kami?
Lalu ke mana lagi setelah ini
Jika masa depan dalam genggam kami?
Apakah aku cukup cepat 'tuk membawa kita berlari?
Cukup pintar untuk membawa kita ke bulan?
Apakah aku cukup nyali 'tuk mengajak kita berdiri?
Apakah aku cukup percaya dengan diri sendiri?
Lalu ke mana lagi setelah ini
Agar tak jatuh ke lubang buaya lagi?
Apakah aku cukup cepat 'tuk membawa kita berlari?
Cukup pintar untuk membawa kita ke bulan?
Apakah aku cukup nyali 'tuk mengajak kita berdiri?
Apakah aku cukup percaya dengan diri sendiri?
Apakah aku cukup cepat 'tuk mеmbawa kita berlari?
Cukup pintar untuk membawa kita ke bulan?
Apakah aku cukup nyali 'tuk mеngajak kita berdiri?
Apakah aku cukup percaya dengan diri sendiri?
(Rapatkan barisan, petir di kepalan tangan)
(Rapatkan barisan, petir di kepalan tangan)",https://images.genius.com/78116839f883605780910af9c9b6cc2c.1000x1000x1.png,https://genius.com/Feast-jaya-lyrics
Hindia,WAWANCARA LIAR PT. III,"[Skit: Kristo Immanuel &
Iyas Lawrence
]
Dulu saat saya pelatihan, sempat terjadi perundungan yang luar biasa sehingga berita itu menyebar luas
Bahkan keluar dari institusi, akibat dari 1-2 orang sampai masyarakat tidak percaya dengan kami
Karena 1-2 orang ini, seluruhnya menjadi rusak
Namun bagaimana nasib kami yang tidak melakukan apa-apa?
Bukannya karena kami tidak peduli, bukannya karena kami membiarkan ini terjadi. Bukan
Karena saat itu kami takut, Mas
Tidak ada yang bisa kami lakukan selain diam
Tapi kami dicap yang sama seperti yang melakukan perundungan tersebut
Apa adil?
Perundungan di pelatihan, di sekolah sama saja
Dan sama hasilnya, semua dicap
Satu merusak, semuanya rusak
Korupsi itu kewajaran bagi sebuah negara
Gini, saya ralat:
Banyak negara lain merasakan hal yang sama, terutama untuk negara berkеmbang
Kalau boleh tahu, mungkin
Gaji sampeyan berapa?
Saya mеrasa tidak nyaman menyampaikan
Sembilan, sepuluh juta? Sebelas?
Sekitar segitu, lah
Saya tebak, melihat dari baju, sepatu dan jam tangan yang Mas pakai
Gaji teman-teman saya itu enam juta, Mas, sebulan
Bahkan banyak yang tidak sampai enam juta
Pangkatnya mungkin lebih tinggi dari dia nih, ajudan saya
Ibaratnya begini:
Saya ini dikasih sapu, tapi yang mereka minta adalah mengubah Bantar Gebang menjadi sebersih aula masjid
Punya waktunya aja ndak
Kita tahu apa yang akan datang sebentar lagi, Pak
Dan lucunya, mungkin sebagai masyarakat kami hanya bisa melihat bahwa di bawah payung yang sama, ketidaksetujuan antara pemimpin sedang terjadi
Perlombaan ini seperti lomba 17-an, tetapi di skala yang jauh lebih besar
Mengkhawatirkan
Menakutkan, Pak
Bapak adalah nama yang selalu muncul
Menurut Bapak, apakah ini kewajaran?
Umur sampeyan berapa?
Hampir 30, Pak
Ingat pemilu beberapa tahun yang lalu? Sebelumnya juga
Saya tidak ingin bilang bahwa ini adalah sebuah kewajaran, namun ini yang selalu terjadi
Orang-orang menggunakan kehancuran, menggunakan apa pun untuk jadi tunggangannya
Saya tidak ingin, tapi saya hanya punya satu gagang sapu
Apa yang Mas inginkan dari pemimpin baru?
Apa? Satu saja
Transparansi
Transparansi
Sekarang saya tanya sama sampeyan
Tadi saya bercerita soal perundungan di institusi saya
Apakah sekarang masih terjadi di sekolah-sekolah, Mas?
Mas punya anak? Atau kalau ndak punya, sepupu mungkin, yang bersekolah?
Ya
Terjadi, ndak, di sekolahnya?
Masih dalam beberapa tempat, ya
Murid-murid yang baik itu suka dijauhi oleh murid-murid yang dalam tanda kutip ""nakal""
Perbedaannya, murid-murid yang baik ini kalau di sekolah punya kemungkinan hidup lebih besar
Begini, sampeyan mengeluh masalah kondisi negara
Wajar
Namanya juga rakyat
Tapi orang suka lupa
Saya juga rakyat
Sama seperti semua orang yang ada di sini
Kita semua rakyat
Orang teriak-teriak ke kita yang berkuasa
Ini bukan krisis kekuasaan, Mas
Ini krisis identitas",https://images.genius.com/d16ab978dc13fbebf1708f5866ca8b24.1000x1000x1.png,https://genius.com/Hindia-wawancara-liar-pt-iii-lyrics
Hindia,WAWANCARA LIAR Pt. IV,"[Skit:
Iyas Lawrence
& Kristo Immanuel]
Menurut survei, negara kita menempati peringkat pertama sebagai negara dengan warga terbanyak yang tidak mempercayai krisis iklim
Faktanya, krisis iklim sedang terjadi secara cepat dan meningkatkan frekuensi cuaca ekstrim
Apa yang bisa kita lakukan?
Sori, ini maksudnya kapan?
Sekarang?
Sekarang?
Sekarang telat, Mas
Lalu?
Lalu? Maksudnya apa?
Ya, ya terlambat. Telat
Saya rasa Anda diundang ke sini karena Anda adalah seorang narasumber yang cukup pandai berbicara dengan saya
Tidak hanya untuk berkata ""telat""
Oke
Maksudnya apa? Saya enggak ngerti
Oke, maaf nih saya ketawa, ya
Apa yang lucu di pertanyaan...
Enggak, enggak. Bеgini:
Mas mau saya bilang apa?
Mas mau bilang kalau, ""O ya, nanti kita masih bisa merasakan matahari pagi dari timur, masih bisa melihat Gunung Salak dari Menara 46""
""Anak-anak kita masih bisa bеrmain di pantai, di laut yang...""
Idealnya seperti itu
Ya, memang. Jujur, Mas mau saya jujur nih ya?
Jujur, apa yang bisa kita lakukan sekarang adalah berharap di luar sana ada planet seperti planetnya Avatar, Pandora, apa pun itu, yang udaranya bisa kita hirup, lalu kita pindah ke sana
Anda kira ini bercanda, obrolan ini?
Masa kecil mereka, Mas, anak-anak yang saya bilang tadi, itu kita yang ngerebut
Kita yang ngerebut
Harusnya, Anda undang saya 30 tahun yang lalu
Mungkin, mungkin ada solusinya
Kalau Anda anggap ini adalah sebuah lelucon, saya bisa bilang bahwa saya punya mesin untuk mundur ke belakang dan berbicara dengan Anda 30 tahun yang lalu
Sayangnya tidak!
Sayangnya pertanyaan saya adalah, ""Saat ini, apa yang bisa kita lakukan?""
Ini hanya akan mutar-mutar aja, Mas
Gini, saya datang ke sini bukan untuk menasihati
Udah diambil juga peran itu oleh perusahaan-perusahaan besar dengan...
Dengan CSR mereka yang sok-sok mengerti soal iklim, padahal mereka juga yang melukai, ya kan?
Saya juga datang ke sini bukan untuk menenangkan
Sudah diambil peran itu oleh para ulama, para pendeta dan orang-orang di atas sana, lah
Saya datang ke sini untuk menjelaskan kematian yang akan datang
Anak-anak mendengarkan ini!
Kita ini bunuh diri pelan-pelan
Hei, Bung! Cukup!
Mungkin bunuh diri terlama yang pernah terjadi
Ini, ini, acara ini didengarkan oleh banyak orang!
Ya tai, lah. Memang kenapa?
Hei!
Ya sudah, memang itu...
Bahasamu, Bung!
Memang itu yang terjadi
Bagus, anak-anak dengar! Bagus!
Biar mereka tahu orang tua mereka melahirkan mereka percuma
Mereka enggak akan tumbuh tua juga
Sepuluh tahun lagi, 20 tahun lagi, Anda berharap mereka bisa hidup di Bumi yang rusak ini
Untuk 50 tahun ke depan, mungkin?
Naif sekali
Gini, ya. Enggak usah anak-anak tadi, deh
Kita
Hmmm
Saat kita anak-anak, kita sudah dibesarkan dengan cara menaburkan gula di atas puyer
Sudah terbiasa kita digituin
Yang pahit dimanis-manisin
Baguslah, anak-anak dengar
Saya rasa kita sudah cukup pintar untuk mengetahui ini semua
Permasalahan ini lama adanya kita tahu
Saya tahu, Anda tahu, semua kru di sini
Yang mendengarkan tahu
Dan kalau memang sudah tidak ada cara lagi
Saya terima masalah itu
Bagaimana caranya saya bisa hidup dengan masalah itu?
Masalah ini udah ada
Dari dulu sudah ada
Tapi Anda dan saya selalu hidup, kan?
Menjalaninya saja, kan?
Ya sudah
Jalani apa yang selama ini dijalani
Nikmati
Karena sedihnya memang nikmat itu ya tidak abadi
Manusia memang dari dulu lebih percaya sama sesuatu yang tidak terlihat, kan?
Yang memberikan ketenangan, harapan, kebahagiaan
Walaupun itu palsu, mungkin
Ya sudah, kita terbiasa dengan itu
Dekatilah
Anda paling mengetahui ini semua
Anda merasa paling pintar di ruangan ini
Mungkin dengan data-data yang Anda bawa
Berapa lama waktu kita?
Mas pikir saya datang ke sini, setuju untuk datang ke sini
Karena mau mengedukasi?
Saya cuma butuh uang, Mas
Saya cuma butuh fee dari acara ini
Saya cuma mau nyambung hidup
Berapa lama waktu kita?
Tanggal 31 Mas bisa berpesta
Berapa lama waktu kita?
Tanggal 31 Desember, Mas dan teman-teman bisa berpesta merayakan Tahun Baru
Bersama keluarga, saudara, wah happy happy
Lalu dua hari kemudian, kita harus membersihkan rumah sambil menyesuaikan diri dengan bau kali di dalamnya
Menurut Mas, berapa lama?
Bumi ini mungkin 10 tahun
Tapi wawancara ini sekarang
Tolong siapin driver saya",https://images.genius.com/d16ab978dc13fbebf1708f5866ca8b24.1000x1000x1.png,https://genius.com/Hindia-wawancara-liar-pt-iv-lyrics
.Feast,Senin Toko Tutup,"Api bintang jatuh dari langit
Bersenggama dengan kemarahan manusia
Lahir malapetaka di tanah Gadjah Mada
Bersumpah Palapa
Menjalar ke Tenggara
Bersenggama dengan keinginan manusia
Pemangku pun takut dengan warga
Lalu siasati suara
Bendera terbang tinggi
(Rayakan dengan lomba bertahan hidup)
Abdi Lara Insani
(Semua yang disensor selalu kurang cukup)
Merdeka sampai mati
(Tak percaya hanya segitu yang korup)
Bendera setengah tiang
(Tertawa sekarang, Senin toko tutup)
Api bintang jatuh dari langit
Bersenggama dengan kelalaian manusia
Lahir malapetaka di tanah dewa-dewi
Menjamah manusia
Menjalar ke Tenggara
Bersenggama dengan kelalaian manusia
Pemangku pun takut dengan gambar
Lalu siasati angka
Bendera terbang tinggi
(Rayakan dengan lomba bertahan hidup)
Abdi Lara Insani
(Semua yang disensor selalu kurang cukup)
Merdeka sampai mati
(Tak percaya hanya segitu yang korup)
Bendera setengah tiang
(Tertawa sekarang, Senin toko tutup)
Makan sekarang, Senin toko tutup
Lihat sekarang, Senin lampu redup
Beli sekarang, Senin barang meletup
Bicara sekarang, Senin Istana tutup
Bendera terbang tinggi
(Rayakan dengan lomba bertahan hidup)
Abdi Lara Insani
(Semua yang disensor selalu kurang cukup)
Merdeka sampai mati
(Tak percaya hanya segitu yang korup)
Bendera setengah tiang
(Tertawa sekarang, Senin toko tutup)",https://images.genius.com/78116839f883605780910af9c9b6cc2c.1000x1000x1.png,https://genius.com/Feast-senin-toko-tutup-lyrics
.Feast,Camkan [Abdi Lara Insani Version],"]
Kubakar asap yang membumbung tinggi
Kuarahkan ke kiblatku sendiri
Tintaku merangkai ayat pribadi
Mencatat standar dosa duniawi
Pisahkan fantasimu dari diriku
Ritualmu urusanmu
Ritualku urusanku
Camkan
Karma dan pembunuhanlah ranahmu
Di luar jangkauku untuk kuhakimi
Lihat kembali mata hatimu
Buka kembali pintu surga untukku
Pisahkan fantasimu dari diriku
Ritualmu (ritualmu) urusanmu
Ritualku (ritualku) urusanku
Ritualmu (ritualmu) urusanmu
Ritualku (ritualku) urusanku
Camkan
Ritualmu (ritualmu) urusanmu (urusanmu)
Ritualku (ritualku) urusanku (urusanku)
Ritualmu (ritualmu) urusanmu (urusanmu)
Ritualku (ritualku) urusanku (urusanku)
Camkan
Camkan
Camkan
Camkan
Camkan
Camkan
Camkan
Camkan
Camkan",https://images.genius.com/78116839f883605780910af9c9b6cc2c.1000x1000x1.png,https://genius.com/Feast-camkan-abdi-lara-insani-version-lyrics
Pee Wee Gaskins,Vaya Con Dios,"I know someday
I’m gonna smile from ear to ear when
I listen to this song on my stereo
It reminds me of the time
It wasn’t the best year of my life
But it’s one of the weekends (one of the weekends)
I spent with you
I don't wanna look back and frown
And I wanna look forward and smile
It will start again just when it ends
You need to get out of my thoughts
And get into my arms where you belong
You took a big piece of my heart
I want you to know that I will follow you
To get into my arms where you belong
To get into my arms where you belong
I feel finе
Knowing all this time I’m in your mind
But most of the time I know that things won't gеt any easier
Everytime I think of you I wanna take you to my place
And do what I want and to be who I am
At the same time
And I’ll be easy on you
It will start again just when it ends
You need to get out of my thoughts
And get into my arms where you belong
You took a big piece of my heart
I want you to know that I will follow you
To get into my arms where you belong
To get into my arms where you belong
To get into my arms where you belong
I hope that you are happy where you are
In a place where you feel most belong
You need to get out of my thoughts
And get into my arms where you belong
You took a big piece of my heart
I want you to know that I will follow you
To get into my arms where you belong
[Outro: Hindia,
Dochi & Sansan
]
This will go by as you will carry on
Resistance is useless
This world I know I knew it all from you
You were everywhere
(you were everywhere)
You were everything to me
(you were everything to me)
I’ll try to get by
(I’ll try to get by)
Cause I know you’ll go on
(cause I know you’ll go on)",https://images.genius.com/3c197512f66cc6721e0786eee3e5114c.500x500x1.webp,https://genius.com/Pee-wee-gaskins-and-hindia-vaya-con-dios-lyrics
.Feast,Lagu Kritik Lagi,"Jika bisa unduh mobil pasti kulakukan
Jika mungkin pindah paspor pasti kukerjakan
Segerakan, seragamkan, penertiban, kedaulatan
Semua yang kau bicarakan tidak lebih dari slogan
Tak ada yang butuh figur orang tua sepertimu
Jika ada kesempatan takkan lagi mereka memilihmu
Kau tahu maka kau perpanjang kuasamu
Kau tahu maka kau buat mustahil 'tuk kritikmu
Aaaaaaaaaa aku kehabisan kata
Aaaaaaaaaaa
Semua tahu keadaan tak akan berubah
Setiap hari bodoh dan tamakmu semakin parah
Kali ini kalimatku tak kurangkai indah
Satu lagu kritik lagi, aku sudah jengah
Sebelum kau dan kronimu mengamankan kami
Sebelum ku dianggap sok jadi pahlawan lagi
Mereka yang kau bikin lupa siapa musuh sebenarnya
Satu lagu kritik lagi, tak ada gunanya
Aaaaaaaaaa aku kehabisan kata
Aaaaaaaaaaa
Sebelum kau dan kronimu mengamankan kami
Sebelum ku dianggap sok jadi pahlawan lagi
Sebelum ku dihujat satu negara lagi
Sebelum ku dianggap tidak menapak rumput lagi
Sebelum kau pura-pura dengarkan kami
Sebelum kau gunakan laguku 'tuk konten lagi
Tak ingin kukatakan ""sudah kubilang"" lagi
Tak ada gunanya satu lagu kritik lagi
Aaaaaaaaaa aku kehabisan kata
Aaaaaaaaaaa
Aaaaaaaaaa aku kehabisan kata
Aaaaaaaaaaa",https://images.genius.com/c721afd72a3b814c39751abdfb236252.1000x1000x1.png,https://genius.com/Feast-lagu-kritik-lagi-lyrics
Aldrian Risjad,Milk Candy,"Mama, tell me a little story
The dawn you waste in dusty space
You cracked a wound, can't be stitched
Was just a kid, couldn't change what's laid
Standing here, out your door
I hope you notice
Here's my fist, starts to bleed
I hope you know this
My mind keeps playing TV ads in my head
About love in a taste of milk candy
Give it a taste, believe me
Sweetness between your lips
Don't hesitate, believe me
There's love in the taste of milk candy
Mama, I feel like a stranger
Each step you took away from home
Going too far with a suitcase
Are you ever gonna comeback here
Give it a taste, believe me
Sweetness between your lips
Don't hesitate, believe me
There's love in the taste of
There's love in the taste of milk candy
(My mind keeps playing TV ads in my head)
(My mind keeps playing TV ads in my head)
Give it a taste, believe me
Sweetness between your lips
Don't hesitate, believe me
There's love in the taste of
There's love in the taste of milk candy
(My mind keeps playing TV ads in my head)
Your lips was bittersweet
(My mind keeps playing TV ads in my head)
There's love in the taste of milk candy
(My mind keeps playing TV ads in my head)
(My mind keeps playing TV ads in my head)",https://images.genius.com/b86862f7445e1c3463995250037c79f3.1000x1000x1.jpg,https://genius.com/Aldrian-risjad-milk-candy-lyrics
tradeto,Tentang Masa Depan/Satu Dua Langkah,"Ku memaksa 'tuk membuka mata
Menelan semua yang tak dipinta
Hal yang telah kau impi-impikan
Terkadang hanya sebatas kisah
Biarkan ku memilih jalan yang kuharapkan
Yang bertahap mematahkan hati yang penuh mimpi
Melepas semua angan-angan yang perlahan menyiksa diri
Kuhapus semua yang tertulis walau mimpi tetap milik sendiri
Kutulis lirik di ruang tengah
Buang pandang ke arah jendela
Berandai-andai terlalu banyak
Terbuai terbang terlalu lunak
Jarang terjatuh, jarang tersungkur
Ibu bilang ingat kau bersyukur
Sesekali kembali ke bumi
Hati-hati terbakar matahari
[Chorus: tradeto &
Hindia
]
Ku memaksa 'tuk membuka mata
Menelan sеmua yang tak dipinta
Hal-hal yang telah kau impi-impikan
Terkadang hanya sebatas kisah
Kuusap hati dеngan air mata
Indahnya semesta mengarang cerita
Tentang masa depan
Atau satu dua langkah
Kepada yang berharap, kepada yang bermimpi
Jalannya akan terjal, temboknya akan lebih kuat dan semakin tinggi
Tapi kita lebih dari ini
[Bridge:
Hindia
& tradeto]
Hati ini tak sekuat besi
Tangis yang hadir dan mengobati
Mengucap syukur, mengubur diri
Mimpimu hanya milikmu sendiri
Ku berduka (
Hati ini tak sekuat besi
)
Melepas yang abadi (
Tangis yang hadir dan mengobati
)
Ku berserah (
Mengucap syukur, mengubur diri
)
Memohon dan meminta (
Mimpimu hanya milikmu sendiri
)
Ku bertahan (
Hati ini tak sekuat besi
)
Tertawa dan menari (
Tangis yang hadir dan mengobati
)
Ku berdoa (
Mengucap syukur, mengubur diri
)
Tanpa besar harapan (
Mimpimu hanya milikmu sendiri
)
Ku berdiri (
Hati ini tak sekuat besi
)
Langit menjadi saksi (
Tangis yang hadir dan mengobati
)
Ku berbunga (
Mengucap syukur, mengubur diri
)
Terlahir dan merekah (
Hati ini tak sekuat besi
)
Dan untuk doaku
Yang selalu mengiringi",https://images.genius.com/346c92245d76d572f7af5568cba31071.1000x1000x1.png,https://genius.com/Tradeto-tentang-masa-depan-satu-dua-langkah-lyrics
Lomba Sihir,Omamama,"Waktu kecil ku tak mahir berjalan
Seringkali ku harus terjatuh
Tumbuh besar ku banyak pertanyaan
Mengapa dunia begini begitu?
Dia tuntun kakiku perlahan
Sampai dapat kubalap dunia
(O mama mama, o mama mama)
Kaulah cinta pertama
(O mama mama, o mama mama)
Selalu selamanya
Masa mudamu yang ku baru tahu
Hobi dan temanmu (Juga tongkronganmu)
Tumbuh besarku, kau korbanku waktu
Agar bermanfaat, aku sepertimu
Dia tuntun kakiku perlahan
Sampai dapat kubalap dunia
(O mama mama, o mama mama)
Kaulah cinta pertama
(O mama mama, o mama mama)
Selalu selamanya
O mama mama, o mama mama
Kaulah cinta pertama
(O mama mama) Mama mama ma
(O mama mama) Selalu selamanya
(O mama mama) O mama mama (O mama mama)
Oh oh, oh oh oh oh
(O mama mama, o mama mama)
Selalu selamanya
(Mama) Kaulah cinta pertama
(Mama) Takkan ada duanya
(Mama) Hingga ke ujung dunia
(Mama) Selalu selamanya",https://images.genius.com/770c94ddffdf3f474448c19c60b9c99b.1000x1000x1.png,https://genius.com/Lomba-sihir-omamama-lyrics
Rayhan Noor,Easy,"Starting at the roof of my bedroom
How did it end up like this?
Years gone by, still stuck in the gloom
I wanna get away
Where did it all go wrong?
I wanna give it a try again
Where did i mess it up?
Oh tell me now
I must admit that i tried too hard
I must admit that i want it too bad
Take it easy on your heart
Take it easy on your heart
I wouldn't mind if i try giving all that i've got
""But i don't sleep past the midnight""
Not anymore
Not anymore
Where did it all go wrong?
I wanna give it a try again
Where did i mess it up?
Oh tell me now
I must admit that i tried too hard
I must admit that i want it too bad
Take it easy on your heart
Take it easy on your heart
I must admit that i tried too hard
I must admit that i want it too bad
Take it easy on your heart
Take it easy on your heart
I must admit that i tried too hard
I must admit that i want it too bad
Take it easy on your heart
Take it easy on your heart",https://images.genius.com/dec94379a90ad2aaab5857571a6ffecb.624x622x1.png,https://genius.com/Rayhan-noor-easy-lyrics
Petra Sihombing,Selimut,"Lirik ""Selimut""
Berselimut
Kehidupan manusia
Yang terdekat
Dan yang kutahu di dunia maya
Selimut
Jangan takut
Kuberi selimut
Nina Bobo, oh, Nina Bobo
Oh
Kau baru beli mobil baru
Aku tahu
Kau lapar sekali, aku tahu
Di jam makan siang
Lebih banyak foto berdua
Dengan pacarmu yang sekarang
Kau lebih bahagia, ku tahu
Ku mengenalmu dari dulu
Kau turun 10 kilogram
Tak muncul tiga hari di Instagram
Ku kira kau jadi bunuh diri
Berselimut
Kehidupan manusia
Yang terdekat
Dan yang kutahu di dunia maya
Selimut
Jangan takut
Kuberi selimut
Nina Bobo, oh, Nina Bobo
Oh",https://images.genius.com/f959cd3ffa0474754b52e0ac2dd47f7a.1000x1000x1.jpg,https://genius.com/Petra-sihombing-selimut-lyrics
Hindia,Hari yang Baik untuk Berbohong,"Beranjak dari kasur, buru-buru mandi
Buka lemari baju, mana saja hari ini
Bergegas beranjak pergi, jangan terlambat lagi
Ini bukan di pagi hari, sudah pukul 2 siang
[Verse 2:
Rayhan Noor
& Hindia]
Entah mengapa malam tadi, kesurupan atau alkohol
Pikiran atau hal tolol, air mata lancar, jalan tol
Tapi ada dua rapat sore ini,
penonton menunggu dari pagi
Ajakan makan malam sudah janji,
tak mau kurusak momennya lagi
Hari yang baik untuk berbohong
Hari yang baik untuk tertawa
Hari yang baik 'tuk bahagia
Hari yang baik 'tuk cari uang
Rambutku terlalu panjang, berantakan, menutup mataku
Yang katanya terlalu lelah, kita mahir-mahir menutup celah
Bolehkah tato kelihatan? Jangan buat tanda salib di kerumunan
Iklan-iklan yang dipaksakan, katanya ku kurang senyum
Harus lebih fun
Anjing, ganteng lo Re
Fuck
Hari yang baik untuk berbohong
Hari yang baik untuk tertawa
Hari yang baik 'tuk bahagia
Hari yang baik 'tuk cari uang
Hari yang baik untuk berbohong
Hari yang baik untuk tertawa
Hari yang baik 'tuk bahagia
Hari yang baik 'tuk cari uang",https://images.genius.com/49c46a61416bbbae94ea4e4bbd784d1c.600x600x1.jpg,https://genius.com/Hindia-and-rayhan-noor-hari-yang-baik-untuk-berbohong-lyrics
.Feast,Our Game,"Kutubruk semua yang menghalang, awas terbentur
Kubidik semua yang menghalau di tengah jalur
Kuhujam semua menara, bersiaplah hancur
Kapak di ujung jariku s'lalu siap bertempur
Perdalam tajam mataku, raut dalam ratusan jam
Gemuruh nama kita nyaring dan bersiar berpendar
Matikan layarmu jika kau belum siap menyelam
Terjun ke dalam jalur kuasa, kita bantai jadi pemenang
Look at my score, look at my skills
You can try to control me but it's my game
Look at my team, look up my name
They'll be talking about us 'cause of our game
Kutubruk semua yang menghalang, awas terbentur
Kubidik semua yang menghalau di tengah jalur
Kuhujam semua menara, bеrsiaplah hancur
Kapak di ujung jariku s'lalu siap bertempur
Perdalam tajam mataku, raut dalam ratusan jam
Gеmuruh nama kita nyaring dan bersiar berpendar
Matikan layarmu jika kau belum siap menyelam
Terjun ke dalam jalur kuasa, kita bantai jadi pemenang
Look at my score, look at my skills
You can try to control me but it's my game
Look at my team, look up my name
They will talk of my legend 'cause of my game
Look at my score, look at my skills
You can try to control me but it's my game
Look at my team, look up my name
They'll be talking about us 'cause of our game
Look at my score, look at my skills
You can try to control me but it's my game
Look at my team, look up my name
They will talk of my legend 'cause of my game
Look at my score, look at my skills
You can try to control me but it's my game
Look at my team, look up my name
They'll be talking about us 'cause of our game",https://filepicker-images.genius.com/xqqc5h80i89,https://genius.com/Feast-our-game-lyrics
.Feast,Kedap Suara,"Kedap suara, hei, kedap suara
Tak dengar yang buruk, kau kedap suara
Kedap suara, hei, kedap suara
Tak dengar yang buruk, kau kedap suara
Kedap suara, hei, kedap suara
Tak dengar yang buruk, kau kedap suara
[Verse 1: Iga Massardi,
Baskara Putra
&
Laze
]
Mudah kau percaya hal-hal yang cela
Mudah kau gaungkan hal-hal yang hina
Susah kau menyaring, tergoda
Pertempuranmu di dalam hati
Sampai hari berganti, sampai ujung jalan nanti
Seumur hidup, sampai kau mati
Seumur hidup, sampai kau mati
Yang kau dengarkan, yang kau siarkan
Kau yang bertuan, kau kendalikan
Yang kau bagikan, yang kau sebarkan
Kamu yang berpuan, kamu kendalikan
Kau gagal, ulangi lagi, memang tak mudah
(Memang tak mudah)
Jadikan dirimu suar ‘tuk hal-hal indah (hanya yang indah)
Kedap suara, hei, kedap suara
Tak dengar yang buruk, kau kedap suara
[Verse 2: Zakari Danubrara,
Natasha Udu
&
Kamga
]
Jaga alur aliranmu,
jaga alur aliranmu
Jaga murni frekuensimu,
jaga murni frekuensimu
Jaga pendar bias suarmu,
jaga pendar bias
Suarmu
Pertempuranmu di dalam hati
Pertempuranmu di dalam hati
Seumur hidup, sampai kau mati
Seumur hidup, sampai kau mati
[Bridge: Kamga &
Laze
]
Dan kau tahu ini hal yang berat
Saat seisi dunia berlomba
Siaran langsung dari perantara belum tentu benar dibagi ke saudara
Ku tak ingin dengar rumor di udara walau dianggap tertinggal bagai koper di bandara
Dan kau tahu ini hal yang berat, oh
Lewat topik ringan yang menjadi beban, obrolan selingan yang harus kau emban
Tetaplah bertahan lalu kau bisa mulai mengubah sikap dengan perlahan
[Pre-Chorus:
Laze
&
Iga
]
Yang kau dengarkan, yang kau siarkan (
yang kau siarkan
)
Kau yang bertuan, kau kendalikan
Yang kau bagikan, yang kau sebarkan (
yang kau sebarkan
)
Kamu yang berpuan, kamu kendalikan
Yang kau dengarkan, yang kau siarkan
(
yang kau dengar
)
Kau yang bertuan, kau kendalikan (
kau kendalikan
)
Yang kau bagikan, yang kau sebarkan
Kamu yang berpuan, kamu kendalikan
Kedap suara, hei, kedap suara
Tak dengar yang buruk, kau kedap suara",https://images.genius.com/6123a02016f711bb66c4e3c0c7bee4ed.750x751x1.jpg,https://genius.com/Feast-kedap-suara-lyrics
Glaskaca,Putih,"Lirik ""Putih""
Tersirat bising
Sunyi berliku
Tertuang dan
Hilang merana
Putih terbentang
Menanti, memandang asa
Terpana hari yang cerah
Menanti, memandang asa
Pernahkah kau terdiam
Dan terjebak?
Tertatih
Dan menjelma indah?
Menanti, memandang asa
Terpana hari yang cerah
Menanti, memandang asa
Terbesit luka yang terlupa
Ah ah ah ah
Ah ah ah ah
Ah ah ah ah
Ah ah ah ah
Menanti, memandang asa
Terpana hari yang cerah
Menanti, memandang asa
Terbesit luka yang terlupa
Menanti, memandang asa
Terpana hari yang cerah
Menanti, memandang asa",https://images.genius.com/1489bd4d9e931fcfb018a5644c6e9e32.1000x1000x1.png,https://genius.com/Glaskaca-putih-lyrics
.Feast,Jangan Ikut Campur,"Jangan kau berdiri merasa pintar
Hanya di kepalamu kau yang benar
Diam dan lihat, duduk saja di latar
Jangan kau halangi aku melaju
Perkara ini lebih besar darimu
Tak pantas kau bicara saat tak tahu
(Duduk, diam saja saat kau tak tahu)
Jika dendam harus dibayar tuntas
Lunas dengan tunai, lihat kubalas
Urusanku, jangan ikut campur
Urusanku, jangan ikut campur
Andai harus kotor, ku siap melumpur
Urusanku, jangan ikut campur
Seribu cara celakaimu
Semua terbayangkan dalam kalbu
Mata ganti mata, aku siap membuta
Memakan semua sudut tubuhku
Benci ini tumbuh berliku
(Urusanku)
(Urusanku)
(Urusanku)
Urusanku, jangan ikut campur
Urusanku, jangan ikut campur
Andai harus kotor, aku siap melumpur
Urusanku, jangan ikut campur
Urusanku, jangan ikut campur
Urusanku, jangan ikut campur
Andai harus kotor, ku siap melumpur
Urusanku, jangan ikut campur",https://images.genius.com/c721afd72a3b814c39751abdfb236252.1000x1000x1.png,https://genius.com/Feast-jangan-ikut-campur-lyrics
Mantra Vutura,2020,"Amin
Amin
Amin
Amin",https://images.genius.com/20c7c8197465764f5209b3bd021eceea.1000x1000x1.png,https://genius.com/Mantra-vutura-2020-lyrics
BAALE,Yang Kutakuti,"Ku tak pernah nyaman saat kau mengumpat
Di perjalanan sembari buka kaca depan
Kau acungkan jari tengah lagi
Belum juga bisa t'rima kekurangan
Kar'na hanya satu yang kau ajari
'Tuk jadi sempurna
Tak bercelah sama sekali, woah oh
Ku tak pernah tahu
Siapa kamu sebelum aku
Sebelum kuhadir dalam duniamu
Kuhadir dalam duniamu
Masih diam aku, bingung cara 'tuk mengungkapkan
Kupendam, hanya mampu 'tuk mendengarkan
Sekuat 'ku berlari
Pijak tak jauh pergi
Meski lelah kucoba (Oh, ternyata)
Ku tak jauh berbeda
Ada aku dalam dirimu
Mungkin kamu dalam diriku
Semakin aku hindari
(Semakin 'ku jadi) Yang kutakuti
Ku tak pernah nyaman saat kau membentak
Di dalam kamar, tak sengaja kudengar
Buka pintu depan, 'ku tak anggap ini rumah lagi
Masih belum bisa terima faktanya
Kalau semua ini sudah berbeda
Tak lagi kukenal, tak lagi buatku nyaman
Sekuat 'ku berlari
Pijak tak jauh pergi
Meski lelah kucoba (Oh, ternyata)
'Ku tak jauh berbeda
Ada aku dalam dirimu
Mungkin kamu dalam diriku
Semakin aku hindari
(Semakin 'ku jadi) Yang kutakuti
(Oh, jadi) Yang kutakuti
(Menjadi) Yang kutakuti
Ada aku dalam dirimu
Tak inginku s'perti dirimu
Semakin aku hindari
(Semakin 'ku jadi) Yang kutakuti",https://images.genius.com/6c68a34cc6944e339c18d2ee0ff1de59.1000x1000x1.png,https://genius.com/Baale-yang-kutakuti-lyrics
Nartok,Riphunter (Remix),"We gonna win this!
We gonna win this!
We gonna win this!
We gonna win this!
M'reka bilang
Tumbang sebab omongan
Sering digugat korelasi
Komentar saat kami collab nasib dan menang
Kapan saja boleh panggil
Ruang gelap, masih punya korek api
Terobos coret tulisan tak boleh parkir
Kalian tenang karena sudah punya alternatif
Persetan, aku tetap lewat samping
Ya, diam jelas bukan opsi
Menolak untuk jadi fosil
Kan acuh sepuluh kali, pingsan
Iblis mana tak angkat topi?
Kau pintar, berangkat tanpa doping
Bara api kan aku copycat
Seandai resikonya memang mati
Njinglah, pasang roda bawah coffin
Kau camkan
Memang mungkin berantakan dan bimbang saat jumpa perempatan
Tapi tak tunggu datang kesempatan bangsat
Kau kan lihat gelak patah
Tak usah belah badan
Jika nanti kalian gelar pasal
Ini asal kau tahu
Ku tak ada ciut jika kelak lapar
Walau dapat biru pada atas mata
Sindikat bajingan yang kan brangkat pergi
Meludahi dunia
Kumpulan pеmbangkang yang dituduh takkan kantongi karunia
Kau atau dia?
Malas maupun yang giat
Yang tidak ataupun masih di bawah ketiak
Punya niat hengkang atau sedang bеrikhtiar
Tolong cari tahu dulu apa yang kalian jilat
Ain’t nothing's right with this backward nation
When my friend went to rehab for being one in million
Ain't nothing’s right with this rightful nation
Left behind its heritage in one year, smooth motion
Folks tell me to go back in time
Fix things up one try make it all a-rhyme
Folks tell me to commit greatest crime
Tweak time, what time, well, I guess I'm in my prime
Tell me to be loud and political
So tell 'em my head's the price for being political
So tell 'em to play my band in my funeral
And play my funeral on national television
Tell 'em to see what's wrong in this backward nation
Tell 'em to get ready jump back in time in motion
Ask them to join me, get ready for collision
Ask them to get together win with me, demand devotion
Tell ’em to see what’s wrong in this backward nation
Tell 'em to get ready jump back in time in motion
Ask them to join me, get ready for collision
Ask them to get together win with me, demand devotion
We gonna win this!
We gonna win this!
We gonna win this!
We gonna win this!
We gonna win this!
We gonna win this!
We gonna win this!
We gonna win this!",https://images.genius.com/d3fa47a29ddb08dc66ddd09122313c15.1000x1000x1.png,https://genius.com/Nartok-riphunter-remix-lyrics
Lomba Sihir,Intro: Menanti Pagi,"Satu hal lagi, satu keinginan lagi
Satu doa lagi
Sedikit lagi, sedikit lagi, sedikit lagi
Dari semua yang gagal dan tercapai
Kamu masih merasa sama saja
Waktumu habis hidup di antara satu hal lagi
Satu keinginan lagi, satu doa lagi
Sedikit lagi, sedikit lagi, sedikit lagi
Suatu hari kamu tertegun, tersadar
Mudamu hanya banyak bersembunyi
Sembari menanti pagi",https://images.genius.com/770c94ddffdf3f474448c19c60b9c99b.1000x1000x1.png,https://genius.com/Lomba-sihir-intro-menanti-pagi-lyrics
Bilal Indrajaya,Alunan Temu,"Tiada siapapun 'tuk berbincang
Sendiri terasa jarak terbentang
Kini kutemukan alasan pulang
Saat bait tulisan nyata jadi pelukan
Senyum di layar yang kutatap kini
’Kan kusapa dalam hitungan hari
Langkah kaki yang sempat terhenti
Dengan doa aku berlari
Di perjalanan, wajahmu kian terbayang
Meniti kenangan dan kerinduan
Yang terpendam
Mengisi ruang
Rindu pertemuan
Alun detak jantungku
Urai semua derai air mata
Jatuh lembut di jemarimu
[Verse 3: Isyana Sarasvati &
Isyana Sarasvati & Bilal Indrajaya
]
Malam yang tunduk di keheningan
Menghapus kesalahan dan memaafkan
Kita relakan semua yang fana
Suci teduhkan hati
Mengisi ruang
Rindu pertemuan
Alun detak jantungku
Terisi ruang
Rindu pertеmuan
Alun detak jantungku
Usai semua sisa air mata
Tercurahkan sеmua cinta
Na-na-na-na-na
Na-na-na-na-na
'Kan kubawa diriku
Na-na-na-na-na
Na-na-na-na-na
Jatuh lembut di jemarimu",https://images.genius.com/b075dc276b2ffe771ed18f44d3e8f6e9.1000x1000x1.png,https://genius.com/Bilal-indrajaya-alunan-temu-lyrics
Hindia,K.K. Evaluasi,,https://images.genius.com/9aa6427681cb1b13766701e3633b850a.750x750x1.jpg,https://genius.com/Hindia-kk-evaluasi-lyrics
Lomba Sihir,Interlude: Habis-habisan,"Oke, tidak masalah
Sekarang duduk dan istirahat
Dengar
Saya tahu ini tidak mudah
Tertinggal dua gol dalam pertandingan sebesar ini tidak pernah mudah
Tapi ingat, masih ada babak kedua
Jadi masih ada waktu untuk berjuang
Kita berlatih keras setiap hari untuk bisa sampai di titik di mana kita berdiri saat ini
Apakah kemudian kita akan melepaskannya begitu saja?
Tentu tidak
Sepak bola tidak hanya sekadar menang dan kalah
Sepak bola adalah tentang kerja keras, saling menguatkan dan berjuang sampai titik darah penghabisan
Saat ini kita punya dua pilihan
Menyerah atau bangkit melawan
Saya pilih yang kedua, dan saya yakin kalian pun sama
Lupakan semua yang terjadi di babak pertama, sudah tidak ada gunanya lagi
Di saat-saat krusial seperti ini mental lah yang berbicara
Tunjukkan kepada merеka jika kalian adalah para petarung
Ini adalah hidup kita, dan kita tidak akan membiarkan siapa pun merampasnya dari tangan kita
Kеluar dari ruangan ini, kita akan bersatu dan berjuang bersama-sama sampai menit akhir
Bila perlu, sampai babak tambahan waktu atau bahkan adu penalti
Jadi ingat, kita tidak akan mundur barang sejengkal
Ayo mainkan!",https://images.genius.com/770c94ddffdf3f474448c19c60b9c99b.1000x1000x1.png,https://genius.com/Lomba-sihir-interlude-habis-habisan-lyrics
Koil (Band),Tarian Penghancur Raya,"Mata dan peluh yang asin
Perlahan dihapus angin
Jogja yang beku mendingin
Menari, menghancurkan alam raya
Yang kecewa
Dibuatnya malapetaka
Kamar berjeruji berpenghuni bersafari
Berbagai fauna flora kerasukan freon di ruko toko bunga
Bank ahli industri teknologi etnografi
Produksi menggurui penghuni asli
Berbicara cepat bilang haram
Kearifan lokal yang dibungkam
Tuli pada yang belajar alam
Mati sesak nafas tengah malam
La-la-la, la-la-la, la-la
La-la-la, la-la-la, la-la
La-la-la, la-la-la, la-la
La-la-la, la-la-la, la-la
Trotoar lebar, bahan hijau, Tesla
Kalah cepat disalip Kuda Asia
Tewas di lampu merah garis zebra
Siang malam pun gelap gulita
Uap terlontar mengepung kota
Berlomba ciptakan limbah plastik kita
Saat senja kehabisan kata
(Efek Rumah Kaca tiba-tiba suddenly di mana-mana)
Kerja bakti menyusun neraka
Kita miliki bahan bakarnya
Perihal waktu tunggu datangnya
O2 dijual oleh negara
Oh terima kasih 'kan usahanya
Sedotan besi, plastik cycle tiga
Pun pepohonan tak berkuasa
Lawan kebijakan yang bertamasya
Burung bersiul malapetaka
Gurun menatap dingin manusia
Laut dan pegunungan kecewa
Kudeta besar alam semesta
Siarkan kabar penelan surya
Meleleh matikan Kutub Utara
Amalkan tarian penghancur raya
Kobarkan tarian penghancur raya
La-la-la, la-la-la, la-la
Kobarkan tarian penghancur raya
La-la-la, la-la-la, la-la
Kobarkan tarian penghancur raya",https://images.genius.com/93562897724844bdc358f7bf8b2cbd11.264x264x1.jpg,https://genius.com/Koil-band-tarian-penghancur-raya-lyrics
Lomba Sihir,Interlude: Sementara,"Satu hal lagi, satu keinginan lagi
Satu doa lagi
Sedikit lagi, sedikit lagi, sedikit lagi
Suatu hari kau tersadar
Semua itu hanya sementara
Ribuan memori yang terkumpul selama ini adalah yang membuatmu terus hidup
Seburuk apa pun
Kamu belajar api itu panas
Cerianya bersepeda datang sepaket dengan luka-luka di kaki
Momen terbaikmu berjalan beriringan dengan tragedi serta trauma baru
Kamu terima semuanya dengan lapang
Tetap berjuang untuk orang-orang tersayang
Siklus ini akan terus bergulir untukmu dan ribuan orang lainnya
Kamu dengar cerita mereka, tersеnyum bahagia
Atau mungkin tersenyum getir
Satu hal lagi, satu kеinginan lagi
Satu doa lagi
Sedikit lagi, sedikit lagi, sedikit lagi
Selamanya",https://images.genius.com/770c94ddffdf3f474448c19c60b9c99b.1000x1000x1.png,https://genius.com/Lomba-sihir-interlude-sementara-lyrics
Agatha Pricilla,Mata Air,"Lirik ""Mata Air""
Menghabiskan gaji untuk diriku sendiri
Membeli satu tiket film terkini
Memesan yang cukup hanya untuk satu porsi
Menyanyikan Kunto Aji di tengah muda-mudi
Semua jatuh bangunmu (hal yang biasa)
Angan dan pertanyaan (waktu yang menjawabnya)
Berikan tenggat waktu, bersedihlah secukupnya
Rayakan perasaanmu sebagai manusia
Jika kau pernah tersakiti, angkat tangan
Jika kau pernah menyakiti, angkat tangan
Jika kau pernah bahagia, angkat tangan
Jika kau pernah kecewa, angkat tangan
Hidup bukan untuk saling mendahului
Bayangan yang diciptakan oleh mentari
Ada karena matahari bermaksud terpuji
Untukmu cintai diri sendiri hari ini
Jika kau pernah tersakiti, angkat tangan
(Mata airmu ada di sini)
Jika kau pernah menyakiti, angkat tangan
(Mata airmu diri sendiri)
Jika kau pernah bahagia, angkat tangan
(Temukan makna hidupmu sendiri )
Jika kau pernah kecewa, angkat tangan
(Menarilah dengan bayangan diri sendiri)
Mata airmu ada di sini
Mata airmu diri sendiri",https://images.genius.com/b8c696a4706d2672a55c33608fa3b577.1000x1000x1.png,https://genius.com/Agatha-pricilla-mata-air-lyrics
Lomba Sihir,Mungkin Takut Rebahan,"Na-na-na-na, na, na, na
Na-na-na-na, na, na
Na-na-na-na, na, na, na
Na-na-na-na, na, na
[Verse 1: Hindia &
Udu
]
Banyak alasan ku tetap di sini
Kamu tak pernah suka dengan orang di dalamnya
Tumbuh berkembang terlahir di sini
Kau banyak alasan
Semoga semuanya teraih
Semoga tak patah hati
Mungkin sudah yang terbaik, mungkin karena kakak-adik
Mungkinkah terlalu nyaman, mungkin takut perubahan
Jika suatu saat nanti aku kan mati di sini
Belantara kejam ini t’lah tuntas mencuri hatiku
[Verse 2: Rayhan Noor,
Hindia & Udu
]
Siapa yang kau lindungi selain dirimu?
Siapa yang kan peduli jika kau pergi?
Betul, namun tetap takkan mudah
Kau bukanlah seorang penyerah
Semua pun lelah dan jengah
Kali ini berserah
Mungkin sudah yang terbaik, mungkin karena kakak-adik
Mungkinkah terlalu nyaman, mungkin takut perubahan
Jika suatu saat nanti aku kan mati di sini
Belantara kejam ini t’lah tuntas mencuri hatiku
Sedikit senyum palsu
Abaikan angin lalu (abaikan angin lalu)
Walau panas dan berdebu
Hanya ada kamu sepanjang hidupku
Mungkin sudah yang tеrbaik, mungkin karena kakak-adik
Mungkinkah terlalu nyaman, mungkin takut perubahan
Jika suatu saat nanti aku kan mati di sini
Bеlantara kejam ini t’lah tuntas mencuri hatiku
Na-na-na-na, na, na, na
Na-na-na-na, na, na
Na-na-na-na, na, na, na
Na-na-na-na, na, na",https://images.genius.com/1283e13200604ca85592640c2fe10f08.1000x1000x1.png,https://genius.com/Lomba-sihir-mungkin-takut-rebahan-lyrics
Armand Maulana,Sampai Akhir Zaman,"Jauh sekali
Hari ini sejak kita berbicara tentang pernikahan di dalam mobilku
Jauh sekali
Hari ini sejak kita meminjam cahaya di tengah akad yang mati lampu
Waktu berjalan
Kita berdiri berseberangan dengan putri di bandar angkasa
Berpisah sementara
Bukan hanya la yang belajar dewasa
Kita berdua pun juga
Belajar memahami perubahan
Di luar gemerlap lampu sorotan
Jalannya gelap, berpegangan tangan
Kita berdua sampai akhir zaman
Kita lewati
Jutaan cobaan dulu di tabloid skarang sulit ditemukan
Satu hal yang menurutku pantas dibanggakan, yeah
Kita hadapi hari yang tak pasti
Jika kau tak lagi suka suatu hal
Jika ku tak lagi bisa ambil nada tinggi
Belajar memahami perubahan
Di luar gemerlap lampu sorotan
Jalannya gelap, berpegangan tangan
Kita berdua sampai akhir zaman
Kita berdua sampai tua lamban
Kita berdua sampai semesta bosan
Kita berdua sampai surya redup
Kita berdua sampai umur ditutup
Masih banyak hal-hal yang ku tak tahu
Masih banyak hal-hal yang ku sok tahu
Masih banyak hari yang kutakuti
Kulewati asal engkau di sini
Belajar memahami perubahan
Di luar gemerlap lampu sorotan
Jalannya gelap, berpegangan tangan
Kita berdua sampai akhir zaman",https://images.genius.com/69c718a18999f22fd62c316faad112a5.1000x1000x1.webp,https://genius.com/Armand-maulana-sampai-akhir-zaman-lyrics
Cosmicburp,Fastest Man Alive (Remix),"Die, die!
Motherfucker die!
Die, die!
Motherfucker die!
Die, die!
Motherfucker die!
Die, die!
Motherfucker die!
Die, die!
Motherfucker die!
Die, die!
Motherfucker die!
Die, die!
Motherfucker die!
Die, die!
Motherfucker die!
Blue lights, move fast, tie those shoes tight
Get your camera rolling, get it zoomed right
Ain't no one praying for you, no Gesundheit
Infecting the youth's mind just like the flu type
Things go over your head when it's roof-like
The kings get dethroned when he's nggak berguna
Pink hooded I come for a new nuance
Like a comfortable truant, so ignorant it's gruesome
In a pig eat pig world, need the bigger picture
Dead guy be headlining, sleazy trigger finger
Head high now you're in the headlight
Red dot on the frontal lobe
Soul be eroded 'fore the truth be told
Sold be the building, no walls to vandalize
No witness testifying, they come with stapled eyes
Couldn't run forever, no place left to hide
But one can fantasize to be the fastest man alive
Die, die!
Motherfucker die!
Die, die!
Motherfucker die!
Die, die!
Motherfucker die!
Die, die!
Motherfucker die!
Die, die!
Motherfucker die!
Die, die!
Motherfucker die!
Die, die!
Motherfucker die!
Die, die!
Motherfucker die!
Never ask my age babe VIP access
Don't I ask my lover well I digress
Don't tell my God if you can't guess
Gonna sell some guns to some odd tooth fairy
Engagement rings for feminists who just wouldn't marry
Give a laugh for Pandji who's just not funny
I'll write down any lines necessary
Just to reach my chorus
My words outrun forest
Let's make one big unrest
Die, die!
Motherfucker die!
Huh
One spliff a day so I can keep the evil away
Move bitch, get the fuck outta my way
As a man, on my word, I will stand
And I'm so picky, I don't shake too many hands
Keep bitching out, I like the way you look, fool
Keep moving, even though my belly is already full
Errrstep I take is a win because I own the rules
Make breads with halal dough, then paid my mama's dues
1-3-1-2
, fuck 'em, they will never catch me
And y'all never reach me because I can see what y'all can't see
Still dripping sauce, only with the '70s
When everybody with J1 but looks ain't comfy on their feet
I'm the type to talk to the skies
That's why I don't run, yeah I rather fly
I've been chilling all the time, why you still left behind?
Aye, you know what?
Y'all better die, motherfucker!",https://images.genius.com/d3fa47a29ddb08dc66ddd09122313c15.1000x1000x1.png,https://genius.com/Cosmicburp-fastest-man-alive-remix-lyrics
Hindia,Araksab Nagnajew,"Bas, uhh, sekarang tanggal 28 November 2019
Besok album lo, album kita rilis
Gue gatau perasaan lo ntar, disitu gimana cuman
Di momen ini gue masih ga nyangka akhirnya album ini bisa selesai
Tapi gue, kita bisa ada di sini, dan berhasil ngelewatin semuanya
Banyak hal baik yang kejadian
Gue bersyukur sama itu semua
Dan juga banyak hal berat, ga enak, yang kejadian juga
Sama sebenernya gue ceritain ini, lu udah pasti tau siapa yang kejadian karena lu udah ngelewatin semuanya nanti, kan?
Gue, gue ga kebayang aja ntar kayak gimana
Nanti buat lo, buat kita
Kayaknya sih, hari semakin berat
Sekarang rasanya udah berat banget kadang-kadang
Ya
Kayak apa aja yang, apa aja yang gue lakuin itu ga cukup
Buat siapapun
Buat orang orang diluar sana
Apa aja yang, apa aja yang gue omongin tuh bisa jadi salah
Bisa dibelokin sama orang, bisa dijadiin salah sama orang
Gue gatau kayak, apa dampaknya yang kita kerjain sekarang ini buat lo nanti besok besok
Semoga kayak, banyak banyak hal yang lebih baik lagi
Yang dibawa buat apa yang gw kerjain, semoga
Nanti disana banyak, banyak manfaat lebih baik yang buat lo gitu daripada apapun apapun yang bikin lo nyesel nanti sama apa yang gue kerjain sekarang
Gue yakin, gue juga ngerasain ini sih, kayak
Ya, kita sama sama tau, kita sering banget pengen kayak
Muter balikin waktu, muter balikin semuanya gitu
Kadang kadang, bahkan di titik ini kayak
Udah udah di prosesnya gue ngerjain ini
Ada ada aja gitu, apa sih, yang kayak pikirin ""Bisa ga ya balik lagi?"", ""Bisa ga ya..."" apalah
Cuman pada akhirnya, pas gue pikir pikir apapun yang
Yang semuanya udah gue lewatin ya, yang ngebikin gue jadi kayak sekarang, lu jadi kayak apa ya, lu besok
Jadi, kayak, walaupun mungkin kayak rasanya lu pengen muter balikin semuanya gitu
Muter balikin waktu nanti
Mungkin, disaat lu denger ini
Please kamu jangan menyerah, maju terus
Jangan ada yang lu nyesel, lu hajar terus aja
Kalo lu ga bisa berjuang buat orang lain, atleast lu berjuang buat gue yang udah sampe sini
Dan lu berjuang lagi buat kita yang ada lagi besok lagi, lebih jauh lagi, lebih tua dari kita yang sekarang dari gue, dari elu nanti disaat lu denger ini
Please banget, jangan nyerah
Lu, jangan pernah ngerasa nyesel pengen muter balikin apapun, lu maju terus ya!",https://images.genius.com/64586ff2d9f5e8d260b1c002129e8fb2.1000x1000x1.jpg,https://genius.com/Hindia-araksab-nagnajew-annotated
Reruntuh,Watcher of The Wall (Remix),"The night is holding down the sun
It's darkest before dawn
I set my eyes on this wall that
Separates us all
Ooh-oh-oh
This time now I know how
Ooh-oh-oh
We're not the same after all
Ooh-oh-oh
This time now I know how
Ooh-oh-oh
We're not the same after all
When Friday calls all gather round
And mocking can be found
No responds made on Sunday
Yet you here always wail
Ooh-oh-oh
I recognize this wall
Ooh-oh-oh
That separates us all
Ooh-oh-oh
I recognize this wall
Ooh-oh-oh
That separates us all",https://images.genius.com/d3fa47a29ddb08dc66ddd09122313c15.1000x1000x1.png,https://genius.com/Reruntuh-watcher-of-the-wall-remix-lyrics
Lomba Sihir,Mungkin Takut Perubahan (Acoustic Version),"Nananana nanana
Nananana nana
Nananana nanana
[Verse 1: Hindia &
Udu
]
Banyak alasan ku tetap di sini
Kamu tak pernah suka dengan orang di dalamnya
Tumbuh berkembang terlahir di sini
Kau banyak alasan
Semoga semuanya teraih
Semoga tak patah hati
Mungkin sudah yang terbaik, mungkin karena kakak-adik
Mungkinkah terlalu nyaman, mungkin takut perubahan
Jika suatu saat nanti aku kan mati di sini
Belantara kejam ini t’lah tuntas mencuri hatiku
[Verse 2: Rayhan Noor,
Hindia & Udu
]
Siapa yang kau lindungi selain dirimu?
Siapa yang kan peduli jika kau pergi?
Betul, namun tetap takkan mudah
Kau bukanlah seorang penyerah
Semua pun lelah dan jengah
Kali ini berserah
Mungkin sudah yang terbaik, mungkin karena kakak-adik
Mungkinkah terlalu nyaman, mungkin takut perubahan
Jika suatu saat nanti aku kan mati di sini
Belantara kejam ini t’lah tuntas mencuri hatiku
Sedikit senyum palsu
Abaikan angin lalu (abaikan angin lalu)
Walau panas dan berdebu
Hanya ada kamu sepanjang hidupku
Mungkin sudah yang terbaik, mungkin karena kakak-adik
Mungkinkah terlalu nyaman, mungkin takut perubahan
Jika suatu saat nanti aku kan mati di sini
Belantara kejam ini t’lah tuntas mencuri hatiku
Nananana nanana
Nananana nanana
Nananana nanana",https://images.genius.com/1283e13200604ca85592640c2fe10f08.1000x1000x1.png,https://genius.com/Lomba-sihir-mungkin-takut-perubahan-acoustic-version-lyrics
Endah N Rhesa,Jerusalem (Remix),"Oh I thought it was over
With all these broken spines
We argue we fight
Talks were cold, extra shiver
30 days were all night
No sunshine, no sight
Old school
Taxi and Uber, we fight?
Why can't our road be as one?
Oh I got dreams without fever
Of a place I could call home
A place I share with some
Leave behind all this sickness and bruises
That you inflict upon me
That I inflict upon you
Fender and Gibson
Why do we fight?
Why can not we both rhyme as one?
Tear down this border
We share the same mother
Our foes aligned
Dreams intertwined
Blow off your steam
'Cause tomorrow is fine
Share our promised land this time
Jerusalem's not just mine
Share our promised land this time
Jerusalem's not just mine
Not just mine
And now our promise land's not mine
Ooh
Ooh
Jerusalem's not just mine
Not just mine
We have a dream to devour
Oh, share the land this time
Share the promised land
Share the land we have
Share the land we stand
Share the land this time
Jerusalem's not just mine
Jerusalem's not just mine",https://images.genius.com/d3fa47a29ddb08dc66ddd09122313c15.1000x1000x1.png,https://genius.com/Endah-n-rhesa-jerusalem-remix-lyrics
Mikha Angelo,Evaluasi,"Yang tak bisa terobati
Biarlah
Mengering sendiri
Menghias tubuh dan
Yang mengevaluasi
Ragamu
Hanya kau sendiri
Mereka tak mampu
Melewati yang telah kau lewati
Tiap berganti hari
Rintangan yang kau hadapi
Masalah yang mengeruh
Oh, perasaan yang rapuh
Ini belum separuhnya
Biasa saja
Kamu tak apa
Yang selalu ingin ambil peran
Hanya berlomba menjadi lebih
Sedih dari dirimu
Muak dikesampingkan
Disamakan
Hatimu terluka, sempurna
Masalah yang mengeruh
Oh, perasaan yang rapuh
Ini belum separuhnya
Biasa saja
Kamu tak apa
Perjalanan yang jauh
Kau bangun untuk bertaruh
Hari belum selesai
Biasa saja
Kamu tak apa
Bilas muka, gosok gigi, evaluasi
Tidur sejenak menemui esok pagi
Walau pedih ku bersamamu kali ini
Ku masih ingin melihatmu esok hari
Bilas muka, gosok gigi, evaluasi
Tidur sejenak menemui esok pagi
Walau pedih ku bersamamu kali ini
Ku masih ingin melihatmu esok hari
Bilas muka, gosok gigi, evaluasi
Tidur sejenak menemui esok pagi
Walau pedih ku bersamamu kali ini
Ku masih ingin melihatmu esok hari",https://images.genius.com/a5dce1b99e5bb360a0ae0f18e3bfe868.622x622x1.png,https://genius.com/Mikha-angelo-evaluasi-lyrics
Bwah:spatium,Tel Aviv (Remix),,https://images.genius.com/d3fa47a29ddb08dc66ddd09122313c15.1000x1000x1.png,https://genius.com/Bwah-spatium-tel-aviv-remix-lyrics
Lomba Sihir,Mungkin Takut Perubahan (Instrumental),,https://images.genius.com/1283e13200604ca85592640c2fe10f08.1000x1000x1.png,https://genius.com/Lomba-sihir-mungkin-takut-perubahan-instrumental-lyrics
Ungu,Cinta Dalam Hati,"Mungkin ini memang jalan takdirku
Mengagumi tanpa dicintai
Tak mengapa bagiku asal kau pun bahagia
Dalam hidupmu, dalam hidupmu
Telah lama ku pendam perasaan itu
Menunggu hatimu menyambut diriku
Tak mengapa bagiku cintaimu pun adalah
Bahagia untukku, bahagia untukku
Ku ingin kau tahu diriku di sini menanti dirimu
Meski ku tunggu hingga ujung waktuku
Dan berharap rasa ini 'kan abadi untuk selamanya
Dan izinkan aku memeluk dirimu kali ini saja
'Tuk ucapkan selamat tinggal untuk selamanya
Dan biarkan rasa ini bahagia untuk sekejap saja
Ku ingin kau tahu diriku di sini menanti dirimu
Meski ku tunggu hingga ujung waktuku
Dan berharap rasa ini 'kan abadi untuk selamanya
Dan izinkan aku memeluk dirimu kali ini saja
'Tuk ucapkan selamat tinggal untuk selamanya
Dan biarkan rasa ini bahagia untuk sekejap saja
Wo-oh
Ah-ah-ah-ha-ah
Ah-ah-ah-ha-ah",https://images.genius.com/c3b18e1628282451e0fc013dae4518c4.600x600x1.jpg,https://genius.com/Ungu-cinta-dalam-hati-lyrics
Ungu,Demi Waktu,"Aku yang tak pernah bisa lupakan dirinya
Yang kini hadir di antara kita
Namun ku juga takkan bisa menepis bayangmu
Yang selama ini temani hidupku
Maafkan aku menduakan cintamu
Berat rasa hatiku tinggalkan dirinya
Dan demi waktu yang bergulir di sampingmu
Maafkanlah diriku sepenuh hatimu
Seandainya bila ku bisa memilih
Kalau saja waktu itu ku tak jumpa dirinya
Mungkin semua takkan seperti ini
Dirimu dan dirinya kini ada di hatiku
Membawa aku dalam kehancuran
Maafkan aku menduakan cintamu
Berat rasa hatiku tinggalkan dirinya
Dan demi waktu yang bergulir di sampingmu
Maafkanlah diriku sepenuh hatimu
Seandainya bila ku bisa memilih
Maafkan aku menduakan cintamu
Berat rasa hatiku tinggalkan dirinya
Dan demi waktu yang bergulir di sampingmu
Maafkanlah diriku sepenuh hatimu
Maafkan aku menduakan cintamu
Berat rasa hatiku tinggalkan dirinya
Dan demi waktu yang bergulir di sampingmu
Maafkanlah diriku sepenuh hatimu
Maafkan aku
Maafkan aku",https://images.genius.com/4614d601fd92b888494f10b0a9a7296f.268x268x1.jpg,https://genius.com/Ungu-demi-waktu-lyrics
Ungu,Bila Tiba,"Saat tiba nafas di hujung hela
Mata tinggi tak sanggup bicara
Mulut terkunci tanpa suara
Bila tiba saat berganti dunia
Alam yang sangat jauh berbeda
Siapkah kita menjawab semua
Pertanyaan
Bila nafas akhir berhenti sudah
Jatung hatipun tak berdaya
Hanya menangis tanpa suara, oh
Mati
Tak bisa untuk kau hindari
Tak mungkin bisa engkau lari
Ajal mu pasti menghampiri, oh
Oh-oh, mati
Tinggal menunggu saat nanti
Kemana kita bisa lari
Kita pastikan mengalami
Mati
Ooh-ooh
Oh-oh
Oh-oh, mati
Tak bisa untuk kau hindari
Tak mungkin bisa engkau lari
Ajal mu pasti menghampiri, oh
Mati
Tinggal menunggu saat nanti
Kemana kita bisa lari
Kita pastikan mengalami
Mati
(Ah-ah-ah)
(Ah-ah-ah-ah)
(Ah-ah-ah)
(Ah-ah-ah)
(Ah-ah)",https://images.genius.com/589da2a81a989374f08a83eda4a00655.1000x1000x1.jpg,https://genius.com/Ungu-bila-tiba-lyrics
Ungu,Tercipta Untukku,"Menatap indahnya senyuman diwajahmu
Membuatku terdiam dan terpaku
Mengerti akan hadirnya cinta terindah
Saat kau peluk mesra tubuhku
Banyak kata yang tak mampu
Kuungkapkan kepada dirimu...
Aku ingin engkau selalu
Hadir dan temani aku
Di setiap langkah yang menyakiniku
Kau tercipta
Sepanjang hidupku
Aku ingin engkau selalu
Hadir dan temani aku
Di setiap langkah yang menyakiniku
Kau tercipta untukku
Pasti waktu akan mampu
Memanggil seluruh ragaku
Ku ingin kau tahu ku selalu milikmu
Yang mencintaimu
Sepanjang hidupku..",https://images.genius.com/4614d601fd92b888494f10b0a9a7296f.268x268x1.jpg,https://genius.com/Ungu-tercipta-untukku-lyrics
Ungu,Saat Bahagia,"Saat bahagiaku duduk berdua denganmu
Hanyalah  bersamamu
Mungkin  aku terlajur
Tak sanggup jauh dari dirimu
Ku ingin engkau selalu
Reff:
Tuk  jadi milikku
Ku ingin engkau mampu
Ku  ingin engkau selalu bisa
Temani diriku sampai akhir hayatmu
Meskipun itu hanya terucap
Dari mulutmu
Dari  dirimu yang terlanjur mampu
Bahagiakan aku hingga ujung waktuku
Selalu
Seribu jalanpun ku nanti
Bila berdua dengan dirimu
Melangkah bersamamu
Ku yakin tak ada satupun
Yang mampu merubah rasaku untukmu
Ku ingin engkau selalu
Back to Reff:
Mungkin aku terlajur
Tak sanggup jauh dari dirimu
Ku ingin engkau selalu
Back to Reff:",https://images.genius.com/fe2cfebb4eae1f662b954fd8aa8c9237.999x999x1.png,https://genius.com/Ungu-saat-bahagia-lyrics
Ungu,Aku Bukan Pilihan Hatimu,"Jika memang diriku
Bukanlah menjadi pilihan hatimu
Mungkin sudah takdirnya
Kau dan aku takkan mesti bersatu
Harus s'lalu kau tahu
Kumencintamu di sepanjang waktuku
Harus s'lalu kau tahu
Semua abadi untuk s'lamanya
Karena kuyakin (-yakin) cinta dalam hatiku
Hanya milikmu sampai akhir hidupku
Karena kuyakin (-yakin) di setiap hembus nafasku
Hanya dirimu satu yang s'lalu kurindu
Woh, woh-woh-oh
Harus s'lalu kau tahu
Kumencintamu di sepanjang waktuku
Harus s'lalu kau tahu
Semua abadi untuk s'lamanya
Karena kuyakin (-yakin) cinta dalam hatiku
Hanya milikmu sampai akhir hidupku
Karena kuyakin (-yakin) di setiap hembus nafasku
Hanya dirimu satu yang s'lalu kurindu
Jika memang diriku
Bukanlah menjadi pilihan hatimu",https://images.genius.com/4614d601fd92b888494f10b0a9a7296f.268x268x1.jpg,https://genius.com/Ungu-aku-bukan-pilihan-hatimu-lyrics
Ungu,Sejauh Mungkin,"Lelah hati yang tak kau lihat andai saja
Dapat kau rasa kan letihnya jiwaku karna sifatmu
Indah cinta yang kau berikan kini tiada
Lagi kudapatkan teduhnya jiwa
Baiknya kupergi
Tinggalkan dirimu
Sejauh mungkin
Untuk melupakan
Ooo...
Indah cinta yang kau berikan kini tiada
Lagi kudapatkan teduhnya jiwa
Baiknya kupergi
Tinggalkan dirimu
Sejauh mungkin
Untuk melupakan
Dirimu yang slalu
Tak pedulikan ku
Yang mencintaimu
Yang menyayangimu
Bila saat nanti aku jauh
Kuharap kau mengerti
Kuharap kau sadari",https://images.genius.com/4614d601fd92b888494f10b0a9a7296f.268x268x1.jpg,https://genius.com/Ungu-sejauh-mungkin-lyrics
Ungu,Dirimu Satu,"I will always love you kekasihku
Dalam hidupku hanya dirimu satu
I will always need you cintaku
Selamanya takkan pernah terganti
Ku mau menjadi yang terakhir untukmu
Ku mau menjadi mimpi indahmu
Cintai aku dengan hatimu
Seperti aku mencintaimu
Sayangi aku dengan kasihmu
Seperti aku menyayangimu
I will be the last for you
And you will be the last for me
I will always love you kekasihku
Dalam hidupku hanya dirimu satu
Ku mau menjadi yang terakhir untukmu
Ku mau menjadi mimpi indahmu
Cintai aku dengan hatimu
Seperti aku mencintaimu
Sayangi aku dengan kasihmu
Seperti aku menyayangimu
I will be the last for you
And you will be the last for me
I will be the last for you
And you will be the last for me",https://images.genius.com/fe2cfebb4eae1f662b954fd8aa8c9237.999x999x1.png,https://genius.com/Ungu-dirimu-satu-lyrics
Ungu,Laguku,"Mungkinkah kau tahu
Rasa cinta yang kini membara
Yang masih tersimpan
Dalam lubuk jiwa
Ingin kunyatakan
Lewat kata yang mesra untukmu
Namun ku tak kuasa
Untuk melakukannya
Mungkin hanya
Lewat lagu ini
Akan kunyatakan rasa
Cintaku padamu
Rinduku padamu
Tak bertepi
Mungkin hanya
Sebuah lagu ini
Yang slalu akan kunyanyikan
Sebagai tanda
Betapa aku, inginkan kamu
Mungkin hanya
Lewat lagu ini
Akan kunyatakan rasa
Cintaku padamu
Rinduku padamu
Tak bertepi
Mungkin hanya
Sebuah lagu ini
Yang slalu akan kunyanyikan
Sebagai tanda
Betapa aku, inginkan kamu",https://images.genius.com/010a0bc19ad20ef46cf2a2dfcf624b23.600x600x1.jpg,https://genius.com/Ungu-laguku-lyrics
Ungu,Untukmu Selamanya,"Tak pernah aku mengerti
Apa yang kini ku rasakan
Kegelisahan hatiku saat ini
Ku masih merindukanmu
Walaupun kini ku tlah bersamanya
Tak pernah mampu ku coba lupakanmu
Reff:
Sungguh tak bisa
Ku mengganti dirimu dengan dirinya
Sungguh tak sanggup
Aku berpaling darimu
Sungguh tak bisa
Mencintainya tuk melupakanmu
Sungguh tak sanggup
Aku berpindah dari hatimu
Repeat reff",https://images.genius.com/c3b18e1628282451e0fc013dae4518c4.600x600x1.jpg,https://genius.com/Ungu-untukmu-selamanya-lyrics
Ungu,Kekasih Gelapku,"Kumencintaimu lebih dari apapun
Meskipun tiada satu orang pun yang tau
Kumencintaimu sedalam-dalam hatiku
Meskipun engkau hanya kekasih gelapku
Ku tahu ku takkan selalu ada untukmu
Disaat engkau merindukan diriku
Kutahu ku takkan bisa memberikanmu
Waktu yang panjang dalam hidupku
Yakinlah bahwa engkau adalah cintaku
Yang kucari slama ini dalam hidupku
Dan hanya padamu kuberikan sisa cintaku
Yang panjang dalam hidupku
Haahidupkuhaa
Kumencintaimu lebih dari apapun
Meskipun tiada satu orang pun yang tau
Kumencintaimu sedalam-dalam hatiku
Meskipun engkau hanya kekasih gelapku
Hoo..oooo..Wooooww
Kumencintaimu sedalam-dalam hatiku
Meskipun engkau hanya kekasih gelapku
Mencintaimu lebih dari apapun
Meskipun tiada satu orang pun yang tau
Kumencintaimu sedalam-dalam hatiku
Meskipun engkau hanya kekasih gelapku
Kekasih gelapku
Huuuhuu",https://images.genius.com/c3b18e1628282451e0fc013dae4518c4.600x600x1.jpg,https://genius.com/Ungu-kekasih-gelapku-lyrics
Ungu,SurgaMu,"Segala yang ada dalam hidupku
Kusadari semua milikMu
Ku hanya hambaMu yang berlumur dosa
Tunjukkan aku jalan lurusMu
Untuk menggapai SurgaMu
Terangiku dalam setiap langkah hidupku
Karena
Kutahu
Hanya Engkau
Tuhanku
Allahu Akbar
Allah Maha Besar
Ku memujaMu di setiap waktu
Hanyalah padaMu
Tempatku berteduh
Memohon ridho dan ampunanMu
Tunjukkan aku jalan lurusMu
Untuk menggapai SurgaMu
Terangiku dalam setiap langkah hidupku
Karena
Kutahu
Hanya Engkau
Tuhanku
Allahu Akbar
Allah Maha Besar
KumemujaMu di setiap waktu
Hanyalah padaMu
Tempatku berteduh
Memohon ridho dan ampunanMu
Allahu Akbar
Allah Maha Besar
KumemujaMu di setiap waktu
Hanyalah padaMu
Tempatku berteduh
Memohon ridho dan ampunanMu
Allahu Akbar
Allah Maha Besar
KumemujaMu di setiap waktu
Hanyalah padaMu
Tempatku berteduh
Memohon ridho dan ampunanMu",https://images.genius.com/306ad6155376268f688ed4ff568d2a55.1000x1000x1.png,https://genius.com/Ungu-surgamu-lyrics
Ungu,Seperti Yang Dulu,"Tiada guna kau kembali
Mengisi ruang hati ini
Semuanya telah berlalu
Bersama luka aku
Semua yang telah berlalu
Antara hatiku dan hatimu
Takkan ada cinta
Seperti yang dulu
Tiada guna kau berjanji
Untuk setia menemani
Hatiku yang telah terluka
Karena dustamu
Semua yang telah berakhir
Antara diriku dan dirimu
Takkan ada yang rindu
Seperti Yang dulu",https://images.genius.com/4614d601fd92b888494f10b0a9a7296f.268x268x1.jpg,https://genius.com/Ungu-seperti-yang-dulu-lyrics
Ungu,Hampa Hatiku,"Pernahkah kau merasa
Pernahkah kau merasa
Oh
Cukup sudah 'kuberikan cintaku
Cukup sudah rasa ini untukmu
Mati sudah hati ini padamu
Mati sudah hasrat ingin bersamamu
Pernahkah kau merasa hatimu hampa
Pernahkah kau merasa hatimu kosong
Pernahkah kau merasa hatimu hampa
Pernahkah kau merasa hatimu kosong
Buang saja semua kata cintamu
Buang saja semua kata maafmu
Hancur sudah hati ini padamu
Hancur sudah hasrat ingin bersamamu
Pernahkah kau merasa hatimu hampa
Pernahkah kau merasa hatimu kosong
Pernahkah kau merasa hatimu hampa
Pernahkah kau merasa hatimu kosong
Pernahkah, pernahkah kau merasa
Dikala siang datang terasa gelap gulita
Tiada cahaya, hanya gelap, hitam, dan kelam
'Tak ada lagi suka, 'tak ada rasa
Pernahkah (Pernah), pernah, pernah, pernah, pernah, pernahkah
Pernahkah kau merasa disaat diri terlelap
Meski gemuruh kian beradu, s'lalu mengaduh
Kau tetap terlelap dalam tidurmu
Maafkan aku sayangku
Bukan maksudku menyakitimu mengkhianatimu
Ampuni aku sayangku
Jujurku katakan ""aku 'tak lagi mencintaimu""
Pernahkah kau merasa
Pernahkah kau merasa, woah
[Chorus: Pasha,
Pasha & Iis Dahlia
,
Iis Dahlia
]
Pernahkah kau merasa hatimu hampa
Pernahkah kau merasa hatimu kosong
Pernahkah kau merasa (
Maafkan aku
),
hatimu hampa
Pernahkah kau merasa (
Ampuni aku
), hatimu kosong
Pernahkah kau merasa (
Maafkan aku
),
hatimu hampa
Pernahkah kau merasa (
Ampuni aku
), hatimu kosong",https://images.genius.com/2198ccd283d4d79a9dd4046d6ffcc074.1000x1000x1.jpg,https://genius.com/Ungu-hampa-hatiku-lyrics
Ungu,Doa Untuk Ibu,"Kau memberikanku hidup
Kau memberikanku kasih sayang
Tulusnya cintamu, putihnya kasihmu
Takkan pernah terbalaskan
Hangat dalam dekapanmu
Memberikan aku kedamaian
Eratnya pelukmu, nikmatnya belaimu
Takkan pernah terlupakan
Reff:
Oh ibu terima kasih
Untuk kasih sayang yang tak pernah usai
Tulus cintamu takkan mampu
Untuk terbalaskan
Oh ibu semoga tuhan
Memberikan kedamaian dalam hidupmu
Putih kasihmu kan abadi
Dalam hidupku
Repeat reff
Ooohh putih kasihmu kan abadi
Dalam hidupku",https://images.genius.com/fe2cfebb4eae1f662b954fd8aa8c9237.999x999x1.png,https://genius.com/Ungu-doa-untuk-ibu-lyrics
Ungu,Percaya Padaku,"Ooh-ooh
Uuh-hmm
Aku tak tahu apa yang ku rasakan
Dalam hatiku saat pertama kali
Lihat dirimu, melihatmu
Seluruh tubuhku terpaku dan membisu
Detak jantungku berdebar tak menentu
Sepertinya aku tak ingin berlalu
Berikan cintamu juga sayangmu
Percaya padaku ku kan menjagamu
Hingga akhir waktu menjemputku
Ku berikan cintaku juga sayangku
Percaya padaku ku kan menjagamu
Hingga akhir waktu menjemputku
Saat ku tahu kau akan pergi jauh
Izinkan aku tuk selalu menantimu
Untuk katakan ku ingin dirim, huu-uuu
Agar kau tahu betapa ku terlalu
Mencintaimu aku akan menunggu
Hingga dirimu kembali untukku, woah-oh
Berikan cintamu juga sayangmu
Percaya padaku ku kan menjagamu
Hingga akhir waktu menjemputku
Ku berikan cintaku juga sayangku
Percaya padaku ku kan menjagamu
Hingga akhir waktu menjemputku, ooh-oh
Tolonglah aku bagaimana diriku
Ungkapkan itu rasa yang membelenggu
Dalam hatiku ku cinta padamu
Berikan cintamu juga sayangmu
Percaya padaku ku kan menjagamu
Hingga akhir waktu menjemputku, ooh
Ku berikan cintaku juga sayangku
Percaya padaku ku kan menjagamu
Hingga akhir waktu menjemputku, ooh-ooh
Berikan cintamu juga sayangmu
Percaya padaku ku kan menjagamu
Hingga akhir waktu menjemputku",https://images.genius.com/fe2cfebb4eae1f662b954fd8aa8c9237.999x999x1.png,https://genius.com/Ungu-percaya-padaku-lyrics
Ungu,Jika Itu Yang Terbaik,"Tiada bisa ku lupa
Saat  yang indah, yang terindah
Yang  kita lewati bercinta
Semua kebiasaan
Yang kita lalui berdua
Kini  jadi puing kenangan
Sebab  engkau tlah pergi
Sambil menangis kau katakan
Kau  tak akan pernah kembali
Dan dapat ku pahami
Satu alasan yang kau beri
Apa yang mereka ingini
Sgala  yang terbaik untukmu
Sendiri aku dalam gelapku tiada satupun menemaniku
Sendiri aku dalam gelapku tiada satupun menemaniku
Jika itu memang terbaik, untuk dirimu
Walau berat untukku, berpisah denganmu
Hapus sudah air matamu, aku mengerti
Ini bukan maumu, ini bukan inginmu
Sendiri aku dalam gelapku tiada satupun menemaniku
Sendiri aku dalam gelapku tiada satupun menemaniku
Jika itu memang terbaik, untuk dirimu
Walau berat untukku, berpisah denganmu
Hapus sudah air matamu, aku mengerti
Ini bukan maumu, ini bukan inginmu",https://images.genius.com/010a0bc19ad20ef46cf2a2dfcf624b23.600x600x1.jpg,https://genius.com/Ungu-jika-itu-yang-terbaik-lyrics
Ungu,Andai Ku Tahu,"Andai ku tahu
Kapan tiba ajalku
Ku akan memohon
Tuhan tolong panjangkan umurku
Andai ku tahu
Kapan tiba masaku
Ku akan memohon
Tuhan jangan kau ambil nyawaku
Aku takut
Akan semua dosa-dosaku
Aku takut
Dosa yang terus membayangi ku
Andai ku tahu
Malaikat mu kan menjemputku
Izinkan aku
Mengucap kata taubat pada mu
Aku takut
Akan semua dosa-dosaku
Aku takut
Dosa yang terus membayangi ku
Ampuni aku
Dari segala dosa-dosaku
Ampuni aku
Menangisku bertobat padamu
Aku manusia
Yang takut neraka
Namun aku juga
Tak pantas di surga.....
Andai ku tahu
Kapan tiba ajalku
Izinkan aku
Mengucap kata taubat padamu
Aku takut
Akan semua dosa-dosaku
Aku takut
Dosa yang terus membayangi ku
Ampuni aku
Dari segala dosa-dosaku
Ampuni aku
Menangisku bertobat padamu
Aaa...
Andai ku tahu
Kapan tiba ajalku
Ku akan memohon
Tuhan tolong panjangkan umurku
Andai ku tahu
Kapan tiba masaku
Ku akan memohon
Tuhan jangan kau ambil nyawaku
Aku takut
Akan semua dosa-dosaku
Aku takut
Dosa yang terus membayangi ku
Andai ku tahu
Malaikat mukan menjemputku
Izinkan aku
Mengucap kata taubat pada mu
Aku takut
Akan semua dosa-dosaku
Aku takut
Dosa yang terus membayangi ku
Ampuni aku
Dari segala dosa-dosaku
Ampuni aku
Menangisku bertobat padamu
Aku manusia
Yang takut neraka
Namun aku juga
Tak pantas di surga.....
Andai ku tahu
Kapan tiba ajalku
Izinkan aku
Mengucap kata taubat padamu
Aku takut
Akan semua dosa-dosaku
Aku takut
Dosa yang terus membayangi ku
Ampuni aku
Dari segala dosa-dosaku
Ampuni aku
Menangisku bertobat padamu
Aaa...",https://images.genius.com/306ad6155376268f688ed4ff568d2a55.1000x1000x1.png,https://genius.com/Ungu-andai-ku-tahu-lyrics
Ungu,Waktu Yang Dinanti,"Cinta yang tulus dalam hatiku
Membuang hasrat mimpiku
Tuk bisa menyatakan sayang
Tuk bisa mengungkapkan semua
Pada dirimu
Tak mungkin bagiku tuk memilikimu
Segala rasa yang pasti tak mungkin
Tuk bisa kau terima semua
Tuk bisa kunyatakan rasa
Kucinta kamu
Ketika bunga tak bermekar lagi
Dan dunia tak mungkin berputar lagi
Saat cinta tak membakar hati ini
Kau kan tahu betapa aku mencintaimu
Betapa aku menginginkan kamu
Tak mungkin bagiku tuk memilikimu
Segala rasa yang pasti tak mungkin
Tuk bisa kau terima semua
Tuk bisa kunyatakan rasa
Kucinta kamu
Back to reff:
Betapa aku menginginkan kamu",https://images.genius.com/c3b18e1628282451e0fc013dae4518c4.600x600x1.jpg,https://genius.com/Ungu-waktu-yang-dinanti-lyrics
Ungu,Sampai Kapanpun,"Semakin ku menyayangimu
Semakin kau menyakitiku
Semakin ku mencintaimu
Semakin kau menghancurkanku
Entah sampai kapan
Kau akan menyadarinya
Bahwa hanya diriku
Yang pantas tuk memiliki dirimu
Yang rela korbankan semuanya untukmu
Sampai kapanpun kau kan ku cintai
Walau kau tak pernah membalas cintaku padamu
Walau apapun kau kan ku sayangi
Setulus hatiku seumur hidupku ku mencintaimu
Takkan pernah bisa
Melupakanmu walau sekejab saja
Takkan pernah mampu
Menggantikanmu dalam seluruh hidupku
Sampai kapanpun kau kan ku cintai
Walau kau tak pernah membalas cintaku padamu
Walau apapun kau kan ku sayangi
Setulus hatiku seumur hidupku
Sampai kapanpun kau kan ku cintai
Walau kau tak pernah membalas cintaku padamu
Walau apapun kau kan ku sayangi
Setulus hatiku seumur hidupku
Setulus hatiku seumur hidupku ku mencintaimu",https://images.genius.com/fe2cfebb4eae1f662b954fd8aa8c9237.999x999x1.png,https://genius.com/Ungu-sampai-kapanpun-lyrics
Ungu,Dengan Nafasmu,"*
Saat ku ucap kata taubat
Sebelum Kau memanggilku
Kembali padaMu
Menutup waktuku
Jika ku serukan namaMu
Sebelum nyawa dalam tubuhku
Kau ambil
Kembali padaMu
**
Karena ku tahu
Hanyalah pada diriMu
Tempatku mengadu
Tempatku mengeluh
Di dalam doaku
Reff:
Dan demi nafas
Yang telah kau hembuskan
Dalam kehidupanku
Ku berjanji
Ku akan menjadi yang terbaik
Jalankan segala perintahMu
Menjauh di segala laranganMu
Adalah sebaris doa ku untukMu
Back to *
Back to **
Back to Reff 2x
Saat ku ucap kata taubat
Sebelum kau memanggilku",https://images.genius.com/589da2a81a989374f08a83eda4a00655.1000x1000x1.jpg,https://genius.com/Ungu-dengan-nafasmu-lyrics
Ungu,Selamanya,"Sayangku dapatkah kau merasakan
Betapa besarnya rasa cintaku untukmu
Cintaku pernahkah kita menduga
Di antara kita ada rasa yang membara
Sayangku yakinlah akan cintaku
Yang ku persembahkan seutuhnya untukmu
Kasihku jangan pernah kau ragukan
Luasnya cintaku yang ku beri untukmu
Genggamlah tanganku ini sayang
Cintaku tlah tertambat mati untukmu
Selamanya hanya dirimu
Yang selalu ada dalam hatiku
Selamanya tentang dirimu
Kau selalu hadir dalam mimpiku
Engkau satu cintaku selamanya
Genggamlah tanganku ini sayang
Cintaku tlah tertambat mati untukmu
Selamanya hanya dirimu
Yang selalu ada dalam hatiku
Selamanya tentang dirimu
Kau selalu hadir dalam mimpiku
Selamanya hanya dirimu
Yang selalu ada dalam hatiku
Selamanya tentang dirimu
Kau selalu hadir dalam mimpiku
Engkau satu cintaku selamanya",https://images.genius.com/fe2cfebb4eae1f662b954fd8aa8c9237.999x999x1.png,https://genius.com/Ungu-selamanya-lyrics
Ungu,Melayang,"Disini dibatasanku
Mencoba menegakkan langkahku
Mencari rasa yang hilang bersamamu
*
Dan kuberanikan diri
Berlari mengejar bayanganmu
Yang datang menghantui setiap malamku
Terhempas tubuhku di memeluk tubuhmu
Terjerat mimpi mimpi yang memasung langkahku
Reff:
Kini ku terbang melayang
Mencoba kepakkan sayap
Kuberharap kuakan temukan dirimu untukku
Terbang melayang menyusuri ruang cinta
Kuberharap ku akan temukan dirimu untukku
Kembali **, reff",https://images.genius.com/4614d601fd92b888494f10b0a9a7296f.268x268x1.jpg,https://genius.com/Ungu-melayang-lyrics
Ungu,Berikan Aku Cinta,"Terbelenggu cintamu
Terhempasku di dlm pelukanmu
Bermandikan air surga
Membasuh jiwa
Menghempaskan seluruh dahaga
Dekaplah tubuhku kasih
Bawalah aku melayang bersamamu
Menyusuri ruang hati
Yg penuh kasih
Berhiaskan cinta abadi
Berikan aku cinta suci
Yang terdalam dari hatimu
Berikan aku kasih putih
Yang tulus darimu
Dekaplah tubuhku kasih
Bawalah aku melayang bersamamu
Menyusuri ruang hati
Yg penuh kasih
Berhiaskan cinta abadi
Berikan aku cinta suci
Yang terdalam dari hatimu
Berikan aku kasih putih
Yang tulus darimu
Selalu ku berharap
Semuanya abadi",https://images.genius.com/4614d601fd92b888494f10b0a9a7296f.268x268x1.jpg,https://genius.com/Ungu-berikan-aku-cinta-lyrics
Ungu,Dia Atau Diriku,"Sungguh tak mungkin dalam kisah ini kita kan bersatu
Bila tak pernah ada perasaan cinta seutuhnya
Kini akhirnya kau harus memilih dia atau diriku
Yang pantas mendapatkanmu, pantas menjadi kekasihmu
*Courtesy of Liriklaguindonesia. Net
Reff:
Sampai kapankah kita akan bersama
Bila tak pernah ada perasaan cinta antara kita
Perasaan saling menyayangi
Sampai kapankah kita akan bersama
Bila kau hanya bisa mencintaiku separuh hatimu
Separuh kau mencintainya
Sungguh tak mungkin, sungguh tak bisa
Kita kan bersama bila kau masih membagi cinta
Repeat reff",https://images.genius.com/fe2cfebb4eae1f662b954fd8aa8c9237.999x999x1.png,https://genius.com/Ungu-dia-atau-diriku-lyrics
Ungu,Para Pencari Mu,"Menjalani hitam putih hidupku
Membuatku mengerti
Arti hadir-Mu dalam
Setiap langkah-langkahku berarti
Melewati setiap detik waktuku
Bersama takdirmu
Membuatku mengerti
Hanyalah pada-Mu ku kembali
Ku bersujud kepada-Mu memohon ampunan-Mu
Adakah jalan untukku tuk kembali pada-Mu
Akulah para pencari-Mu ya Allah
Akulah yang merindukan-Mu ya rabbi
Tunjukkan ku jalan yang lurus
Untuk kutambatkan langkahku
Akulah para pencari-Mu ya Alah
Akulah yang merindukan-Mu ya rabbi
Hanya di jalan-Mu ya Allah
Tempatku pasrahkan hidupku",https://images.genius.com/adf13e1adf44e4d0300c83b068ecce8a.600x600x1.jpg,https://genius.com/Ungu-para-pencari-mu-lyrics
Ungu,Ciuman Pertama,"Baru kusadari
Kita beranjak dewasa
Tak pernah kualami
Kasih cinta seperti ini
Seperti ini.....
Seperti ini.....
Kucoba untuk pahami
Cinta apa dihatimu
Agar ku mencintaimu
Untuk selamanya....
Untuk selamanya....
Berikan aku
Ciuman pertamamu
Agar kuyakin
Kau memang miliku
Kau mungkin bukan cinta pertamaku
Namun kau pasti........
Namun kau pasti cinta terakhirku
Pasti kutahu memang kau yang terbaik untukku
Cintaku bukan lah cinta terlarang untuk kau mengerti
Kau mengerti...
Berikan aku
Ciuman pertamamu
Agar kuyakin....
Kau memanglah miliku
Kau mungkin bukanlah cinta pertamaku
Namun kau pasti...
Namun kau pasti...
Berikan aku ciuman pertamamu
Agar kuyakin
Kau emmang lah miliku
Kau mungkin bukanlah
Cinta pertamaku
Namun kau pasti...
Namun kau pasti cinta terakhirku...",https://images.genius.com/4614d601fd92b888494f10b0a9a7296f.268x268x1.jpg,https://genius.com/Ungu-ciuman-pertama-lyrics
Ungu,Apalah Arti Cinta,"Apalah arti hidup tanpa cinta
Apalah arti cinta tanpa kasih
Dan apalah arti diriku tanpa hadirmu
Apalah arti semua tanpa dirimu
Ada dalam pelukku
Bersatu selamanya
Kerna cintaku ada untuk dirimu
Memberikan semua yang terindah
Kerna kasih suciku hanya untukmu
Yang takkan mungkin hilang
Dan takkan pernah bisa sirna",https://images.genius.com/c3b18e1628282451e0fc013dae4518c4.600x600x1.jpg,https://genius.com/Ungu-apalah-arti-cinta-lyrics
Ungu,Sesungguhnya,"Saat dunia berhenti berputar
Saat manusia tak sanggup lagi berharap
Ketika mentari tak sanggup lagi bernjanji
Menyinari dunia yang tak kau singgahi
Mampukah kau untuk berbagi
Tanpa hasrat ingin diberi
Dihadapannya, dihadapanmu ya Allah
Sesungguhnya manusia
Takkan bisa menkmati surga
Tanpa ikhlas di hatinya
Sesungguhnya manusia
Takkan bisa menyentuh nikmatnya
Tanpa tulus di hatinya",https://images.genius.com/adf13e1adf44e4d0300c83b068ecce8a.600x600x1.jpg,https://genius.com/Ungu-sesungguhnya-lyrics
Ungu,I Need You,"Oh baby don't you know how much I love you
Oh baby don't you know how much I miss you
Oh baby don't you know it's true
I love you, I love you
I miss you, I miss you
Oh baby don't you know how much I love you
Oh baby don't you know how much I miss you
Oh baby don't you know it's true
Oh baby don't you know how much I need you
Oh baby don't you know how much I want you
Oh baby don't you know it's true
I need you, I need you
I want you, I want you
Oh baby don't you know how much I love you
Oh baby don't you know how much I miss you
Oh baby don't you know it's true
Oh baby don't you know how much I need you
Oh baby don't you know how much I want you
Oh baby don't you know it's true
Oh baby don't you know how much I love you
Oh baby don't you know how much I miss you
Oh baby don't you know it's true
Oh baby don't you know how much I need you
Oh baby don't you know how much I want you
Oh baby baby I want you
Baby baby how much I love you
Baby baby how much I need you",https://images.genius.com/fe2cfebb4eae1f662b954fd8aa8c9237.999x999x1.png,https://genius.com/Ungu-i-need-you-lyrics
Ungu,Sholawat,"Sholatullah shalamulloh 'allaa toha rosulillah
Shollatulloh shallamulloh 'allaa yassin habibillah
Tawasalna bibismillah wabil hadi rosullillah
Wakulimujja hidilillah biakhlil badri ya allah
Sholatullah shalamulloh 'allaa toha rosulillah
Shollatulloh shallamulloh 'allaa yassin habibillah
Illa hissolimin ummah minal affati wal nikmah
Wamin hami wamin ummah bi ahlil badri ya allah
Sholatullah shalamulloh 'allaa toha rosulillah
Shollatulloh shallamulloh 'allaa yassin habibillah
Sholatullah shalamulloh 'allaa toha rosulillah
Shollatulloh shallamulloh 'alla yassin habibillah
'allaa yassin habibillah
'allaa yassin habibillah
'allaa yassin habibillah",https://images.genius.com/306ad6155376268f688ed4ff568d2a55.1000x1000x1.png,https://genius.com/Ungu-sholawat-lyrics
Ungu,Berjanjilah,"Berjanjilah kau setia bila kau jadi kekasihku lagi
Berjanjilah kau setia selama kau masih disisiku
Kau mungkin bukanlah sesuatu yang baru dalam hidupku
Dalam pencarian cintaku wujudkan mimpi-mimpiku
Karena dahulu engkau pernah menjadi kekasih hatiku
Perhiasan dalam mimpiku mewarnai seluruh hidupku
Reff:
Berjanjilah kau setia bila kau jadi kekasihku lagi
Berjanjilah kau setia bila kau masih mencintaku
Berjanjilah kau setia untuk menyayangi aku lagi
Berjanjilah kau setia selama kau masih disisiku
Semoga hasrat ini temani untuk slamanya
Semoga cinta ini akan slalu ada
Reff:
Berjanjilah kau setia bila kau jadi kekasihku lagi
Berjanjilah kau setia bila kau masih mencintaku
Berjanjilah kau setia untuk menyayangi aku lagi
Berjanjilah kau setia selama kau masih disisiku
Berjanjilah kau setia untuk menyayangi aku lagi
Berjanjilah kau setia selama kau masih disisiku
Berjanjilah berjanjilah",https://images.genius.com/4614d601fd92b888494f10b0a9a7296f.268x268x1.jpg,https://genius.com/Ungu-berjanjilah-lyrics
Ungu,Ijinkan Aku,"Semua yang kulihat ada pada dirimu
Seperti yang pernah kurasa dari kekasihku yang dulu
Yang pernah singgah dalam peraduan cintaku
Andai semua bisa terucap
Dari mulutku yang kelu di hadapan dirimu
Mungkin semua takkan begini
Menyudutkanku terdiam kaku di hadapanmu
Izinkan aku menjadi kekasih hatimu yang baru
Izinkan aku menyatakan bahwa ku sayang padamu
Ketika rasa yang telah tercipta
Melukiskan bayang dirimu
Semakin membuatku ingin kan kamu
Menjadi kekasihku
Menjadi kekasihku...
Izinkan aku menjadi kekasih hatimu yang baru
Izinkan aku menyatakan bahwa ku sayang padamu
Izinkan aku menjadi kekasih hatimu yang baru
Izinkan aku menyatakan bahwa ku sayang padamu",https://images.genius.com/c3b18e1628282451e0fc013dae4518c4.600x600x1.jpg,https://genius.com/Ungu-ijinkan-aku-lyrics
Ungu,Seperti Bintang,"Sudah aku temukan
Arti nafas ini untuk siapa
Telah aku dapatkan
Alasanku kekal di surga
Jiwaku menentukan
Hati memilih untuk bicara
Tentang cahaya yang nyata
Kebajikan merubah dunia
Seperti bintang
Takdirnya bersinar terang
Menjadi harapan
Tak padam ditelan masa
Tak pernah hilang
Untuk jiwa yang abadi
Meyakini nurani
Just pull the sun into your heart!
Meyakini nurani
Just pull the sun into your heart!
Seperti bintang
Takdirnya bersinar terang
Menjadi harapan
Tak padam ditelan masa
Tak pernah hilang
Untuk jiwa yang abadi
Meyakini nurani
Selamanya
Seperti bintang
Takdirnya bersinar terang
Menjadi harapan
Tak padam ditelan masa
Tak pernah hilang
Untuk jiwa yang abadi
Meyakini nurani
Just pull the sun into your heart!",https://images.genius.com/468b99b7ec017607e43f4d92282332cb.500x500x1.png,https://genius.com/Ungu-seperti-bintang-lyrics
Ungu,Lagu Saat Indah Bersamamu,"Saat indah yg kulalui bersamamu
Melukiskan kisah cinta di dalam lubuk hati
Terbuai nafas cinta yg kau hembuskan
Sampai mati pun ku takkan bisa melupakanmu
*Dan bila waktuku akan mungkin penuhi janji itu
Ku serahkan padamu apapun yg ku mampu
Harus kuakui aku sayang kamu
Aku cinta kamu, oh hanya pada dirimu
Ku ingin kau mampu terima hatiku
Terima akan cintaku
Saat indah yg kulalui bersamamu
Melukiskan kisah cinta di dalam lubuk hati
Satu rasa yg haus menyentuh bayangmu
Menyisakan semua yg kurasa",https://images.genius.com/589da2a81a989374f08a83eda4a00655.1000x1000x1.jpg,https://genius.com/Ungu-lagu-saat-indah-bersamamu-lyrics
Ungu,Lagu Cinta,"Disaat waktu berhenti
Mengikuti semua langkahГ? ВІku
Kau adalah satuГ? ВІnya yang ku harap hadir dalam hidupku
Disaat mentari berhenti mencoba menghangat ditubuhku
Kau adalah satuГ? ВІnya yang kutunggu hadir dalam jiwaku
Menerangi setiap sudut ruang hatiku
Memberikan kekuatan
Dalam setiap langkahku
Lagu cinta untukmu
Dari lubuk hatiku
Yang akan selalu ku nyanyikan
Sampai akhir hidupku
Lagu rindu untukmu
Dari dasar jiwaku
Yang akan selalu ku nyatakan
Diseluruh hidupmu
Disaat mentari berhenti mencoba menghangat ditubuhku
Kau adalah satuГ? ВІnya
Menerangi setiap sudut ruang hatiku
Memberikan kekuatan dalam setiap langkahku
Lagu cinta untukmu
Dari lubuk hatiku
Yang akan selalu ku nyanyikan
Sampai akhir hidupku
Lagu rindu untukmu
Dari dasar jiwaku
Yang akan selalu ku nyatakan
Diseluruh hidupmu
Menerangi setiap sudut ruang hatiku
Memberikan kekuatan dalam setiap langkahku",https://images.genius.com/c3b18e1628282451e0fc013dae4518c4.600x600x1.jpg,https://genius.com/Ungu-lagu-cinta-lyrics
Ungu,Suara Hati,"Suara hati yang memanggilmu
Menyerukan kata
Kata cinta untukmu
Diremang cahaya sukma
Kucoba melangkah
Menggapai seluruh bayangmu
Akankah semua dapat kutemukan
Belahan jiwa yang selama ini kucari dan kucari
Kau Yang terindah yang terbaik
Yang pernah aku miliki
Tiada lain dihatiku
Hanya kau yang selalu kutunggu
Sisi hatimu yang menyentuhku
Selalu membuatku
Semakin tenggelam dalam ragu
Di dalam hatimu",https://images.genius.com/b09b05d1fae6a537bdb5e2c6c68c1a6a.600x600x1.jpg,https://genius.com/Ungu-suara-hati-lyrics
Ungu,Luka Disini,"Dulu pernah ada cinta
Dulu pernah ada sayang
Namun kini tiada lagi perasaan seperti dulu
Kini tiada lagi kisah
Cinta ku telah musnah sudah
Hancur hati ku
Telah kau sakiti perasaan ku
Biarkan ku pergi
Jangan kau tanyakan lagi
Ku yakin ini yang terbaik untuk kau dan diriku
Biarkan berlalu
Rasa cinta ini di hati
Ku tak bisa untuk menahan
Aku luka di sini
Biarkan ku pergi
Jangan kau tanyakan lagi
Ku yakin ini yang terbaik untuk kau dan diriku",https://images.genius.com/2198ccd283d4d79a9dd4046d6ffcc074.1000x1000x1.jpg,https://genius.com/Ungu-luka-disini-lyrics
Ungu,Cerita Bersamamu,"Segala rasa semua cerita bersamamu
Kuanggap sebagai penguji imanku
Kau menangisi coba tuk merubah semua
Percaya aku itu katamu
Yakinkan aku
Aku tak bisa
Yakinkan aku
Yakinkan aku...
Kini aku kan berlari
Tanpa engkau sadari
Berharap kau kan mengerti
Arti hadirku disini
Aaa...
Yakinkan aku
Aku tak bisa
Yakinkan aku
Yakinkan aku....",https://images.genius.com/c3b18e1628282451e0fc013dae4518c4.600x600x1.jpg,https://genius.com/Ungu-cerita-bersamamu-lyrics
Ungu,Tempat Terindah,"Andai waktu kan menunggu
Kan kutempatkan cintaku
Dalam hatimu
Andai ku mampu ke awan
Kan kupetik bintang-bintang
Hanya untukmu
Reff:
Semuanya kan kulakukan
Untuk dapatkan cintamu
Dapatkan tempat terindah
Dalam hatimu
Semuanya kan kuberikan
Untuk dapatkan kasihmu
Dapatkan tempat terindah
Dalam mimpimu
Akankah kaupun merasakan
Rasa inginku tuk slalu di sampingmu
Akankah semua kan berakhir
Seperti apa yang selalu aku impikan",https://images.genius.com/b09b05d1fae6a537bdb5e2c6c68c1a6a.600x600x1.jpg,https://genius.com/Ungu-tempat-terindah-lyrics
Ungu,Ungu (Tak Terulang),"Menghabiskan waktu duduk berdua denganmu
Bercerita tentang hidupku dan hidupmu
Mencari makna yang terpendam di dasar jiwa
Bersamamu teman kusambut hari esok
Peluh yang tercurah tanda bahwa kita bisa
Melewati semua menyambut hari esok
Reff:
Dan genggam tanganku erat
Ku yakin kita bisa
Melewati hari ini dengan senyuman
Dan jangan pernah kau lupakan
Hidup hanya sebuah rencana
Yang tak akan pernah bisa terulang
Yang tak akan pernah bisa terulang
Yang tak akan pernah bisa terulang
Yang tak akan pernah bisa terulang
Yang tak akan pernah bisa terulang",https://images.genius.com/4614d601fd92b888494f10b0a9a7296f.268x268x1.jpg,https://genius.com/Ungu-ungu-tak-terulang-lyrics
Ungu,Bayang Semu,"Kumasuki bayangmu
Dalam dimensiku
Kudekap dirimu
Terbuai ku terbuai
Dalam maya cinta
Yang kudamba selalu
Reff:
Kumelayang bagaikan
Terbang ke awan
Kuterawang dalam ruang
Bayang-bayang kelam
Kusemakin terbawa
Dalam bayang semu
Bila kuingin dirimu
Terjerat ku terjerat
Tak dapat kulepas
Kumilikmu selalu
Kumelayang bagaikan
Terbang ke awan
Kuterawang dalam ruang
Bayang-bayang kelam",https://images.genius.com/010a0bc19ad20ef46cf2a2dfcf624b23.600x600x1.jpg,https://genius.com/Ungu-bayang-semu-lyrics
Ungu,Saat Indah Bersamamu,"Saat indah yang kulalui bersamamu
Melukiskan  kisah cinta di dalam lubuk hati
Terbuai  nafas cinta yang kau hembuskan
Sampai matipun ku takkan bisa melupakanmu
Dan bila waktu akan buktikan janji itu
Kuserahkan  padamu apapun yang kumampu
Harus  ku akui aku sayang kamu
Aku cinta kamu oh hanya pada dirimu
Kuingin  kau mampu terima hatiku
Terima akan cintaku
Saat indah yang kulalui bersamamu
Melukiskan kisah cinta di dalam lubuk hati
Dan  bila waktu akan buktikan janji itu
Kuserahkan padamu apapun yang kumampu
Harus kuakui aku sayang kamu
Aku cinta kamu oh hanya pada dirimu
Kuingin kau mampu terima hatiku
Terima akan cintaku
Satu rasa yang haus menyentuh bayangmu
Menyisakan semua yang kurasa
Harus kuakui aku sayang kamu
Aku cinta kamu oh hanya pada dirimu
Kuingin kau mampu terima hatiku
Terima akan cintaku
Harus kuakui aku sayang kamu
Aku cinta kamu
Hanya pada dirimu",https://images.genius.com/c3b18e1628282451e0fc013dae4518c4.600x600x1.jpg,https://genius.com/Ungu-saat-indah-bersamamu-lyrics
Ungu,Bukan Aku,"Sudah kucoba untuk selalu
Mengerti apa yang kau mau
Sudah kucoba untuk selalu
Ikuti semua yang kau inginkan
Bukan bukan ku sembunyi
Namun hargailah perasaanku ini
Bukan bukan ku berlari
Namun lihat-lihatkah aku disini
Hari ini hari esok
Bahkan mungkin sampai kau mati
Kau takkan pernah bisa berubah
Namun ku yakin kau takkan pernah berubah
Back to chorus:
Sudah kucoba untuk selalu
Mengerti apa yang kau mau
Sudah kucoba untuk selalu
Ikuti semua yang kau inginkan
Back to chorus:",https://images.genius.com/c3b18e1628282451e0fc013dae4518c4.600x600x1.jpg,https://genius.com/Ungu-bukan-aku-lyrics
Ungu,Indonesiaku,"Hamparan alam luas membentang di jagad khatulistiwa
Harum tanahmu hijau warnamu
Takkan pernah terlupakan
Tempat di mana aku dilahirkan
Dan tempat di mana nanti
Aku kembali duduk di sini
Menutup hari dan mati
Ku berjanji rasa ini akan selalu di hati
Sampai suatu saat nanti ku akan tetap di sini
Reff:
Ku cinta hijaunya alammu
Ku cinta birunya lautmu
Ku cinta semua yang ada padamu
Indonesiaku
Ku cinta hijaunya alammu
Ku cinta birunya lautmu
Ku cinta semua yang ada padamu
Indonesiaku",https://images.genius.com/2198ccd283d4d79a9dd4046d6ffcc074.1000x1000x1.jpg,https://genius.com/Ungu-indonesiaku-lyrics
Ungu,Ku Ingin Selamanya,"Cinta adalah misteri dalam hidupku
Yang tak pernah ku tahu akhirnya
Namun tak seperti cintaku pada dirimu
Yang harus tergenapi dalam kisah hidupku
Kuingin selamanya
Mencintai dirimu
Sampai saat ku akan
Menutup mata dan hidupku
Kuingin selamanya
Ada di sampingmu
Menyayangi dirimu
Sampai waktu kan memanggilku
Ku berharap abadi dalam hidupku
Mencintamu bahagia untukku
Karena kasihku hanya untuk dirimu
Selamanya kan tetap milikmu
Kuingin selamanya
Mencintai dirimu
Sampai saat ku akan
Menutup mata dan hidupku
Kuingin selamanya
Ada di sampingmu
Menyayangi dirimu
Sampai waktu kan memanggilku
Di relung sukmaku
Ku labuhkan sluruh cintaku
Di hembus nafasku
Ku abadikan sluruh kasih dan sayangku",https://images.genius.com/2198ccd283d4d79a9dd4046d6ffcc074.1000x1000x1.jpg,https://genius.com/Ungu-ku-ingin-selamanya-lyrics
Ungu,Almost Soulmate,"I know that's all my fault
Cause I never seem to care
I know that's all my fault
Cause I never fight for loosing you
I realize it now
It's a foolish things to do
I do realize it now
How this love should be taking care of
For every step I take
Makes me know how I feel
How I love you, I realize it now
You're the living gift I have
Sure I love you for being the best thing in my life
Seems sometime I too forget how I'm being in love
You're the reason of my life
Like a soulmate suppose to be
Oh but how could this be
It really haunted me
And maybe we are meant for each other
How I love you, I realize it now
You're the living gift I have
Sure I love you for being the best thing in my life
Seems sometime I too forget how I'm being in love
You're the reason of my life
You're the reason of my life
Like a soulmate suppose to be
Like a soulmate suppose to be",https://images.genius.com/fe2cfebb4eae1f662b954fd8aa8c9237.999x999x1.png,https://genius.com/Ungu-almost-soulmate-lyrics
Ungu,Dilema Cinta,"Seberapa salahkah diriku
Hingga kau sakiti aku begitu menusukku
Inikah caramu membalas
Aku yang selalu ada saat kau terluka
Seberapa hinanya diriku
Hingga kau ludahi semua yang kuberi untukmu
Tak ada satu pun perasaan yang mampu membuatku begitu terluka
Namun ku terlanjur mencintai dirimu
Terlambat bagiku pergi darimu
Bagiku terlalu indah perasaan itu
Tak mudah untukku menjauh darimu
Telah ku coba segala cara
Tuk bahagiakan kamu
Merebut hatimu
Namun tak semudah yang ku bayangkan
Bila kau tak inginkan ku tuk di sisimu
Tak pernah kurasakan sebelumnya
Menginginkan dirinya hingga ku tak kuasa
Meyakini hatiku bahwa ku mampu berlalu
Namun ku terlanjur mencintai dirimu
Terlambat bagiku pergi darimu
Bagiku terlalu indah perasaan itu
Tak mudah untukku menjauh darimu
Namun ku terlanjur mencintai dirimu
Terlambat bagiku pergi darimu
Bagiku terlalu indah perasaan itu
Tak mudah untukku menjauh darimu",https://images.genius.com/2198ccd283d4d79a9dd4046d6ffcc074.1000x1000x1.jpg,https://genius.com/Ungu-dilema-cinta-lyrics
Ungu,Maafkanlah,"Tak bisa ku lupa saat-saat indah bersamamu
Semua cerita mungkin kini hanya tinggal kenangan
Ku harus pergi meninggalkanmu di dalam sepiku
Bukan inginku tuk menyakiti perasaanku
Maafkan aku
Maafkan aku yang tak bisa menunggu hatimu
Lupakan saja diriku untuk selama-lamanya
Ku harus pergi meninggalkanmu di dalam sepiku
Bukan inginku tuk menyakiti perasaanmu
Maafkan aku
Reff:
Tidurlah sayangku mentari tlah menunggu
Sambutlah pagi nanti dengan hati tersenyum
Bermimpilah cinta dengan segenap rasa
Kini tibalah saatnya kita harus berpisah
Repeat reff
Maafkanlah aku yang tak bisa menunggu
Lupakan saja diriku untuk selama-lamanya",https://images.genius.com/010a0bc19ad20ef46cf2a2dfcf624b23.600x600x1.jpg,https://genius.com/Ungu-maafkanlah-lyrics
Ungu,Andai Aku Bisa,"Terlalu cepat kau pergi meninggalkanku
Saat diriku terlalu mencintaimu
Terlalu banyak cerita yang kau tinggalkan
Saat ku dekat saat bahagia denganmu
Andai aku bisa memutar waktu
Andai aku bisa
Tak kan ku siakan waktu waktu bahagia denganmu
Andai aku mampu hentikan waktu
Andai aku bisa
Aku akan selalu ada untukmu bersamamu
Terlalu perih kurasa saat kau pergi
Sedih mendalam jiwaku kehilanganmu
Terlalu singkat ku rasa engkau disini
Ku hanya bisa menangis tak sanggup lagi
Andai aku bisa memutar waktu
Andai aku bisa tak kan ku siakan waktu waktu bahagia denganmu
Andai aku mampu hentikan waktu
Andai aku bisa aku akan selalu ada untukmu bersamamu
Semoga engkau tenang semoga kau bahagia
Emoga engkau senang disana
Disana
Andai aku bisa memutar waktu
Andai aku bisa
Tak kan ku siakan waktu waktu bahagia denganmu
Andai aku mampu hentikan waktu
Andai aku bisa
Aku akan slalu ada untukmu bersamamu
Andai aku bisa memutar waktu
Andai aku bisa
Tak kan ku siakan waktu waktu bahagia denganmu
Andai aku mampu hentikan waktu
Andai aku bisa
Aku akan selalu ada untukmu bersamamu",https://images.genius.com/91de76f6dc2cefa801910c1324a06c2e.350x350x1.jpg,https://genius.com/Ungu-andai-aku-bisa-lyrics
Ungu,Berteman Sepi,"Sepi di sini tanpa dirimu lagi
Di persimpangan langkahku
Kita terpisah bukan karena tak cinta
Namun waktu tak berpihak
Sangat berat untukku (melewati)
Melewati waktuku tanpa dirimu (waktuku tanpa dirimu)
Sungguh tak apalah bila memang itu yang terbaik
Untukmu bahagia selamanya
Sungguh tak apalah bila kau memilih meninggalkan
Diriku sendiri berteman sepi
Sangat berat untukku
Melewati waktuku tanpa dirimu
Sungguh tak apalah bila memang itu yang terbaik
Untukmu bahagia selamanya
Sungguh tak apalah bila kau memilih meninggalkan
Diriku sendiri berteman sepi
Sungguh tak apalah bila memang itu yang terbaik
Untukmu bahagia selamanya (untukmu bahagia selamanya)
Sungguh tak apalah bila kau memilih meninggalkan
Diriku sendiri berteman sepi",https://images.genius.com/91de76f6dc2cefa801910c1324a06c2e.350x350x1.jpg,https://genius.com/Ungu-berteman-sepi-lyrics
Ungu,Aku Tahu,"Aku tahu, aku tahu‚ aku tahu aku salah
Tuk memintamu tuk menungguku
Aku tahu‚ aku tahu‚ aku tahu aku salah
Ini egoku menggantungkanmu
Ku mohon sabar sabar sebentar, beri aku waktu
Tuk meninggalkan cinta lama yang masih bersamaku
Bukan maksudku untuk mempermainkan dirimu
Cobalah untuk mengerti keadaan ini
Karena hanya kau yang bisa memahami semua ini
Sedih dan air mata tak dapat lagi ku tahan
Aku kan datang
Aku kan datang mmm
Tuk hapus air matamu dengan bahagia
Ku mohon sabar sabar sebentar, beri aku waktu
Tuk meninggalkan cinta lama yang masih bersamaku
Bukan maksudku untuk mempermainkan dirimu
Cobalah untuk mengerti keadaan ini
Karena hanya kau yang bisa memahami semua ini
Sedih dan air mata tak dapat lagi ku tahan
Aku kan datang
Tuk hapus air matamu
Aku kan datang",https://images.genius.com/91de76f6dc2cefa801910c1324a06c2e.350x350x1.jpg,https://genius.com/Ungu-aku-tahu-lyrics
Ungu,Beri Aku Waktu,"Sampai kapankah aku menuggumu
Membuka  hatimu untuk terima cintaku
Sampai  kapankah rasa di hatiku
Menanti rasamu akan menyambut rasaku
Dan mungkin bila waktu yang bisa mengungkapkan
Berseminya  cinta di dalam hatimu
Reff:
Izinkan aku mengungkapkan perasaan
Cinta  yg lama tersimpan di hati
Berikan aku kesempatan
Membuktikan tulusnya cintaku
Kehampaan yang kini ku rasakan
Berada  dalam penantian yang panjang untukmu
Dan mungkin bila waktu yang bisa mengungkapkan
Berseminya cinta di dalam hatimu
Reff:
Izinkan aku mengungkapkan perasaan
Cinta yang lama tersimpan di hati
Berikan aku kesempatan
Membuktikan tulusnya cintaku
Walau seribu tahun sabarku menunggu
Jawaban untukku…",https://images.genius.com/2198ccd283d4d79a9dd4046d6ffcc074.1000x1000x1.jpg,https://genius.com/Ungu-beri-aku-waktu-lyrics
Ungu,Aku Datang Untuk Mencintaimu,"Ku tahu kau ragu akan hadirku
Coba memasuki hidupmu
Ku tahu kau takkan pernah percaya
Dengan kata cinta yang ada
Namun inilah diriku yang ada untuk dirimu
Terimalah cintaku yang tulus dari hatiku
Dengarlah pintaku untukmu
Aku datang untuk mencintamu
Memberikan hal yang terindah
Tuk menyayangmu mendamaikan seluruh hidupmu
Tuk mencintamu memberikan hal yang terindah
Tuk menyayangmu mendamaikan seluruh hidupmu
Ku tahu apa yang ada padaku
Takkan meyakinkan dirimu
Ku tahu apa yang kau berikan
Takkan membuat engkau percaya
Namun inilah diriku yang ada untuk dirimu
Terimalah cintaku yang tulus dari hatiku
Dengarlah pintaku untukmu
Aku datang untuk mencintamu
Memberikan hal yang terindah
Tuk menyayangmu mendamaikan seluruh hidupmu
Tuk mencintamu memberikan hal yang terindah
Tuk menyayangmu mendamaikan seluruh hidupmu
Woo uuoo ooohh woo uuoo ooohh
Woo uuoo ooohh woo uuoo ooohh
Jadikanku yang terbaik untukmu
Jadikanku yang terbaik untukmu",https://images.genius.com/c3b18e1628282451e0fc013dae4518c4.600x600x1.jpg,https://genius.com/Ungu-aku-datang-untuk-mencintaimu-lyrics
Ungu,Terbaik,"Mencoba mengerti arti hadirmu di hidupku
Kaulah yang terbaik yang kini kumiliki
Semua yang kurasa tentang hidupmu di diriku
Hal yang paling terindah, ku menemukanmu
Segalanya tentang dirimu adalah sinar terang
Ku takkan pernah melepaskan
I'll never gonna let you down down down down
Karena ku mencintai dan menyayangi dirimu
Takkan pernah bisa ku meninggalkanmu wo... hoo
Karena ku mencintai dan menyayangi dirimu wo... woo
Tak pernah kucoba tuk melepaskanmu ho.hoo
Segalanya tentang dirimu adalah sinar terang
Ku takkan pernah melepaskan
I'll never gonna let you down downn down down
Karena ku mencintai dan menyayangi dirimu
Takkan pernah bisa ku meninggalkanmu ho.woo
Karena ku mencintai dan menyayangi dirimu
Tak pernah kucoba tuk melepaskanmu wo... woo
Karena ku mencintai dan menyayangi dirimu
Takkan pernah bisa ku meninggalkanmu
Karena ku mencintai dan menyayangi dirimu
Tak pernah kucoba tuk melepaskanmu
Howw woooo wooo
Takkan pernah bisa ku meninggalkanmu
Howw woooo wooo
Tak pernah kucoba tuk melepaskanmu",https://images.genius.com/91de76f6dc2cefa801910c1324a06c2e.350x350x1.jpg,https://genius.com/Ungu-terbaik-lyrics
Ungu,Rasa Sayang,"Arti hadirmu dalam hidupku
Kau  bawa mimpi indah temani tidurku
Yang  tak pernah kurasakan sebelumnya
Disaat kau masih dalam hayatku
Cinta terlahir diantara kita
Melewati  seribu senyummu
Yang  tak pernah kurasakan sebelumnya
Disaat kau masih dalam hayatku
Berjuta  rasa cinta tercipta
Mengiringi langkah kau dan aku
Menyelimuti masa yang lalu
Dan tak mungkin terpisahkan
Reff  :
Kata sayang untuk dirimu
Yang ku hembuskan kepadamu
Sebagai tanda cintaku untuk dirimu
Takkan hilang di telan waktu
Takkan punah termakan ragu
Menghiasi seluruh hidup dan matiku",https://images.genius.com/b09b05d1fae6a537bdb5e2c6c68c1a6a.600x600x1.jpg,https://genius.com/Ungu-rasa-sayang-lyrics
Ungu,Mabuk Kepayang,"Cinta
Kata  orang ku jatuh cinta
Kepada  dirimu cinta sampai tergila-gila
Oh rindu
Rinduku memikirkan kamu
Hanyalah  dirimu yang membuatku mabuk kepayang
Cinta  cinta cinta pada dirimu
Rindu rindu rindu akan senyummu
Hanya  satu kamu yang aku mau
Sampai mati kau kan selalu ku tunggu
Reff :
Cinta yang membuat hidupku lebih indah
Dari  hari yang lalu
Cinta yang membuat hati berbunga-bunga
Tinggalkan rasa yang lalu
Oh cinta kata orang ku jatuh cinta
Kepada dirimu cinta sampai tergila-gila
Hmm rindu, rinduku memikirkan kamu
Hanyalah dirimu yang membuatku mabuk kepayang
Cinta cinta cinta pada dirimu
Rindu rindu rindu akan senyummu
Hanya satu kamu yang aku mau
Sampai mati kau kan selalu ku tunggu
Cinta yang membuat hidupku lebih indah
Dari hari yang lalu
Cinta yang membuat hati berbunga-bunga
Tinggalkan rasa yang lalu
Rap :
Bagaikan racun dia terus membiusku
Menebarkan aroma ke dalam seluruh tubusku
Detak jantung pun berhenti di saat ku bertemu denganmu
Tak kuasa ku menolak
Cinta cinta cinta pada dirimu
Rindu rindu rindu akan senyummu
Hanya satu kamu yang aku mau
Sampai mati kau kan selalu ku tunggu
Cinta yang membuat hidupku lebih indah
Dari hari yang lalu
Cinta yang membuat hati berbunga-bunga
Tinggalkan rasa yang lalu
Cinta cinta cinta
Yang membuat hidupku lebih indah
Dari hari yang lalu
Cinta yang membuat hati berbunga-bunga
Tinggalkan rasa yang lalu",https://images.genius.com/fe2cfebb4eae1f662b954fd8aa8c9237.999x999x1.png,https://genius.com/Ungu-mabuk-kepayang-lyrics
Ungu,Sepi Gelisah,"Bulan purnama terangi hatiku
Bagaikan  lilin pelita hidupku
Mataku  tertuju pada sisi
Berputar mengalun bagai sebuah lagu
Sepi gelisah menanti sang surya
Yang  kan menerangi kehampaan dalam hatiku
Suka  cita dalam kehidupan cinta jelita
Yang selalu menemani dalam setiap langkah hidupku",https://images.genius.com/010a0bc19ad20ef46cf2a2dfcf624b23.600x600x1.jpg,https://genius.com/Ungu-sepi-gelisah-lyrics
Ungu,Doa,"Tuhan jamahlah hatiku
Yg  kering dan hampa tanpa kasih
Atas  kuasa Mu ku terlahir
Dan hanya Pada Mu ku kembali
Dalam Tangan Mu ku pasrahkan
Jalan  panjang hidupku
Yang  kan ku tempuh
Hanya pada Mu ku memohon
Dan  hanya pada Mu ku bersujud
Tunjukkan aku menuju jalan lurus Mu
Agar aku dapat wujudkan tobatku
Terangi aku dalam gelapnya duniaku
Agar  aku bisa dapatkan ridho Mu
Ya Allah Ya Robbi
Ya Rohman Ya Rohim""",https://images.genius.com/306ad6155376268f688ed4ff568d2a55.1000x1000x1.png,https://genius.com/Ungu-doa-lyrics
Ungu,Terang Dalam Gelapku,"Kita yang pernah merasakan
Hitam terangnya cinta
Bersamamu kan kujelang hari bahagia
Tanpamu ku gelap
Tanpamu gelap
Simpan saja semua cerita
Tentang hitamnya cinta
Bersamamu kan kujelang hari bahagia
Tanpamu ku gelap
Engkaulah terang
Reff:
Dan aku
Tlah yakinkan hatiku bahagiakan
Kujelang bersamamu
Dan aku
Yang tak bisa tanpamu karna
Engkaulah terang dalam gelapku
Bulan bintang yang slalu datang
Setia terangi malam
Tak seterang hatimu
Tak seterang cinta
Yang kau berikan
Yang kau berikan
Dan aku
Tlah yakinkan hatiku bahagiakan
Kujelang bersamamu
Dan aku
Yang tak bisa tanpamu karna
Engkaulah terang dalam gelapku
Aku di sini tanpamu
Mengharapkan cintamu
Dalam gelap langkahku
Dan aku
Tlah yakinkan hatiku bahagiakan
Kujelang bersamamu",https://images.genius.com/2198ccd283d4d79a9dd4046d6ffcc074.1000x1000x1.jpg,https://genius.com/Ungu-terang-dalam-gelapku-lyrics
Ungu,Tak Perlu,"Tlah berulang kali
Kukatakan semua ini
Semuanya tlah terjadi
Mungkin kau belum mengerti
Maafkan aku lagi
Yang kini tlah melukai
Semua tlah terjadi
Kau takkan pernah mengerti
Sampai hari ini
Aku yang mengkhianati
Namun sampai kini
Kau belum juga mengerti
Maafkan aku lagi
Yang kini tlah melukai
Semua tlah terjadi
Kau takkan pernah mengerti
Reff:
Kau tak perlu
Abadikan cintamu untukku
Dalam hati ku
Tak akan ada cinta sejati
Sungguh tak perlu
Abadikan cintamu untukku
Agar kau tahu
Kutakkan pernah datang padamu
Bebaskan aku
Dari belenggu cintamu
Dari belenggu cinta
Kau tak perlu
Abadikan cintamu untukku
Dalam hati ku
Tak akan ada cinta sejati
Sungguh tak perlu
Abadikan cintamu untukku
Agar kau tahu
Kutakkan pernah datang padamu",https://images.genius.com/4614d601fd92b888494f10b0a9a7296f.268x268x1.jpg,https://genius.com/Ungu-tak-perlu-lyrics
Ungu,Selamat Lebaran,"Sudah tiba hari kemenangan
Setelah berpuasa di bulan ramadhan
Mari kita saling bermaafan
Di hari yg indah fitri nan bahagia
Sebulan lamanya
Kita mengekang nafsu
Dan cobaan di bulan ramadhan
Selamat lebaran, selamat lebaran
Raihlah kemenangan
Selamat lebaran‚ selamat hari lebaran
Mari kita saling memaafkan
Dosa-dosa yg pernah terbuat
Terhapuslah sudah di hari lebaran
Mari kita saling memaafkan
Di hari yg indah fitri nan bahagia
Sebulan lamanya
Kita menahan nafsu
Dan cobaan di bulan ramadhan
Selamat lebaran‚ selamat lebaran
Raihlah kemenangan
Selamat lebaran‚ selamat hari lebaran
Mari kita saling memaafkan
Selamat lebaran, selamat lebaran
Raihlah kemenangan
Selamat lebaran, selamat hari lebaran
Mari kita saling memaafkan
Selamat hari lebaran
Selamat hari lebaran",https://images.genius.com/306ad6155376268f688ed4ff568d2a55.1000x1000x1.png,https://genius.com/Ungu-selamat-lebaran-lyrics
Ungu,Baku Jaga,"Torang nin tau kapan tu badai datang
Torang  nin tau kapan musibah datang
Yang  torang tau Tuhan sayang pa torang
Ba sabar jo, do'a torang panjatkan
Marjo torang baku sayang
Marjo  orang baku jaga
Marjo  torang baku pegangan tangan
Basudara baku sayang
Basudara  baku rasa
Basudara torang baku jaga
Percaya ini Tuhan pe cara
Percaya ini Tuhan pe sayang
Percaya  Tuhan sayang pa torang
Ini peringatan untuk torang samua
Untuk torang samua",https://images.genius.com/91de76f6dc2cefa801910c1324a06c2e.350x350x1.jpg,https://genius.com/Ungu-baku-jaga-lyrics
Ungu,Dari Satu Hati,"Lelah kumenanti
Rasa yang kuharap kembali
Takkan pernah terulang lagi
Semua ini takkan terjalin lagi
Bila engkau mengerti
Apa yang telah kulalui
Dari semua yang terjadi
Memberi keraguan tak terakhiri
Reff:
Mampukah engkau merindukanku
Sedalam engkau melepaskan semua
Seindah aku memahamimu
Sanggupkah engkau mencintai aku",https://images.genius.com/4614d601fd92b888494f10b0a9a7296f.268x268x1.jpg,https://genius.com/Ungu-dari-satu-hati-lyrics
Ungu,Semoga,"Tlah jauh kisah antara kita
Lewati suka dan cita berdua
Bersama mendayung bahtera cinta
Menerjang badai di laut asmara
Terbesit hasrat untuk mendua
Ku coba untuk berpaling darimu
Namun tak kuasa untuk meninggalkanmu
Karena bayangmu telah tertambatkan di hatiku
Biarlah cinta yang kan menjawab semua
Reff:
Semoga prahara yang telah tercipta
Mendewasakan cinta antara kau dan aku
Dan setiap titik air mata kita
Dapat menyegarkan cinta yang tlah ada",https://images.genius.com/b09b05d1fae6a537bdb5e2c6c68c1a6a.600x600x1.jpg,https://genius.com/Ungu-semoga-lyrics
Ungu,Segala Puji Syukur,"Subhanallah wal hamdulillah wa laa ilaha illallah Allahu akbar
Subhanallah  wal hamdulillah wa laa ilaha illallah Allahu akbar
Subhanallah  wal hamdulillah wa laa ilaha illallah Allahu akbar
Subhanallah wal hamdulillah wa laa ilaha illallah Allahu akbar
Katakan Allah yang Maha Besar
Dan  katakan Allah yang Maha Mulia
Bersyukur  hanya kepada Allah
Dan tiada Tuhan selain Allah
Subhanallah  wal hamdulillah wa laa ilaha illallah Allahu akbar
Subhanallah wal hamdulillah wa laa ilaha illallah Allahu akbar
Segala puji kepada Allah
Dan jadilah hamba yang dicintaiNya
Allah  yang Maha Kasih dan Sayang
Bersujudlah hanya kepada Allah
La ilaha illallah Muhammadarrasulullah
Teguhkanlah berserahlah tawakallah hanya kepada Allah
Teguhkanlah berserahlah tawakallah Hanya kepada Allah
Teguhkanlah berserahlah tawakallah Hanya kepada Allah
Teguhkanlah berserahlah tawakallah Hanya kepada Allah
Teguhkanlah berserahlah tawakallah Hanya kepada Allah
Teguhkanlah berserahlah tawakallah Hanya kepada Allah
Subhanallah wal hamdulillah wa laa ilaha illallah Allahu akbar
Subhanallah wal hamdulillah wa laa ilaha illallah Allahu akbar",https://images.genius.com/91de76f6dc2cefa801910c1324a06c2e.350x350x1.jpg,https://genius.com/Ungu-segala-puji-syukur-lyrics
Ungu,Karena Dia Kamu,"Saat aku bertemu dengan dirinya
Tak terasa hatiku kian terbawa
Merona merah jadinya
Karena tatap matanya
Setiap aku melihat dirinya
Ingin rasa hatiku memilikinya
Sungguh aku ingin dapat memilikinya
Karna dia cantik
Karna dia indah
Karna dia kamu
Reff:
Ku suka kamu
Ku sayang kamu
Sungguh ku mau milikimu
Ku suka kamu
Ku cinta kamu
Janganlah ragu memilikiku
Sejak aku bertemu dengan dirinya
Semakin terpana diriku meratapnya
Semua kerisauan itu kurasakan padaku
Karna dia cantik
Karna dia indah
Karna dia kamu
Ku suka kamu
Ku sayang kamu
Sungguh ku mau milikimu
Ku suka kamu
Ku cinta kamu
Janganlah ragu memilikiku",https://images.genius.com/b09b05d1fae6a537bdb5e2c6c68c1a6a.600x600x1.jpg,https://genius.com/Ungu-karena-dia-kamu-lyrics
Ungu,Hanya Untukmu,"Mata ini hanya untuk memandangmu, sayang
Tangan ini hanya untuk menyentuhmu
Bibir ini hanya untuk menciummu, sayang
Tubuh ini hanya untuk memelukmu
Bila kau ragu tanyakan pada gunung yang tinggi
Maka dia takkan mampu menjawab pertanyaanmu huu
Jika kau ragu tanyakan pada bunga-bunga
Maka dia takkan mampu menjawab pertanyaanmu huu
Rasa ini hanya tersimpan untukmu, sayang
Diri ini tercipta hanya untukmu
Bila kau ragu tanyakan pada gunung yang tinggi
Maka dia takkan mampu menjawab pertanyaanmu huu
Jika kau ragu tanyakan pada bunga-bunga
Maka dia takkan mampu menjawab pertanyaanmu huu
Andaikan semesta dapat ku ajak bicara
Akan ku ungkapkan segala rasa
Karena cintaku lebih tinggi dari gunung tinggi
Lebih dari wangi bunga, lebih dari segalanya oooh
Cintaku ini (cintaku ini) tak berbatas gunung-gunung tinggi
Tebarkan wanginya cinta hingga kau akan percaya, percaya, percaya
Mata ini hanya untuk memandangmu",https://images.genius.com/91de76f6dc2cefa801910c1324a06c2e.350x350x1.jpg,https://genius.com/Ungu-hanya-untukmu-lyrics
Ungu,Hanya Cinta,"Setelah kau pergi
Meninggalkan semua mimpi
Dan cinta yang pernah kita miliki
Kau buatku terjatuh
Dalam bingkai mimpi yang pekat tak bertepi
Kucoba untuk bertahan
Merangkai sisa cinta yang ada antara kita
Hanya cinta
Yang membuat ku bertahan disini
Menunggu dirimu kembali untukku
Hanya cinta
Yang mungkin masih tersisa diantara
Keping-keping hati kau dan diriku",https://images.genius.com/b09b05d1fae6a537bdb5e2c6c68c1a6a.600x600x1.jpg,https://genius.com/Ungu-hanya-cinta-lyrics
Ungu,Antara Kita,"Bila hati yang bicara
Di antara rasa
Yang tumbuh di jiwa
Tak mungkin kau berpaling
Dari sisi cintamu
Yang kini membelenggumu
Jangan Ada kata dusta di antara kita
Lepaskanlah semua rasa
Yang akan membawa
Reff:
Biarkanlah hatimu dan hatiku menyatu
Dalam cinta antara kau dan aku bersama
Biarkanlah hasratku dan rasamu bersatu
Dalam cinta antara kau dan aku bersama",https://images.genius.com/b09b05d1fae6a537bdb5e2c6c68c1a6a.600x600x1.jpg,https://genius.com/Ungu-antara-kita-lyrics
Ungu,Cahayamu,"Kau bawa cahaya di dalam hidupku
Disaat ku membutuhkan
Di jalanku yang tak terang
Hatiku bertanya benarkah ku tlah berbakti
Atau ku saat ini hanya sekedar berjanji
Kau slalu ada saat jiwaku tiada
Kau beri cinta terindah
Saat hidupku terluka
Tak terbayangkan arti hidupku tanpa hadirMu
Kau hembuskan harapan ketika ku kehilangan
Hanya pada Mu ku kembali
Hanya karma Mu ku berjanji
Arti hidup hanya untuk Mu, ya Allah
Atas izinmu ku terlahir
Atas kuasamu kuberdiri
Iringilah setiap langkahku, ya Allah",https://images.genius.com/dc5cb723a19d88a81f17d995d24d5961.300x300x1.jpg,https://genius.com/Ungu-cahayamu-lyrics
Ungu,In Time,"It's not too late to let it go
It's not too late to break
It's not too late to say I'm sorry
It's true
It might not be the easiest
It might be hard to try
The madness gonna wreck it down
Deeply cut the heart
Reff:
As you ready be strong
Take your soul and flying high to the sky
And you fade away, disappear in time
It might not be the easiest
It might be hard to try
The madness gonna wreck it down
Deeply cut the heart
Repeat reff
As you ready be strong
Take your soul and flying high to the sky
And you fade away, disappear
Repeat reff
In time, in time",https://images.genius.com/fe2cfebb4eae1f662b954fd8aa8c9237.999x999x1.png,https://genius.com/Ungu-in-time-lyrics
Ungu,Tiada Kata,"Tiada kata terucap dari lidahku yang pilu
Dan tiada satu kekuatan tuk bilang padamu
Mungkin tak kau merasa kini banyak yang tlah berubah
Mungkin salahku juga yang tak pernah terbuka
Reff:
Bukan maksudku sengaja membuatmu kecewa
Karena ku tak bisa tuk jalani semua
Kisah asmara berdua yang semu adanya",https://images.genius.com/010a0bc19ad20ef46cf2a2dfcf624b23.600x600x1.jpg,https://genius.com/Ungu-tiada-kata-lyrics
Ungu,Setengah Gila,"Kau yang membuatku
Setengah gila memikirkanmu
Tanpa kusadari semakin dalam
Perasaanku padamu
Semuanya terasa saat kau jauh
Pergi meninggalkan diriku
Kau yang membuatku
Hancur berkeping-keping
Bagai debu tertiup angin
Kau membunuhku
Dengan cintamu kini
Kau buat aku setengah gila
(Kau hancurkan…)
(Membunuh...)
(Gila)
Semuanya terasa saat kau jauh
Pergi meninggalkan diriku
Woo...
(Na-na na-na na-na)
(Na-na na-na na-na)
Hoo...
Kau yang membuatku
Hancur berkeping-keping
Bagai debu tertiup angin
Kau membunuhku
Dengan cintamu kini
Kau buat aku setengah gila
(Kau yang membuatku)
Hancur berkeping-keping
Bagai debu tertiup angin
(Na-na na-na na-na)
Kau membunuhku
Dengan cintamu kini
Kau buat aku setengah gila
Kau membuatku setengah gila",https://images.genius.com/7c32cb937377b74383e6c4d2f5440f88.270x270x1.png,https://genius.com/Ungu-setengah-gila-lyrics
Ungu,Penyanyi Jalanan,"Detak waktu yang berlalu
Membawa dirimu menggapai
Berjuta mimpimu
Berjuta anganmu
Dalam pahitnya hidupmu
Kau memastikan langkahmu
Diiringi terik sang surya
Membasuh kulitmu
Membasuh ragamu
Dalam pahitnya hidupmu
Mencoba menggapai anganmu
Merangkai mimpimu
Bersama sang waktu
Penyanyi jalanan
Kau selimuti duka dengan senyummu
Penyanyi jalanan
Terik mentari jadi saksi langkahmu
Penyanyi jalanan
Akankah mimpimu terwujud",https://images.genius.com/c3b18e1628282451e0fc013dae4518c4.600x600x1.jpg,https://genius.com/Ungu-penyanyi-jalanan-lyrics
Ungu,Bebas,"Ohh..Woo..Oow..
Ohh..Woo..Oow..
Ohh..Woo..Oow..
Kulewati hariku menembus batas-batas resah jiwaku
Mataku terbuka terbesit kehangatan alam nyata
Keraguanku lenyap ditelan bersama deritaku
Ku tatap ke depan cahaya yang menyinari diriku
Kan ku raih segalanya cita-cita masa kecilku
Ku berharap
Ohh..Woo..Oow..
Ohh..Woo..Oow..
Ohh…Woo…Oow..
Kulewati hariku menembus batas-batas resah jiwaku
Mataku terbuka terbesit kehangatan alam nyata
Keraguanku lenyap ditelan bersama deritaku
Ku tatap ke depan cahaya yang menyinari diriku
Kan ku raih segalanya cita-cita masa kecilku
Ku berharap
Terbebas jiwaku terlepas batinku
Tak terbatas keinginanku
Terbebas jiwaku terlepas batinku
Tak terbatas keinginanku
Terbebas jiwaku..
Terlepas batinku..
Tak terbatas keinginanku
Terbebas jiwaku..
Terlepas batinku..
Tak terbatas keinginanku
Kan ku raih segalanya cita-cita masa kecilku
Ku berharap
Terbebas jiwaku terlepas batinku
Tak terbatas keinginanku
Terbebas jiwaku terlepas batinku
Tak terbatas keinginanku
Terbebas jiwaku..
Terlepas batinku..
Tak terbatas keinginanku
Terbebas jiwaku..
Terlepas batinku..
Tak terbatas keinginanku
Yeah..",https://images.genius.com/010a0bc19ad20ef46cf2a2dfcf624b23.600x600x1.jpg,https://genius.com/Ungu-bebas-lyrics
Ungu,Kisah,"Di antara dua cinta berbeda
Bersemilah seribu bunga-bunga asmara
Biarkanlah tumbuh dalam hatinya
Hingga hari kan tiba nikmati indahnya
Dalam kebahagian hati mereka
Terbersit satu janji bersama
Tuk saling mengisi dan saling berbagi
Terbukalah pintu taman cintanya
Oh untuk raih semua hal bahagia yang tertunda
Agar terwujudlah angan-angannya
Jangan sampai terlena
Regukkanlah, resapilah
Cinta bukanlah harta
Sadarilah jangan sampai kecewa
Reff:
Apabila cinta datang bersemi
Bersama indahnya hati
Mungkin kan kau dapati
Kunci di hati
Cinta memberikan tulus segalanya
Dan siapkanlah hatimu
Jangan sampai terlena
Regukkanlah, resapilah
Cinta bukanlah harta
Sadarilah jangan sampai kecewa
Apabila cinta datang bersemi
Bersama indahnya hati
Mungkin kan kau dapati
Kunci di hati",https://images.genius.com/010a0bc19ad20ef46cf2a2dfcf624b23.600x600x1.jpg,https://genius.com/Ungu-kisah-lyrics
Ungu,Hakikat Cinta,"Kau berikan untukku
Satu alasan untukku tetap disini
Senyumanmu memburu hatiku
Menyadarkan jiwaku ku tak sendiri
Menemani batinku yang kadang sepi
Kau keindahan yang nyata untukku
Kau bisikkan untukku
Seuntai kata terangkai begitu merdu
Menyejukkan jasadku yang hangat
Saat peluh membasahi raga ini
Saat hati tak tahu kemana lagi
Kau keindahan yang nyata
Hingga waktu kan menutup mataku
Karena kau buktikan untukku
Satu kisah tentang kita
Yang teramat indah tuk terlupa
Sempurna bukan milik kita
Namun kau selalu ada untukku
Lengkapi hidupku dengan indah
Ooo dengan indah
Hakikat tuk mencinta
Tak pernah luput dari kenyataan
Bahwa kita tak selalu tertawa
Bersama berdua tanpa air mata
Yang menghiasi hidupmu dan hidupku
Bukankah cinta datang
Karena kita berdua
Jalani hari lengkapi hati
Dengan senyum dan tangis bersama",https://images.genius.com/fe2cfebb4eae1f662b954fd8aa8c9237.999x999x1.png,https://genius.com/Ungu-hakikat-cinta-lyrics
Ungu,Akulah Cintamu,"Ku coba mengerti apa arti dirimu untuk aku
Mencari cinta terakhir dalam hidupku
Berharap takdirmu kan temukan diriku di sisimu
Selamanya bersama dan tak pernah terpisah
Selamanya seakan hari tak akan terulang lagi
Reff:
Akulah cintamu akulah kekasihmu
Yang selama ini slalu besertamu
Akulah rindumu akulah mimpi indahmu
Yang terakhir dalam pencarianmu
Akulah cintamu
Yang selama ini slalu besertamu
Akulah rindumu
Yang terakhir dalam pencarianmu",https://images.genius.com/2198ccd283d4d79a9dd4046d6ffcc074.1000x1000x1.jpg,https://genius.com/Ungu-akulah-cintamu-lyrics
Ungu,Pogo Pogo,"Dikala hatimu sedang dilanda kalut
Terasa sepi hidup segan mati tak mau
Gundah dulana seakan semesta membencimu
Nononono
Hey dari pada kamu suntuk begitu
Lama-lama sarafmu bisa terganggu
Pikiran jadi gila mending kita bergembira
Bersama-sama tuk teriakkan
Pogo pogo pogo pogo
Berdansalah denganku
Pogo pogo pogo pogo
Disini masih ada kamu
Oy kamu Oy kamu kamu kamu
Dan kalian semua
Pogo pogo pogo pogo
Bergembira denganku
Pogo pogo pogo pogo
Ku pun disini dengan kamu
Oy kamu Oy kamu kamu kamu
Let's have some fun and say it loud
Ku berdiri disini berbangga hati
Menerima dunia yang ku ubah sendiri
Tak ada lagi lawan Bila semua menjadi kawan
Hey dari pada kau suntuk begitu
Lama-lama sarafmu bisa terganggu
Pikiran jadi gila mending kita bergembira
Bersama-sama tuk teriakkan
Pogo pogo pogo pogo
Berdansalah denganku
Pogo pogo pogo pogo
Disini masih ada kamu
Oy kamu Oy kamu kamu kamu
Dan kalian semua
Pogo pogo pogo pogo
Bergembira denganku
Pogo pogo pogo pogo
Ku pun disini dengan kamu
Oy kamu Oy kamu kamu kamu
Let's have some fun and say it loud
Yeah Jikalau hati memang sedang dilanda kalut
Sedih gelisah seakan kau dihadang maut
Mau begini salah begitupun salah
Hatipun tertutup duka mata pun luput melihat
Hey dari pada kau suntuk begitu
Lama-lama sarafmu bisa terganggu
Pikiran jadi gila mending kita bergembira
Bersama-sama tuk teriakkan
Let's have fun from enjoy your life
Pogo pogo pogo pogo
Berdansalah denganku
Pogo pogo pogo pogo
Disini masih ada kamu
Oy kamu Oy kamu kamu kamu
Dan kalian semua
Pogo pogo pogo pogo
Bergembira denganku
Pogo pogo pogo pogo
Ku pun disini dengan kamu
Oy kamu Oy kamu kamu kamu
Let's have some fun and say it loud
Pogo pogo pogo pogo
Berdansalah denganku
Pogo pogo pogo pogo
Disini masih ada kamu
Oy kamu Oy kamu kamu kamu
Dan kalian semua
Pogo pogo pogo pogo
Bergembira denganku
Pogo pogo pogo pogo
Ku pun disini dengan kamu
Oy kamu Oy kamu kamu kamu
Let's have some fun and say it loud",https://images.genius.com/91de76f6dc2cefa801910c1324a06c2e.350x350x1.jpg,https://genius.com/Ungu-pogo-pogo-lyrics
Ungu,Yang Pertama,"Aku disini aku tak sendiri
Bersama  sahabat dan kawan sejati
Aku  disini aku tak sendiri
Tuk menggapai angan angan yang kucari
Aku disini dan ku tak sendiri
Reff:
Dan  berlari kencang sekencang kencangnya
Tuk merangkai mimpi cinta dan harapan
Berlari  kencang sekencang kencangnya
Kobarkan smangat tuk jadi yang pertama
Ku berlari kencang sekencang kencangnya
Tuk jadi sang juara
Masih  disini aku tak sendiri
Bersama sahabat dan kawan sejati
Masih disini aku tak sendiri
Tuk menggapai angan angan yang kucari
Masih disini dan ku tak sendiri
Dan berlari kencang sekencang kencangnya
Tuk merangkai mimpi cinta dan harapan
Berlari kencang sekencang kencangnya
Kobarkan smangat tuk jadi yang pertama
Ku berlari kencang sekencang kencangnya
Tuk jadi sang juara
Yang pertama
Sang juara
Yang pertama
Ku takkan berhenti
Ku terus berlari
Dan berlari kencang sekencang kencangnya
Tuk merangkai mimpi cinta dan harapan
Dan berlari kencang sekencang kencangnya
Tuk merangkai mimpi cinta dan harapan
Berlari kencang sekencang kencangnya
Dan berlari kencang sekencang kencangnya
Tuk merangkai mimpi cinta dan harapan
Berlari kencang sekencang kencangnya
Kobarkan smangat tuk jadi yang pertama
Ku berlari kencang
Ku berlari kencang
Ku berlari kencang",https://images.genius.com/2198ccd283d4d79a9dd4046d6ffcc074.1000x1000x1.jpg,https://genius.com/Ungu-yang-pertama-lyrics
Ungu,Jangan Siakan,"Cobalah untuk kau renungkan
Bila hidup ini tak ada cinta
Gelap terasa butakan mata
Kian sesakkan dada
Seandainya kini tlah kau temukan
Satu cinta putih yang kan membawa
Dirimu terbang tinggi di awan
Menggapai bintang di sana
Tapi cinta tak selamanya
Seperti apa yang kita inginkan
Seiring jalan slamanya indah
Tanpa ada kecewa
Kadang cinta memang menyakitkan
Seakan tak ingin lagi mengecap cinta
Jangan kau pernah sia-siakan
Cinta yang telah ada
Karena cinta yang dapat membuat
Kedamaian dalam dirimu",https://images.genius.com/010a0bc19ad20ef46cf2a2dfcf624b23.600x600x1.jpg,https://genius.com/Ungu-jangan-siakan-lyrics
Ungu,Penguasa Hatiku,"Sebelum kau pergi jauh dariku
Dengarlah isi hatiku tentang dirimu
Yang selalu ku cinta
Dan yang selalu kurindukan
Maafkanlah semua kesalahanku
Ku buat kau menangis
Pergi dan berlalu meninggalkan diriku
Dan takkan pernah kembali
Dan akhirnya kesendirian hatiku
Menyadarkan diriku bahwa engkaulah penguasa hatiku
Engkaulah cinta sejati dalam hidupku
Kaulah yang terakhir yang selalu ku nanti
Sampai akhir nanti
Dan kaulah satu-satunya yang selalu kurindukan
Meghiasi ruangan hatiku sampai akhir nanti
Dan akhirnya kesendirian hatiku
Menyadarkan diriku bahwa engkaulah penguasa hatiku
Engkaulah cinta sejati dalam hidupku
Kaulah yang terakhir yang selalu ku nanti
Sampai akhir nanti
Dan kaulah satu-satunya yang selalu kurindukan
Meghiasi ruangan hatiku sampai akhir nanti
Akhir nanti..",https://images.genius.com/2198ccd283d4d79a9dd4046d6ffcc074.1000x1000x1.jpg,https://genius.com/Ungu-penguasa-hatiku-lyrics
Ungu,Embun Hati,"Hari demi hari kita lewati
Menembus ruang batas hati telah menguji
Ingin rasanya memiliki cinta berdua
Kucoba mengikuti arah yang pasti
Menembus batas-batas waktu di antara kita
Ingin rasanya mengarungi bahtera cinta
Reff:
Kuberharap mungkinkah kuraih
Setetes embun pagi yang telah engkau miliki
Ku tak ingin ada cinta yang lain di hatimu, di hatimu
Coba mengikuti arah yang pasti
Menembus batas-batas waktu di antara kita
Ingin rasanya mengarungi bahtera cinta
Kuberharap mungkinkah kuraih
Setetes embun pagi yang telah engkau miliki
Ku tak ingin ada cinta yang lain di hatimu, di hatimu
Kumenanti kau kembali hadir dalam pelukan diriku
Kuimpikan kau selalu bersama kita berdua di dalam bahagia
Kuberharap mungkinkah kuraih
Setetes embun pagi yang telah engkau miliki
Ku tak ingin ada cinta yang lain di hatimu, di hatimu",https://images.genius.com/010a0bc19ad20ef46cf2a2dfcf624b23.600x600x1.jpg,https://genius.com/Ungu-embun-hati-lyrics
Ungu,Cinta Cintaku,"Slamat tinggal sayang
Kulupakan dirimu selamanya
Dan maafkanlah sayang
Jika itu terjadi karna dia
Katakanlah sayang
Bila itu membuatmu lebih mengerti
Dan maafkanlah sayang
Bila itu terjadi karna dia
Hapuslah semua rasa dihatimu
Dan bila kau bisa lupakanlah aku
Reff:
Cinta memang bukan untukku dan kamu
Cinta hanya menyentuh dia dan aku
Dan biarkanlah cinta tumbuh dalam hatiku
Karna cintaku memang bukan untuk mu
Ku katakan sayang
Ini memang mauku memang ingin ku
Maafkanlah sayang
Semua itu terjadi karna dia
Dan bila kau bisa lupakanlah aku
Back to Reff -> 2x
Maafkanlah sayang..
Sampai mati sayang..",https://images.genius.com/b09b05d1fae6a537bdb5e2c6c68c1a6a.600x600x1.jpg,https://genius.com/Ungu-cinta-cintaku-lyrics
Ungu,Terang,"Gemerlap dunia memberikan yang kuinginkan
Segala nikmat tlah kurasakan membuatku terlena
Dunia terlelap dalam tidurnya tak menyaksikan
Cinta yang tulus kasih yang suci tlah tenggelam dalam hitamnya dunia
Dan kusadari semua itu hanya buaian
Pasti kan milikku tepiskan semua nikmat yang ada
Reff:
Terang sinari aku dalam jalan yang gelap
Agar ku tak terjatuh
Terang hibur diriku dalam luka derita
Dari rasa kecewa
Dan kusadari semua itu hanya buaian
Pasti kan milikku tepiskan semua nikmat yang ada
Terang sinari aku dalam jalan yang gelap
Agar ku tak terjatuh
Terang hibur diriku dalam luka derita
Dari rasa kecewa",https://images.genius.com/010a0bc19ad20ef46cf2a2dfcf624b23.600x600x1.jpg,https://genius.com/Ungu-terang-lyrics
Ungu,Badai Kini Berlalu,"Cinta layu tumbuh di hati yang rapuh
Membawakan berjuta harapan
Air mata yang pernah membasahiku
Kering sudah bersama senyummu
Merasakan hangat dalam pelukkanmu
Memusnahkan dinginnya hatiku
Cinta layu tumbuh di hati yang rapuh
Membawa kan berjuta harapan
Reff:
Badai kini berlalu
Sirna bersama hadirmu
Badai kini berlalu
Musnah bersama cintamu
Air mata yang pernah membasihi aku
Kering sudah bersama senyummu",https://images.genius.com/2198ccd283d4d79a9dd4046d6ffcc074.1000x1000x1.jpg,https://genius.com/Ungu-badai-kini-berlalu-lyrics
Ungu,Get Up! Stand Up!,"Di kala cinta mulai mengoyak rasa
Hati yang ceria mulai berubah gundah
Hari-harimu terasa gelap
Tak ada lagi cahaya
Pernahkah kau berpikir bahwa kau hanya
(membuang) waktumu dengan percuma
Mari berdiri, angkat tanganmu
Hey brother, hey sister, dan kalian semua
Get up, stand up, keep on your hands up
Now sing it (heiii hooo heiii hooo)
Get up, stand up, keep on your hands up
Now sing it (heiii hooo heiii hooo)
Pernahkah kau berpikir bahwa kau hanya
Membuang waktumu dengan percuma
Mari berdiri, angkat tanganmu
Hey brother, hey sister, dan kalian semua
Get up, stand up, keep on your hands up
Now sing it (heiii hooo heiii hooo)
Get up, stand up, keep on your hands up
Now sing it (heiii hooo heiii hooo)
(you gotta get up) you gotta get up
(you gotta stand up) you gotta stand up yeah oh oh oh
Get up, stand up, keep on your hands up
Now sing it (heiii hooo heiii hooo)
Get up, stand up, keep on your hands up
Now sing it (heiii hooo) now sing it (heiii hooo)
Get up and stand up, keep on your hands up
You gotta stand up (heiii hooo) get up and stand up (heiii hooo)
Get up and stand up, keep on your hands up
You gotta stand up (heiii hooo) get up and stand up (heiii hooo)",https://images.genius.com/91de76f6dc2cefa801910c1324a06c2e.350x350x1.jpg,https://genius.com/Ungu-get-up-stand-up-lyrics
Ungu,Mengertilah,"Kalau saja kamu mau mengerti
Kalau aku memang harus begini
Tak perlu kau kan pendam semua ini
Dalam hati
Andai saja kamu bisa mengerti
Bahwa aku memang selalu begini
Tak perlu kita lewati hal ini
Semua ini
Jangan kau pergi dariku
Berikanlah aku kesempatan padamu
Kan ku bawa dirimu
Dan aku tak ingin kau pergi dariku
Ku ingin membawa kau terbang ke awan
Kalau saja kamu mau mengerti
Anggap saja semua telah dilewati
Tak perlu kau kan pikirkan sendiri
Semua ini
Kan kubawa dirimu
Dan aku tak ingin kau pergi dariku
Ku ingin membawa kau terbang ke awan
Ku ingin persembahkan dunia untukmu",https://images.genius.com/b09b05d1fae6a537bdb5e2c6c68c1a6a.600x600x1.jpg,https://genius.com/Ungu-mengertilah-lyrics
Ungu,Kau Tahu,"Andaikan mentari tak mau bersinar
Ku akan tetap di sini menunggumu
Andaikan bulan dan bintang enggan tersenyum
Ku akan tetap di sini menantimu
Walau pun hanya bayangmu
Yang selalu datang menyapa sepi hatiku disaat ku rapuh
Reff:
Kau tahu ku slalu menunggumu
Sampai kapan kau akan slalu ku tunggu
Kau tahu ku slalu menantimu
Sampai kapan kau akan slalu ku nanti
Di dalam hatiku
Kau tahu ku slalu menunggumu
Sampai kapan kau akan slalu ku tunggu
Kau tahu ku slalu menantimu
Sampai kapan kau akan slalu ku nanti
Kau tahu ku slalu menunggumu
Sampai kapan kau akan slalu ku tunggu
Kau tahu ku slalu menantimu
Sampai kapan kau akan slalu ku nanti
Di dalam hatiku",https://images.genius.com/2198ccd283d4d79a9dd4046d6ffcc074.1000x1000x1.jpg,https://genius.com/Ungu-kau-tahu-lyrics
Ungu,Sirna,"Bayang-bayang gelap masa lalu
Kadang menghantui pikiranku
Sering terdengar jerit di dada
Yang merindukan kehadiranmu
Mungkin dapat kujalani
Hidup yang fana yang berarti
Ku coba tuk meluruskan semua
Bayang hidup yang semakin ternoda
Fenomena yang tlah kurasakan
Membuat diriku semakin tersiksa
Mungkin dapat kujalani
Hidup yang fana yang berarti
Tinggalkan aku..
Menjauhlah..
Ku tak ingin kau kembali
Kan kulakukan segalanya tuk sirnakan
Tinggalkan aku..
Menjauhlah..
Ku tak ingin kau kembali
Kan kulakukan segalanya tuk sirnakan
Rinduku dan hangatku
Tinggalkan aku..
Menjauhlah..
Ku tak ingin kau kembali
Kan kulakukan segalanya tuk sirnakan
Tinggalkan aku..
Menjauhlah..
Ku tak ingin kau kembali
Kan kulakukan segalanya tuk sirnakan
Tinggalkan aku..",https://images.genius.com/010a0bc19ad20ef46cf2a2dfcf624b23.600x600x1.jpg,https://genius.com/Ungu-sirna-lyrics
Ungu,Cududu (All I Wanna Do),"Cududuuu cududuuu cududududududuuu
Cududuuu cududuuu cududududududuuu
Look up to the sky
The stars are shining bright for you
Tell me what to do
It's waiting for you
Oh why you are not here with me
I lose a better part of me
I spending all my time
Thinking of you
Cududuuu cududuuu cududududududuuu
Cududuuu cududuuu cududududududuuu
You and me living in the sweetest memories
And here with you is all i want to do
Loving you, be with you and stay with you
All i wanna do is spend more times with you
And all i wanna do is spend my life with you
All i wanna do is staying there for you
All i wanna do forever here with you
Cududuuu cududuuu cududududududu
Cududuuu cududuuu cududududududu
Missing you‚ i feel so lonely without you (feel so lonely)
I give up‚ without you i give up
Be with you and stay with you (all i wanna do)
(interlude)
All i wanna do is spend more times with you
All i wanna do is spend my life with you
All i wanna do is staying there for you
All i wanna do forever here with you
All i wanna is‚ all i wanna is, all i wanna is you
It's all i ever, all i ever‚ all i ever, all i ever do
All i wanna is, all i wanna is‚ all i wanna is you
It's all i ever, all i ever, all i ever, all i ever do
Be with you and stay with you
All i wanna do, all i wanna do (to be with you and stay with you)
All i wanna do, all i wanna do (to be with you and stay with you)
Forever (to be with you and stay with you)
All i wanna do, all i wanna do (to be with you and stay with you) oh",https://images.genius.com/91de76f6dc2cefa801910c1324a06c2e.350x350x1.jpg,https://genius.com/Ungu-cududu-all-i-wanna-do-lyrics
Ungu,Coba Tuk Temukan,"Terlempar jauh hatiku menerawang mencari hatimu
Terpuruk  aku di sini di dalam kesesatan langkahku
Adakah  jalan untuku
Jalan yang lurus menggapai hatimu
Semua caraku tempuh
Hanya  untuk dapatkan kamu
Namun  ku semakin jauh darimu
Namun ku semakin tak bisa untuk menggapai dirimu
Reff:
Kumelayang tinggi di awan
Mencoba tuk temukan kamu
Yang selama ini hantui di setiap mimpiku
Ku  rangkai berjuta bayangmu
Di dalam rona-rona mimpiku
Tapi ku tak bisa jua tuk menggapai dirimu",https://images.genius.com/b09b05d1fae6a537bdb5e2c6c68c1a6a.600x600x1.jpg,https://genius.com/Ungu-coba-tuk-temukan-lyrics
Ungu,Dunia Menangis,"Langkah kota yang terberai
Di pelusuk ku catatkan memang mengasihinya
Tatap matanya yang kosong
Seakan tiada lagi harapan untuknya
Bila engkau rasa
Dapat memenuhkan kebahagiaan dunia
Dengan jalanmu sendiri
Dengan caramu sendiri
Tak kau sadari
Kau sesatkan diri sendiri
Dan semua yang tlah berarti
Dunia pun menangis
Dunia pun bersedih melihat tingkahmu
Dunia pun menangis
Dunia pun bersedih melihat dirimu
Tidakkah kau sadari
Semua itu
Semua adanya
Jangan kecohkan hidupmu percuma
Buang waktu saja
Tak kau sadari
Kau siksa raga yang berarti
Kau bunuh dirimu sendiri",https://images.genius.com/b09b05d1fae6a537bdb5e2c6c68c1a6a.600x600x1.jpg,https://genius.com/Ungu-dunia-menangis-lyrics
Ungu,Dia dan Dirimu,"Dia yang kau anggap terbaik, untuk menjalani kisah bersamamu
Dia yang selalu kau puja dalam tutur kata yang selalu terucap
Kini meninggalkan dirimu sendiri
Tanpa pesan kau pun menghilang, tertelan semua mimpi tentang dirinya
Dan dia yang membuatmu berpaling, dari sisi diriku yang memujamu
Kini meninggalkan dirimu bersama luka yang dalam
Reff:
Kau takkan bisa menemukan cinta lain seperti diriku kepadamu yang dulu pernah kau rasakan",https://images.genius.com/b09b05d1fae6a537bdb5e2c6c68c1a6a.600x600x1.jpg,https://genius.com/Ungu-dia-dan-dirimu-lyrics
Ungu,Tercipta Untukku (Accoustic Version),"Menatap indahnya senyuman di wajahmu
Membuatku terdiam dan terpaku
Mengerti akan hadirnya cinta terindah
Saat kau peluk mesra tubuhku, oh
Banyak kata
Yang 'tak mampu 'ku ungkapkan
Kepada dirimu
Aku ingin engkau selalu
Hadir dan temani aku
Di setiap langkah yang meyakiniku
Kau tercipta untukku
Meski waktu akan mampu
Memanggil seluruh ragaku
'Ku ingin kau tahu 'ku selalu milikmu
Yang mencintaimu sepanjang hidupku
Sungguh
Hanyalah dirimu yang aku cintai
Dan sungguh
'Ku 'kan di sisimu hingga 'ku mati
Aku ingin engkau selalu
Hadir dan temani aku
Di setiap langkah yang meyakiniku
Kau tercipta untukku
Meski waktu akan
Mampu memanggil seluruh ragaku
'Ku ingin kau tahu 'ku selalu milikmu
Yang mencintaimu sepanjang hidupku",https://images.genius.com/7fdaa23bdd479d986ae2af4b0caa5d79.1000x1000x1.png,https://genius.com/Ungu-tercipta-untukku-accoustic-version-lyrics
Ungu,So Beautiful,"Tak pernah ku sesali dalam hidupku
Akhirnya kau yang pantas ku katakan
Ku cinta kau sepenuh hati dalam jiwaku
Kau pemberian Tuhan yang terindah di hidupku oooh
Tak pernah ku coba melupakanmu
Walau sedikit saja ku takkan pernah bisa
Tak bersamamu lalui waktuku
Kau pemberian Tuhan yang terindah di hidupku oooh
I love you more than anything in this world
I love you oooh
I love you more than anything in this world
I love you oooh
You're so beautiful, so beautiful
So beautiful, i love you
I love you, i love you huu
I love you more than anything in this world
I love you oooh
I love you more than anything in this world
I love you oooh
You're so beautiful, so beautiful, so beautiful, i love you
You're so beautiful, so beautiful, so beautiful, i love you",https://images.genius.com/91de76f6dc2cefa801910c1324a06c2e.350x350x1.jpg,https://genius.com/Ungu-so-beautiful-lyrics
Bernadya,Satu Bulan,"Translations
English
Belum ada satu bulan
Ku yakin masih ada sisa wangiku di bajumu
Namun kau tampak baik saja
Bahkan senyummu lebih lepas
Sedang aku di sini hampir gila
Kita tak temukan jalan
Sepakat akhiri setelah beribu debat panjang
Namun kau tampak baik saja
Bahkan senyummu lebih lepas
Sedang aku di sini belum terima
Bohongkah tangismu sore itu di pelukku?
Nyatanya pergiku pun tak lagi mengganggumu
Apa sudah ada kabar lain yang kau tunggu?
Sudah adakah yang gantikanku
Yang khawatirkanmu setiap waktu
Yang cerita tentang apapun sampai hal-hal tak perlu?
Kalau bisa jangan buru-buru
Kalau bisa jangan ada dulu
Baru lewat satu bulan
Kemarin ulang tahunku tak ada pesan darimu
Tak apa, mungkin kau lupa
Atau sudah ada hati yang harus kau jaga?
Sudah adakah yang gantikanku
Yang kau antar jemput setiap Sabtu
Yang s'lalu ingatkan untuk pakai sabuk pengamanmu?
Kalau bisa jangan buru-buru
Sudah adakah yang gantikanku
Yang khawatirkanmu setiap waktu
Yang cerita tentang apapun sampai hal-hal tak perlu?
Kalau bisa jangan buru-buru
Kalau bisa jangan ada dulu",https://images.genius.com/f0df66ce587891e40515989290faa668.1000x1000x1.png,https://genius.com/Bernadya-satu-bulan-lyrics
Bernadya,"Untungnya, Hidup Harus Tetap Berjalan","Persis setahun yang lalu ku dijauhkan dari yang tak
Ditakdirkan untukku
Yang kuingat saat itu, yang kulakukan hanya menggerutu
Angkuh
Lebih percaya cara-caraku, pilih ragukan rencana Sang Maha Penentu
Untungnya bumi masih berputar
Untungnya ku tak pilih menyerah
Untungnya ku bisa rasa hal-hal baik yang datangnya
Belakangan
Ada waktu-waktu
Hal buruk datang berturut-turut
Semua yang tinggal juga yang hilang, seberapa pun absurdnya
Pasti ada makna
Untungnya bumi masih berputar
Untungnya ku tak pilih menyerah
Itu memang paling mudah, untungnya kupilih
Yang lebih susah
Untungnya kupakai akal sehat
Untungnya hidup terus berjalan
Untungnya ku bisa rasa hal-hal baik yang datangnya
Belakangan
Untungnya, untungnya
Hidup harus tetap berjalan",https://images.genius.com/340862de369c515e7eef40ce39d37a92.1000x1000x1.png,https://genius.com/Bernadya-untungnya-hidup-harus-tetap-berjalan-lyrics
Bernadya,Kini Mereka Tahu,"Dari dulu kulebih-lebihkan semua
Padahal yang kau lakukan tak seberapa
Agar seisi dunia tahu
Dan anggap 'ku paling beruntung
Milikimu
Kukarang cerita yang semula tak ada
Caraku sampaikan seolah semua nyata
Agar semuanya setuju dan yakin pada pilihanku
Memilihmu
Sifat baikmu yang orang tahu, itu karanganku
Sifat aslimu yang hancurkanku, mereka tak tahu
Dan bahkan setelah semua yang kau lakukan padaku
Ku tetap bela kamu di depan teman-temanku
Dan mungkin saja bisa jadi bila kamu datang lagi
Ku 'kan terimamu kembali
Kudengar kamu sibuk ke sana kemari
Bersihkan namamu di mata orang lain
Kau cerita dari sisimu
Kau bilang tak semua salahmu
Berharap ada yang memihakmu
Sifat baikmu yang orang tahu, itu karanganku
Sifat aslimu yang hancurkanku, kini mereka tahu
Dan bahkan setelah semua yang kau lakukan padaku
Ku tetap bela kamu di depan tеman-temanku
Dan mungkin saja bisa jadi bila kamu datang lagi
Ku 'kan terimamu kembali
Kalau suatu saat kucеrita burukmu takkan kutambahkan bumbu apapun
Tak sama seperti saat kuceritakan baikmu
Kalau suatu saat kucerita burukmu takkan kutambahkan bumbu apapun
Tak sama seperti saat kuceritakan baikmu
Kalau suatu saat kucerita burukmu takkan kutambahkan bumbu apapun
Tak sama seperti saat kuceritakan baikmu
Kalau suatu saat kucerita burukmu takkan kutambahkan bumbu apapun
Tak sama seperti saat kuceritakan baikmu
Yang sebagian besar tak benar begitu",https://images.genius.com/a9f8c365aa8c799fbdb0b7020f8df737.1000x1000x1.png,https://genius.com/Bernadya-kini-mereka-tahu-lyrics
Bernadya,Lama-Lama,"Berusaha tetap terjaga
Tunggu kamu selesaikan semua kesibukan
Dering yang paling kunantikan
Akhirnya datang hanya menyapa sebentar
Pamit tidur duluan
Kumaklumi s'lalu, kumengerti kamu
Punya sibuk lain, tak harus aku, tak s'lalu aku
Lama-lama, lelah juga aku
Seperti hanya aku yang butuhkan kamu
Lama-lama, habis tenagaku
Bila bukan lagi aku, tempat pulang yang kau tuju
Jangan ulur waktu
Kumaklumi s'lalu, kumengerti kamu
Punya sibuk lain, tak harus aku, tak s'lalu aku
Kumaklumi s'lalu, kumengerti kamu
Punya sibuk lain, tak harus aku, tak s'lalu aku
Lama-lama, lelah juga aku
Seperti hanya aku yang butuhkan kamu
Lama-lama, habis tenagaku
Bila bukan lagi aku, tempat pulang yang kau tuju
Jangan ulur waktu
Berusaha tetap kujaga
Sampai habislah tersisa tenaga yang kupunya
Kini tak lagi kunantikan
Lakukan semua senyamanmu saja
Ku menyerah",https://images.genius.com/340862de369c515e7eef40ce39d37a92.1000x1000x1.png,https://genius.com/Bernadya-lama-lama-lyrics
Bernadya,"Sialnya, Hidup Harus Tetap Berjalan","Ini yang takkan kau tahu
Betapa beratnya malamku tanpamu
Betapa ku berharap setiap malam jadi yang terakhir
Semoga ku hilang dalam tidurku
Tak harapkan hari baru
Pagi jadi yang paling berat untukku
Harus bangun dan terima kenyataan semua t'lah berbeda
Sialnya, hidup harus tetap berjalan
Mungkin sebentar lagi ku bisa, kuterima
Waktuku, peranku dalam hidupmu selesai
Nanti di lain hari, nanti di lain bumi
Saat sudah rela hati ini
Kuceritakan jalan-jalan yang kutempuh sampai ku bisa relakanmu pergi
Masih jauh dari sembuh
Sudah gila meski tak separah itu
Masih bangun dan t'rima kenyataan
Sudah bukan aku yang isi harimu
Sudah bukan aku alasan senyummu
Sudah hilang semua mimpi yang kita bangun dulu
Nanti di lain hari, nanti di lain bumi
Nanti di lain hari, nanti di lain bumi",https://images.genius.com/340862de369c515e7eef40ce39d37a92.1000x1000x1.png,https://genius.com/Bernadya-sialnya-hidup-harus-tetap-berjalan-lyrics
Bernadya,Kata Mereka Ini Berlebihan,"Ku tak pernah ikat rambutku lagi semenjak kau bilang
Rambutku indah bila terurai panjang
Baju hitamku tak pernah kusentuh lagi sejak hari itu
Kau bilang warna gelap membosankan
Kubaca sampai tuntas semua buku yang paling kau suka
Mungkin suatu saat kau anggap ku cerdas
Tak kuhiraukan kata mereka ini berlebihan
Untukmu apapun akan kulakukan
Ingin sempurna di matamu
Hanya itu yang aku mau
Namun tampaknya sempurna tak cukup
Bagimu
Sebelas ribu kilometer kutempuh sendirian
Bawa pelukku yang ternyata tak kau rindukan
Tiga enam ribu kaki di atas laut kutahan
Kau tahu benar ku takut ketinggian
Ingin sempurna di matamu
Hanya itu yang aku mau
Namun tampaknya sempurna tak cukup
Bila ternyata aku bukan yang kau perlu
Kubatalkan setiap janji
Hanya kar'na takut tiba-tiba kau butuh aku di sisimu
Ingin sempurna di matamu
Hanya itu yang aku mau
Namun tampaknya sempurna tak cukup bagimu, oh-oh
Ingin sempurna di matamu
Ingin kau lihat aku lebih jauh
Ingin kau tahu
Tiada yang sayangimu lebih dari aku",https://images.genius.com/12c48335b62a43d696f000d6cf2b8f6d.1000x1000x1.png,https://genius.com/Bernadya-kata-mereka-ini-berlebihan-lyrics
Bernadya,Berlari,"Seperti yang telah kuduga
Tujuh hari menghilang, kini kau datang lagi
Merangkum kabar sepekan
Meski katamu minggu ini banyak tak senangnya
Tak sesuai rencana, ah ah
Bukankah harusnya kita
Tak saling berkabar lagi?
Itu katamu kemarin
Setidaknya aku jadi yang pertama kau kabari
Saat harimu kurang menarik
Sampai nanti suatu pagi kau tak butuh aku lagi
Kapan pun kau panggil, ku ke situ berlari
Susah payah ku menahan
Untuk tak kabarimu tapi malah kau runtuhkan
Semua upaya
Kupikirkan ulang
Kau tak punya siapa-siapa lagi
'Tuk cerita hari-hari
Setidaknya aku jadi yang pertama kau kabari
Saat harimu kurang menarik
Sampai nanti suatu pagi kau tak butuh aku lagi
Kapan pun kau panggil, ku ke situ berlari
Ku ke situ berlari tanpa pikir dua kali
Tak bisa kupungkiri kabar darimu
Masih jadi yang paling kunanti
Meski besok pasti
Kau sudah hilang lagi",https://images.genius.com/340862de369c515e7eef40ce39d37a92.1000x1000x1.png,https://genius.com/Bernadya-berlari-lyrics
Bernadya,Apa Mungkin,"Arungi malam
Terjaga kala semua telah terbenam
Berkaca, bertanya
Apa ku buat salah?
Kalaupun iya, apa?
Apakah sebesar itu hingga
Kau pergi tanpa aba-aba?
Bahkan tanpa alasan
Hingga kuharus menerka-nerka
Salahku di mana?
Apa mungkin caraku bicara?
Apa mungkin caraku tertawa?
Apa mungkin dengkurku saat tertidur lelap?
Atau mungkin kamu yang tak lagi cinta?
Sampai sekarang
Dari ku belum ada yang berubah
Ku bisa salah, maka itu jelaskanlah
Di mana letak yang tak kau suka?
Apa mungkin caraku bicara?
Apa mungkin caraku tertawa?
Apa mungkin dengkurku saat tertidur lelap?
Atau mungkin kamu yang tak lagi cinta?
Dari dulu semua burukku
Kau terima katamu tiada yang mengganggu
Mengapa tiba-tiba
Jadi masalah?
Sejak kapan semuanya berubah?
Apa sejak kau lihatku marah?
Apa kar'na leluconku itu-itu saja?
Atau memang kamu yang tak lagi cinta?
Apa mungkin caraku bicara?
Apa mungkin caraku tertawa?
Apa mungkin dengkurku saat tertidur lelap?
Atau mungkin kamu yang tak
(Kamu yang tak lagi cinta)
Atau mungkin kamu yang tak
Tak lagi cinta?",https://images.genius.com/846bc0e8fd551e60e7a66ca3643f72a0.1000x1000x1.png,https://genius.com/Bernadya-apa-mungkin-lyrics
Adrian Khalif,Asumsi,"Semenjak hari itu
Tak sedikit coba dekatiku
Kubiarkan semua berlalu
Gugur satu per satu
Karena setiap kucoba mulai kisah baru
Rasanya aku, khianatimu
Padahal kau di situ
Sudah tak mau tahu kabarku
Padahal kamu sibuk rayakan cinta barumu
Sedang aku, sibuk coba lupakanmu
Mmmm, mmm
Salah yang waktu itu
Masih menghantuiku (hantui)
Naskah kubuat seribu
Coba ku tak begitu
Karena apa gunanya mulai kisah baru
Jika maafmu masih kutunggu?
Padahal kau di situ
Sudah tak mau tahu kabarku
Padahal kamu sibuk rayakan cinta barumu
Sedang aku, sibuk coba lupakanmu
Mmmm, mmm
Sebelum lelapku, di buka mataku
Kau penuhi pikiranku
Apakah kau tahu (apakah kau tahu)
Satu yang ku mau
Keluar dari mulutmu?
Semuanya asumsimu
Masa iya ku tak rindu?
Karena ku paling tahu
Kau gemar bermain di kepalamu
Terlalu jauh
Padahal kau di sini
Masih sering terbawa mimpi (masih sering terbawa mimpi)
Padahal detik ini kau masih belum terganti (belum terganti)
Tak mungkin bisa kubenci
Mana mungkin aku benci?
Mana mungkin aku benci?",https://images.genius.com/bd1d14e4e66b9cc70871a4393ad0c852.1000x1000x1.png,https://genius.com/Adrian-khalif-and-bernadya-asumsi-lyrics
Bernadya,Ambang Pintu,"Perpisahan yang cukup dingin di awal Januari
Tangisku pecah lihat langkahmu sudah jauh pergi
Lucunya aku masih berharap kau putar balik berlari
Pikirkan semua baik-baik
Tak kututup pintu itu
Kubiarkan kau berlalu lalang semaumu
Di ambang pintu ku menunggu siapa tahu
Kau kembali
Kubuka lebar-lebar tak menutup kesempatan
Mungkin saja kau kembali
Bukankah kemarin kau bilang masih ingin bertemu?
Yakinmu penuh kita masih bisa kembali utuh
Entah apa yang buatmu bisa secepat itu menjauh
Sudahkah kau pikir baik-baik?
Jika ku tak ada
Benarkah tak apa?
Jika tak terbiasa
Kujaga pintu terbuka
Di ambang pintu ku menunggu siapa tahu
Kau kembali
Kubuka lebar-lebar tak menutup kesempatan
Mungkin saja kau kembali",https://images.genius.com/340862de369c515e7eef40ce39d37a92.1000x1000x1.png,https://genius.com/Bernadya-ambang-pintu-lyrics
Bernadya,Kita Kubur Sampai Mati,"Hening, sepanjang perjalanan pulang
Habis, sudah kucurahkan semua
Hari-hari sebelumnya, kamu masih tetap diam
Seperti aku yang gila, memaksamu 'tuk bicara
Hening, sepanjang perjalanan pulang
Lelah, memintamu tetap tinggal
Berharap ku salah dengar, berharap kau salah ucap
Keputusan sudah bulat, jadi aku bisa apa?
Saat cinta sudah habis
Sisa janji-janji manis
Yang tak akan ditepati
Kita kubur sampai mati
Hening, sepanjang perjalanan pulang
Entah lebih dingin mana, hatimu atau penyejuk udara?
Bising, semua berlalu lalang
Berantakan di kepala, berbagai macam suara
Tapi aku bisa apa?
Saat cinta sudah habis
Sisa janji-janji manis
Yang tak akan ditepati
Kita kubur sampai mati
Harga diri yang terkikis
Terbuang untuk mengemis
Rasa yang takkan kembali
Kita kubur sampai mati
Saat cinta sudah habis
Sisa janji-janji manis
Yang tak akan ditepati
Kita kubur sampai mati
Harga diri yang terkikis
Terbuang untuk mengemis
Rasa yang takkan kembali
Kita kubur sampai mati",https://images.genius.com/340862de369c515e7eef40ce39d37a92.1000x1000x1.png,https://genius.com/Bernadya-kita-kubur-sampai-mati-lyrics
Bernadya,Masa Sepi,"Rasa ini datang lagi
Namamu belum juga pergi dari hati
Rintik kembali membasahi pipi
Sebab bayangmu masih di sini
Ku kira hanya sekali
Ku dihantui kenangan indah memori
Luka yang kau gores membekas abadi
Namun ku masih ingin kau kembali
Dulu ku kira ku akan kuat
Kini aku hilang akal sehat
Kau kan selalu jadi yang kutunggu sampai nanti
Saat masa sepi tak lagi mau menghampiri
Ku kira hanya sekali
Ku dihantui kenangan indah memori
Luka yang kau gores membekas abadi
Namun ku masih ingin kau kembali
Dulu ku kira ku akan kuat
Kini aku hilang akal sehat
Kau kan selalu jadi yang kutunggu sampai nanti
Saat masa sepi tak lagi mau menghampiri
Sejenak ku kira sudah
Tak mungkin lagi kau terlintas
Hariku yang tak ada jeda
Namun saat semua reda
Yang datang di kepala
Tetap kamu juga
Dulu ku kira ku akan kuat
Kini aku hilang akal sehat
Kau kan selalu jadi yang kutunggu sampai nanti
Saat masa sepi tak lagi mau menghampiri
Saat masa sepi
Tak lagi mau menghampiri",https://images.genius.com/427a080c3b3768bb547cfc982a8e42d9.1000x1000x1.png,https://genius.com/Bernadya-masa-sepi-lyrics
Bernadya,Percik Kecil,"Bagai bintang menghilang ditelan pagi
Cerita pun selesai
Pernahkah kamu, berkaca diri
Mengapa kita bisa sampai sejauh ini
Sudah terulang seribu kali
Kau 'kan berubah dulu kau pernah janji
Ada yang hilang tapi ku tak kehilangan
Ada yang kurang tapi ku ’kan terbiasa
Percik kecil meredup sendirinya
Seperti ada campur tangan semesta
Bagai bintang menghilang ditelan pagi
Cerita selesai tanpa kita sadari
Topik politik paling menarik
Padahal kita belum bahas sampai habis
Jangan kau tanya, ku juga sedih
Maafkan, ku sudah cukup lelah kali ini
Percik kecil meredup sendirinya
Seperti ada campur tangan semesta
Bagai bintang menghilang ditelan pagi
Cerita pun selesai
Cerita pun selesai
Percik kecil meredup sendirinya
Seperti ada campur tangan semesta
Bagai bintang menghilang ditelan pagi
Cerita selesai tanpa kita sadari
La-la-la-la-la-la-la
La-la-la-la-la-la-la
Bagai bintang menghilang ditelan pagi
Cerita selesai tanpa kita sadari",https://images.genius.com/0a418b11226e77d2e79301e471cc0f95.1000x1000x1.png,https://genius.com/Bernadya-and-jkt48-percik-kecil-lyrics
Maisha Kanna,Strategi,"Dandan rapi dari kepala sampai kaki
Datang lebih awal siapa tahu kau terlalu pagi
Semua salah prediksi
Kau belum nampak di sini
Lewat sepuluh menit 'ku masih optimis
Wajar jika kau terlambat kar'na di luar gerimis
'Ku menunggu di sini
Yang penting kau hati-hati
Perihal menanti, tenang 'ku paling ahli
Perihal memaklumi, apa lagi
Kau terus menghilang saja terus kucari
Entah sampai kapan kau terus begini?
Sampai detik ini, bingungku tak berhenti
Mengapa tingkahmu seperti tidak takut kupergi?
Apa ini strategi?
Supaya aku mundur sendiri
Jangan senang dulu
Mengusirku sama susahnya seperti luluhkanmu
Cobalah saja bila kau mampu
Kuyakin tak akan semudah itu (Kuyakin tak akan semudah itu)
Akan kubuat tak semudah itu
Perihal menanti, tenang 'ku paling ahli
Perihal memaklumi, apa lagi
Kau terus menghilang saja terus kucari
Mungkin kau gila, namun 'ku jauh lebih
Apapun ujungnya nanti, satu yang pasti
Mereka yakin 'ku yang tersakiti
Kau terus menghilang sampai ke ujung bumi
Tak akan tenang hidupmu setelah kau pilih 'tuk pergi",https://images.genius.com/a6e12e5fc9beaa186f017504da6c2ee3.1000x1000x1.png,https://genius.com/Maisha-kanna-strategi-lyrics
Bernadya,Sinyal-Sinyal,"Sinyal-sinyal darimu tak jelas
Atau mungkin aku kurang cerdas
Kadang rasanya seperti
Tak ada batas antara kita
Kadang seolah tak saling kenal
Kau terbangkan aku tinggi-tinggi
Jatuhkan lalu kau tinggal pergi
Siapa yang salah di sini?
Atau mungkin ekspektasi
Memang tak boleh terlalu tinggi
Ingin berhenti berharap
Namun tanpamu tak lengkap
Mungkinkah pertanda?
Mungkin kau bercanda
Mungkin aku terlalu perasa
Mungkin kau tak bermaksud
Tapi aku terlanjur berharap lebih
Bosan sudah dengan teka-teki
Tebak-menebak pun ku tak ahli
Tuk memulai tak ada nyali
Tuk akhiri, ku tak ingin
Kau berlalu tanpa kumiliki
Mungkinkah pertanda?
Mungkin kau bercanda
Mungkin aku terlalu perasa
Mungkin kau tak bermaksud
Tapi aku terlanjur berharap lebih
[Chorus: Bernadya,
Rendy Pandugo
]
Mungkin suatu saat,
mungkin sesaat
Kita lebih dekat,
kita harus bicara
Mungkin juga kau hanya sesaat
Mungkin kau ada juga
Pikirkan hal serupa
Namun sepertinya hanya aku saja
Ingin berhenti berharap
Namun tanpamu tak lengkap
Mungkinkah pertanda?
Mungkin kau bercanda
Mungkin aku terlalu perasa
Mungkin kau tak bermaksud
Tapi aku terlanjur berharap lebih
[Chorus: Bernadya,
Rendy Pandugo
]
Mungkin suatu saat,
mungkin sesaat
Kita lebih dekat,
kita harus bicara
Mungkin juga kau hanya sesaat
Mungkin kau ada juga
Pikirkan hal serupa
Namun sepertinya hanya aku saja",https://images.genius.com/f0df66ce587891e40515989290faa668.1000x1000x1.png,https://genius.com/Bernadya-sinyal-sinyal-lyrics
Bernadya,Terlintas,"Terlintas di kepala
Sebelum kupejamkan mata
Akankah di masa mendatang
Kutemukan yang selamanya?
Terlintas di kepala
Menjelang lelap yang panjang
Akankah semua yang bernyawa
Berpisah dan saling melupa?
Lalu bagaimana?
Akhirnya bagaimana?
Akankah kisahnya berakhir bahagia?
Lalu bagaimana
Ujungnya bagaimana?
S'moga hanya bahagia yang akan terasa
Di panjangnya sisa masa
Terlintas di kepala
Tinggal bintang bulan menyala
Semua pikiranku melayang
Dan aku kini sendirian
Terlintas di kepala
Semua mungkin yang disemogakan
Bahkan di pikiran yang kacau
Kau tetap menjadi bagian
Lalu bagaimana?
Tanpamu bagaimana?
Akankah kisahnya berakhir bahagia?
Lalu bagaimana?
Ujungnya bagaimana?
S'moga hanya bahagia yang akan terasa
Di panjangnya sisa masa
Aku bagaimana
Tanpamu bagaimana?
Akankah kisahku berakhir bahagia?
Lalu bagaimana?
Ujungnya bagaimana?
S'moga hanya bahagia yang akan terasa
Di panjangnya sisa masa
Terlintas di kepala",https://images.genius.com/f0df66ce587891e40515989290faa668.1000x1000x1.png,https://genius.com/Bernadya-terlintas-lyrics
JKT48,Percik Kecil (Theater Version),"Pernahkah kamu berkaca diri
Mengapa kita bisa sampai sejauh ini?
Sudah terulang seribu kali
Kau 'kan berubah dulu kau pernah janji
Ada yang hilang tapi 'ku tak kehilangan
Ada yang kurang tapi 'ku ’kan terbiasa
Percik kecil meredup sendirinya
Seperti ada campur tangan semesta
Bagai bintang menghilang ditelan pagi
Cerita selesai tanpa kita sadari
Topik politik paling menarik
Padahal kita belum bahas sampai habis
Jangan kau tanya, ku juga sedih
Maafkan, ku sudah cukup lelah kali ini
Percik kecil meredup sendirinya
Seperti ada campur tangan semesta
Bagai bintang menghilang ditelan pagi
Cerita pun selesai
Pеrcik kecil meredup sеndirinya
Seperti ada campur tangan semesta
Bagai bintang menghilang ditelan pagi
Cerita selesai tanpa kita sadari
La-la-la-la-la-la-la-la-la
La-la-la-la-la-la-la-la-la
La-la-la-la-la-la-la-la-la
Bagai bintang menghilang ditelan pagi
Cerita selesai tanpa kita sadari",https://images.genius.com/1cc0b5fb65b4a34c97e85363a7a8b5ea.1000x1000x1.png,https://genius.com/Jkt48-percik-kecil-theater-version-lyrics
Bernadya,Apa Mungkin (Demo Version),"Arungi malam
Terjaga kala semua telah terbenam
Berkaca, bertanya
Apa ku buat salah?
Kalaupun iya, apa?
Apakah sebesar itu hingga
Kau pergi tanpa aba-aba?
Bahkan tanpa alasan
Hingga aku harus menerka-nerka
Salahku di mana
Apa mungkin caraku bicara?
Apa mungkin caraku tertawa?
Apa mungkin dengkurku saat tertidur lelap?
Atau mungkin kamu yang tak lagi cinta?
Sampai sekarang
Dari ku belum ada yang berubah
Ku bisa salah, maka itu jelaskanlah
Di mana letak yang tak kau suka?
Apa mungkin caraku bicara?
Apa mungkin caraku tertawa?
Apa mungkin dengkurku saat tertidur lelap?
Atau mungkin kamu yang tak lagi cinta?
Sejak kapan semuanya berubah?
Apa sejak kau lihatku marah?
Apa kar'na leluconku itu-itu saja?
Atau memang kamu yang tak lagi cinta?",https://images.genius.com/0670b34916daeecb67b813af9b425d1c.1000x1000x1.png,https://genius.com/Bernadya-apa-mungkin-demo-version-lyrics
Adrian Khalif,Sialan,"Dari seribu jalan di dunia
Mengapa berpapasan bertemu dia?
Inginnya lari pergi tanpa kata
Menyapa sudut mata hafal rupanya
Lupa bahwa lupakannya tak mudah
Tapi itu senyuman yang kusuka
Sepertinya sama
Tatapan khas matanya masih yang lama
Kau ajak bicara
Seketika kembali ku jatuh cinta
Sialan dia
Sakit dan air mata sia-sia
Dari begitu banyak manusia
Mengapa lagi-lagi dia yang kujumpa?
Malam hangat tapi ku terjaga
Rindukan dirinya si pusat kecewa
Lupa bahwa lupakannya tak mudah
Tapi menyangkut dia ku tak bisa
Sepertinya sama
Tatapan khas matanya masih yang lama
Kau ajak bicara
Seketika kembali ku jatuh cinta
Sialan dia
Sakit dan air mata sia-sia
[Bridge: Julian Kaisar,
Adrian Khalif
]
Melesat tepat di titik kelemahanku
Letaknya di hati, hatiku ini
Terbaik tetap selalu ada singgasana
Tempat untuknya
[Chorus: Adrian Khalif,
Julian Kaisar
]
Sepertinya sama
Tatapan khas matanya masih yang lama
Kau ajak bicara
Seketika kembali ku jatuh cinta
Sialan dia
Sakit dan air mata sia-sia
Dari begitu banyak manusia
Mengapa lagi-lagi hanya dia
Malam yang hangat tapi ku terjaga
Hanyalah dia si pusat kecewa
Dari begitu banyak manusia
Mengapa lagi-lagi hanya dia
Malam yang hangat tapi ku terjaga
Hanyalah dia si pusat kecewa
Sialan",https://images.genius.com/e16f3c41f9ecd5fad692f2b1197e5592.1000x1000x1.png,https://genius.com/Adrian-khalif-and-juicy-luicy-sialan-lyrics
Juicy Luicy,Tanpa Tergesa,"Jaga dulu jarak kita
Jika tak ingin akhirnya
Kau menangis lagi
Jangan terlalu kau dekat
Jangan buat terikat
Coba kau rasakan lagi
Mungkin kau dapat perannya
Tapi hanya sebagai bayang-bayangnya saja
Jangan minta jatuh cinta
Luka lama ku juga belum reda
Beri dulu aku waktu untuk sembuh sendirinya
Jangan minta jatuh cinta
Sakit sebelumnya masih kurasa
Beri waktu hingga aku mampu lupakan semua
Jangan terlalu kau dekat
Jangan buat terikat
Coba kau rasakan lagi
Mungkin kau dapat perannya
Tapi hanya sebagai bayang-bayangnya saja
Jangan minta jatuh cinta (jatuh cinta)
Luka lama ku juga belum reda
Beri dulu aku waktu untuk sembuh sendirinya (sembuh sendirinya)
Jangan minta jatuh cinta
Sakit sebelumnya masih kurasa
Beri waktu hingga aku mampu lupakan semua
Jangan minta jatuh cinta
Luka lama ku juga belum reda
Beri dulu aku waktu untuk sembuh sendirinya
Bukan ku tak jatuh cinta
Lelah ulang kesalahan yang sama
Ku ingin kita jalani cinta (ku ingin kita)
Ku ingin kita jalani cinta
Tanpa tergesa
Tanpa tergesa",https://images.genius.com/d8706567a7d5616b147547aaab247e32.300x300x1.jpg,https://genius.com/Juicy-luicy-tanpa-tergesa-lyrics
Juicy Luicy,Mawar Jingga,"Mengapa kita ditakdirkan berjumpa
Padahal kita takkan mungkin ke sana
Ke tujuan sama bertemu di tengahnya
Menunggu yang kutahu sia-sia
Kupetik bunga mawar warna jingga
Hanya semata senyum kau dibuatnya
Tak sadarkan durinya terluka di akhirnya
Mencinta tanpa tahu akibatnya
Di sana kau bahkan tak sesaatpun teringat
Ku yang selalu mengingat
Di sana ku bukan yang utama
Di sana kau terlihat bahagia
Kupetik bunga mawar warna jingga
Hanya semata senyum kau dibuatnya
Tak sadarkan durinya terluka di akhirnya
Mencinta tanpa tahu akibatnya
Di sana kau bahkan tak sesaatpun teringat
Ku yang selalu mengingat
Di sana ku bukan yang utama
Di sana kau terlihat bahagia
Angin bawa pergi air mataku ini
Coba kutahan namun tak berhenti
Mengalir 'tuk kau yang takkan mengerti",https://images.genius.com/ff54662f80ace642b227772904c0b6e4.1000x1000x1.jpg,https://genius.com/Juicy-luicy-mawar-jingga-lyrics
Juicy Luicy,Malapetaka,"[Lirik ""
Malapetaka
""]
(Juicy Luicy)
Kemelut di dalam hati bertanya
Katakan atau ku simpan baiknya
Setimpalkah bila ku pertaruhkan semuanya?
Walau ku hafal di luar kepala
Perangai mata sebibir-bibirnya
Tapi tetap tak bisa ku membaca yang kau rasa
Tentang kita
Alah, malapetaka atau malah awalnya
Kisah bahagia
Teman s'lama-lamanya atau akan jadi bumerangku
Dan kau berbeda
Biar lusa ku luka
Air turun dari mata
Katakan yang sebenarnya
Ku ramal
besok pagi kau menghilang
Atau malah
kau bilang “Bangun sayang”
Tergantung malam ini keputusan yang kau rasa
Tentang kita
Alah,
malapetaka atau malah awalnya
Kisah bahagia
Teman s'lama-lamanya atau akan jadi bumerangku
Dan kau berbeda
Biar lusa ku luka
Air turun dari mata
Katakan yang sebenarnya
(Mi re do re, misalnya dia punya kekasih)
Tapi
tak ada cincin di jari
(Mi re do re, minusnya dia bisa pergi)
Tapi
sampai kapankah begini?
Teman s'lama-lamanya atau akan jadi bumerangku dan kau berubah
Alah, malapetaka
Alih-alihnya
Kau tak pilih
Sudahlah
Teman s'lama-lamanya atau akan jadi
bumerangku
Dan kau berbeda
Biar lusa ku luka
Esok juga ku lupa
Katakan yang sebenarnya
Apakah kau suka? atau kabar duka?
Paling tidak ku lega
Apakah kau suka? atau kabar duka?
Paling tidak ku lega
Suka atau duka? huu uhh
Apakah kau suka? atau kabar duka?
Paling tidak ku lega",https://images.genius.com/c9fcbccc30fec69349196bbadc7f3041.1000x1000x1.png,https://genius.com/Juicy-luicy-malapetaka-lyrics
Juicy Luicy,Lantas,"Lima hari sudah kurindu
Tak bisa kumenghubungimu
Kau sedang dengan dirinya
Sedang kita rahasia
Kapankah kau ada waktu
Sembunyi untuk bertemu
Baru kau sapa ku tersipu
Kau puji lupa amarahku
Karena kau paling tahu
Cara lemahkan hatiku
Bahwa tak ada yang pasti
Yang kau beri hanya mimpi
Lantas mengapa ku masih menaruh hati
Padahal ku tahu kau t'lah terikat janji
Keliru ataukah bukan, tak tahu
Lupakanmu, tapi ku tak mau
Baru kau sapa ku tersipu
Kau puji lupa amarahku
Karena kau paling tahu
Cara lemahkan hatiku
Bahwa tak ada yang pasti
Yang kau beri hanya mimpi
Lantas mengapa ku masih menaruh hati
Padahal ku tahu kau t'lah terikat janji
Keliru ataukah bukan, tak tahu
Lupakanmu, tapi ku tak mau
Pantaskah aku menyimpan rasa cemburu
Padahal bukan aku yang memilikimu
Sanggup sampai kapankah, ku tak tahu
Akankah akal sehat menyadarkanku?
Lantas mengapa ku masih menaruh hati
Padahal ku tahu kau t'lah terikat janji
Keliru ataukah bukan, tak tahu
Lupakanmu, tapi ku tak mau
Pantaskah aku menyimpan rasa cemburu
Padahal bukan aku yang memilikimu
Sanggup sampai kapankah, ku tak tahu
Akankah akal sehat menyadarkanku?",https://images.genius.com/1a912b645879d7a2e86e4957970f458f.1000x1000x1.jpg,https://genius.com/Juicy-luicy-lantas-lyrics
Juicy Luicy,Lampu Kuning,"Barangkali hujan lebat susah sinyalmu lagi
Kubuat sepuluh kemungkinan
Tak sampaikah pesan? Lelah ketiduran?
Atau memang sengaja kau abaikan?
Tapi sepertinya ku melihatmu tadi
Dengan kemeja hitam andalan
Benar atau bukan?
Atau hanya dalam pikiran, rindu tak kesampaian
Mengapa ku tancap gas dan melaju
Padahal lampu kuning telah peringatkanku?
Bahaya di depanku
Hati-hati kecewa 'kan menunggu
Lagu lama yang aku tahu
Kali ini apa lain dari yang kemarin?
Tak mau kudengar peringatan
Benar atau bukan?
Atau hanya dalam pikiran, benar yang kata orang
Mengapa ku tancap gas dan melaju
Padahal lampu kuning telah peringatkanku?
Bahaya di depanku
Hati-hati kecewa 'kan menunggu
Lagu lama yang aku tahu
(Jangan Katakan)
Acuh sebelum jatuh
Tak jera dari dulu
Gelisah makananku
Iya, ku tahu itu
Mengapa (ku tancap gas dan melaju)
Padahal lampu kuning telah peringatkanku?
Bahaya di depanku
Hati-hati kecewa 'kan menunggu
Sudah tahu hanya sepihak rindu
Masih coba lempar dadu peruntunganku
Gegabah nomor satu
Paling-paling menangis seperti dulu
Lagu lama yang aku tahu
Lupa buta atau ku batu",https://images.genius.com/58fd6a70c3aa7feae5ceb6ff165e9eb5.592x592x1.webp,https://genius.com/Juicy-luicy-lampu-kuning-lyrics
Juicy Luicy,Tak Terbaca,"Telan dulu malam yang penuh rindu
Bungkam semua dalam hati kecilku
Lewatkah ku di sela fikiranmu
Di lamunanmu
Simpan kau di dalam mimpi indahku
Karena kau tak datang dalam hidupku
Berjalanku terima kenyataan
Kau yang tak sayang
Mendengar cerita kau kini bahagia
Ku hanya bisa tersenyum mendengarnya
Di dalam terluka
Di luar tak terbaca
Memendam kecewa
Kau senang di sana
Simpan kau di dalam mimpi indahku
Karena kau tak datang dalam hidupku
Berjalanku terima kenyataan
Kau yang tak sayang
Mendengar cerita kau kini bahagia
Walau gusar namun mau bilang apa
Di dalam terluka
Di luar tak terbaca
Memendam kecewa
Kau senang di sana
Mendengar cerita kau kini bahagia
Ku hanya bisa tersenyum mendengarnya
Mendengar cerita kau kini bahagia
Sayangnya bukan ku yang membuat kau tertawa
Di dalam terluka
Di luar tak terbaca
Memendam kecewa
Kau senang di sana",https://images.genius.com/40969a3afd67de43a3e59bbaa33ae91d.300x300x1.jpg,https://genius.com/Juicy-luicy-tak-terbaca-lyrics
Juicy Luicy,Terlalu Tinggi,"Ikatkan padaku tali benang terpanjang
Agar ku bisa kau terbangkan sejauh yang kamu mau
Angin kencang, bawakan kesenangan
Dapat buatmu terbangkanku sejauh yang kamu mau
Dengan senang kau terbangkan aku
Terlalu tinggi
Terlalu tinggi
Di atas awan, ku nikmati dua sisi
Indah terbang terlalu tinggi
Takut jatuh terlalu jauh
Semakin tinggi, semakin jauh ku melihat
Apakah engkau genggam erat
Tarik aku lebih dekat
Kumohon, jangan...
Kau lepaskan ku
Angin kencang, bawakan kesenangan
Dapat buatmu terbangkanku sejauh yang kamu mau
Dengan senang kau terbangkan aku
Terlalu tinggi
Terlalu tinggi
Di atas awan, ku nikmati dua sisi
Indah terbang terlalu tinggi
Takut jatuh terlalu jauh
Semakin tinggi, semakin jauh ku melihat
Apakah engkau genggam erat
Tarik aku lebih dekat
Kumohon, jangan...
Kau lepaskan ku
Oh, di atas awan, ku nikmati dua sisi
Indah terbang terlalu tinggi
Takut jatuh terlalu jauh
Semakin tinggi, semakin jauh ku melihat
Apakah engkau genggam erat
Tarik aku lebih dekat
Kumohon, jangan...
Kau lepas
Kumohon, jangan...
Kau lepaskan aku
Lepaskan aku",https://images.genius.com/0e604eb5e86a490df524d43beb71603e.300x300x1.jpg,https://genius.com/Juicy-luicy-terlalu-tinggi-lyrics
Juicy Luicy,Di Balik Layar,"Hapus semua bedakmu
Tak perlu gambar alismu
Tenang ada aku
Satu penggemarmu yang mencintaimu
Di balik layar
Lepas baju mahalmu
Tak perlu merah bibirmu
Tenang ada aku
Satu penggemarmu yang mencintaimu
Di balik layar
Saat datang lelahmu
Datang padaku dan bersandar di bahu kiriku
Di balik layarmu
Jika lusa berganti
Datang kembali sepi
Sembunyi denganku di balik layarmu
Bahkan pantulan dirimu
Di cermin itu tak tahu
Tak pernah tahu kau juga terluka
Di balik layar kulihat semua
Saat datang lelahmu
Datang padaku dan bersandar di bahu kiriku
Di balik layarmu
Jika lusa berganti
Datang kembali sepi
Sembunyi denganku di balik layarmu
Saat datang lelahmu
Datang padaku dan bersandar di bahu kiriku
Di balik layarmu
Jika lusa berganti
Datang kembali sepi
Sembunyi denganku di balik layarmu",https://images.genius.com/40969a3afd67de43a3e59bbaa33ae91d.300x300x1.jpg,https://genius.com/Juicy-luicy-di-balik-layar-lyrics
Juicy Luicy,Bukan Orangnya,"Lingkaranku kerap bertanya
Mengapa ku tampak biasa-biasa saja
Jalani hari dan tertawa
Apa selama ini ku tak benar cinta?
Tak harus ku alirkan air mata
Untuk tunjukkan derita
Dia tinggalkan ku seketika
Tak perlu ku terus-terus bertanya
Apa alasannya
Mungkin dia bukan orangnya
Mengapa ku mudah terima?
Apa selama ini ku tak benar cinta?
Tak harus ku alirkan air mata
Untuk tunjukkan derita
Dia tinggalkan ku seketika
Tak perlu ku terus-terus bertanya
Apa alasannya
Mungkin dia bukan orangnya
Mungkin memang sudah waktunya
Mungkin memang sudah waktunya ooh
Walau kadangkala
Rindu menyapa ada saat-saatnya
Tak harus ku alirkan air mata
Untuk tunjukkan derita
Dia tinggalkan ku seketika
Tak perlu terus-terus bertanya
Apa alasannya
Mungkin dia bukan orangnya
Berdansa bukan tanda ku bahagia
Kita rayakan saja
Sedih kan takkan selamanya?
Mungkin memang sudah waktunya
Mungkin dia bukan orangnya",https://images.genius.com/fdb5b93598cdedf9db499f7f2f6d1561.592x592x1.webp,https://genius.com/Juicy-luicy-bukan-orangnya-lyrics
Juicy Luicy,Tampar,"Entah sudah selasa yang ke berapa
Masih saja kau ada, lekat di kepala
Hari ini janji esok mesti lupa
Tetapi hati tak tepati
Tampar aku di pipi
Biar sadar dan ku mengerti
Hujan samarkan derasnya
Tutup air mata
Temani kecewaku yang telah lama
Berdosa kah ku berdoa?
Minta kau terluka
Dan tinggalkan dirinya
Hari ini janji esok mesti lupa
Tetapi hati tak tepati
Tampar aku di pipi
Biar sadar dan ku mengerti
Hujan samarkan derasnya
Tutup air mata
Temani kecewaku yang telah lama
Berdosa kah ku berdoa?
Minta kau terluka
Dan tinggalkan dirinya
Bukan ku tak berupaya
(Berusaha) Huu
Hujan samarkan derasnya
Tutup air mata
Temani kecewaku yang telah lama
Berdosa kah ku berdoa?
Minta kau terluka
Dan tinggalkan dirinya
Hujan samarkan derasnya
Tutup air mata
Tiga tahun tak terasa
Masih kau yang ada
Bodoh yang sebenarnya
Tampar aku di pipi
Sadarkan kau aku takkan terjadi",https://images.genius.com/1f16a2a9565a615e8736b4956c2b2fd9.592x592x1.webp,https://genius.com/Juicy-luicy-tampar-lyrics
Juicy Luicy,Elu-elukan,"Angin tolonglah bertiup lebih kencang
Karena ku tak ingin mata merahku dilihat banyak orang
Siang bisa kan jalan sedikit lebih pelan?
Ku lagi tak ingin rindu datang dan mimpi kau nanti malam
Lagu, wangi, dan jalan
Putar balik kenangan
Padahal tahu kau takkan
Ingat di waktu itu
Saat ku berantakan
Sebab kau tinggalkanku-uu
Kau tak tau
Dalam hatiku terus rindu
Kau tak tau
Sejahat-jahatnya ku tetap selalu
Elu-elukanmu
Ada yang kurang
Tanpamu ku tak tenang (tak tenang)
Apa kau tak ingin aku datang dan menjemputmu nanti malam?
Kenangan menyakitkan
Mesti menggiurkan
Padahal ku tau kau enggan dan takkan
Ingat di waktu itu
Saat ku berantakan
Sebab kau tinggalkanku-uu
Kau tak tau
Dalam hatiku terus rindu
Kau tak tau
Sejahat-jahatnya (sejahat-jahatnya) ku tetap selalu
Elu-elukanmu
Tangis tak mempan buat kau mau (tak membuat kau mau)
“Terlalu sakit”, “terlanjur pahit” katamu
Apa kuharus
Teriak terus minta maafmu (minta maaf-mu)
Kuterjang arus
Sampai ku haus demi membuatmu
Ingat di waktu itu
Saat ku bеrantakan
(Sebab kau tinggalkanku) Kau tinggalkanku-uu
(Kau tak tau) Dalam hatiku terus-terus rindu
(Kau tak tau) Sеjahat-jahatnya ku tetap selalu (s'lalu)
Elu-elukanmu
Elu-elukanmu",https://cdn.rri.co.id/berita/Palembang/o/1760679889456-%5BARTWORK%5D_Elu-elukan/f4aj80rmalhngrl.jpeg,https://genius.com/Juicy-luicy-elu-elukan-lyrics
Juicy Luicy,Segala-galanya,"Layak tato di tangan kiri
Baju lengan panjang buat tutupi
Sampai kapan mau sembunyi
Dari ibu yang pasti patah hati?
Salah yang terus kuulangi
Kunci dalam hati terlipat rapi
Tapi kamu baik sekali
Ingin jujur tapi nanti kau pergi
Terus terang, tak mudah
Tak bilang ku bersalah
Kulakukan 'tuk menjaga perasaan
Biarkan kau dalam gelap
Apa yang tak kau tahu tak mungkin menyakitimu
Takut nanti kau tak siap
Kecewa dari diriku yang engkau anggap istimewa
Tak semuanya bisa ku bagi
Ada yang mending hanya untukku sendiri
Hidup kan aku yang jalani
Tak semua orang bisa mengerti
Terus terang, tak mudah
Tak bilang ku bersalah
Kulakukan 'tuk menjaga perasaan
Biarkan kau dalam gelap
Apa yang tak kau tahu tak mungkin menyakitimu
Takut nanti kau tak siap
Kecewa dari diriku yang engkau anggap istimewa
Apa kau marah?
Apa tak masalah?
Bila kau mengetahuinya
Biasa saja atau beda?
Apa malah malapetaka?
Ohh-uhh-ohh
Biarkan kau dalam gelap
Apa yang tak kau tahu tak mungkin menyakitimu
Takut nanti kau tak siap
Kecewa dari diriku yang kau anggap istimеwa
Kau anggap segala-galanya",https://images.genius.com/fdb5b93598cdedf9db499f7f2f6d1561.592x592x1.webp,https://genius.com/Juicy-luicy-segala-galanya-lyrics
Juicy Luicy,Simak,"Mengapa ku teringat
Mata dan ucapannya
Yang sempat lama
Temani cerita?
Tak membahas tentangnya
Tak berarti ku lupa
Berjejak jelas
Meninggalkan luka
Walaupun aku tahu
Tak berhak untuk rindu
Bahagia meski 'tak bersama
Percaya walau 'tak menyapa
Mengerti tanpa harus berbicara
Simak hidupmu dari jauh
Jadi teman saat kau rapuh
Ku akan ada kapanpun kau butuh
Dan ingat janji kita
Bahagia tanpa bersama
Tak membahas tentangnya
Tak berarti ku lupa
Berjejak jelas
Meninggalkan luka
Walaupun aku tahu
Tak berhak untuk rindu
Bahagia meski 'tak bersama
Percaya walau 'tak menyapa
Mengerti tanpa harus berbicara
Simak hidupmu dari jauh
Jadi teman saat kau rapuh
Ku akan ada kapanpun kau butuh
Ku tahu
Tampak tak mungkin
Lupa senyum yang kemarin
Tapi mau apa lagi?
'Kan nanti bisa
Bahagia meski 'tak bersama
Percaya walau 'tak menyapa
Mengerti tanpa harus berbicara
Simak hidupmu dari jauh
Jadi teman, jadi kawan saat kau rapuh
Ku akan ada kapanpun kau butuh (kau butuh)
Dan ingat janji kita
Bahagia tanpa bersama",https://images.genius.com/fdb5b93598cdedf9db499f7f2f6d1561.592x592x1.webp,https://genius.com/Juicy-luicy-simak-lyrics
Juicy Luicy,Asing,"Masihkah ungu muda
Warna langit yang paling engkau suka
Masihkah sering lupa
Dimana letaknya kau simpan kacamata
Tanpa niat kuhafal semua
Masih saja aku mengingatnya
Dahulu ku mengenalmu paling
Semua tentangmu tertawa denganmu
Mengapa kini berubah asing
Tak saling menyapa, lupa ku pernah disana
Masihkah kau yang sama
Gunakan tertawa buat tutupi luka
Lagu yang kau putar tiap hari
Sekarang kunikmati sendiri, wo-oh
Dahulu ku mengenalmu paling
Semua tentangmu tertawa denganmu
Mengapa kini berubah asing
Tak saling menyapa, lupa ku pernah disana
Kadang kau hadir lagi tapi di mimpi
Sedikit mengobati hati
Terbangun pagi kau nya tak di sini, oh-ohh
(Dahulu ku mengenalmu paling)
Uhh, (Semua tentangmu tertawa denganmu)
Mengapa, uhh (Mengapa kini berubah asing)
Tak saling menyapa, lupa ku pernah disana
Dahulu aku yang paling mengenalmu
Semua kegemaranmu
Oh, mengapa kini berubah asing
Tak saling menyapa
Lupa ku pernah disana (lupa apa?)
Lupakah kau sebenarnya?",https://images.genius.com/71e0f9aa0a843ab5e78a356273ee6d85.592x592x1.webp,https://genius.com/Juicy-luicy-asing-lyrics
Juicy Luicy,Cuma Sama Kamu,"Cuma sama kamu
Aku tak malu berdansa
Cuma sama kamu
Ku bisa cerita semua
Cuma sama kamu
Asap bis kota terasa berwarna
Dan jalan raya serasa milik berdua
Dalam hati kita tahu
Aku dan kamu
Takkan mungkin bisa selama-lamanya
Selagi kau di sini
Pegangan yang kencang
Peluk dari belakang
Kulindungimu dari angin malam
Cuma sama kamu
Ku tak butuh bersandiwara
Lepas peran yang seharian aku jaga
Cuma sama kamu
Lawak tak lucu buatku tertawa
Bahagia bagai di lukisan Braga
Dalam hati kita tahu
Aku dan kamu
Takkan mungkin bisa selama-lamanya
Selagi kau di sini
Pegangan yang kencang
Peluk dari belakang
Kulindungimu dari angin malam
Dalam hati kita tahu
Aku dan kamu
Takkan mungkin bisa selama-lamanya
Selagi kau di sini
Pegangan yang kencang
Peluk dari belakang
Kulindungimu dari angin malam
Janji jangan lepaskan
Kau tahu aku takut perpisahan",https://images.genius.com/fdb5b93598cdedf9db499f7f2f6d1561.592x592x1.webp,https://genius.com/Juicy-luicy-cuma-sama-kamu-lyrics
Juicy Luicy,Giliranku,"Sudah sering ku dapat bunga
Di akhir acara yang di lempar mereka
Tapi tak juga ada pertanda
Teman-teman sudah pada berdua semua
Bilang tak apa
Sendiri saja
Padahal ku tersiksa
Aku ragu kau tahu
Yang ada di dalam hatiku
Kau tak tahu
Sepinya di tengah malamku
Bertanya kapan giliranku
Di rumah saja malam Minggu
Akankah akan datang hari itu?
Tapi masih ku begini saja
Teman-teman sepertinya bahagia semua
Peluk yang hangat
Apa rasanya?
Tak tahu bagaimana
Aku ragu kau tahu
Yang ada di dalam hatiku
Kau tak tahu
Sepinya di tengah malamku
Bertanya kapan giliranku
Di rumah saja malam Minggu
Akankah akan datang hari itu?
(Saat teman-teman tengah berkencan)
(Sungguh sepi malamku)
Aku ragu kau tahu
Yang ada di dalam hatiku
Kau tak tahu
Sepinya di tengah malamku
Bertanya kapan giliranku
Di rumah saja malam Minggu
Akankah akan datang harinya?
Ada orang yang rindu
Marah karena cemburu
Bertengkar terus sepanjang minggu
Lalu kembali rindu
Tanpa tamu di malam Minggu
Di rumah saja dengan ibu
Sampai bosan, aku lelah menunggu
Sampai kapan sampainya giliranku?",https://images.genius.com/fdb5b93598cdedf9db499f7f2f6d1561.592x592x1.webp,https://genius.com/Juicy-luicy-giliranku-lyrics
Juicy Luicy,Kembali Kesepian,"Tangan tak tergenggam
Dingin tak berteman
Sudah lama ku kesepian
Pahit melihat kehidupan
Sudah tak percaya
Akhir yang bahagia
Manusia katanya tercipta
Berdua hidup di dunia
Lalu kau jadi hujan
Di musim panas yang terpanjang
Tapi kau tak inginkan
Bukan ku yang kau sayang
Bukan, bukan
Kembali kesepian dalam ruang ramai ku diam
Lalu kembali, kembali, kembali kesepian
Kembali kesepian dalam ruang ramai ku diam
Lalu kembali, kembali, kembali kesepian (yeah, say it's crazy)
(?)
Lalu kau jadi hujan
Di musim panas yang terpanjang
Tapi kau tak inginkan
Bukan ku yang kau sayang
Bukan, oh-oh, oh
Kembali kesepian dalam ruang ramai ku diam
Lalu kembali, kembali, kembali kesepian
Kembali kesepian dalam ruang ramai ku diam
Lalu kembali, kеmbali, kembali kesepian",https://images.genius.com/f6d1b7bcc05f0564a17badaf01b84d7b.1000x1000x1.jpg,https://genius.com/Juicy-luicy-kembali-kesepian-lyrics
Juicy Luicy,HAHAHA,"Saat kau senang ku pasti kau lupakan
Saat tak tenang tebak siapa yang datang
Rindu kau bilang, saat kau kesepian
Lain kemarin, lain sekarang
Cerita malammu bersamanya
Kudengarkan walau tahan air mata
Hahaha, ku tertawa padahal sakit sebenarnya
Bisa bisanya kau anggap ku bahagia
Tak jelaskah ku kecewa
Lebih piawai dari peraih piala
Citra kujaga, sampai kapan ku bisa?
Katamu tak ada yang sepertinya
Apa kau lupa siapa yang selalu ada?
Hahaha ku tertawa padahal sakit sebenarnya
Bisa bisanya kau anggap ku bahagia
Tak jelaskah ku kecewa
Pergi, ku harus segera pergi
Tapi kau pikat aku lagi
Hahaha ku tertawa padahal sakit sebenarnya
Bisa bisanya kau anggap ku bahagia
Tak jelaskah ku kecewa
Sekuat-kuatnya, tak mungkin selamanya, toh kita manusia
Bisa 'tak bisa ujungnya ku harus rela
Biarpun aku kecewa
Hahahahahahaha",https://images.genius.com/412e874df1b09d35ba2946eaaad51d59.592x592x1.webp,https://genius.com/Juicy-luicy-hahaha-lyrics
Juicy Luicy,Lagu Terakhir,"Ada waktunya
Ku akan menulis lagi selain tentang dirimu
Namun sekarang
Hatiku masih untukmu
Kau terus di pikiranku
Perlahan kuresapi
Mencoba memahami
Tak semua mimpi 'kan terjadi
Ku harap lain hari
Bisa ku jatuh hati
Dan melepaskanmu pergi
Sudah kutulis agar kau mengerti
Seribu lagu tentang perasaanku
Biarlah biar, biar ku bernyanyi
Lagu terakhir sebelum kumelupakanmu
Biar berlalu cerita tentang dirimu
Biar berlalu malam-malamku yang biru
Sudah tak mau jatuh dalam lingkaranmu
Tutup buku
Ku harap lain hari
Bisa ku jatuh hati
Dan melepaskanmu pergi
Sudah kutulis agar kau mengerti
Seribu lagu tentang perasaanku
Biarlah biar, biar ku bernyanyi
Lagu terakhir sebelum ku melupakanmu
(sudah kautulis agar ku mengerti)
Seribu lagu tentang perasaanku
(biarlah biar, biar kau bernyanyi)
Lagu terakhir sebelum ku melupakanmu
Sudah kutulis agar kau mengerti
Seribu lagu tentang perasaanku
Biarlah biar, biar ku bernyanyi
Lagu terakhir sebelum ku melupakanmu",https://images.genius.com/f6d1b7bcc05f0564a17badaf01b84d7b.1000x1000x1.jpg,https://genius.com/Juicy-luicy-lagu-terakhir-lyrics
Juicy Luicy,Siapa Tahu,"Mungkin kau masih bertanya
Untuk apa kusimpan semua
Buku cerita yang engkau suka
Masih tersimpan di sana
Mungkin kau takkan menyangka
Masih kunyanyikan lagu kita
Lagu cinta yang pernah kita percaya
Itu tentang kita
Sejauh berjalan masih kutunjukkan
Arah pulang ke pelukanku
Apapun kusimpan 'kan ada harapan
Siapa tahu kau datang
Dulu kau bilang diriku
Si hati sentimental, katamu
Sulit melupakan, jangan salahkanku
Kau yang membuatku
Sejauh berjalan masih kutunjukkan
Arah pulang ke pelukanku
Apapun kusimpan 'kan ada harapan
Siapa tahu kau datang
Pabila kau lihat bintang yang benderang
Tanda ku ingat kau
Sejauh berjalan masih kutunjukkan
Arah pulang ke pelukanku
Apapun kusimpan 'kan ada harapan
Siapa tahu kau datang",https://images.genius.com/f6d1b7bcc05f0564a17badaf01b84d7b.1000x1000x1.jpg,https://genius.com/Juicy-luicy-siapa-tahu-lyrics
Juicy Luicy,Tanggung Jawab,"Siapa dia tersenyum di belakang
Kekasihmu kah atau sekedar teman?
Apakah ini alasan kau menghilang
Sudah bahagia lalu ku kau tinggalkan
Masih ingatkah saat kau menangis dan mengadu?
Sudah lupakah saat kau berkata hanya ada aku?
Sudah ku jatuh cinta
Kau pergi senikmatnya
Tanggung jawabmu mana?
Tega atau tak peka
Sempat diatas angin
Kini kau bilang tak mungkin
Kau buat kesedihan ku semakin
Apakah ini alasan kau menghilang
Sudah bahagia lalu ku kau tinggalkan
Masih ingatkah saat kau menangis dan mengadu?
Sudah lupakah saat kau berkata hanya ada aku?
Sudah ku jatuh cinta
Kau pergi senikmatnya
Tanggung jawabmu mana?
Tega atau tak peka
Sempat diatas angin
Kini kau bilang tak mungkin
Kau buat kesedihan ku semakin
Mana hatimu dimana
Tanggung jawabmu mana?
Sudah ku jatuh cinta
Kau pergi senikmatnya
Tanggung jawabmu mana?
Tega atau tak peka
Sudah ku jatuh cinta
Kau pergi senikmatnya
Tanggung jawabmu mana?
Tega atau tak peka
Sempat diatas angin
Kini kau bilang tak mungkin
Kau buat kesedihan ku semakin",https://images.genius.com/df350fb4771b3376afd94001390c1a61.1000x1000x1.webp,https://genius.com/Juicy-luicy-tanggung-jawab-lyrics
Juicy Luicy,Lagu Nikah,"Dari esok sampai selamanya
Kita buka mata bersama
Melihat pagi yang berbeda
Dari arah terbit yang sama
Dingin malam seakan menyakitkan lagi
Ada temanku melihat bintang kini
Setelah sang Ibunda
Kau jadi selanjutnya
Yang terpaksa terima
Baik burukku dengan tertawa
Pernah marah sebentar saja
Tiga harilah paling lama
Tak semua hal sama selera
Karena berbeda, lengkap kita
Jika terluka tetap percaya lagi
Bukan pertama kita lewati ini
Setelah sang Ibunda
Kau jadi selanjutnya
Yang terpaksa terima
Baik burukku dengan tertawa
Setelah beri tanda
Di pangkal jari manisnya
Siapa pun yang terlena
Maafkan aku, dia sudah kupunya
Setelah sang Ibunda
Kau jadi selanjutnya
Yang terpaksa terima
Baik burukku dengan tertawa
Setelah beri tanda
Di pangkal jari manisnya
Siapa pun yang terlena
Maafkan aku, dia sudah kupunya
Setelah sang Ibunda
Dan Bapak beri restunya",https://images.genius.com/e71d0409af0cc8594a7ce183b8447a3d.300x300x1.jpg,https://genius.com/Juicy-luicy-lagu-nikah-lyrics
Juicy Luicy,Jemari,"Akhir bahagia masih kunantikan
Bukan sekedar hangatnya angin harapan
Di tengah mesra kau dan dia ku berada
Kau enggan berjanji, tapi tak mau pergi
Ribuan kata percuma
Cintamu dalam aksara
Kehadiranmu sangat ku rindukan
Kemarilah, kasih
Jangan buat ku bermimpi
Lalu hilang dan kau pergi
Ku tak butuh kata sayangmu
Yang hadir hanya lewat jemari
Di tengah mesra kau dan dia ku berada
Kau enggan berjanji, tapi tak mau pergi
Ribuan kata percuma
Cintamu dalam aksara
Kehadiranmu sangat ku rindukan
Kemarilah, kasih
Jangan buat ku bermimpi
Lalu hilang dan kau pergi
Ku tak butuh kata sayangmu
Yang hadir hanya lewat jemari
Membual tanda tanya
Bicaralah mana buktinya
Jangan katakan yang tiada kau rasakan
Ribuan kata percuma
Cintamu dalam aksara
Kehadiranmu sangat ku rindukan
Kemarilah, kasih
Jangan buat ku bermimpi
Lalu hilang dan kau pergi
Ku tak butuh kata sayangmu
Yang hadir hanya lewat jemari",https://images.genius.com/f6d1b7bcc05f0564a17badaf01b84d7b.1000x1000x1.jpg,https://genius.com/Juicy-luicy-jemari-lyrics
Juicy Luicy,Sialan,"Dari seribu jalan di dunia
Mengapa
Berpapasan bertemu dia
Inginnya lari pergi tanpa kata
Menyapa
Sudut mata hafal rupanya
Lupa bahwa lupakannya tak mudah
Tapi itu senyuman yang kusuka
Sepertinya sama
Tatapan khas matanya masih yang lama
Kau ajak bicara
Seketika kembali kujatuh cinta
Sialan dia
Sakit dan air mata sia sia
Dari begitu banyak manusia
Mengapa lagi-lagi dia yang kujumpa
Malam hangat tapi ku terjaga
Rindukan dirinya si pusat kecewa
Lupa bahwa lupakannya tak mudah
Tapi menyangkut dia ku tak bisa
Sepertinya sama
Tatapan khas matanya masih yang lama
Kau ajak bicara
Seketika kembali ku jatuh cinta
Sialan dia
Sakit dan air mata sia sia
Melesat tepat di titik kelemahanku
Letaknya di hati hatiku ini
Terbaik tetap selalu ada singgasana
Tempat untuknya
Sepertinya sama
Tatapan khas matanya masih yang lama
Kau ajak bicara
Seketika kembali ku jatuh cinta
Sialan dia
Sakit dan air mata sia sia
Dari begitu banyak manusia
Mengapa lagi lagi hanya dia
Malam yang hangat tapi ku terjaga
Hanyalah dia si pusat kecewa
Dari begitu banyak manusia
Mengapa lagi lagi hanya dia
Malam yang hangat tapi ku terjaga
Rindukan dia si pusat kecewa",https://images.genius.com/02e43efa1755e0925c5ac30bbea427d3.1000x1000x1.jpg,https://genius.com/Juicy-luicy-sialan-lyrics
Juicy Luicy,Sayangnya,"Malam lebih dingin dari biasa
Apa mungkin karena ku belum dapat terima?
Kata kau utarakan berbeda
Dengan laju kapalku yang mengarah tenggara
Tak lagi wajib kabari
Bukan bagianku lagi
Hidup sendiri-sendiri
Sayangnya
Semua tak berjalan
Sedangkan bertahan bukan satu pilihan
Sayangnya
Kita hanya bisa mengenang
Menikmati hujan, lebih indah dari kenyataan
Kata kau utarakan berbeda
Dengan laju kapalku yang mengarah tenggara
(Uhh-uh)
Tak lagi wajib kabari
Bukan bagianku lagi
Hidup sendiri-sendiri
Sayangnya
Semua tak berjalan
Sedangkan bertahan bukan satu pilihan
Sayangnya
Kita hanya bisa mengenang
Menikmati hujan, lebih indah dari kenyataan
Ooh
Tak lagi wajib kabari
Hidup sendiri-sendiri
Sayangnya
Semua tak berjalan
Sedangkan bertahan bukan satu pilihan
Sayangnya
Kita hanya bisa mеngenang
Menikmati hujan, lebih indah dari kеnyataan
Sayangnya
Semua tak berjalan
Sedangkan bertahan bukan satu pilihan
Sayangnya
Kita hanya bisa, bisa mengenang, uh-uhh
Menikmati hujan, lebih indah dari kenyataan",https://images.genius.com/f095b210dd63c72ef490597a3f079648.592x592x1.webp,https://genius.com/Juicy-luicy-sayangnya-lyrics
Juicy Luicy,Insya Allah,"Apa ada
Cara buat ku cabut jantung hati?
Paling tidak sebulan ini
Biar tak ingat sakit tahun lalu
Kau tinggalkanku
Bangun pagi
Beritahu ku ini semua mimpi
Tapi sayang ini nonfiksi
Mau tak mau harus ku hadapi
Tak bisa lari
Tambah usia
Tak hilang juga
Masih terasa sakit karena dia
Sampai kapannya
Tak tahu juga
Entah apa mau Tuhan
Buatku jatuh cinta
Tak berdaya
Hanya mau lihat luas langit di balik jendela
Malas berdansa, pergi ke pesta
Semakin keras coba lupakannya
Semakin tak lupa
Senyumanmu terakhir bertemu
Buatku semakin tak mampu
Tambah usia
Tak hilang juga
Masih terasa sakit karena dia
Sampai kapannya
Tak tahu juga
Entah apa mau Tuhan
Buatku jatuh cinta
Tambah usia
Tak hilang juga
Masih terasa sakit karena dia
Sampai kapannya
Tak tahu juga
Entah apa mau Tuhan
Buatku cinta
Esok lupa Insya Allah
Tapi tak tahu juga",https://images.genius.com/0eea4bc60681ce5a11b5036036b2a215.592x592x1.webp,https://genius.com/Juicy-luicy-insya-allah-lyrics
Juicy Luicy,H-5,"H-5 berjumpa sebelum kau terikat
Cinta dalam lengannya
Kau ikrar selamanya
Masih ada seakan yang belum terselesaikan
Cinta yang tengah jalan begitu saja hilang
Kau katakan kita tak sejalan dan takkan bisa
Lupakan aku, sayang
Malam-malam kita yang masih kau genggam
Di hati yang terdalam
Senyum dengan air mata
Seribu kata bahagia
Jangan bertanya
Anggap ini air mata bahagia
Kali lima sedihnya saat ku mengetahuinya
Dan untuk apa tak mengubah semua
Kau katakan kita tak sejalan dan takkan bisa
Lupakan aku, sayang
Malam-malam kita yang masih kau genggam
Di hati yang terdalam
Senyum dengan air mata
Seribu kata bahagia
Jangan bertanya
Anggap ini air mata bahagia
Tak cukup lima hari (tak cukup lima hari)
Untuk siapkan hati
Ini waktunya pergi (ini waktunya pergi)
Lupakan aku, sayang
Malam-malam kita yang masih kau genggam
Di hati yang terdalam
Senyum dengan air mata
Seribu kata bahagia
Jangan bertanya
Anggap ini air mata bahagia
Lupakan aku, sayang
Malam-malam kita yang masih kau genggam
Di hati yang terdalam
Sеnyum dengan air mata
Seribu kata bahagia
Jangan bertanya
Anggap ini air mata bahagia
H-5 bеrjumpa sebelum kau terikat cinta",https://images.genius.com/2e73005e99d96b110dca574b9f5b3435.1000x1000x1.jpg,https://genius.com/Juicy-luicy-h-5-lyrics
Juicy Luicy,Tak Di Tanganku,"Malam kita sudah beda
Enam jam lebih cepat bulan ku tiba
Kau masih senang di luar
Ku sudah tenang dikamar
Cerita siapa yang dengar
Rindu kita bertengkar
Terang disana cepat
Disini gelap
Ku masih tertidur lelap
Hanya bisa berharap
Engkau disana
Baik baik saja
Siapa yang jadi bahu saat kau perlu
Menangis terluka di payung rindu
Apa ada yang bisa ambil peranku
Menjaga dirimu, yang kini tak di tanganku
[Verse 2: Mawar de Jongh,
Julian Kaisar
]
Pagi kita juga beda
Enam jam lebih lama hangatku tiba
Ku baru membuka mata
Membuka mata
Kau sudah makan kedua
Makan kedua
Gelisah siapa yang tanya
Rindu kita bersama
[Pre-Chorus: Julian Kaisar,
Mawar de Jongh
]
Terang disini cepat
Disana cepat
Disana gelap
Disini gelap
Kau masih tertidur dengan lelap
Lelap
Hanya bisa berharap
Engkau disana
Baik baik saja
Siapa yang jadi bahu saat kau perlu
Menangis terluka di payung rindu
Apa ada yang bisa ambil peranku
Menjaga dirimu, yang kini tak di tanganku
Haaaa
Haaaa aaa
Tapi tak perlu cemaskan aku
Dan bertanya-tanya
Siapa yang jadi bahu saat kau perlu
Menangis terluka di payung rindu
Apa ada yang bisa ambil peranku
Menjaga dirimu, yang kini tak di tanganku
Aku rindu
Kamu rindu
Tapi tak bisa bertemu
Aku rindu
Kamu rindu
Yang kini tak ditanganku
Dimimpi kita bertemu",https://images.genius.com/cfcd68ba27517ba0c3b0c929eed0622c.554x554x1.jpg,https://genius.com/Juicy-luicy-and-mawar-de-jongh-tak-di-tanganku-lyrics
Juicy Luicy,Aku Cinta Dia Yang Cinta Pacarnya,"Rambutnya yang lembut
Terus dibelai-belai (belai) belai
Tangannya digenggam
Jalan berduaan bermesraan
Tapi bukan, tapi bukan
Tapi bukan sama aku
Aku cinta dia, aku cinta dia
Aku cinta dia yang cinta pacarnya
Aku cinta dia, aku cinta dia
Aku cinta dia yang cinta pacarnya
Satu sisi berkata
Semoga kau dan dia tak bahagia
Sisi lain berkata
Ingat ada karma
Jika benar-benar cinta
Doakan dia bahagia
Aku cinta dia, aku cinta dia
Aku cinta dia yang cinta pacarnya
Aku cinta dia, aku cinta dia
Aku cinta dia yang cinta pacarnya
Walau tak denganku dan senyuman ini palsu
Tapi demi cinta sejati ku berusaha turut bahagia
Aku cinta dia, aku cinta dia
Aku cinta dia yang cinta pacarnya
Aku cinta dia, aku cinta dia
Aku cinta dia yang cinta pacarnya
Jika bahagia, jika bahagia
Jika bahagia tanpa balasannya
Tak jadi masalah, tak jadi masalah
Selama kau kuat menahan sakitnya
Aku cinta dia, aku cinta dia
Aku cinta dia apapun keadaannya
Apapun keadaannya",https://images.genius.com/6b1707a9d37443fc169f45052e446b29.800x800x1.jpg,https://genius.com/Juicy-luicy-aku-cinta-dia-yang-cinta-pacarnya-lyrics
Sheryl Sheinafia,Sweet Talk,"When I’m up late and lonely
When I’m just down to hoping
Know what I want to hear from you
When the doubt pulls me under
And I need to recover
Know what I want to hear from you
Say baby, say to me
The words that keep me goin’
Yeah, I know you know ‘em
Say baby, say to me
The words to make me heal
I love the way they feel
You give me some of that, some of that
Sweet sweet talk
You give me some of that, some of that
Sweet sweet talk
Say it again 'cause I need it
Sounding so good know you mean it
Some of that, some of that
Sweet sweet talk to me
When my conscience is breaking
And its fear that I’m facing
Know what I wanna hear from you
When the clouds fill the sky up
Know what I can rely on
Know what I wanna hear from you
Say baby, say to me
The words that keep me goin’
Yeah, I know you know ‘em
Say baby, say to me
The words to make me heal
I love the way they feel
You give me some of that, some of that
Sweet sweet talk
You give me some of that, some of that
Sweet sweet talk
Say it again 'cause I need it
Sounding so good know you mean it
Some of that, some of that
Sweet sweet talk to me
I’m feelin so stuck, gridlock
Gimme some of that uh, sweet talk
I’ve been up all night gettin' so blue
But here comes you to the rescue
How did you do it? Imma dead-lock
Gotta figure it out, Imma be like Sherlock
Wait, I don’t need to know
You don’t need to show
And just keep ‘em words flow
Oh I love, oh I love
That sweet talk baby (gimme some of that)
Oh I love, oh I love
That sweet talk (sweet talk)
No I can't get enough of
That sweet talk baby (yeah, you know me)
Oh I love, oh I love
That sweet talk
You give me some of that, some of that
Sweet sweet talk (sweet sweet talk)
You give me some of that, some of that (hey)
Sweet sweet talk
Say it again 'cause I need it, ('cause I need it)
Sounding so good know you mean it (mean it)
Some of that, some of that
Sweet sweet talk to me (give it to me)
Oh I love, oh I love (you know that I need it)
That sweet talk baby (give it to me)
Oh I love, oh I love (you know that I need it)
That sweet talk (sweet talk)
No I can't get enough of
That sweet talk baby (sweet talk)
Oh I love, oh I love
That sweet talk",https://images.genius.com/609187bd025e7d392d2d0d8d67a271cd.600x600x1.jpg,https://genius.com/Sheryl-sheinafia-sweet-talk-lyrics
Rizky Febian,Alamak,"Ulah siapa yang bisa buatku begini?
Gila, ini bahagia apa menderita?
Langit lagi bagus-bagusnya
Tapi bagiku biasa saja
Dia buatku terkesima
Menyapamu tak berani, menciummu apalagi
Mata, pundak, lutut, kaki
Gemetar ku berdiri
Kalau sampai kumiliki
Tak mau kutidur lagi
Alamat malah nanti kau pergi
Kalau ada, sembilan nyawa
Mau samamu saja semuanya
Ini dada isinya kamu semua
Alamak, inikah jatuh cinta?
Apa kamu sayang, apa khayalan?
Cubit aku sekarang
Buat mabuk kepayang
Seketika pingsan, mana nafas buatan?
Can I see you for a minute?
Boleh aku visit?
See your mom and dad aku pamit
Kalau memang naga-naganya kau berkenan
Kuberangkat sekarang
Menyapamu tak berani, menciummu apalagi
Mata, pundak, lutut, kaki
Gemetar ku berdiri
Kalau sampai kumiliki
Tak mau kutidur lagi
Alamat malah nanti kau pergi
[Chorus: Adrian & Rizky,
Rizky
]
Kalau ada, sembilan nyawa (
Alamak, kujatuh cinta
)
Mau samamu saja semuanya
Ini dada isinya kamu semua (
Tanda-tanda di dada, tanda-tanda di dada
)
Alamak, inikah jatuh cinta?
[Bridge: Adrian,
Rizky
,
Adrian & Rizky
]
Minimal kau bilang bila kau tak sayang
Hm, biar kutahan perasaan
Jadi berhenti kau menatap
Kar'na ku tak kuat
(Tak kuat)
Tak kuat
(Tak kuat)
Berharap
[Chorus: Adrian & Rizky,
Adrian
]
Kalau ada, sembilan nyawa
Mau samamu saja sеmuanya
Coba buka
isinya kamu semua
Oh, gawat, ini kujatuh cinta
Kalau ada, sembilan nyawa
(Mau samamu saja semuanya) Langit kalah mеmpesona, tak mau yang lain-lainnya
Ini dada isinya kamu semua
Alamak, inikah jatuh cinta?
Gila, naga-naganya ku telah jatuh cinta
Alamak, inikah jatuh cinta?",https://images.genius.com/740abf57b35a713f85fa689684f1209f.1000x1000x1.png,https://genius.com/Rizky-febian-and-adrian-khalif-alamak-lyrics
Rizky Febian,Cukup Tau,"Sungguh percuma saja
Ku mencintainya tapi tak dicintai
Gerak tubuhnya seolah berkata
Tak cinta padaku dan tak suka padaku
Aku pun mulai berpikir
Ku sakit hati dan mulai ku merasa
Cukup tau, tanam dalam diri
Tak usah ku dekatimu lagi
Ku tak mau lagi, tak mau lagi
Bersamamu kasih
Cukup tau, tanam dalam diri
Tak usah ku ganggu kamu lagi
Ku tak mau lagi, tak mau lagi, sayang
Gerak tubuhnya seolah berkata
Tak cinta padaku dan tak suka padaku
Aku pun mulai berpikir
Ku sakit hati dan mulai ku merasa
Cukup tau, tanam dalam diri
Tak usah ku dekatimu lagi
Ku tak mau lagi, tak mau lagi
Bersamamu kasih
Cukup tau, tanam dalam diri
Tak usah ku ganggu kamu lagi
Ku tak mau lagi, tak mau lagi, sayang
Cukup tau, tanam dalam diri
Tak usah ku dekatimu lagi
Ku tak mau lagi, tak mau lagi
Bersamamu kasih
Cukup tau, tanam dalam diri
Tak usah ku ganggu kamu lagi
Ku tak mau lagi, tak mau lagi, sayang
Cukup tau, tanam dalam diri
Tak usah ku dekatimu lagi
Ku tak mau lagi, tak mau lagi
Bersamamu kasih
Cukup tau, tanam dalam diri
Tak usah ku ganggu kamu lagi
Ku tak mau lagi, tak mau lagi, sayang",https://images.genius.com/2ed87ed7411d9a30acc50da9329a53eb.170x170x1.jpg,https://genius.com/Rizky-febian-cukup-tau-lyrics
Rizky Febian,Berpisah Itu Mudah,"Makan di resto terenak
Membaca di sudut paling tenang
Menonton pertunjukan musik
Telurusuri jalanan dari malam hingga pagi
Kita pernah lama bersama
Semua titik di kota ini adalah kita
Walau kau putuskan untuk pergi
Cerita kita tetap kan abadi
Percayalah sayang, berpisah itu mudah
Tak ada kamu dihidupku, aku mampu
Namun menghapuskan semua kenangan kita
Adalah hal yang paling menyulitkan untukku
Simpan baju kesayangan
Tutup album foto ku rapat rapat
Buang buku-buku puisi
Mengganti semua dekorasi
Semua hal yang kucoba lupakan
Selalu berujung padamu
Semua tempat yang aku datangi
Selalu ada kamu
Kamu lagi
Kamu kamu lagi
Kamu lagi
Percayalah sayang, berpisah itu mudah
Tak ada kamu dihidupku, aku mampu
Namun menghapuskan semua kenangan kita
Adalah hal yang paling menyulitkan untukku
Percayalah sayang, berpisah itu mudah
Tak ada kamu dihidupku, aku mampu
Namun menghapuskan semua kenangan kita
Adalah hal yang paling menyulitkan
Adalah hal yang paling menyebalkan
Adalah hal yang paling menyusahkan untukku",https://images.genius.com/295ba3dd019843dc30b33cfd8c34be4e.600x600x1.png,https://genius.com/Rizky-febian-berpisah-itu-mudah-lyrics
Rizky Febian,Indah Pada Waktunya,"Dalam harapku dan inginku
Kau ada di sana
Di setiap langkahku dan mimpiku
Kau ada di sana
Mungkin suatu saat nanti
Kau dan aku bersama
Berdua kita jalin kasih
Dalam satu ikatan cinta
Oh Tuhan, tolong
Jaga dirinya di sana
Aku disini 'kan menunggu
Hingga diriku dan dirinya
(Indah pada waktunya)
Oh Tuhan, tolong
Jaga dirinya di sana
Aku disini 'kan menunggu
Hingga diriku dan dirinya
Indah pada waktunya
Kaulah hasratku dan cintaku
Kaulah segalanya
Izinkan diriku bersamamu
Kerna sesungguhnya
Kurindukan dekapanmu
Kujanjikan setia
Berdua kita jalin kasih
Dalam satu ikatan cinta
Oh Tuhan, tolong
Jaga dirinya di sana
Aku disini 'kan menunggu
Hingga diriku dan dirinya
(Indah pada waktunya)
Oh Tuhan, tolong
Jaga dirinya di sana
Aku disini 'kan menunggu
Hingga diriku dan dirinya
Indah pada waktunya
Meski ku dan dirinya
Terpisah jarak dan waktu
Namun kuyakin
Dirimu hanya untukku
Tak perlu kau ragu kasih
Kuyakin cinta kita 'kan abadi
Dan indah pada waktunya
Oh Tuhan, tolong
Jaga dirinya disana
Aku disini 'kan menunggu
Hingga dirimu dan diriku
(Indah pda waktunya)
Oh Tuhan, tolong
Jaga dirinya disana
Aku disini 'kan menunggu
Hingga diriku dan dirinya
Hingga diriku dan dirinya
Indah pada waktunya",https://images.genius.com/a7fcd65db1986785ac508bbf88430e09.1000x1000x1.jpg,https://genius.com/Rizky-febian-indah-pada-waktunya-lyrics
Rizky Febian,Ragu,"Kau bertanya dengan rasa ragu
Seberapa besar cintaku padamu
Akan selalu kujawab semua keraguanmu
'Kan kubuktikan semuanya padamu
Tak perlu kau ragu lagi
Cukup jalani dan rasakan
Oh, oh my lady
Cukup kau di sampingku
Sempurnakan langkahku
'Tuk menyusuri waktu
Cukup kau di sampingku
Berjalan bersamaku
Pastikan kau bahagia
Kau bertanya dengan rasa ragu
Seberapa besar cintaku padamu
Akan selalu kujawab semua keraguanmu
'Kan kubuktikan semuanya padamu
Tak perlu kau ragu lagi
Cukup jalani dan rasakan
Oh, oh my lady
Cukup kau di sampingku
Sempurnakan langkahku
'Tuk menyusuri waktu
Cukup kau di sampingku
Berjalan bersamaku
Pastikan kau bahagia
Don't you know, I love you lady
Don't you know, you make me crazy
Oh my lady, you're my lady
Don't you know, don't you know
You're the part of my life
Baby, oh my lady
Cukup kau di sampingku
Sempurnakan langkahku
'Tuk menyusuri waktu
Cukup kau di sampingku
Berjalan bersamaku
Pastikan kau bahagia
Baby, don't you know my lady
Don't you know how much I love you
Don't you know my lady
Don't you know my lady
Don't you know how much I love you",https://images.genius.com/0513e4e6a584108333f512b15aaed0b1.1000x1000x1.jpg,https://genius.com/Rizky-febian-ragu-lyrics
Rizky Febian,Penantian Berharga,"Dahulu kita terbiasa
Selalu menunggu, terus menunggu
Berharap datang seseorang
Untuk melengkapi kisah hidup ini
Terlalu sulit melangkah
'Tuk temukan yang selalu dinantikan
Hingga kita pun berjumpa
Tiada lagi alasan untuk menunda
Akhirnya kita bersama setelah menanti lama
Semoga selalu terjaga
Waktu telah berbicara, menanti tak sia-sia
Karena kau yang kini ada
Sangatlah berharga
Bertahan di kesendirian telah menuntunku menemukanmu
Tanpa ragu aku berikan semua rasa cinta yang tersimpan lama
Penantian selama ini tak membuatku jera
Tetap berharap
'Ku yakin seseorang kan datang kepadaku
Menggenggam tanganku
Akhirnya kita bersama setelah menanti lama
Semoga selalu terjaga
Waktu telah berbicara, menanti tak sia-sia
Karena kau yang kini ada
Sangatlah berharga
Berharga
Penantian
Sangatlah berharga, penantian
Akhirnya kita bersama setelah menanti lama
Semoga selalu terjaga
Waktu telah berbicara, menanti tak sia-sia
Karena kau yang kini ada
Sangatlah berharga",https://images.genius.com/054d335382e14f653744e8271d71134c.1000x1000x1.png,https://genius.com/Rizky-febian-penantian-berharga-lyrics
Marion Jola,Tak Ingin Pisah Lagi,"[Verse 1: Marion,
Rizky
]
Katakanlah bila kau meragu padaku
Genggamlah jemariku, melangkah bersamaku lagi
Lupakanlah saja semua yang t'lah berlalu
Cintaku hari ini bukan cinta yang dulu lagi
Sanggupkah kau dan aku memulai kembali
Merangkai hati yang hancur berkeping-keping
Sanggupkah kau berjanji 'tuk tetap disini
Menjaga hatiku bila kembali tak ingin pisah lagi
Maaf bila sempat kau kecewa kepadaku
Perih yang kita rasakan kini mendewasakan hati
Sanggupkah kau dan aku memulai kembali
Merangkai hati yang hancur berkeping-keping
Sanggupkah kau berjanji 'tuk tetap disini
Menjaga hatiku bila kembali tak ingin pisah lagi
[Bridge: Marion,
Both
]
Wahai pintu hati
Terbukalah lagi
Dengar kuberjanji
Andai badai datang lagi
Dan apa pun yang terjadi
Tak ingin pisah
Sanggupkah kau dan aku memulai kembali
Merangkai hati yang hancur berkeping-keping
Sanggupkah kau berjanji 'tuk tetap disini
Menjaga hatiku bila kembali tak ingin pisah
Bila kembali tak ingin pisah
Bila kembali tak ingin pisah
Bila kembali tak ingin pisah lagi
Tak ingin pisah lagi",https://images.genius.com/0cc82fc094191454d1f8b9b54316e16e.1000x1000x1.png,https://genius.com/Marion-jola-tak-ingin-pisah-lagi-lyrics
Rizky Febian,Cuek,"Kadang ku kesal dengan sikapmu
Yang s'lalu bertanya
Mana perhatianku
Mungkin kau
Tak pernah merasakan
Apa yang kulakukan
Di setiap pengorbananku
S'lalu jadi yang kau mau
Menjaga di setiap saat
Tapi kau
Tak melihatnya
Mana ada aku cuek
Apalagi gak mikirin kamu
Tiap pagi malam ku s'lalu
Memikirkan kamu
Bukalah pintu hatimu
Agar kau tau isi hatiku
Semua perjuanganku
Tertuju padamu
Mungkin kau
Tak pernah merasakan
Apa yang kulakukan
Di setiap pengorbananku
S'lalu jadi yang kau mau
Menjaga di setiap saat
Tapi kau
Tak melihatnya
Mana ada aku cuek
Apalagi gak mikirin kamu
Tiap pagi malam ku s'lalu
Memikirkan kamu
Bukalah pintu hatimu
Agar kau tau isi hatiku
Semua perjuanganku
Tertuju padamu
Oh-oh-oh-oh, oh-oh-oh-oh
Oh-oh-oh-oh, oh-oh-oh-oh
Mungkin kau tak merasa
Yang t'lah ku perlihatkan
Rasa ingin ku milikimu
Janganlah kau merasa
Bahwa ku hanya main main
Tolong dengarkanlah
Mana ada aku cuek
Apalagi gak mikirin kamu
Tiap pagi malam ku slalu
Memikirkan kamu
Bukalah pintu hatimu
Agar kau tau isi hatiku
Semua perjuanganku
Tertuju padamu
Bukalah pintu hatimu
Izinkanlah ku merayu
Bukalah pintu hatimu
Jangan meragu
Bukalah pintu hatimu
Izinkanlah ku merayu
Bukalah pintu hatimu
Jangan meragu
Mana ada aku cuek
Apalagi gak mikirin kamu
Tiap pagi malam ku slalu
Memikirkan kamu
Bukalah pintu hatimu
Agar kau tau isi hatiku
Semua perjuanganku
Tertuju padamu",https://images.genius.com/5c204758e6550d917575fa6ed46b8764.544x544x1.jpg,https://genius.com/Rizky-febian-cuek-lyrics
Rizky Febian,Kesempurnaan Cinta,"Kau dan Aku tercipta oleh waktu
Hanya untuk saling mencintai
Mungkin Kita ditakdirkan bersama
Rajut kasih jalin cinta
Berada dipelukanmu
Mengajarkanku apa artinya kenyamanan
Kesempurnaan cinta
Berdua bersamamu
Mengajarkanku apa artinya kenyamanan
Kesempurnaan cinta
Kau dan Aku tercipta oleh waktu
Hanya untuk saling mencintai
Mungkin Kita ditakdirkan bersamame
Rajut kasih menjalin cinta
Berada dipelukanmu
Mengajarkanku apa artinya kenyamanan
Kesempurnaan cinta
Berdua bersamamu
Mengajarkanku apa artinya kenyamanan
Kesempurnaan cinta
Tak pernah terbayangkan olehku
Bila kau tinggalkan aku
Hancurlah hatiku
Musnah harapanku sayang
Berada dipelukanmu
Mengajarkanku apa artinya kenyamanan
Kesempurnaan cinta
Berada dipelukanmu
Mengajarkanku apa artinya kenyamanan
Kesempurnaan cinta
Berdua bersamamu
Mengajarkanku apa artinya kenyamanan
Kesempurnaan cinta",https://images.genius.com/d7083c1eaa88040a1aa803b98322dedb.1000x1000x1.jpg,https://genius.com/Rizky-febian-kesempurnaan-cinta-lyrics
Rizky Febian,Menari,"Salahkah bila ku mencinta
Salahkah bila semua selalu tentangmu
Izinkan agar kusampaikan
Kutahu walau kau dengannya
Haruskah terdiam
Menahan semua rasa
Inginnya kau dengar
Apa yang kurasa
Menari bersamaku
Temani hingga akhir waktu
Jalani bersamaku
Kau pasti 'kan bahagia
Kutemani dirimu
Di setiap perjalanan cinta
Menari bersamaku
Temani hingga akhir waktu
Jalani bersamaku
Tak ada yang selamanya
Tapi aku ’kan ada
Di setiap perjalanan cinta
Lihatlah diri ini untuk kali ini
Tak bisa kumiliki kurelakan semua
Kumohon kepadamu
Di kehidupan baru
Izinkan ku jadi takdirmu
Menari bersamaku
Temani hingga akhir waktu
Jalani bersamaku
Kau pasti 'kan bahagia
Kutemani dirimu
Menari bersamaku
Temani hingga akhir waktu
Jalani bersamaku
Tak ada yang selamanya
Tapi aku 'kan ada
Di setiap perjalanan cinta
Menari bersamaku
Temani hingga akhir waktu
Jalani bersamaku
Di kehidupan baru
Izinkan ku jadi takdirmu",https://images.genius.com/0513e4e6a584108333f512b15aaed0b1.1000x1000x1.jpg,https://genius.com/Rizky-febian-menari-lyrics
Rizky Febian,Malam Rawan,"Di malam hangat
Langit pun kelabu
Samar kurasa tanpa hadirmu
Enggan rasanya tuk coba hubungi mu
Takutnya hati makin merindu
Diam dan tak bisa berkata
Hati dan rasa tak sama di malam rawan
Sadarkah dirimu indah
Tak cukup sekali kupikirkanmu
Salahkah meski kau banyak hati yang memuja
Sadar tak begitu mudah
Kau bintangnya di setiap mata
Apakah milikimu hanya angan semata
Angin berbisik antar senyum mu
Lepas kendali ku tersipu
Diam dan tak bisa berkata
Hati dan rasa tak sama di malam rawan
Sadarkah dirimu indah
Tak cukup sekali kupikirkanmu
Salahkah meski kau banyak hati yang memuja
Sadar tak begitu mudah
Kau bintangnya di setiap mata
Apakah milikimu hanya angan semata
Sadarkah dirimu indah
Tak cukup sekali kupikirkanmu
Salahkah meski kau banyak hati yang memuja
Sadar tak begitu mudah
Kau bintangnya di setiap mata
Apakah milikimu hanya angan semata
Sadarkah dirimu indah
Tak cukup sekali kupikirkanmu
Salahkah meski kau banyak hati yang memuja
Sadar tak begitu mudah
Kau bintangnya di setiap mata
Apakah milikimu hanya angan semata
Malam malam di jam rawan
Malam malam di jam rawan
Malam malam di jam rawan
Malam malam di jam rawan
Malam malam di jam rawan
Malam malam di jam rawan",https://images.genius.com/769d679a9662346bc11bcb66226fbfd3.640x640x1.jpg,https://genius.com/Rizky-febian-malam-rawan-lyrics
Rizky Febian,Nona,"Jangan tunggu lama-lama
'Tuk bisa ungkapkan semua
Yang kutunggu adalah jawabanmu
Nona, parasmu
Mengalihkan perhatianku
Padamu
Hanya dirimu yang buatku bertanya-tanya
Inginnya kudekatimu
Hanya padamu
Jangan tunggu lama-lama
'Tuk bisa ungkapkan semua
Yang kutunggu adalah jawabanmu
Jujur selalu kunantikan
Jawaban dari dirimu
Hanya satu kata, iya, iya
Hanya padamu yang buatku bertanya-tanya
Inginnya kudekatimu
Hanya padamu
Jangan tunggu lama-lama
'Tuk bisa ungkapkan semua
Yang kutunggu adalah jawabanmu
Jujur selalu kunantikan
Jawaban dari dirimu
Hanya satu kata, iya, iya
Sungguh, Nona
Hanya dirimu
Buatku terpana
Hanya kaulah dambaanku
Nona, hanya kaulah yang kutunggu
(Nona, Nona, Nona)
('Kan selalu kutunggu)
Jangan tunggu lama-lama
'Tuk bisa ungkapkan semua
Yang kutunggu adalah jawabanmu
Jujur selalu kunantikan
Jawaban dari dirimu
Hanya satu kata, iya, iya
Jangan tunggu lama-lama
Hanya satu kata, iya
Jangan tunggu lama-lama
Hanya satu kata, iya",https://images.genius.com/0513e4e6a584108333f512b15aaed0b1.1000x1000x1.jpg,https://genius.com/Rizky-febian-nona-lyrics
Rizky Febian,Terlukis Indah,"Semenjak pertama ku jumpa dengannya
Ada rasa yang berbeda
Kutatap wajahmu tanpa ragu-ragu
Ku mulai tersipu, oh
Oh, inilah
Cinta pertama bagi diri ini, wu-wu-uh
Takkan ada yang bisa mengganti
Semua rasa ini padamu
Ku mulai merasakan rasa cinta
Cinta yang tumbuh di setiap saat
Kulukis sebuah kisah yang nyata
Agar semua tak berakhir
Kini kita bersama dan mulai semuanya
Dan yakinkan hati kita berdua
Oh, inilah
Cinta pertama bagi diri ini, wu-uh-uh
Takkan ada yang bisa mengganti
Semua rasa ini padamu
Ku mulai merasakan rasa cinta
Cinta yang tumbuh di setiap saat
Kulukis sebuah kisah yang nyata
Agar semua tak berakhir
Ku mulai merasakan rasa cinta
Cinta yang tumbuh di setiap saat
Kulukis semua kisah yang nyata
Agar semua tak berakhir
Ku yakin kau tahu
Bahwa kau s'galanya
Ku pun merasa
(Berjanjilah) Berjanjilah pada diriku
('Tuk s'lamanya) S'lamanya
Rasa cinta
Cinta yang tumbuh di setiap saat
Kulukis sebuah kisah yang nyata
Agar semua tak berakhir
Semua kisah terlukis indah
Kau dan aku akan s'lalu menyatu
Dan yakinkan hati kita berdua
Semua kisah terlukis indah
Kau dan aku akan s'lalu menyatu
Dan yakinkan hati kita berdua",https://images.genius.com/d116f0b9f088af24f9947f4320f6bec9.1000x1000x1.jpg,https://genius.com/Rizky-febian-and-ziva-magnolya-terlukis-indah-lyrics
Rizky Febian,Makna Cinta,"Pagi hari menyapa dengan indah
Ku tersenyum melihat kau masih lelah
Sudah dengan berbagai cara
Agar tak terlewatkan hari yang indah
Banyak hal yang 'tlah kita lewati
Di setiap harinya
Denganmu ku mengerti arti cinta
Arti cinta sesungguhnya
Tumbuh di setiap saat
Dan mengerti makna cinta
Makna cinta yang abadi
'Kan kujaga cinta ini
Sudah dengan berbagai cara
Agar tak terlewatkan hari yang indah
Banyak hal yang 'tlah kita lewati
Di setiap harinya
Denganmu ku mengerti arti cinta
Arti cinta sesungguhnya
Tumbuh di setiap saat
Dan mengerti makna cinta
Makna cinta yang abadi
Kan kujaga cinta ini
Kita di pertemukan oleh cinta
Kita tak saling ingkar janji
Kita saling melengkapi
Hingga tua nanti
Denganmu ku mengerti arti cinta
Arti cinta sesungguhnya
Tumbuh di setiap saat
Dan mеngerti makna cinta
Makna cinta yang abadi
Kan kujaga cinta ini
Denganmu ku mengеrti arti cinta
Arti cinta sesungguhnya
Tumbuh di setiap saat
Dan mengerti makna cinta
Makna cinta yang abadi
Kan kujaga cinta ini",https://images.genius.com/67f5f6fe209ace751f622e975fc11315.1000x1000x1.jpg,https://genius.com/Rizky-febian-makna-cinta-lyrics
Rizky Febian,Mantra Cinta,"Sama sama saja
Mantra cintaku tak bekerja
Hati ini juga
Ingin cinta yang bisa memuja
Diriku, u-u-u
Agungkan hidupku, u-u-u
Rekahkan senyumku, u-u-u
Sama sama saja
Mantra cintaku tak bekerja
Hati ini juga
Ingin cinta yang bisa memuja
Diriku, u-u-u
Agungkan hidupku, u-u-u
Rekahkan senyumku, u-u-u
Na-na-na, na-na-na, na-na-na-nana-oh
Na-na-na, na-na-na-nana-oh
Na-na-na, na-na-na, na-na-na-nana-oh
Na-na-na, na-na-na-nana-oh
Ulang berulang aku mencoba
Ku gagal lagi, ku gagal lagi
Terus menerus aku mencari
Tapi, i-i-i
Sama sama saja
Mantra cintaku tak bekerja
Hati ini juga
Ingin cinta yang bisa memuja
Diriku, u-u-u
Agungkan hidupku, u-u-u
Rekahkan senyumku, u-u-u
Mana dia
Mantra cinta agungkan hidupku (Diriku, u-u-u)
Ingin cinta yang bisa memuja diriku (Agungkan hidupku, u-u-u)
Rekahkan senyumku, u-u-u
Mana dia
Mantra cinta agungkan hidupku (Diriku, u-u-u)
Ingin cinta yang bisa memuja diriku (Agungkan hidupku, u-u-u)
Rekahkan senyumku, u-u-u
Mana dia",https://images.genius.com/4753154645657dabc803e83d13c4d9df.1000x1000x1.jpg,https://genius.com/Rizky-febian-mantra-cinta-lyrics
Rizky Febian,Hargai Cinta,"Hargai apa yang kau miliki
Saat ini detik ini
Perlihatkan semuanya padaku
Sepenuhnya jangan ragu
Bukan sekadar memilikinya
Atau sekedar menjalaninya
Buktikanlah kepadaku
Sayangku lakukan itu sekarang
Jangan sampai kau terlambat
Menjadi sia-sia
Sayangku lakukan itu sekarang
Jangan sampai kau terlambat
Menjadi sia-sia
Temukan cintaku dihatimu
Temukanlah tunjukkanlah
Bukan sekedar memilikinya
Atau sekedar menjalaninya
Buktikanlah kepadaku
Sayangku lakukan itu sekarang
Jangan sampai kau terlambat
Menjadi sia-sia
Sayangku lakukan itu sekarang
Jangan sampai kau terlambat
Menjadi sia-sia
Tak banyak hal yang aku minta
Cukup yakinkan di hatimu aku milikmu
Jaga cinta ini dan pertahankan cinta untukku
Lakukan itu sekarang
Sayangku lakukan itu sekarang
Jangan sampai kau terlambat
Menjadi sia-sia (Menjadi sia-sia)
Sayangku lakukan itu sekarang (Lakukan itu)
Jangan sampai kau terlambat
Menjadi sia-sia
Sayangku lakukan itu sekarang (Lakukanlah sekarang)
Jangan sampai kau terlambat (Jangan sampai kau terlambat)
Menjadi sia-sia
Sayangku lakukan itu sekarang (Lakukanlah sekarang)
Jangan sampai kau terlambat
(Kau sepenuhnya untukku)",https://images.genius.com/30b3adca541e7fb8938e7f49c3a31077.1000x1000x1.png,https://genius.com/Rizky-febian-hargai-cinta-lyrics
Rizky Febian,I’m Not Ready For Another Love,"I'm not ready for another love
Not ready for another love
I’m not ready for another love
Yang berlalu
Terkadang kurenungi
Kurindukan
Masa lalu
Selalu mengikuti
Kenanganmu
Cukup jauh ku terbawa
Terbawa oleh cinta
Inginnya ku merasa
Yang dulu pernah ada
Ku merindu, ku merindu
Ku merindu semua tentang kamu
Yang kumau, yang kumau
Yang kumau untuk berputar kembali
Ingin lupa
Tapi hati berkata
Takkan bisa
Kenanganmu
Selalu bersamaku
T'rus mengikuti
Cukup jauh ku terbawa
Terbawa oleh cinta
Inginnya ku merasa
Yang dulu pernah ada
Ku merindu, ku merindu
Ku merindu semua tentang kamu
Yang kumau, yang kumau
Yang kumau untuk berputar kembali
Semua tentangmu
Yang buatku merindu
Semua tentangmu
(Yang buatku merindu)
Yang buatku merindu
(Tak bisa lupakanmu)
Ku merindu, ku merindu (I'm not ready)
Ku merindu semua tentang kamu (For another love)
Yang kumau, yang kumau (Yang kumau)
Yang kumau untuk berputar kembali",https://images.genius.com/0513e4e6a584108333f512b15aaed0b1.1000x1000x1.jpg,https://genius.com/Rizky-febian-im-not-ready-for-another-love-lyrics
Rizky Febian,Keseriusan,"(Untuk apa bilang cinta)
(Bila tiada keseriusan)
Ketika kumulai percaya akan cinta
Kau tega dan acuhkan
Ku pun mulai merasakan arti kenyamanan
Kau pergi dan tinggalkan
Tapi mengapa hati ini selalu sedih
Ku merasa cInta ini sia-sia
Ku tak melihat
Keseriusan di hatimu
Cinta yang tulus kepadaku
Sungguh sedih
Ku tak melihat
Ada wajahmu di mimpiku
Saat kau mulai menyapaku
Sungguh sedih
Ketika kumulai percaya akan cinta
Kau pergi dan tinggalkan
Tapi mengapa hati ini selalu sedih
Ku merasa cInta ini sia-sia
Ku tak melihat
Keseriusan di hatimu
Cinta yang tulus kepadaku
Sungguh sedih
Ku tak melihat
Ada wajahmu di mimpiku
Saat kau mulai menyapaku
Sungguh sedih
(Katakan) Katakan bila
(Pabila) Kau tak cinta
(Janganlah) Jangan buatku berharap
(Berharap cinta)
Ku tak melihat (Ku tak melihat)
Keseriusan di hatimu (Keseriusan)
Cinta yang tulus kepadaku
Sungguh sedih
Ku tak melihat (Ku tak melihat)
Ada wajahmu di mimpiku (Ada bayangmu)
Saat kau mulai menyapaku
Sungguh sedih
Ku tak melihat (Ku tak melihat)
Ada (Keseriusan di hatimu)
Sungguh sedih
Ku tak melihat (Ku tak melihat)
(Ada bayangmu di mimpiku)
Sungguh sedih
Sedih
Sungguh aku sedih
(Untuk apa bilang cinta)
(Bila tiada keseriusan)
(Untuk apa bilang cinta)
(Bila tiada keseriusan)",https://images.genius.com/0513e4e6a584108333f512b15aaed0b1.1000x1000x1.jpg,https://genius.com/Rizky-febian-keseriusan-lyrics
Rizky Febian,Senandung Bahagia,"Senandung kata yang terucap
Mulai bicara lewat nada
Teringat ke masa-masa
Di sudut kota penuh harapan kita bersua
Merakit kisah yang indah jalani berdua
Sejenak lupakan bisingnya dunia
Kau beri irama bahagia
Tak mau tahu orang berkata apa
Dunia dan seisinya milik kita
Teringat ke masa-masa
Di sudut kota penuh harapan kita bersua
Melukis cinta jalani berdua
Sejenak lupakan bisingnya dunia
Kau beri irama bahagia
Tak mau tahu orang berkata apa
Dunia dan seisinya milik kita
Oh, tergambarkan semuanya pun hitam dunia
Putihnya hatimu di jiwamu yang ku lihat
Sejenak lupakan bisingnya dunia
Kau beri irama bahagia
Tak mau tahu orang berkata apa
Dunia dan seisinya milik kita
Hati bergumam berirama dan bahagia
Merakit indah kisah kita selamanya",https://images.genius.com/58fd1f6ea3e0f51bdaf1179a27c91648.1000x1000x1.png,https://genius.com/Rizky-febian-senandung-bahagia-lyrics
Rizky Febian,Bahasa Cinta,"Di dalam kamus bahasa cinta
Cinta tak pernah butuhkan kata-kata cinta
Tutup saja dua telinga
Biar hati merasa
Tak perlu kau layangkan kata
Tuk bisa jelaskan berjuta makna
Gunakan hati untuk bicara
Dan menggambar getar-getar yang ada
Kasihku, di dalam kamus bahasa cinta
Cinta tak pernah butuhkan kata-kata cinta
Tutup saja dua telinga
Biar hati merasa
Buat apa bibir terpaksa
Mengatakan apa yang tak kau rasa
Biar asmara ada tak seketika
Dan buat kau tak berdaya
Beserta selalu
Harus diantarkan oleh kata-kata
Kasihku, di dalam kamus bahasa cinta
Cinta tak pernah butuhkan kata-kata cinta
Tutup saja dua telinga
Biar hati merasa
Percayalah padaku bahwa
Terjatuh tenggelam bersama
Larut dalam indah cinta
Tanpa ada siratan jiwa
Kau rangkai mahligai cintamu
Kasihku, di dalam kamus bahasa cinta
Cinta tak pernah butuhkan kata-kata cinta
Tutup saja dua telinga
Biar hati merasa
Kasihku, di dalam kamus bahasa cinta
Cinta tak pernah butuhkan kata-kata cinta
Tutup saja dua telinga
Biar hati merasa
Buktikan bila cinta bukan sekadar kata
(Larut dalam indahnya cinta)
Buktikan bila cinta bukan sekadar kata
(Biar hati merasa)
Buktikan bila cinta bukan sekadar kata
(Dalam kamus bahasa cinta)
Kita bicarakan bahasa
(Bahasa cinta)",https://images.genius.com/0513e4e6a584108333f512b15aaed0b1.1000x1000x1.jpg,https://genius.com/Rizky-febian-bahasa-cinta-lyrics
Rizky Febian,Reuni,"Setelah kita berpisah 'tuk sekian lama
Akhirnya bisa bertemu kembali
Walau ku lihat engkau tersipu malu
Untuk mendekatkannya padaku
Ingin kuulangi kenangan itu
Indah saat kubersamamu
Apalah dayaku kau sudah bersamanya
Mungkin hanya sebuah reuni bagimu
Namun bagiku hanya awalan saja
Untuk memulai cerita kita yang baru
(Bertemu kembali)
Walau hanya sebentar kita bersama
Namun jujur bagiku sangat berarti
Ingin kuulangi kenangan itu
Indah saat kubersamamu
Apalah dayaku kau sudah bersamanya
Mungkin hanya sebuah reuni bagimu
Namun bagiku hanya awalan saja
Untuk memulai cerita kita yang baru
Mungkin hanya sebuah reuni bagimu
Namun bagiku hanya awalan saja
Untuk memulai cerita kita yang baru
Tak mungkin kulupakan
Cerita indah berdua
Sudahlah simpan itu semua
'Tuk dikenang selamanya
Mungkin hanya sebuah reuni bagimu
Namun bagiku hanya awalan saja
Untuk memulai cerita kita yang baru
Mungkin hanya sebuah reuni bagimu
Namun bagiku hanya awalan saja
Untuk memulai cerita kita yang baru
Mungkin hanya sebuah reuni bagimu
Namun bagiku hanya awalan saja
Untuk memulai cerita kita yang baru",https://images.genius.com/0513e4e6a584108333f512b15aaed0b1.1000x1000x1.jpg,https://genius.com/Rizky-febian-reuni-lyrics
Rizky Febian,Tak Lagi Sama,"Ketika rasa tak lagi sama
Cinta tak lagi sempurna
Kadang kehilangan arah
Inginnya ku tetap pertahankan
Dan tetap menjalani
Hari demi hari
Apapun yang kau rasakan
Bagaimana kau menolak
Rasa ini akan tetap sama
Aku 'kan bertahan
Cinta bukan tentang perasaan
Tapi janji yang terucap
Terucap makna cinta
Aku kan bertahan
Cinta bukan tentang perasaan
Tapi janji yang terucap
Terucap makna cinta
Inginnya ku tetap pertahankan
Dan tetap menjalani
Hari demi hari
Apapun yang kan kau rasakan
Bagaimana kau menolak
Rasa ini akan tetap sama
Aku 'kan bertahan
Cinta bukan tentang perasaan
Tapi janji yang terucap (Tapi janji yang terucap)
Terucap makna cinta
Aku 'kan bertahan (Bukan tentang perasaan)
Cinta bukan tentang perasaan (Tapi janji yang terucap)
Tapi janji yang terucap
Terucap makna cinta
(Hari demi hari rasa kan tetap sama)
Aku 'kan bertahan
Cinta bukan tentang perasaan
Tapi janji yang terucap
Terucap makna cinta
Aku 'kan bertahan
Cinta bukan tentang perasaan
Tapi janji yang terucap (Janji yang tak terucap)
Terucap makna cinta (Terucap makna cinta)
Aku 'kan bertahan
Cinta bukan tentang perasaan
Tapi janji yang terucap
Terucap makna cinta
Janji yang tak terucap
Terucap makna cinta
Terucap makna cinta",https://images.genius.com/1030d2bfaa9b2ed745574663274b4abf.640x640x1.jpg,https://genius.com/Rizky-febian-tak-lagi-sama-lyrics
Rizky Febian,Pergi Menjauh,"Terkadang
Kuingin merayumu
Kuingin merindumu
Tapi terasa
Ku akan meninggalkan
Ku menghilang 'tuk menjauh
Rasa ini telah hilang
Rindu ini telah hilang
Dan kau pun menjauh
Hapus segala yang telah engkau janjikan
Dan kau pun menjauh
Hapus segala yang telah engkau janjikan
Tapi ternyata
Kau pergi meninggalkan
Ku menghilang ’tuk menjauh
Rasa ini telah hilang
Rindu ini telah hilang
(Terus menghilang dan menjauh)
Dan kau pun menjauh
Hapus segala yang telah engkau janjikan
Dan kau pun menjauh
Hapus segala yang telah engkau janjikan
Mengapa kau tega campakkan diriku
Mengapa kau tega campakkan diriku
Kau pun menjauh
Hapus segala yang telah engkau janjikan
Dan kau pun menjauh
Hapus segala yang telah engkau janjikan
Kau akan meninggalkanku
Kau akan meninggalkanku
(Hapus segala yang telah engkau janjikan)
Hilang kau pergi menjauh
Pergi meninggalkanku
Mengapa kau tega
Hilang kau pergi menjauh
Pergi meninggalkanku
Mengapa kau tega",https://images.genius.com/0513e4e6a584108333f512b15aaed0b1.1000x1000x1.jpg,https://genius.com/Rizky-febian-pergi-menjauh-lyrics
Rizky Febian,Hanya Engkau,"Semenjak kita berjumpa
Hatiku berbunga
Harummu yang telah lama
Ku nanti adanya
Dari semua yang pernah ada
Hanya kau yang jadi segalanya
Hanya engkau yang kusayang
Hanya engkau yang 'kan kujaga selamanya
Hanya kau yang kucinta
Jangan engkau pergi, sayang
Jangan engkau pernah tinggalkan diriku
Hanya kau yang membuatku jatuh cinta
Sekian lama bersama
Ku masih berbunga
Dari semua yang pernah ada
Hanya kau yang jadi segalanya
Hanya engkau yang kusayang
Hanya engkau yang 'kan kujaga selamanya
Hanya kau yang kucinta
Jangan engkau pergi, sayang
Jangan engkau pernah tinggalkan diriku
Hanya kau yang membuatku
(Temukan cintaku)
Tetaplah kau di sini
'Tuk temaniku, temaniku
Hingga akhir waktu nanti
Kuingin kau ada di hati
Hanya engkau yang kusayang
Hanya engkau yang 'kan kujaga selamanya
Hanya kau yang kucinta
Hanya engkau yang kusayang
Hanya engkau yang 'kan kujaga selamanya
Hanya kau yang kucinta
Jangan engkau pergi, sayang
Jangan engkau pernah tinggalkan diriku
Hanya kau yang membuatku
(Hanya kau yang membuat diriku)
Hanya kau yang membuatku
Jatuh cinta",https://images.genius.com/0513e4e6a584108333f512b15aaed0b1.1000x1000x1.jpg,https://genius.com/Rizky-febian-hanya-engkau-lyrics
Lyon,Delusi,"Terbawa ku di sini
Hanyut ke dalam sepi
Terpana oleh delusi
Cinta
Entah sampai kapan
Mampu ku bertahan
Harapakan dirimu
Berpaling lagi padaku
Ego di antara
Dua manusia
Biasa
Selama waktu masih ada
Ku tetap menjaga rasa yang telah nyata
Bagaikan pelita di jiwa
Dan bahkan akhirnya fana
Menari ku di dalam mimpi
Hingga akhir nanti berdua 'kan bersama
Sesaat biar ku nikmati
Purnama terlewati
Kau tak kunjung kembali
Terpaku dalam memori
Hilang
Still I'm longing
Still I'm waiting
Still I'm hoping for the warm you give me
Still I'm yearning
Still I'm living
Still I'm dreaming for your arms to hold me
Selama waktu masih ada
Ku tetap menjaga rasa yang telah nyata
Bagaikan pelita di jiwa
Dan bahkan akhirnya fana
Menari ku di dalam mimpi
Hingga akhir nanti berdua 'kan bersama
Sesaat biar ku nikmati
Delusi",https://images.genius.com/13673733430034da7f91e047fcb68b1c.1000x1000x1.jpg,https://genius.com/Lyon-delusi-lyrics
Rizky Febian,Aminlah Bersamaku,"Alasanku memilihmu
Bukan karena cinta semata
Melainkan ku mengikuti hati ini
Ku sadari akan hadirmu
Sembuhkan sepi dihati
Kuyakin kau
Bersamamu
Hanyalah dirimu tujuan terakhirku
Ku yakin kaulah perjalanan terakhirku
Ku akan berjanji kepadamu
Dan aku akan membuatmu bahagia selamanya
Sedihkan sirna setia bersama
Jalani kisah berdua
Ingatlah janjiku
Aminlah bersamaku
Ku sadari akan hadirmu
Sembuhkan sepi dihatiu
Ku yakin kan
Bersamamu
Hanyalah dirimu tujuan terakhirku
Ku yakin kaulah perjalanan terakhirku
Ku akan berjanji kepadamu
Dan aku akan membuatmu bahagia selamanya
Sedihkan sirna setia bersama
Jalani kisah berdua
Ingatlah janjiku
Aku akan berjanji kepadamu
Dan aku akan membuatmu bahagia selamanya
Sedihkan sirna setia bersama
Jalani kisah berdua
Ingatlah janjiku
Aminlah bеrsamaku",https://images.genius.com/e1b9d41946b6ceb983da14b82584ceb4.1000x1000x1.jpg,https://genius.com/Rizky-febian-aminlah-bersamaku-lyrics
Rizky Febian,You’re Mine,"Ku tak menyangka akan hadirmu kini
Tuk melengkapi kisah indah yang kan terukir
Begitu juga yang kurasakan kini
Hilangkan sepi yang tlah lama kunanti nanti
Akan kah dirimu
Untuk ku
Akan kah diriku
Untukmu
Berdua kita kan menyatu
Takdir cinta akan menuntun
I just wanna you be mine
Just to be the one
You’re mine..oohhh
Hold my hand until i close my eyes i wanna be in your life
Always by my side till that i die
You’re mine
Ku tak menyangka akan hadirmu kini
Hilangkan sepi yang tlah lama kunanti nanti
Akan kah dirimu
Untuk ku
Akan kah diriku untukmu
Berdua kita kan menyatu
Takdir cinta akan menuntun
I just wanna you be mine
Just to be the one
You're mine..oohhh
Hold my hand until i close my eyes i wanna be in your life
Always by my side till that i die you’re mine
Buktikan semua padaku
Kan buktikan semua padamu
Genggamlah janjiku
Kan kujaga hatiku untumu hoooo
I just wanna you be mine
Just to be the one
You're mine..oohhh
Hold my hand until i close my eyes i wanna be in your life
Always by my side till that i die
I wanna be in your life
By my side till that i die
You're mine",https://images.genius.com/a2deb2c33fd7327b589f68fe0cbcfa84.1000x1000x1.jpg,https://genius.com/Rizky-febian-youre-mine-lyrics
Rizky Febian,Hingga Tua Bersama,"Inikah kisah cinta yang aku sesali
Kini kau tinggalkan diriku
Ku tahu ini semua kesalahanku
Yang slalu membuatmu terluka
Maafkanlah sayangku dengarkan janjiku
Selama jantung ini berdetak
Ku akan slalu menjagamu hingga akhir waktu
Selama nafas ini berhembus
Tak akan ada cinta yang lain
Hingga tua bersama
Ku mohon kembalilah dalam pelukanku
Lihat diriku tanpamu
Maafkanlah sayangku dengarkan janjiku
Selama jantung ini berdetak
Ku akan slalu menjagamu hingga akhir waktu
Selama nafas ini berhembus
Tak akan ada cinta yang lain
Hingga tua bersama
Hati ini takkan mungkin tanpa cintamu
Yang begitu tulus mencintaiku
Selama jantung ini berdetak
Ku akan slalu menjagamu hingga akhir waktu
Selama nafas ini berhembus
Tak akan ada cinta yang lain
Hingga tua bersama
Ku akan slalu menjagamu hingga akhir waktu
Selama nafas ini berhembus
Tak akan ada cinta yang lain
Tak akan ada cinta yang lain
Hingga tua bersama",https://images.genius.com/769d679a9662346bc11bcb66226fbfd3.640x640x1.jpg,https://genius.com/Rizky-febian-hingga-tua-bersama-lyrics
Rizky Febian,Ribuan Hati,"Ribuan hati
Telah aku singgahi
Yang masih saja
Sulit tuk ku temui
Hingga hati lelah dengan semua karna sulit ku temui
Beruntung nya hati ini kau datang mengisi di saat gundah
Disaat tak tentu arah
Gelisah yang kurasa
Sulit tuk menalani hari hari kulewati
Hingga menyadari rasanya sepi
Lalu kau datang
Menggoda dan menggoda
Seakan tau kelemahanku dan ku jatuh
Luluh tak berdaya
Kau lemparkan senyuman
Dan mengubah semuanya
Menjadi lebih indah
Ku terjatuh di pelukmu",https://images.genius.com/0fd82b37b52d37f990cbf233244b55d9.1000x1000x1.jpg,https://genius.com/Rizky-febian-ribuan-hati-lyrics
Rizky Febian,Romansa,"Pagiku menyambut mentari
Ku kenakan baju favoritku
Siap tuk menjalani hari (hangat senyummu yang kutunggu)
Tak sabar diri
Basboi here bro
Lekas aku bergegas
Gigi satu tancap gas
Pake mobil atau motor
Let you know girl ku berangkat kantor
Bolak-balik liat arloji
Waktu terasa lambat OMG
Tak sabar aku pulang, tak sabar aku sayang
Tak akan lama lagi kita akan bersulang yeeeaa
Romansa kita berdua kan menjadi cerita
Kala kita menua takkan terlupa
Lampu lampu di kota menjadi saksi kita
Takkan pernah mendua takkan berdusta
Aku takkan bisa lupa, aku ingat semuanya
Keseluruhan mendetail bahkan sampai hal terkecil
Pesanan makan malammu, jumlah bintang malam itu, semua bait tiap lagu
Everything that we listen to
Now I hope that you listen to me bae bae
Ini takkan mudah you will fight fight
Dari manis manis sampai nanti pait pait
Let’s Go!
Romansa kita bеrdua kan menjadi cerita
Kala kita menua takkan tеrlupa
Lampu lampu di kota menjadi saksi kita
Takkan pernah mendua takkan berdusta
Takkan terlupa
Takkan berdusta",https://images.genius.com/5aaf7a4d499d5f71ac9a38a430739a66.640x640x1.jpg,https://genius.com/Rizky-febian-romansa-lyrics
Rizky Febian,Melawan Demi Dunia,"Mungkin tak banyak bicara
Cukup kita lakukan
Mewujudkan semua harapan kita
Kita tak menginginkan
Ini semua terjadi
Dan berdampak besar kepada kita
Sesungguhnya kemenangan
Beriringan dengan kesabaran
Marilah kita semua saling peduli
Demi negeri kita
Percayalah
Kita 'kan buktikan percayalah
Kita 'kan taklukan dunia
Harapan jadi nyata
Impian 'kan terwujud
Karena kita bisa
Percayalah
Kita 'kan buktikan percayalah
Kita 'kan taklukan dunia
Harapan jadi nyata
Impian 'kan terwujud
Karena kita bisa
Kita kuat menghadapi semua
Tegar ketika jatuh
Kita bisa melawan dunia
Menghilangkannya dari dunia
Percayalah
Kita 'kan buktikan percayalah
Kita 'kan taklukan dunia
Harapan jadi nyata
Impian 'kan terwujud
Percayalah
Kita 'kan buktikan percayalah
Kita 'kan taklukan dunia
Harapan jadi nyata
Impian 'kan terwujud
Karena kita bisa
Percayalah
Kita 'kan buktikan percayalah
Kita 'kan taklukan dunia
Harapan jadi nyata
Impian 'kan terwujud
Karena kita bisa
Kita bisa
Lawan demi dunia
Kita bisa
Menghilangkannya dari dunia",https://images.genius.com/19b26773b19aaa26aa8cd989100210bf.300x300x1.jpg,https://genius.com/Rizky-febian-melawan-demi-dunia-lyrics
Mahalini,Buru-Buru,"Antara mentari pagi hari ini
Bersanding dilemaku di hati
Kau hantuiku dengan rayumu
Kau pujakan pesonaku
Yang 'kan pudar seiring waktu
Jangan buru-buru
'Kan kupikir dulu
'Tuk hidupku jadi milikmu
Nanti 'kan ada waktunya, sayangku
Katakan iya padamu
Akankah dirimu terima keadaanku?
Ketika kumulai memutih rambutku
Masihkah kau menghantuiku dengan rayumu?
Kau pujakan pesonaku
Yang 'kan pudar seiring waktu
Jangan buru-buru
'Kan kupikir dulu
'Tuk hidupku jadi milikmu
Nanti 'kan ada waktunya, sayangku
Katakan iya padamu
Jangan buang waktuku
Bila kau masih, masih meragu
Yakinkanku kaulah yang aku mau
Cinta untuk selamanya
(Jangan buru-buru
'Kan kupikir dulu
'Tuk hidupku jadi milikmu
Nanti 'kan ada waktunya, sayangku
Katakan iya)
Jangan kau buru-buru
'Kan kupikir dulu
'Tuk hidupku jadi milikmu
Nanti 'kan ada waktunya, sayangku
Katakan iya padamu",https://images.genius.com/f1a1dccdf21902e33f97014edf4a20e7.1000x1000x1.png,https://genius.com/Mahalini-buru-buru-lyrics
Rizky Febian,Pepatah,"Sekian Lama Ku Sendiri
Hampa Hati Pun Terasa
Ingin Hati Memiliki
Ku Ingat Kata Pepatah
Cinta Sejati Kan Datang
Di Waktu Yang Tidak Tepat
Lalu Kau Datang Padaku
Lemparkan Senyum Manismu
Buat Hati Ku Terpikat
Terpesonanya Ku Dibuatmu Slalu
Kan Ku Buktikan Semuanya Padamu
Dengarkan Isi Hati
Aku Tak Minta Apa - Apa
Ku Ingin Kau Slalu Menemani
Temani Lah Dan Lengkapi Ruang Waktu Yang Kan Jadi Saksinya
Ku Ingat Kata Pepatah
Cinta Sejati Kan Datang
Di Waktu Yang Tidak Tepat
Lalu Kau Datang Padaku
Lemparkan Senyum Manismu
Buat Hati Ku Terpikat
Terpesonanya Ku Dibuatmu Slalu
Kan Kubuktikan Semuanya Padamu
Dengarkan Isi Hati
Aku Tak Minta Apa - Apa
Ku Ingin Kau Slalu Menemani
Temani Lah Dan Lengkapi Ruang Waktu Yang Kan Jadi Saksinya
Aku Tak Minta Apa - Apa
Ku Ingin Kau Slalu Menemani
Temani Lah Dan Lengkapi Ruang Waktu Yang Kan Jadi Saksinya",https://images.genius.com/7d32eeff7947890570274718b7b64c50.1000x1000x1.jpg,https://genius.com/Rizky-febian-pepatah-lyrics
Rizky Febian,Bermuara,"Mm m mm
Bagai derai hujan
Hapus semua jejak
Seluruh hal kelam
Yang menyedihkan
Kau ganti senyuman
Lukiskan khayalan
Susun cerita masa depan
Bisikkan rayuan
Merayu raya bahagia
Sayang
Perjalanan kita kan berlayar
Berlabuh ditujuan yang sama
Bermuara di keabadian
Bagai derai hujan
Hapus semua jejak
Seluruh hal kelam
Yang menyedihkan
Kau ganti senyuman
Lukiskan khayalan
Susun cerita masa depan
Bisikkan rayuan
Merayu raya bahagia
Sayang
Perjalanan kita kan berlayar
Berlabuh ditujuan yang sama
Bermuara di keabadian
Sayang
Perjalanan kita kan berlayar
Berlabuh ditujuan yang sama
Tenang
Peluk tempatku
Pulang
Sayang
Perjalanan kita kan berlayar
Berlabuh ditujuan yang sama
Bermuara di kеabadian
Sayang
Perjalanan kita kan berlayar
Berlabuh ditujuan yang sama
Pеluk tempatku
Pulang",https://images.genius.com/769d679a9662346bc11bcb66226fbfd3.640x640x1.jpg,https://genius.com/Rizky-febian-and-mahalini-bermuara-lyrics
Rizky Febian (feat. Ost. Kata),Merelakan,"Hal tersulit ketika kau ucapkan
Selamat tinggal di hadapanku
Ku pun meragu akan perasaanku
Sanggup ka diri ini
Tak lagi denganmu
Kau harus terima
Semua karena keadaan
Dan kaupun berhak bahagia
Mencoba merelakan
Kepergianmu kali ini
Meski kita tak lagi sama
Tapi kita selalu bahagia
Oh... Oh...
Kau harus terima
Semua karena keadaan
Dan kaupun berhak bahagia
Mencoba merelakan
Kepergianmu kali ini
Meski kita tak lagi sama
Tapi kita selalu bahagia
Mencoba merelakan
Kepergianmu kali ini
Meski kita tak lagi sama
Tapi kita selalu bahagia
Oh... Oh...
Woah...",https://images.genius.com/44098a84b9278f1901796423b3ff3c9f.640x640x1.jpg,https://genius.com/Rizky-febian-feat-ost-kata-merelakan-lyrics
Rizky Febian,Kata,"Na na na na na na
Na na na na na na
Na na na na na
Na na na na na na
Saat pagi datang
Senyum mu merebut pikiranku
Saat siang tiba
Bayangmu bagaikan peneduh jiwa
Setumpuk kata hanya bisa ku uraikan
Dalam serpihan kertas yang berpana
Meyakinkan rasa dan percaya terhadapmu
Dengan sepenuh hati
Tuhan tak pernah keliru memberikan anugerah
Cinta pada hambanya
Karena sebuah cinta pasti datang ada maknanya
Dan tujuannya
Na na na na na na
Na na na na na na
Na na na na na
Na na na na na
Setumpuk kata hanya bisa ku uraikan
Dalam serpihan kertas yang berpena
Meyakinkan rasa dan percaya terhadapmu
Dengan sepenuh hati
Tuhan tak pernah keliru memberikan anugerah
Cinta pada hambanya
Karena sebuah cinta pasti datang ada maknanya
Dan tujuannya
Tuhan tak pernah keliru mеmberikan anugerah
Cinta pada hambanya
Karena sеbuah cinta datang pasti ada maknanya
Dan tujuannya
Na na na na na na
Na na na na na na
Na na na na na
Na na na na na",https://images.genius.com/769d679a9662346bc11bcb66226fbfd3.640x640x1.jpg,https://genius.com/Rizky-febian-kata-lyrics
