artist,title,lyrics_clean,image_url,genius_url
Tulus,Monokrom,lembar foto hitam putih aku coba ingat lagi warna baju kala itu kali pertama di hidup manusia lain peluk lembar foto hitam putih aku coba ingat lagi wangi rumah di sore itu kue cokelat balon warna warni pesta hari ulang tahun mana kalian ada kirim terima kasih untuk warna dalam hidup dan banyak kenang indah kau luk aku lembar foto hitam putih kembali ingat malam hitung hitung bintang saat mata sulit tidur suara buat lelap mana kalian ada kirim terima kasih untuk warna dalam hidup dan banyak kenang indah kau luk aku kita tak pernah tahu berapa lama kita beri waktu jika aku pergi lebih dulu jangan lupa aku ini lagu untuk ungkap terima kasih outro lembar hitam putih aku coba ingat warna demi warna di hidup tak akan ku kenal cinta bila bukan karena hati baik,https://images.genius.com/6e95982d7ec2ba6e90fe5aa42fe1102e.1000x1000x1.png,https://genius.com/Tulus-monokrom-lyrics
Tulus,Tukar Jiwa,aku habis cara tuk jelas pada mengapa sulit tuk lupa aku habis cara tuk gambar pada kau di mata dan di pandang coba hari saja coba satu hari saja kau jadi diri kau akan erti kau akan erti bagaimana ku lihat post kagum sayang dari sudut pandang dari sudut pandang aku habis cara tuk gambar pada kau di mata dan di pandang anda satu hari tukar jiwa kau akan erti dan henti tanya tanya coba hari saja coba satu hari saja kau jadi diri kau akan erti kau akan erti bagaimana ku lihat coba hari saja coba satu hari saja kau jadi diri kau akan erti kau akan erti bagaimana ku lihat post kagum sayang kagum sayang dari sudut pandang dari sudut pandang dari sudut pandang dari sudut pandang,https://images.genius.com/6e95982d7ec2ba6e90fe5aa42fe1102e.1000x1000x1.png,https://genius.com/Tulus-tukar-jiwa-lyrics
Tulus,Langit Abu-Abu,tak mungkin cepat itu kau lupa air mata sedih kala itu ungkap semua kurang semua dari yang tak dia punya daya pikat yang memang engkau punya sungguh sungguh ingin aku lindung dan telah luka luka reda kau lupa aku juga punya rasa pre lalu kau pergi kembali dengan aku pernah sentuh apa kau malu di bawah basah kau di mana di lengang malam tuju minggu kau di mana kadang dering masih ada nama beberapa pesan singkat untuk entah apa maksud yang tahu sayang aku telah keliru pre ayo tulis di buku hari kelak jelas bila engkau punya waktu di bawah basah kau di mana di lengang malam tuju minggu kau di mana temu kau dengan sang puas benar senang rasa hati temu kau dengan sang puas benar senang rasa hati di bawah basah kau di mana di lengang malam tuju minggu kau di mana di bawah basah kau di mana di lengang malam tuju minggu kau di mana kau di mana,https://images.genius.com/6e95982d7ec2ba6e90fe5aa42fe1102e.1000x1000x1.png,https://genius.com/Tulus-langit-abu-abu-lyrics
Tulus,Manusia Kuat,kau bisa patah kaki tapi tidak mimpi mimpi kau bisa lumpuh tangan tapi tidak mimpi mimpi kau bisa rebut senyum tapi sungguh tak akan lama kau bisa robek hati tapi aku tahu obat manusia itu kita jiwa jiwa yang kuat itu kita manusia itu kita jiwa jiwa yang kuat itu kita kau bisa hitam putih kau tak gelap apa kau bisa runtuh jalan kan temu jalan yang lain manusia itu kita jiwa jiwa yang kuat itu kita manusia itu kita jiwa jiwa yang kuat itu kita bila bukan hendak nya tidak satu pun culas akan bawa bahaya manusia itu kita jiwa jiwa yang kuat itu kita manusia itu kita jiwa jiwa yang kuat itu kita manusia itu kita jiwa jiwa yang kuat itu kita manusia itu kita jiwa jiwa yang kuat itu kita outro kau bisa patah kaki patah tangan rebut senyum hitam putih hati tapi tidak mimpi mimpi,https://images.genius.com/6e95982d7ec2ba6e90fe5aa42fe1102e.1000x1000x1.png,https://genius.com/Tulus-manusia-kuat-lyrics
Tulus,1000 Tahun Lamanya,bila kau sanggup untuk lupa dia biar aku hadir dan tata ruang hati yang telah tutup lama jika kau masih ragu untuk terima biar hati kecil bicara karena ku yakin kan datang saat pre kau jadi bagi hidup kau jadi bagi hidup tak pernah henti untuk selalu percaya walau harus tunggu ribu tahun lama biar jadi wajar apa ada walau harus tunggu ribu tahun lama jika kau masih ragu untuk terima biar hati kecil bicara karena ku yakin kan datang saat pre kau jadi bagi hidup kau jadi bagi hidup tak pernah henti untuk selalu percaya walau harus tunggu ribu tahun lama biar jadi wajar apa ada walau harus tunggu ribu tahun lama lama apa itu lama apa itu ku kan setia tunggu tak pernah henti untuk selalu percaya walau harus tunggu tak pernah henti untuk selalu percaya walau harus tunggu ribu tahun lama biar jadi wajar apa ada walau harus tunggu ribu tahun lama,https://images.genius.com/3a860c5a7fac968aec4d08721f3dc762.1000x1000x1.png,https://genius.com/Tulus-1000-tahun-lamanya-lyrics
Tulus,Ruang Sendiri,beri aku sempat tuk bisa rindu jangan datang terus beri juga aku ruang bebas dan sendiri jangan ada terus pre aku butuh tahu berapa butuh kamu percaya rindu itu baik untuk kita pagi lihat jelang siang kau tahu aku ada di mana sore nanti tak pernah sekali pun ada malam yang dingin hingga aku lupa rasa sepi tak lagi sepi bisa harga baik buruk ubah tak akan kau sadar kita evolusi bila kita ingin tahu berapa besar rasa yang kita punya kita butuh ruang pagi lihat jelang siang kau tahu aku ada di mana sore nanti tak pernah sekali pun ada malam yang dingin hingga aku lupa rasa sepi tak lagi sepi bisa harga kita tetap butuh sendiri untuk tetap harga oh rasa sepi pagi lihat jelang siang kau tahu aku ada di mana sore nanti tak pernah sekali pun ada malam yang dingin hingga aku lupa rasa sepi pagi lihat jelang siang kau tahu aku ada di mana sore nanti tak pernah sekali pun ada malam yang dingin hingga aku lupa rasa sepi tak lagi sepi bisa harga tak lagi sepi bisa harga,https://images.genius.com/6e95982d7ec2ba6e90fe5aa42fe1102e.1000x1000x1.png,https://genius.com/Tulus-ruang-sendiri-lyrics
Tulus,Gajah,tidak punya tujuh puluh tahun tak bisa lompat mahir renang bahagia lihat kawan betina kumpul sama sampai ajal besar dan berani perang sendiri yang aku hindar hanya semut kecil otak ini cerdas rakit angka wajah tak akan pernah aku lupa pre waktu kecil dulu mereka tertawa mereka panggil ku marah ku marah kini baru ku tahu puji di dalam olok mereka ingat ku marah jabat tangan panggil aku kau teman kau doa aku punya otak cerdas aku harus tangguh bila jatuh lain bantu tubuh di situasi rela jadi tameng kecil kita tak tahu apa apa wajar bila terlalu cepat marah kecil kita tak tahu apa apa yang buruk kelak bisa jadi yang baik yang buruk kelak bisa jadi yang baik kau teman kau doa aku punya otak cerdas aku harus tangguh bila jatuh lain bantu tubuh di situasi rela jadi tameng kau teman kau doa aku punya otak cerdas aku harus tangguh bila jatuh lain bantu tubuh situasi rela jadi tameng,https://images.genius.com/7cb36949e06cd83f0b745dc37156c482.1000x1000x1.png,https://genius.com/Tulus-gajah-lyrics
Tulus,Pamit,adalah buah lagu yang cerita tentang pisah lihat dalam segi tema lagu ini seperti windu namun dapat beda pada sudut pandang dua lagu pada windu hayati asa read more tubuh saling sandar ke arah mata angin beda kau tunggu datang malam saat ku nanti fajar sudah coba bagai cara agar kita tetap sama yang sisa dari kisah ini hanya kau takut hilang pre debat apa tuju kata pisah jangan paksa genggam izin aku pergi dulu yang ubah hanya tak lagi milik kau masih bisa lihat kau harus percaya ku tetap teman baik sudah coba bagai cara agar kita tetap sama yang sisa dari kisah ini hanya kau takut hilang pre debat apa tuju kata pisah jangan paksa genggam huu huu yang ubah hanya tak lagi milik huu huu kau harus percaya ku tetap teman baik izin aku pergi dulu yang ubah hanya tak lagi milik kau masih bisa lihat kau harus percaya ku tetap teman baik english each of us is inclined to different cardinal directions you are expecting night to come while i am waiting for dawn we have tried every ways for us to stay together what is left from this story is your apprehensiveness of me disappearing pre whatever the disputation is leading to the word separation don t force your hold let me go first what will change is only that i m not yours anymore you still can see me you must believe i m still your good friend we have tried every ways for us to stay together what is left from this story is your apprehensiveness of me disappearing pre whatever the disputation is leading to the word separation don t force your hold you must believe i m still your good friend huu huu what will change is only that i m not yours anymore huu huu you must believe i m still your good friend let me go first what will change is only that i m not yours anymore you still can see me you must believe i m still your good friend,https://images.genius.com/d1e7e4f8e7b95e24735e305bfc451a94.1000x1000x1.png,https://genius.com/Tulus-pamit-lyrics
Tulus,Teman Hidup,dia indah retas gundah dia yang lama ini ku nanti bawa sejuk manja rasa dia yang selalu ada untuk di dekat aku lebih tenang sama jalan lebih terang tetap sama jadi teman hidup dua kita hadap dunia kau milik milik kita satu tuju sama arung deras waktu kau milik ku milik kau milik ku milik di dekat aku lebih tenang sama jalan lebih terang tetap sama jadi teman hidup dua kita hadap dunia kau milik ku milik kita satu tuju sama arung deras waktu bila di depan nanti banyak coba untuk kisah cinta kita jangan cepat serah kau punya aku ku punya kamu lama akan begitu tetap sama jadi teman hidup dua kita hadap dunia kau milik ku milik kita satu tuju sama arung deras waktu kau milik ku milik kau jiwa yang selalu aku puja,https://images.genius.com/0e1f7461eb12776a27ba6485d9461d56.1000x1000x1.png,https://genius.com/Tulus-teman-hidup-lyrics
Yura Yunita,Buka Hati,duhai diri ubah arus jadi arah yang dia suka rendah hati duhai alam hujan dia dengan cinta dan hati yang buka aku sayang dan buka hati ada jalan untuk milik sayang dan buka hati ada jalan untuk milik sayang oh duhai alam hujan dia dengan cinta dan hati yang buka aku sayang dan buka hati ada jalan untuk milik sayang oh dan buka hati ada jalan untuk milik sayang oh dan buka hati ada jalan untuk milik sayang oh dan buka hati ada jalan untuk milik sayang oh outro biar reda hati akupunya kasih yang lama kura untuk kamu,https://images.genius.com/45248d0a5b49da1d5164fb7445064a12.1000x1000x1.png,https://genius.com/Yura-yunita-buka-hati-lyrics
Tulus,Jangan Cintai Aku Apa Adanya,tak sulit dapat mu karena sejak lama kau pun incar tak perlu lama lama tak perlu banyak tenaga ini asa mudah kau trima semua kurang kau tak pernah marah bila ku salah engkau selalu puji apa hasil tangan yang tidak jarang payah reff jangan cinta aku apa ada jangan tuntut sesuatu biar kita jalan ke depan kau terima semua kurang kau tak pernah marah bila ku salah engkau selalu puji apa hasil tangan yang tidak jarang payah reff jangan cinta aku apa ada jangan tuntut sesuatu biar kita jalan ke depan aku ingin lama jadi peta aku ingin jadi jago mu reff 2x jangan cinta aku apa ada jangan tuntut sesuatu biar kita jalan ke depan,https://images.genius.com/7cb36949e06cd83f0b745dc37156c482.1000x1000x1.png,https://genius.com/Tulus-jangan-cintai-aku-apa-adanya-lyrics
Yovie Widianto,Adu Rayu,tulus mau lagi kau ulang ragu dan sendu yang lama dia yang dulu pernah sama pahat kecewa pre tulus atau kau ingin yang baru sungguh sayang tulus aku ingin diri yang jadi milik sama mulai hari ini hilang ruang untuk cinta yang lain glenn paruh jalan pernah lewat meski ada kecewa aku yang dulu tak begitu lagi tak ulang pre glenn jangan dulu engkau paling beri sempat glenn aku ingin diri tetap jadi milik sama mulai hari baru hilang ruang untuk cinta yang lain tulus glenn lupa dia pergi dengan lupa ragu dengan aku aku aku tulus glenn both aku ingin diri aku ingin diri tetap jadi milik jangan ulang ragu sama mulai hari baru hilang ruang untuk cinta yang lain aku ingin diri aku ingin diri yang jadi milik tengah jalan dengan sama mulai hari ini hilang ruang untuk cinta yang lain outro tulus both layak untuk cantik itu aku,https://images.genius.com/d885e56873516018df1dcfd23cf7eeeb.1000x1000x1.png,https://genius.com/Yovie-widianto-adu-rayu-lyrics
Tulus,Sewindu,sudah ku di dekat ada di tiap pagi di panjang hari tak mungkin bila engkau tak tahu bila ku simpan rasa yang pendam sejak lama tiap pagi ku tunggu di depan pintu siap senyum baik agar cerah hari cukup bagi lihat senyum manis di tiap pagi siang malam pre saat dia datang pesona bagai pangeran dan beri kau harap bual cinta di masa depan dan kau lupa aku semua usaha semua pagi kita semua malam kita oh tak akan lagi ku tunggu di depan pintu dan tak ada lagi tutur manis rayu tiap pagi ku tunggu di depan pintu siap senyum baik agar cerah hari cukup bagi lihat senyum manis di tiap pagi siang malam pre saat dia datang pesona bagai pangeran dan beri kau harap bual cinta di masa depan engkau lupa aku semua usaha semua pagi kita semua malam kita oh tak akan lagi ku tunggu di depan pintu dan tak ada lagi tutur manis rayu oh tak akan lagi ku tunggu di depan pintu dan tak ada lagi tutur manis rayu jujur memang sakit di hati bila kini nyata engkau pilih dia tak lagi ku bodoh ini larut di dalam angan angan tanpa tuju oh tak akan lagi ku tunggu di depan pintu dan tak ada lagi tutur manis rayu oh tak akan lagi ku tunggu di depan pintu dan tak ada lagi tutur manis rayu,https://images.genius.com/0e1f7461eb12776a27ba6485d9461d56.1000x1000x1.png,https://genius.com/Tulus-sewindu-lyrics
Tulus,Hati-Hati di Jalan,english jalan bawa temu dengan ku temu kamu seperti yang cari konon aku juga seperti yang kau cari pre kira kita asam dan garam dan kita temu di belanga kisah yang nyata tak indah itu kira kita akan sama begitu banyak yang sama latar dan latar kira tak ada kendala kira ini kan mudah kau aku jadi kita kasih sayang bekas redam kini sudah pijar istimewa entah apa maksud dunia tentang ujung cerita kita tak sama pre moga rindu ini hilang konon kata waktu sembuh akan ada lagi yang seperti kira kita akan sama begitu banyak yang sama latar dan latar kira tak ada kendala kira ini kan mudah kau aku jadi kita kau lanjut jalan ku lanjut jalan uh uhh uh kira kita akan sama begitu banyak yang sama latar dan latar kira tak ada kendala kira ini kan mudah kau aku jadi kita kira kita akan sama outro,https://images.genius.com/b8c8aad22946baa1e6c3dbde8b003506.1000x1000x1.png,https://genius.com/Tulus-hati-hati-di-jalan-lyrics
Tulus,Cahaya,ratus hari ku kenal ratus alas kamu harga ratus hari ku sama ratus alas kamu pre mampu kau akrab dengan senyum dan tawa mampu tak lagi perlu kau takut cinta bila aku pegang kendali penuh pada aku pasti jalan terang bila aku pegang kendali penuh pada aku pasti jalan terang tak mudah lagi sendu ganggu kau tahu cara buat tertawa tak mudah kusut dalam kemelut kau tahu cara urai semua bila aku pegang kendali penuh pada aku pasti jalan terang bila aku pegang kendali penuh pada aku pasti jalan terang outro duhai terima aku aku ingin kau lihat yang kau punya aku ingin kau kembali bisa percaya pada diri dan mampu,https://images.genius.com/6e95982d7ec2ba6e90fe5aa42fe1102e.1000x1000x1.png,https://genius.com/Tulus-cahaya-lyrics
Tulus,Interaksi,mana ku tahu datang hari ini hari di mana ku lihat dia yang tak aku bidik yang tak aku cari duga benih patah hati lagi tahu begini jika bisa pilih tak temu pasti itu yang pilih jika bisa hindar garis itu yang pilih ingin bawa ke tempat tempat indah tipikal klise ingin tahu pikir entah ini ingin entah ini sayang si hati rapuh tantang wahana oh lagi lagi aku yang tak kendal di oasis sendu itu yang pilih hmm aku yang tak kuasa kendali hati tak semua pilih alam dan seluruh energi apa dalam cipta ada aku bila bukan untuk aku hindar dari patah hati itu jika dia memang bisa untuk sini dekat dan dekat dan jika dia memang bukan untuk tolong outro reda dan reda reda dan reda reda dan reda atau dekat,https://images.genius.com/b8c8aad22946baa1e6c3dbde8b003506.1000x1000x1.png,https://genius.com/Tulus-interaksi-lyrics
Dere,Kota,di ini habis hujan desember yang lalu di ini dalam ruang sejuk udara pre kau dan wangi sanding dengan riuh angin luar udara mana kini yang kau hirup hujan mana kini yang kau peluk mana pun kau kini rindu tentang tak pernah pergi jalan ini kuning langit kendara dengan tajam mentari tembus pelan bening teduh mata pre kau dan wangi padu utuh tabung kelak rindu udara mana kini yang kau hirup hujan mana kini yang kau peluk mana pun kau kini hmm rindu tentang tak pernah pergi udara mana kini yang kau hirup hujan mana kini yang kau peluk mana pun kau kini uh uuh rindu tentang tak pernah pergi rindu tentang tak pernah pergi,https://images.genius.com/f831fc9ee80c44e4479e33358c1b3050.1000x1000x1.png,https://genius.com/Dere-kota-lyrics
Tulus,Tujuh Belas,intro muda jiwa lama muda kisah kita abadi lama muda jiwa lama muda kisah kita abadi lama masih kau ingat di saat kita masih waktu di mana tanggal tanggal merah asa sungguh riah masih kau ingat coba berat kita matematika masih engkau ingat lagu di radio yang merdu udara kita masih bebas itu rasa takut yang tak pernah ganggu batas naluri bahaya dulu tinggi lebih logika post hu uuh hu uuh uh hu uuh hu uuh uh putar bumi dan waktu yang terus jalan tempa kita walau kini kita pisah namun jiwa tetap di sana di masa masih bebas itu ooh di masa rasa takut yang tak pernah ganggu di masa naluri bahaya dulu tinggi lebih logika post hu uuh hu uuh uh hu uuh hu uuh uh muda jiwa lama muda kisah kita abadi lama kita masih bebas itu kita masih bebas itu rasa takut yang tak pernah ganggu rasa takut yang tak pernah ganggu batas naluri bahaya haaa dulu tinggi lebih logika haaa s deras apa pun arus di hidup genggam terus k nang tentang kita berapa pun dewasa uji tak lebih dari yang engkau bisa dan kisah kita abadi untuk lama lama outro hu uuh hu uuh uh hu uuh hu uuh uh haaa hu uuh haaa hu uuh uh haaa hu uuh haaa hu uuh uh hu uuh hu uuh uh hu uuh hu uuh uh,https://images.genius.com/b8c8aad22946baa1e6c3dbde8b003506.1000x1000x1.png,https://genius.com/Tulus-tujuh-belas-lyrics
Tulus,Tergila-gila,hari ini kau mesra besok lusa kau dingin kau buat penasaran bisa hilang minggu lalu terus di sisi kau buat penasaran tahu hati ini luluh lihat wajah yang sendu itu yang paling kau andal pre kau menang menang hati kau buat kau pintar buat aku rindu kau buat sayang ini bukan yang pertama tapi ini paling tarik ini bukan yang pertama tapi ini paling tarik aku tahu kau ingin temu tapi lagak tak mau kau ahli main tahu hati ini luluh lihat wajah yang sendu itu yang paling kau andal ooh pre kau menang menang hati kau buat kau pintar buat aku rindu kau buat sayang ini bukan yang pertama tapi ini paling tarik ini bukan yang pertama tapi ini paling tarik ini bukan yang pertama tapi ini paling tarik ini bukan yang pertama tapi ini paling tarik interlude pre kau menang menang hati kau buat kau pintar buat aku rindu kau buat sayang ini bukan yang pertama tapi ini paling tarik ini bukan yang pertama tapi ini paling tarik ini bukan yang pertama tapi ini paling tarik ini bukan yang pertama tapi ini paling tarik ini bukan yang pertama tapi ini paling tarik ini bukan yang pertama tapi ini paling tarik ini bukan yang pertama tapi ini paling tarik ini bukan yang pertama tapi ini paling tarik outro hari ini kau mesra besok lusa kau dingin kau buat penasaran,https://images.genius.com/6e95982d7ec2ba6e90fe5aa42fe1102e.1000x1000x1.png,https://genius.com/Tulus-tergila-gila-lyrics
Tulus,Lekas,saat larut dalam sedih tak henti putar bumi saat gentar hela nafas tak henti cepat laju masa henti tangis binar mata waktu sangat batas henti tangis harga nafas waktu sangat batas yang cinta datang pergi tak hindar tekan hati lirih ajar kau bahagia waktu waktu kian asa harga henti tangis binar mata waktu sangat batas henti tangis harga nafas waktu sangat batas waktu enggan tunggu dunia terlalu ramai untuk manja enyah semua sedih kau layak untuk terus terus senyum henti tangis binar mata waktu sangat batas henti tangis harga nafas waktu sangat batas outro henti tangis harga nafas waktu sangat batas,https://images.genius.com/6e95982d7ec2ba6e90fe5aa42fe1102e.1000x1000x1.png,https://genius.com/Tulus-lekas-lyrics
Tulus,Satu Hari di Bulan Juni,kita tak perlu terlalu banyak uang kita bahagia meski tak mana mana kamu cantik cantik meski tanpa bedak tanpa bedak rasa ini senang di dada milik milik peluk aku merdu ku dengar debar jantung oh tenang sayang semua kan baik baik saja kamu cantik cantik meski tanpa bedak tanpa bedak rasa ini senang di dada milik milik peluk aku merdu ku dengar debar jantung oh tenang sayang semua kan baik baik saja oh kita kan baik baik saja kita kan baik baik saja kita kan baik baik saja,https://images.genius.com/7cb36949e06cd83f0b745dc37156c482.1000x1000x1.png,https://genius.com/Tulus-satu-hari-di-bulan-juni-lyrics
Tulus,Sepatu,kita adalah pasang selalu sama tak bisa satu kita mati bagai tak jiwa gerak karena kaki manusia aku sang kanan kamu sang kiri ku senang bila ajak lari kencang tapi aku takut kamu lelah ku tak masalah bila kena hujan tapi aku takut kamu dingin hook kita sadar ingin sama tapi tak bisa apa apa asa lengkap bila kita dua asa sedih bila kita di rak beda di dekat kotak bagai nirwana tapi saling sentuh pun kita tak daya ku senang bila ajak lari kencang tapi aku takut kamu lelah ku tak masalah bila kena hujan tapi aku takut kamu dingin kita sadar ingin sama tapi tak bisa apa apa kita sadar ingin sama tapi tak bisa apa apa asa lengkap bila kita dua asa sedih bila kita di rak beda di dekat kotak bagai nirwana tapi saling sentuh pun kita tak daya cinta memang banyak bentuk mungkin tak semua bisa satu,https://images.genius.com/7cb36949e06cd83f0b745dc37156c482.1000x1000x1.png,https://genius.com/Tulus-sepatu-lyrics
Tulus,Diri,hari ini kau damai dengan diri sendiri kau maaf semua salah ampun diri hari ini ajak lagi diri bicara mesra jujur pada diri kau bisa percaya maaf semua yang lalu ampun hati kecil luka luka hilang luka biar tenteram yang kuasa kau terlalu harga untuk luka kata pada diri semua baik baik saja bisik terima kasih pada sendiri hebat dia terus jaga dan sayang suara bilang pada jangan paksa apa pun suara ingat terus aku makna cukup luka luka hilang luka biar senyum jadi senjata kau terlalu harga untuk luka kata pada diri semua baik baik saja bila lelah menep hayati alur napas luka luka hilang luka biar tenteram yang kuasa kau terlalu harga untuk luka kata pada diri semua baik baik saja luka luka hilang luka biar senyum jadi senjata kau terlalu harga untuk luka kata pada diri semua baik baik saja semua baik baik saja,https://images.genius.com/b8c8aad22946baa1e6c3dbde8b003506.1000x1000x1.png,https://genius.com/Tulus-diri-lyrics
Tulus,Bunga Tidur,bekas gincu di sudut bibir kiri di depan cermin sabtu pagi aku tak tahu ini punya siapa cukup jauh dari mabuk rasa untuk tak mimpi entah ini tanda apa sering malu karna sujud hanya bila tekan duhai pria yang aku ngaku dewasa kurun kebal beku didih pun tak mampu ini dia si jago malu bila kau pikir aku kuat itu dua empat tujuh aku bahagia reff kau salah kawan ku lindung dendang ini musik dia pagar jarak pandang mustahil tak celah di depan cermin sabtu pagi aku bicara dengan pantul bisa bawa kubur jauh dari dar angka hantu pikir kadang aku jatuh cinta kadang naik si pitam kadang gelap malam kadang semua tuli reff 2x lama ku lihat engkau senang yang lain ku simpan sendiri,https://images.genius.com/7cb36949e06cd83f0b745dc37156c482.1000x1000x1.png,https://genius.com/Tulus-bunga-tidur-lyrics
Tulus,Baru,tak perlu kau ajak aku bicara tak akan pernah ku dengar nya ini aku yang dulu bahkan tak dapat belah dengar dari telinga tak perlu solek wang bunga tak akan mampu luluh hati ini aku yang dulu bahkan tak dapat belah mata dari pandang reff nikmat kejut ini aku yang nikmat rasa rindu tak lagi di kuasa tak perlu gelitik aku tertawa tak lagi lihat ada yang lucu ini aku yang dulu nama terus jadi sisip tiap lelucon reff 2x dari dulu kamu tau patuh aku demi kamu dulu lalu tinggal dulu ini aku yang reff 2x,https://images.genius.com/7cb36949e06cd83f0b745dc37156c482.1000x1000x1.png,https://genius.com/Tulus-baru-lyrics
Dere,Tanya,dari sekian bintang cakrawala apa hanya kita saja yang nyawa lahir kita semua tak daya lalu hidup kita mesti upaya dan dewasa paksa pikul raya banyak yang aku tak tahu yang kamu tak akan juga tahu jawab jenak henti tanya nikmat saja waktu yang kita punya nikmat saja waktu yang punya mustahil untuk paham tak sepenuh kau pun paham tak tahu mungkin memang nadi kita hmm mungkin bila semua aku paham mungkin rasa ini tak tarik lagi banyak yang aku tak tahu yang kamu tak akan juga tahu jawab jenak henti tanya nikmat saja waktu yang kita punya nikmat saja waktu yang punya aku tak pernah tahu mana pergi jiwa saat tidur tubuh hidup dan segala misteri boleh terjang dengamu banyak yang aku tak tahu yang kamu tak akan juga tahu jawab jenak henti tanya nikmat saja waktu yang kita punya nikmat saja waktu yang punya banyak yang aku tak tahu yang kamu tak akan juga tahu jawab jenak henti tanya nikmat saja waktu yang kita punya nikmat saja waktu yang punya,https://images.genius.com/1bcace202c468b09ce1106d228f9b465.1000x1000x1.png,https://genius.com/Dere-tanya-lyrics
Tulus,Jatuh Suka,sungguh ku tidak milik daya di depan harum sungguh kunci kata yang tata di depan raga uuh uhh pre bila kau lihat ku tanpa sengaja begini surga bayang bila kau ajak bicara ini semua bukan salah punya magis rekat yang kuat itu dari lahir sudah begitu maaf aku pre bila kau lihat ku tanpa sengaja uuh begini surga bayang bila kau ajak bicara ini semua bukan salah punya magis rekat yang kuat itu dari lahir sudah begitu maaf aku bila kau kenan biar di samping rang satu jiwa yang sepi ini semua bukan salah punya magis rekat yang kuat itu dari lahir sudah begitu maaf ohh uhh ini semua bukan salah punya magis rekat yang kuat itu dari lahir sudah begitu maaf aku hmm aku,https://images.genius.com/b8c8aad22946baa1e6c3dbde8b003506.1000x1000x1.png,https://genius.com/Tulus-jatuh-suka-lyrics
Tulus,Bumerang,dia biar ku jatuh cinta lalu dia pergi enak hantu ragu tapi tak peduli gegabah jadi alas pandang yang tak lupa lama sudah aku tak punya lalu dia pergi tunggu di paksa rayu untuk bicara reff sudah jauh kini aku jalan tinggal diri tak ku lihat lagi apa yang buta raga sementara kau sibuk dengan main dengan hati yang lain nama yang lain sibuk rakit tuk serang balik serang dia bilang telah salah langkah kagum keliru arah puisi dan lagu yang sering ku tulis hanya itu yang dia mau tapi hati reff sudah jauh kini aku jalan tinggal diri tak ku lihat lagi apa yang buta raga sementara kau sibuk dengan main dengan hati yang lain nama yang lain sibuk rakit tuk serang balik serang tak ada maaf untuk dia nanti aku kan balas dia harus tahu cinta ini benar bukan hanya mau biasa dia harus tahu cinta ini benar bukan hanya mau biasa,https://images.genius.com/7cb36949e06cd83f0b745dc37156c482.1000x1000x1.png,https://genius.com/Tulus-bumerang-lyrics
Tulus,Mahakarya,bapak pernah kata saat jiwa pisah dari raga dia kan terbang hinggap karya baik kita ibu pernah kata jangan gantung pada untung senang dan tidak senang hidup gantung kerja keras beri hati pada tiap kerja keras karya karya beri hati pada tiap kerja keras karya karya interlude beri hati pada tiap kerja keras karya karya beri hati pada tiap kerja keras karya karya aku bisa rasa dia bisa rasa semua bisa rasa outro biar hati terus bicara mungkin kali ini mungkin kali ini mungkin kali ini lahir mahakarya,https://images.genius.com/6e95982d7ec2ba6e90fe5aa42fe1102e.1000x1000x1.png,https://genius.com/Tulus-mahakarya-lyrics
Dere,Berisik,intro du du du du du du du du du oh manusia mulut satu dan bicara lantang lidah tutup gigi tapi bagai pampang oh manusia akal budi tapi terkadang lupa kalau hidup di dunia hanya tamu saja bicara cukup tak semua harus ucap hmm oh manusia punya hati tapi tak hati hati alas logika sering rasa benar bicara cukup tak semua harus ucap hmm du du du du du du du du du du du du du du du du du du du du du du du du du du yeah outro aku manusia tulis lagu ini bukan karena aku rasa paling benar tapi karena rasa kadang ku juga lupa tuk bicara cukup,https://images.genius.com/6aa4d0005b2798a2460ecb36525ee0b6.1000x1000x1.png,https://genius.com/Dere-berisik-lyrics
Andien,Belahan Jantungku,cinta jauh belum ku lihat wajah wajah sayang semenjak jari masih satu satu pre tumbuh yang sungguh sayang yang benar senyum senyum sedih sedih oh dunia ramah pada cinta jauh belum ku lihat wajah wajah sayang semenjak jari masih satu satu pre tumbuh yang sungguh sayang yang benar senyum senyum sedih sedih oh dunia ramah pada senyum senyum sedih sedih oh dunia ramah pada outro sayang,https://images.genius.com/9d613e8657e9ff72c88f9328d7612889.1000x1000x1.png,https://genius.com/Andien-belahan-jantungku-lyrics
Tulus,Nala,tentang dan hati yang sedang bunga malam nanti ada janji yang tunggu uhh uuh pilih baju pantas dan gaya tak sabar ingin segera malam tiba tujuh tepat pesan singkat terima kabar dari yang tunggu jadi tak bisa tak bisa temu lama rasa sulit suka bagi malam ini istimewa sedih dia kembali masuk kamar tentang dan murung hati hmm mm figur sederhana tak ramai keliling sembilan dua lahir hari besar bagi bila lihat benih cinta bagi itu langka lama rasa sulit suka bagi malam ini istimewa sedih dia kembali masuk kamar tentang dan murung hati ooh ooh ooh ooh ooh ooh ooh ooh ooh ooh ooh ooh outro lalu kirim singkat buah pesan kepada tanya kapan ada waktu lain lagi,https://images.genius.com/b8c8aad22946baa1e6c3dbde8b003506.1000x1000x1.png,https://genius.com/Tulus-nala-lyrics
Tulus,Labirin,ku cari tahu tentang tanggal dan tahun lahir ku ajar rasi bintang tebak pribadi tokoh kartun favorit dan warna gemar ku telusur di titik mana kita kan temu pre bius aku bius aku dengan tatap tatap misteri siksa tapi sungguh candu sungguh candu lika liku labirin tak kan urung niat betapa yakin kita dua bisa satu labirin jebak aku dalam labirin labirin sesat sesat di adiwarna pesona labirin jebak aku dalam labirin labirin labirin sesat sesat di adiwarna pesona cari tau tentang tanggal dan tahun lahir ajar rasi bintang tebak pribadi pre bius aku bius aku dengan tatap tatap misteri siksa tapi sungguh candu sungguh candu sungguh candu labirin jebak aku dalam labirin labirin labirin sesat sesat di adiwarna pesona outro lika liku labirin tak kan urung niat betapa ku yakin kita dua bisa satu,https://images.genius.com/7765e8bc3c0c7f76de00bda45a1650ed.1000x1000x1.png,https://genius.com/Tulus-labirin-lyrics
Tulus,Kelana,jebak di dalam baja roda di bawah raksasa tinggi hantu bayang bayang kelam rebut udara jernih di ramai kota gantung mimpi yang entah di mana kita ke mana mau ke mana hendak cari apa tumpuk untuk apa kita ke mana mau ke mana hendak cari apa tumpuk untuk apa terik di mata dingin di raga keringat untuk apa hantu ringkih lelah badan juta alas untuk lari pergi juta alas tetap di sini hmm kita ke mana mau ke mana hendak cari apa tumpuk untuk apa kita ke mana mau ke mana hendak cari apa tumpuk untuk apa lihat langit di balik jendela bening yang jadi arena juang bas jam tiap hari hari di mana mimpi di mana depan dulu yang jadi alamat tuju uhh uuh uh kita ke mana mau ke mana hendak cari apa tumpuk untuk apa mimpi mimpi mimpi mimpi mimpi bukan mimpi mimpi mimpi bukan mimpi mimpi kita ke mana mau ke mana hendak cari apa tumpuk untuk apa kita ke mana mau ke mana hendak cari apa tumpuk uang untuk apa,https://images.genius.com/b8c8aad22946baa1e6c3dbde8b003506.1000x1000x1.png,https://genius.com/Tulus-kelana-lyrics
Tulus,Ingkar,iya sudah sekata pisah tak sama lagi sama hadap engkau pun seperti tak enggan akhir ku dengan bunga baru jiwa sepi obat terus cari celah dua bicara topik ada ada ingkar kita aku coba dengan yang baru kira hilang bayang namun tiap dengan yang baru rasa seperti ku bohong dan curang ku dengan bunga baru jiwa sepi obat terus cari celah arang temu tuju ada ada aku coba dengan yang baru kira hilang bayang namun tiap dengan yang baru rasa seperti ku bohong dan curang detik detik terus titik garis rindu tuju kamu jam demi jam terus geram rona rindu pun k pada mungkin kita butuh waktu atau dua ingkar hati detik d tik terus titik kisah kita tidak titik aku coba dengan yang baru kira hilang bayang namun tiap dengan yang baru rasa seperti ku bohong dan curang ooh aku coba dengan yang baru kira hilang bayang namun tiap dengan yang baru rasa seperti ku bohong dan curang ku curang curang,https://images.genius.com/8582a5a2e222e1b4a24f43f9bd79585b.1000x1000x1.png,https://genius.com/Tulus-ingkar-lyrics
Tulus,Adaptasi,diam di dalam rumah ini dengan dari malam hingga malam lagi kungkung langkah ragu tak mana mana dari rabu hingga rabu lagi pre makin banyak waktu tuk bicara makin paham harap apa makin banyak waktu tuk sama syukur kau utuh jiwa raga bila ini belum kan reda tetap kita saling jaga hari depan tak ada yang tau hadir sangat harga ku ingin engkau tau aku sayang kamu kita di bawah atap lindung yang sama tunggu tenang langit pagi sadar indah kerut wajah yang baru tenteram setia awal pre makin banyak waktu sama makin mahir ku tata rindu makin banyak waktu di dekat makin paham apa doa bila ini belum kan reda tetap kita saling jaga hari depan tak ada yang tau hadir sangat harga ku ingin engkau tau aku sayang kamu aku sayang kamu,https://images.genius.com/ab87132ae34099ef07ced17d94361c37.1000x1000x1.png,https://genius.com/Tulus-adaptasi-lyrics
Tulus,Satu Kali,untuk mata yang basah tak henti untuk tawa yang datang sekal di titik gelap dan terang yang ganti gemuruh angin bagai penjuru pre ringkih asa hilang harap buang waktu kecil hanya sekali muda hanya sekali tua hanya sekali hidup kini kecil hanya sekali muda hanya sekali tua hanya sekali hidup kini rangkak dua langkah kecil pertama kini dia lari dan gesa gesa terenyuh dia buah manis pertama kini ilusi pahit mewah rasa pre juta ragu juta keliru puji ilusi kecil hanya sekali muda hanya sekali tua hanya sekali hidup kini kecil hanya sekali muda hanya sekali tua hanya sekali hidup kini wajah kecil kita manusia bukan yang maha paling mulia kecil hanya muda hanya tua hanya hidup hidup kini hidup hidup kini hidup kini,https://images.genius.com/b8c8aad22946baa1e6c3dbde8b003506.1000x1000x1.png,https://genius.com/Tulus-satu-kali-lyrics
Tulus,Remedi,bila ini sempat kamu yang mungkin tak ulang sempat tuk terang hidup aku tak akan halang aku tak mau aku rasa yakin lawan ragu tapi sampai kapan kamu tahan nahan bila pergi itu solusi tuk kejar mimpi tuk kejar perlu tuk kejar mau untuk kejar mimpi kejar perlu kejar mau pasti sedih halang lega lepas awan pandang sendu ingat pipi merah dan semua baik manis kenang harus mampu aku rasa yakin lawan ragu tapi sampai kapan kamu tahan nahan bila pergi itu solusi tuk kejar mimpi tuk kejar perlu tuk kejar mau hmm untuk kejar mimpi kejar perlu kejar mau kita jaga tak putus kata segala mungkin lagi sama bila sudah begitu jalan moga sedih ini sementara sementara temu lagi outro ooh ooh ooh ooh ooh ooh ooh ooh ooh ooh ooh ooh ooh ooh ooh ooh ooh ooh ooh ooh ooh ooh ooh ooh ooh ooh ooh ooh ooh ooh ooh ooh ooh ooh sedih sedih sementara ooh ooh ooh ooh ooh ooh ooh ooh temu temu lagi kita ooh ooh ooh ooh ooh ooh sedih sedih sementara ooh ooh ooh ooh ooh ooh ooh ooh temu,https://images.genius.com/b8c8aad22946baa1e6c3dbde8b003506.1000x1000x1.png,https://genius.com/Tulus-remedi-lyrics
Tulus,Diorama,aku patung mereka patung cangkir teh hangat namun kaku dan dingin meja meja kayu kilap wajah basah air mata yang luk tubuh kaku tidak gerak ingin hapus air mata tapi aku tak bisa patung patung kayu kilap pikir mereka kosong pikul peran harus cerita ini bisa akhir lebih bahagia tapi kita dalam harus sisa masa ku buat indah tukar sejarah tapi kita dalam sakit hati karena aku sakit bekas dalam jadi bagi sejarah tak ada sempat untuk kilah untuk lama masa itu kuasa harus cerita ini bisa akhir lebih bahagia tapi kita dalam harus sisa masa ku buat indah tukar sejarah tapi kita dalam harus cerita ini bisa akhir lebih bahagia tapi kita dalam harus sisa masa ku buat indah tukar sejarah tapi kita dalam,https://images.genius.com/bac8daf99d97588b4bef8a4c64833674.500x500x1.png,https://genius.com/Tulus-diorama-lyrics
Dere,Puspa,bagai langit senja mata cahaya indah panorama paling indah di dunia nada di suara saat kau bisik kepada gelitik rasuk dalam jiwa pre dari ujung kepala hingga ujung kaki enam warna beda magnetik aura diri tarik aku buat jatuh indah mabuk cinta bagai ribu mekar ramai hati bagai pesta pora indah mabuk cinta bagai ribu mekar post ribu mekar nada di suara saat kau bisik kepada gelitik rasuk dalam jiwa pre dari ujung kepala hingga ujung kaki enam warna beda magnetik aura diri tarik aku buat jatuh indah mabuk cinta bagai ribu mekar ramai hati bagai pesta pora indah mabuk cinta bagai ribu mekar post ribu mekar ini kali pertama rasa dalam dalam benar benar jatuh cinta bicara semua semua tentang kau ada di kepala dua empat tujuh semua yang kau laku di depan apa kau tahu kau rayu tanpa kau tahu oh gelora gelora gelora dalam dada bak hambur juta di dalam dada juta bunga mere rekah pesta pora jatuh cinta juta bunga mere rekah jatuh cinta cinta mekar diri benar jatuh cinta indah mabuk cinta bagai ribu mekar ramai hati bagai pesta pora indah mabuk cinta bagai ribu mekar post ribu mekar outro juta bunga mere rekah pesta pora jatuh cinta juta bunga mere rekah pesta pora jatuh cinta,https://images.genius.com/ff887e92d2c1d17a3403347050c612d5.1000x1000x1.png,https://genius.com/Dere-puspa-lyrics
Raisa,Hari Bahagia,mungkin hari ini semua hanya mimpi tapi cepat atau lambat semua kan jadi kau dan rencana aku samping kita erat sepakat kelak kan kesana oh hey cinta bukan satu satu yang bawa kita ke sana sebut saja dia logika menang kalah bahagia jeda tak paham bukan tak berapa kita erat pasti bisa lalu semua hari yang bahagia cinta bukan satu satu yang bawa kita ke sana sebut saja dia logika menang kalah bahagia post hari yang bahagia hari yang bahagia cinta bukan satu satu yang bawa kita ke sana sebut saja dia logika menang kalah bahagia cinta bukan satu satu yang bawa kita ke sana sebut saja dia logika menang kalah bahagia post hari yang bahagia hari yang bahagia,https://images.genius.com/f30d1f9a952960f919230ae36addf87c.1000x1000x1.png,https://genius.com/Raisa-hari-bahagia-lyrics
Tulus,Lagu Untuk Matahari,intro patah kadang semangat dengar mulut pedas debat yang hanya lihat salah gerah kadang dengar dapat cibir sang benar sinisme bukan untuk oo mereka tak sempurna sama juga hal dengan jangan risau cela mu oo mungkin mereka bulan tapi ingat kau matahari matahari cahya mereka dari reff tari nyanyi laku yang kau suka hidup bukan hidup bicara sorak hey laku yang kau suka hidup bukan hidup mereka tak sempurna sama juga hal dengan jangan risau cela mu oo mungkin mereka bulan tapi ingat kau matahari cahya mereka dari matahari buka hati dengar biar senang alas kuat langkah jiwa waspada yang cemburu tak semua kutu laku kuat langkah hati reff tari nyanyi laku yang kau suka hidup bukan hidup bicara sorak hey laku yang kau suka hidup bukan hidup oo bukti sekarang angkat pena tulis bila gemar tulis bukti sekarang keras suara bila gemar nyanyi yeayeye alternative reff tari nyanyi laku yang kau suka hidup bukan hidup bicara sorak hey laku yang kau suka hidup bukan hidup reff tari nyanyi laku yang kau suka hidup bukan hidup bicara sorak hey laku yang kau suka hidup bukan hidup tari nyanyi hidup bicara sorak hey hidup uu,https://images.genius.com/7cb36949e06cd83f0b745dc37156c482.1000x1000x1.png,https://genius.com/Tulus-lagu-untuk-matahari-lyrics
Tulus,Langit Abu-Abu (Versi Akapela),langit abu abu versi akapela tak mungkin cepat itu kau lupa air mata sedih kala itu ungkap semua kurang semua dari yang tak dia punya daya pikat yang memang engkau punya sungguh sungguh ingin aku lindung dan telah luka luka reda kau lupa aku juga punya rasa pre lalu kau pergi kembali dengan aku pernah sentuh apa kau malu di bawah basah langit abu abu kau mana di lengang malam tuju minggu kau mana kadang dering masih ada nama beberapa pesan singkat untuk entah apa maksud yang tahu sayang aku telah keliru pre ayo tulis di buku hari kelak jelas bila engkau punya waktu di bawah basah langit abu abu kau mana di lengang malam tuju minggu kau mana temu kau dengan sang puas benar senang rasa hati temu kau dengan sang puas benar senang rasa hati di bawah basah langit abu abu kau mana di lengang malam tuju minggu kau mana di bawah basah langit abu abu kau mana di lengang malam tuju minggu kau mana kau mana,https://images.genius.com/ed863edc9556af8edbd27793e6baf091.1000x1000x1.png,https://genius.com/Tulus-langit-abu-abu-versi-akapela-lyrics
Dere,Rumah,hilang dahan burung henti terbang hilang pohon tempat dia regang air naik tel lahan lahan kipas yang putar angin panas duh mana yang lebih panjang umur atau umur bumi naung duh mana yang lebih besar ego atau ketidaktahuan yang pasung bumi bumi kita satu satu bumi bumi kita satu satu usia bumi hmm hmm air tanah anginya daun api harmoni bumi bumi bumi kita satu satu bumi bumi kita satu satu ooh satu satu bumi bumi kita satu satu ooh usia bumi hmm,https://images.genius.com/f27d8a1ea6c9b5ebf14d2627c5e67ac6.1000x1000x1.png,https://genius.com/Dere-rumah-lyrics
Tulus,Jatuh Cinta - Live,olah dia tari di mata lekat di kulit di hati apa yang kini harus ku laku wajah selalu ada di pikir oooh tiba tiba aku suka senyum selalu bayang bayang cara bicara oooh aku suka pre dia punya semua pesona dia punya semua yang damba sosok yang cantik anggun tarik gerak tawan tutur cemerlang hati yang tak bisa aku lewat sungguh ku cinta dia sungguh ku sayang dia dia sangat goda dia sempurna sungguh ku cinta dia sungguh ku sayang dia dia sangat goda dia sempurna senyum selalu bayang bayang cara bicara oooh aku suka pre dia punya semua pesona dia punya semua yang damba sosok yang cantik anggun tarik gerak tawan tutur cemerlang hati yang tak bisa aku lewat sungguh ku cinta dia sungguh ku sayang dia dia sangat goda dia sempurna sungguh ku cinta dia sungguh ku sayang dia dia sangat goda dia sempurna olah dia tari di mata lekat di kulit di hati sungguh ku cinta dia sungguh ku sayang dia dia sangat goda dia sempurna sungguh ku cinta dia sungguh ku sayang dia dia sangat goda dia sempurna outro olah dia tari di mata,https://images.genius.com/1a857a1179986678097b0de85df10205.1000x1000x1.png,https://genius.com/Tulus-jatuh-cinta-live-lyrics
Dere,Genetika,saat lepas semua ilusi hanya ada aku dan diri saja renung renung raja nestapa rasa yang terlalu banyak rebut bahagia cinta murni untuk murni dari untuk bangga bahagia dalam raga tetap terus benderang jaga silam tamu sedih kau boleh datang jangan lama lama silam tamu bahagia betah datang lama lama post belum kenal surya kulit sudah begini belum ada agorafobia jauh belum aku nyawa ia sayang asih satu satu tempat iba jaga di seram dunia silam tamu sedih kau boleh datang jangan lama lama silam tamu bahagia betah datang lama lama post belum kenal surya kulit sudah begini belum ada agorafobia jauh belum aku nyawa ia sayang asih satu satu tempat iba jaga di seram dunia silam tamu sedih kau boleh datang jangan lama lama silam tamu bahagia betah datang lama lama post belum kenal surya kulit sudah begini belum ada agorafobia jauh belum aku nyawa ia sayang asih satu satu tempat iba jaga di seram dunia,https://images.genius.com/ff887e92d2c1d17a3403347050c612d5.1000x1000x1.png,https://genius.com/Dere-genetika-lyrics
Dere,Nirwana,bila hanya sedih yang punya apa itu bisa buat untuk tetap sayang selam bila banyak keluh yang raja apa itu bisa buat untuk tidak jengah ada di samping pre sungguh yang aku ingin kau dapat sama dan jauh ini hanya kau yang bisa bisa tawar bisa aku ingin kau bahagia di hati temu kasih beri aku laut waktu baik diri pre sungguh yang aku ingin kau dapat sama dan jauh ini hanya kau yang bisa bisa tawar bisa aku ingin kau bahagia di hati temu kasih beri aku laut waktu baik diri aku ingin kau bahagia di hati temu kasih beri aku laut waktu baik diri outro baik diri baik diri diri,https://images.genius.com/ff887e92d2c1d17a3403347050c612d5.1000x1000x1.png,https://genius.com/Dere-nirwana-lyrics
Dere,Biru,kamis malam itu tantang diri temu teman baru coba cari tahu mungkin yang baru awal malu ragu namun perlahan satu lama lama satu paham kisah yang baru ini jadi seru pre ke mana ini kan pergi akan ada lagi lanjut topik yang kini pikir tiap hari karena perlahan aku jatuh cinta pada ku jatuh cinta pada hati hati langkah kupi pilih kata biar gulir terus tenggelam di hadir gulir janji baru biar kita temu walaupun aku ragu dengan harap harap mungkin aku keliru keliru pre ke mana ini kan pergi akan singkat lagi lanjut pedih yang kini renung tiap hari karena perlahan aku jatuh cinta pada hati hati langkah kupi pilih kata biar gulir terus tenggelam di hadir perlahan aku jatuh cinta pada hati hati langkah kupi pilih kata biar gulir terus walau tahu ujung oh outro mmm ohh,https://images.genius.com/5626409d850c65efa695fb94b36159cb.1000x1000x1.png,https://genius.com/Dere-biru-lyrics
Dere,Tumbang,langkah langkah hati hati betapa takut engkau pergi jangan sampai hilang rasa belum aku tak pernah jatuh jauh dalam ini suram saat kau sungguh sungguh pergi pre tahun lalu upaya tuk lupa tapi cukup dengar nama saja buat ingat lagi semua sudah tidak ada lagi terang sudah dingin lagi hari hari satu pohon harap telah hilang lagi harap cinta entah di mana kini naung entah masih kau ingat paras hmm belum aku tak pernah jatuh jauh dalam ini suram saat kau sungguh sungguh pergi pre tahun lalu upaya tuk lupa tapi cukup dengar nama saja buat ingat lagi semua sudah tidak ada lagi terang sudah dingin lagi hari hari satu pohon harap telah hilang lagi harap cinta entah di mana kini naung entah masih kau ingat paras hmm bila kau dengar lagu ini datang lagi bila kau dengar lagu ini ayo kembali bila kau dengar lagu ini datang lagi bila kau dengar lagu ini ayo kembali kembali sudah tidak ada lagi terang sudah dingin lagi hari hari satu pohon harap telah hilang lagi harap cinta entah di mana kini naung entah masih kau ingat paras hmm post bila kau dengar lagu ini datang lagi entah masih kau ingat paras bila kau dengar lagu ini ayo kembali entah masih kau ingat paras,https://images.genius.com/92e8ad05aa3cf9ba07df954b3c737375.1000x1000x1.png,https://genius.com/Dere-tumbang-lyrics
Petra Sihombing,tangguh,perhati kau tak banyak bicara hanya laku hal yang kau suka semua yang kau bisa dan semua yang kau rasa senang aku lihat saja tahun lalu kamu dewasa turut lebih aku kau apa ada dan tanpa lapis gula kadang pahit tapi benar juga ajar banyak dari lihat cara sikap hadap rintang sungguh kau sangat ajar banyak dari ajar dari cara ambil putus sungguh kau sangat banyak sedih di masa lalu tak mudah tuk jalan hidup kau temu cinta dan maaf semua makin lihat diri teladan untuk ajar banyak dari lihat cara sikap hadap rintang sungguh kau sangat ajar banyak dari ajar dari cara ambil putus sungguh kau sangat oh betapa untung aku kenal di garis hidup kau lebih kuat dari yang kau tahu moga kau selalu begitu outro moga kau selalu begitu,https://images.genius.com/741e110c5e7e3dd6d090bfac05bbbed2.1000x1000x1.png,https://genius.com/Petra-sihombing-tangguh-lyrics
Tulus,Teman Pesta,di satu pesta tak ada yang datang hanya kau sendiri musik menghentak kamu sepi dan tak ada yang datang hei huu hei huu hei huu mana teman mana dunia mana yang selalu jalan tak semua seperti yang kau ingin ingin coba kau ingat aku aku jatuh cinta pada kurang aku yang selalu punya waktu untuk aku teman pesta ku ingin kau bahagia aku teman pesta ku ingin hibur aku teman pesta dansa tari kan ku laku aku cinta pada ku bisa kau andal mungkin dengar konyol semua ku laku asal kau bahagia dengar kau punya aku pesta tak selalu senang beri ku sempat tuk bukti aku teman pesta aku teman pesta aku teman pesta aku cinta pada aku teman pesta ku ingin kau bahagia aku teman pesta ku ingin hibur aku teman pesta dansa tari kan ku laku aku cinta pada ku bisa kau andal,https://images.genius.com/0e1f7461eb12776a27ba6485d9461d56.1000x1000x1.png,https://genius.com/Tulus-teman-pesta-lyrics
Dere,Jona,apa kabar lama sudah kita tertawa masing masing apa kabar lama sudah tidak jumpa dan bincang pre aku rindu dengar banyak cerita mimpi yang jenaka kini tak ada lagi yang buat ku senyum saat lihat layar kita tak lagi tatap mata begitu ada kau aku kini jauh beda hanya rindu kita yang sama apa kabar s moga diri bahagia di neg ri sana instrumental break pre aku rindu jaga di malam malam saat bintang tebar kau kan nama semua bintang sirius canopus vega dan capella kita tak lagi tatap mata begitu ada kau aku kini jauh beda hanya rindu kita yang sama ini kabar di dunia kita yang beda lagu ini cipta kar na ku simpan rindu kita tak lagi tatap mata begitu ada kau aku kini jauh beda hanya rindu kita yang sama jo kau aku kini jauh beda moga rindu kita yang sama outro apa kabar s moga diri bahagia di neg ri sana apa kabar mu,https://images.genius.com/ff887e92d2c1d17a3403347050c612d5.1000x1000x1.png,https://genius.com/Dere-jona-lyrics
Dere,Bianglala,pagi buta ku di atas di tempat tidur amat langit langit kamar perih mata ingin pejam ku jaga panjang malam ada banyak hal yang layang layang di kepala tak mau pergi sudah delapan belas hari lama akan ini cepat pulih harus aku bagi cerita pada kepada takut akan pilu bila diri jauh resah akan pandang kepada nanti sesak asak jantung saat pikir sungguh ada banyak nestapa sulit atur irama napas akan ini cepat pulih harus aku bagi cerita pada kepada takut akan pilu bila diri jauh resah akan pandang kepada nanti mampu hati kecil untuk rela kau bukan untuk lihat bahagia sama harus aku bagi cerita pada kepada takut akan pilu bila diri jauh resah akan pandang kepada nanti harus aku bagi cerita pada kepada takut akan pilu bila diri jauh resah akan pandang kepada nanti,https://images.genius.com/ff887e92d2c1d17a3403347050c612d5.1000x1000x1.png,https://genius.com/Dere-bianglala-lyrics
Tulus,Jatuh Cinta,intro olah dia tari di mata lekat di kulit di hati tu wa tu wa tidak pat apa yang kini harus laku wajah s lalu ada di pikir tiba tiba aku suka senyum selalu bayang bayang cara bicara woah oh oh oh aku suka pre dia punya semua pesona dia punya semua yang damba sosok yang cantik anggun tarik gerak tawan tutur cemerlang hati yang tak bisa aku lewat sungguh cinta dia sungguh sayang dia dia sangat goda dia sempurna sungguh cinta dia sungguh sayang dia dia sangat goda dia sempurna instrumental break senyum selalu bayang bayang cara bicara woah oh oh oh aku suka pre dia punya semua pesona dia punya semua yang damba sosok yang cantik anggun tarik gerak tawan tutur cemerlang hati yang tak bisa aku lewat sungguh cinta dia sungguh sayang dia dia sangat goda dia sempurna sungguh cinta dia sungguh sayang dia dia sangat goda dia sempurna olah dia tari di mata lekat di kulit di hati cinta dia sungguh sayang dia dia sangat goda dia sempurna sungguh cinta dia sungguh sayang dia dia sangat goda dia sempurna outro olah dia tari di mata,https://images.genius.com/0e1f7461eb12776a27ba6485d9461d56.1000x1000x1.png,https://genius.com/Tulus-jatuh-cinta-lyrics
Tulus,Tuan Nona Kesepian,intro hai tuan hai nona tuan sepi tak punya teman hati rapuh tapi lagak tangguh nona tak kawan tak pernah rasa cinta sungguh pandai khayal mimpi itu alam pre mereka dua temu di satu sudut taman kota tatap tapi tak bicara masing masingnya menganalisa nona kata tuan apa yang salah pada mengapa wajah ada ribu tuan apa yang salah pada akan dunia hanya kamu kamu kamu kamu tuan kata nona apa yang salah pada apa enak tenggelam dalam khayal nona apa yang salah pada kau tahu ku tak punya hati kau masih saja nanti interlude nona kata tuan apa yang salah pada mengapa wajah ada ribu tuan apa yang salah pada akan dunia hanya kamu kamu kamu kamu tuan kata nona apa yang salah pada apa enak tenggelam dalam khayal nona apa yang salah pada kau tahu ku tak punya hati kau masih saja nanti mereka larut dalam ego hati tutup dengar kata kata tapi tak kaca semua orang hanya angin lalu nona jatuh cinta pada tuan tuan tunggu yang lain nona tak peduli walau tuan tak pernah peduli sekitar nona jatuh cinta pada tuan tuan tunggu yang lain nona tak peduli walau tuan tak pernah peduli sekitar,https://images.genius.com/0e1f7461eb12776a27ba6485d9461d56.1000x1000x1.png,https://genius.com/Tulus-tuan-nona-kesepian-lyrics
Tulus,Diorama (Studio Live),diorama studio live aku patung mereka patung cangkir teh hangat namun kaku dan dingin meja meja kayu kilap wajah basah air mata yang luk tubuh kaku tidak gerak ingin hapus air mata tapi aku tak bisa patung patung kayu kilap pikir mereka kosong pikul peran harus cerita ini bisa akhir lebih bahagia tapi kita dalam diorama harus sisa masa buat indah tukar sejarah tapi kita dalam diorama post diorama diorama sakit hati karena aku sakit bekas dalam jadi bagi sejarah tak ada sempat untuk kilah untuk lama masa itu kuasa harus cerita ini bisa akhir lebih bahagia tapi kita dalam diorama harus sisa masa buat indah tukar sejarah tapi kita dalam diorama diorama harus cerita ini bisa akhir lebih bahagia tapi kita dalam diorama harus sisa masa buat indah tukar sejarah tapi kita dalam diorama post diorama diorama,https://images.genius.com/0e1f7461eb12776a27ba6485d9461d56.1000x1000x1.png,https://genius.com/Tulus-diorama-studio-live-lyrics
Dere,Keluku,hidup penuh tawa dan mati macam itu kutu yang lekat terlalu buka kamu mati terus tutup kamu kan turun takhta bangun dari tidur yang cantik ajang saling unjuk yang paling natural entah apa parameter yang tahu aku bangun dengan liur maya maya benar semua yang aku saksi aduh aduh tiap tiap hari mulai lelah bagaimana cara tahan di sini maya maya karena seperti aku tak lagi mampu tidak ada titik titik bentuk garis lurus lalu masuk kolom jelajah hanya untuk tipu oleh maya maya benar semua yang aku saksi aduh aduh tiap tiap hari mulai lelah bagaimana cara tahan di sini maya maya karena seperti aku tak lagi mampu post oh oh oh oh oh oh oh oh oh oh oh oh oh oh juta ragam manusia mimpi apa aku bisa temu mereka dengar takjub tapi juga meny ram yeah yeah maya maya benar s mua yang aku saksi aduh aduh tiap tiap hari mulai lelah bagaimana cara tahan di sini maya maya karena seperti aku tak lagi mampu post oh oh oh oh oh oh oh tak lagi mampu oh oh oh oh oh oh oh bagaimana cara tahan di sini maya maya karena seperti aku tak lagi mampu,https://images.genius.com/92e8ad05aa3cf9ba07df954b3c737375.1000x1000x1.png,https://genius.com/Dere-keluku-lyrics
Dere,Bengis,bunga bunga yang pernah kau kirim dan padu padan surat pujangga tingkah manis dan lembut usaha kerling mata gila cinta apa yang kau cari cinta apa yang cari makin jauh kejar makin lari kau jauh cinta apa yang kau cari cinta apa yang cari makin rayu makin hilang nalar bunga bunga yang pernah kau kirim kerling mata gila cinta apa yang kau cari cinta apa yang cari makin jauh kejar makin lari kau jauh cinta apa yang kau cari cinta apa yang cari makin rayu makin hilang nalar dulu aku tuduh ini salah dulu kamu tuduh ini salah saling pikat tapi tak kunjung ikat kita yang salah kita cinta apa yang kau cari cinta apa yang cari makin jauh kejar makin lari kau jauh cinta apa yang kau cari cinta apa yang cari makin rayu makin hilang nalar makin rayu makin hilang nalar,https://images.genius.com/ff887e92d2c1d17a3403347050c612d5.1000x1000x1.png,https://genius.com/Dere-bengis-lyrics
Petra Sihombing,Kawan,senyum benar tidak tenang itu tawa benar tak lepas itu wajah bangun pagi mungkin tak segar itu malam akhir minggu tidak wajib seru pre sudah lama ku kenal iba sedikit pada diri ada yang lebih harga tutup layar dan utuh kau waktu lepas racun adalah ingin sempurna reda lelah napas hantam arus kawan sayang yang lama kenal kawan sayang yang lama kenal kawan sayang yang lama kenal memang kau suka batu meski kau tahu ku kawan aku begini untuk mungkin kau sedang butuh rai kau silam utuh aku di sini untuk pre sudah lama ku kenal iba sedikit pada diri ada yang lebih harga tutup layar dan utuh kau waktu lepas racun adalah ingin sempurna reda lelah napas hantam arus kawan sayang yang lama kenal kawan sayang yang lama kenal kawan sayang yang lama kenal,https://images.genius.com/ca4c4dcce61cf5027935a876a59feb45.1000x1000x1.png,https://genius.com/Petra-sihombing-kawan-lyrics
Tulus,Natsu Wa Kinu - Japanese,,https://images.genius.com/b64416c986f81650ada4ad97020e0252.1000x1000x1.png,https://genius.com/Tulus-natsu-wa-kinu-japanese-lyrics
Dere,Luar,ingin pergi ke satu tempat yang sangat jauh mungkin temu diri ku kan sendiri sebentar biar rasa pedih biar syukur luka aku ingin menang mau tahu bagaimana cara kendali api ingin bisa terus sama kan coba cari tahu apa yang kian buat terus garam luka aku buat menang mau tahu bagaimana cara kendali api ingin bisa terus sama instrumental break kan cari tahu bagaimana cara kendali api ingin bisa terus sama,https://images.genius.com/ff887e92d2c1d17a3403347050c612d5.1000x1000x1.png,https://genius.com/Dere-luar-lyrics
Yura Yunita,Duhai Sayang,tiap tiap kata yang kau ucap ku urai yakin dan ku simak apa pun itu dari pikir kau bawa bahagia ke dekat kau buat lupa tentang waktu kapan pun itu di wahana pre di harum aku hanyut di hangat aku larut ingin dekat dekat dekat di peluk dengan tenang hanya kau yang mampu lengkap dengan tenang hanya kau yang mampu buat penuh hati pre di harum aku hanyut di hangat aku larut ingin dekat dekat dekat di peluk dengan tenang dengan tenang hanya kau yang mampu lengkap dengan tenang dengan tenang hanya kau yang mampu buat penuh hati bahkan saat kau tak ada hanya kau yang mampu hanya kau yang mampu buat rasa cinta besar ini besar ini oh dengan tenang na na na na na na na lengkap dengan tenang hanya kau yang mampu buat penuh hati outro sebut nama dalam hening doa ku,https://images.genius.com/d887a3753959b1ad407a959dad22861f.1000x1000x1.png,https://genius.com/Yura-yunita-duhai-sayang-lyrics
Tulus,Kisah Sebentar,dengan senang hati asa bangun dari mimpi tahu aku tak sendiri matahari pun serasa lebih cerah dengan kecup manis mula lang nikmat tiap detik dengan nama di hati rasa bahagia dan hati bunga bunga kau buat gila gila tunduk hati aku setia layak sihir kau buat jatuh tapi tak langsung lama kau tinggal aku kau pergi jejak tanya ayo ingat kata kata kau tak akan tinggal aku ayo ingat kata kata lama kamu hanya untuk aku ayo ingat kata kata sayang cinta kamu segala ayo ingat kata kata lama kamu hanya untuk aku ayo ingat kata kata kau tak akan tinggal aku ayo ingat kata kata lama kamu hanya untuk aku ayo ingat kata kata sayang cinta kamu segala ayo ingat kata kata lama kamu hanya untuk aku ayo ingat kata kata kau tak akan tinggal aku ayo ingat kata kata lama kamu hanya untuk aku ayo ingat kata kata sayang cinta kamu segala ayo ingat kata kata lama kamu hanya untuk aku ayo ingat kata kata kau tak akan tinggal aku ayo ingat kata kata lama kamu hanya untuk aku lama kamu hanya untuk aku lama kamu hanya untuk aku lama kamu hanya untuk aku dengan senang hati asa,https://images.genius.com/0e1f7461eb12776a27ba6485d9461d56.1000x1000x1.png,https://genius.com/Tulus-kisah-sebentar-lyrics
Dere,Kenanga,sepeda roda tiga dan rambut basah habis mandi sore dua ribu lima kira manusia semua datang dari bulan kenang kenang kenang kenang jalan kenang kenang kenang kenang jalan beda kini roda sambut dewasa dan semua seluk cerita entah kini apa entah besok apa tak enak jadi dewasa ya tidak kenang kenang kenang kenang jalan kenang kenang kenang kenang jalan ah ah post ooh ooh ooh ooh ooh ooh ooh ooh ooh ooh kita semua sama semua kenang ke rumah kita saling doa semua damai jaga kenang k nang kenang kenang jalan k nang kenang kenang kenang jalan ooh ooh post ooh ooh ooh ooh ooh ooh ooh ooh ooh ooh ooh ooh ooh ooh ooh ooh ooh ooh ooh ooh ooh ooh ooh ooh ooh ooh ooh ooh ooh ooh ooh ooh ooh ooh ooh ooh ooh ooh ooh ooh ooh ooh ooh ooh ooh ooh ooh ooh ooh,https://images.genius.com/92e8ad05aa3cf9ba07df954b3c737375.1000x1000x1.png,https://genius.com/Dere-kenanga-lyrics
Dere,Berlagu,itu kesan pertama yang tahu ketika bicara ku dengan oh oh pertama kali pertama kali tak tahu mengapa kau beri kesan begitu aku kira engkau seman madu oh oh pertama kali pertama kali woh oh woh oh woh oh oh nyata oh nyata benar duga woh oh woh oh woh oh oh kini aku tahu di balik gelagat sungguh madu diri cara paling pandang dari wajah sekal rasa kau lihat hmm tarik hati manis sekali kau buat canggung diri tapi ingin lebih kenal ooh woh oh woh oh woh oh oh nyata oh nyata benar duga woh oh woh oh woh oh oh kini aku tahu di balik gelagat sungguh madu diri post na na na na na na na na na na na na na na na na na na na na na na na na na na na na na na na na na na na na woh oh woh oh woh oh nyata oh nyata benar duga woh oh woh oh woh oh kini aku tahu di balik gelagat sungguh madu diri post na na na na na na na na na na na na na na na na na na na na na na na na na na na na na na na na na na na na si madu sungguh madu diri,https://images.genius.com/92e8ad05aa3cf9ba07df954b3c737375.1000x1000x1.png,https://genius.com/Dere-berlagu-lyrics
Dere,Jangan Pergi,kita dan tentang hari depan rasa tak tahu hendak ke mana lama sama taut tak tahu ke kutub mana tuju di malam malam saat hari temaram yang butuh tidak kamu ada keluh ringan hari hari sudah jadi isi malam malam kesah dangkal hari hari hanya kamu yang bisa tenang di malam malam saat hari temaram mungkin yang kau butuh tidak aku ada instrumental break dulu bahas hati melulu kini sapa pagi pun sering lupa mungkin kita di tangga itu ada yang perlu tak lagi rayu outro oh oh oh oh ooh oh ooh ooh ooh ooh ooh oh,https://images.genius.com/92e8ad05aa3cf9ba07df954b3c737375.1000x1000x1.png,https://genius.com/Dere-jangan-pergi-lyrics
Tulus,Kutsu,,https://images.genius.com/0249d0cf19fe2c6e299e442efec663f6.1000x1000x1.png,https://genius.com/Tulus-kutsu-lyrics
RAN,Kita Bisa,nino kadang asa sulit untuk syukur apa yang ada apa yang ada atau memang hanya kita saja yang tak puas dengan apa yang ada apa yang ada pre nino rayi tak semua orang bisa punya sempat yang sama andai engkau dapat buka mata tulus rasa bahagia asal kita terus percaya sadar semua makhluk cipta tuk saling dapat jalan hidup ini sama rayi tiap detik yang kau jalan oh sungguh sangat arti jangan pernah kau sia sia yeah semangat yang masih pendam jangan biar tenggelam mari arung arus hidup pre rayi tak semua orang bisa punya sempat yang sama andai engkau dapat buka mata tulus rasa bahagia asal kita terus percaya sadar semua makhluk cipta tuk saling dapat jalan hidup ini sama nino rayi tulus jangan kau ragu aku sini untuk walaupun tak selalu di laga yang sama gelap pasti kan hampir badai pun datang hakim namun sinar kan jaga jelas arah kita solo guitar asta nino rayi bila kita percaya wujud mimpi mimpi kita sama kita raih bahagia ubah semua harap jadi nyata tulus nino rayi rasa bahagia asal kita terus percaya kita kan raih bahagia tuk saling dapat jalan hidup ini sama,https://images.genius.com/86eff00b4425089e325ffd74bf9ca2c8.1000x1000x1.png,https://genius.com/Ran-and-tulus-kita-bisa-lyrics
Tulus,Bumerang - Live,dia biar jatuh cinta lalu dia pergi enak hantu ragu tapi tak peduli gegabah jadi alas pandang yang tak ku lupa lama sudah aku tak punya lalu dia pergi tunggu paksa rayu untuk bicara sudah jauh kini aku jalan tinggal diri tak lihat lagi apa yang buta oh raga sementara kau sibuk dengan main dengan hati yang lain nama yang lain sibuk rakit bumerang tuk serang balik serang dia bilang telah salah langkah kagum keliru arah puisi dan lagu yang sering tulis hanya itu yang dia mau tapi hati sudah jauh kini aku jalan tinggal diri tak lihat lagi apa yang buta oh raga sementara kau sibuk dengan main dengan hati yang lain nama yang lain sibuk rakit bumerang tuk serang balik serang tak ada maaf untuk dia nanti aku kan balas dia harus tahu cinta ini benar bukan hanya mau biasa dia harus tahu cinta ini benar bukan hanya mau biasa outro,https://images.genius.com/1a857a1179986678097b0de85df10205.1000x1000x1.png,https://genius.com/Tulus-bumerang-live-lyrics
Tulus,Medley: Teman Pesta / Kisah Sebentar - Live,teman pesta kisah sebentar live teman pesta di satu pesta tak ada yang datang hanya kau sendiri musik menghentak kamu sepi dan tak ada yang datang hei huu hei huu hei huu mana teman mana dunia mana yang selalu jalan tak semua seperti yang kau ingin ingin coba kau ingat aku pre aku jatuh cinta pada kurang aku yang selalu punya waktu untuk aku teman pesta ku ingin kau bahagia aku teman pesta ku ingin hibur aku teman pesta dansa tari kan ku laku aku cinta pada ku bisa kau andal mungkin dengar konyol semua ku laku asal kau bahagia dengar kau punya aku pesta tak selalu senang beri ku sempat untuk aku teman pesta aku teman pesta aku teman pesta dansa tari kan ku laku aku cinta pada ku bisa kau andal aku teman pesta aku teman pesta ku ingin kau bahagia aku teman pesta dansa tari kan ku laku aku cinta pada ku bisa kau andal medley kisah sebentar kisah sebentar ayo ingat kata kata kau tak akan tinggal aku ayo ingat kata kata lama kamu hanya untuk aku ayo ingat kata kata sayang cinta kamu segala ayo ingat kata kata lama kamu hanya untuk aku instrumental la la la la la la la la la la la la la la la la la la ayo ingat kata kata kau tak akan tinggal aku ayo ingat kata kata lama kamu hanya untuk aku ayo ingat kata kata sayang cinta kamu segala ayo ingat kata kata lama kamu hanya untuk aku ayo ingat kata kata sayang cinta kamu segala ayo ingat kata kata lama kamu hanya untuk aku ayo ingat kata kata sayang cinta kamu segala ayo ingat kata kata lama kamu hanya untuk aku coda lama kamu hanya untuk aku lama kamu hanya untuk aku lama kamu hanya untuk aku dengan senang hati asa outro,https://images.genius.com/1a857a1179986678097b0de85df10205.1000x1000x1.png,https://genius.com/Tulus-medley-teman-pesta-kisah-sebentar-live-lyrics
Eclat Story,Teman Hidup,dia indah retas gundah dia yang lama ini nanti bawa sejuk manja rasa dia yang selalu ada untuk pre di dekat aku lebih tenang sama jalan lebih terang tetap sama jadi teman hidup dua kita hadap dunia kau milik milik kita satu tuju sama arung deras waktu post kau milik ku milik kau milik ku milik pre di dekat aku lebih tenang sama jalan lebih terang tetap sama jadi teman hidup dua kita hadap dunia kau milik milik kita satu tuju sama arung deras waktu bila di depan nanti banyak coba untuk kisah cinta kita jangan cepat serah kau punya aku ku punya kamu lama akan begitu tetap sama jadi teman hidup dua kita hadap dunia kau milik milik kita satu tuju sama arung deras waktu post kau milik ku milik kau jiwa yang selalu aku puja,https://images.genius.com/c372111e31d8d732b23e7e162e63dc13.1000x1000x1.png,https://genius.com/Eclat-story-teman-hidup-lyrics
Tulus,Hati-Hati di Jalan (Rhymewords Remix),hati hati di jalan rhymewords remix rephrase no question you cherish me as i love you even more than i do willing to walk on a road that ain t fixed yet on a broken track full of holes we said be safe but cupids got us misled to a dead end street not that i don t wanna fight for us zealously i did but i ve learnt we can t force a destiny that s not how reality works not everything is well if you re ready to love you should be ready to leave i could ve knocked anyone in our way out but it d be a rocky lane to travel we re gon live under black clouds if we move without our parents blessings one god two faiths you shout unfair but thanks for stopping by i hope you enjoy the ride so i love you but i m letting go is now on while i m driving home i see your headlights shine just for me through my side mirrors kira kita akan sama begitu banyak yang sama latar dan latar kira tak ada kendala kira ini kan mudah kau aku jadi kita wyllable getting ghosted zone of a friend the unrequited love no label fwb and some underlying stuffs i ll be experienced on my romance cv light and tough if only i made it post talking stage but shit i ain t enough feels like we re nearly close and far from distant but we be in a bout every time i m about to be in baby we are not compatible in fact we re just combatable and i got no bad feeling i am just feeling bad for you a couple that tried to let it flow well but fuck sometimes it s like getting cuffed and caged with the writer s block with the trap music in a timeless clock mummified in a truck amongst the jam packed street out of luck other words we re so stuck aku kira kira kita akan sama begitu banyak yang sama latar dan latar kira tak ada kendala kira ini kan mudah kau aku jadi kita,https://images.genius.com/bac8daf99d97588b4bef8a4c64833674.500x500x1.png,https://genius.com/Tulus-hati-hati-di-jalan-rhymewords-remix-lyrics
Petra Sihombing,Nirmala,saat aku sendiri hanya kau yang erti dunia tak paham dalam yang kau teliti kau lihat aku bagai tak pernah ada yang bisa tak pernah ada yang bisa kau hirau sisi gelap hidup tak pernah ada yang bisa hanya kamu yang bisa redam tak pernah ada yang bisa hanya kamu yang bisa dunia tak paham hanya kau yang erti kau lihat aku bagai tak pernah ada yang bisa tak pernah ada yang bisa kau hirau sisi gelap hidup tak pernah ada yang bisa hanya kamu yang bisa redam dunia tak paham hanya kau yang erti tak ada yang paham hanya kau yang erti kau lihat aku bagai tak pernah ada yang bisa tak pernah ada yang bisa kau hirau sisi gelap hidup tak pernah ada yang bisa hanya kamu yang bisa redam tak pernah ada yang bisa hanya kamu yang bisa redam outro biar semua kata apa mereka bukan kita biar semua kata apa mereka bukan kita biar semua kata apa mereka bukan kita biar semua kata apa mereka bukan kita mereka bukan kita,https://images.genius.com/c31af37c81f56444764c8dfba2819e30.1000x1000x1.png,https://genius.com/Petra-sihombing-nirmala-lyrics
Tulus,Pembuka - Live,,https://images.genius.com/1a857a1179986678097b0de85df10205.1000x1000x1.png,https://genius.com/Tulus-pembuka-live-lyrics
Tulus,Ruang Sendiri - Live,beri aku sempat tuk bisa rindu jangan datang terus beri juga aku ruang bebas dan sendiri jangan ada terus pre aku butuh tahu berapa ku butuh kamu percaya rindu itu baik untuk kita pagi lihat jelang siang kau tahu aku ada di mana sore nanti tak pernah sekalipun ada malam yang dingin hingga aku lupa rasa sepi tak lagi sepi bisa harga baik buruk ubah tak akan kau sadar kita evolusi bila kita ingin tahu berapa besar rasa yang kita punya kita butuh ruang pagi lihat jelang siang kau tahu aku ada di mana sore nanti tak pernah sekalipun ada malam yang dingin hingga aku lupa rasa sepi tak lagi sepi bisa harga kita tetap butuh ruang sendiri sendiri untuk tetap harga rasa sepi pagi lihat jelang siang kau tahu aku ada di mana sore nanti tak pernah sekalipun ada malam yang dingin hingga aku lupa rasa sepi tak lagi sepi bisa harga pagi lihat jelang siang kau tahu aku ada di mana sore nanti tak pernah sekalipun ada malam yang dingin hingga aku lupa rasa sepi tak lagi sepi bisa harga outro tak lagi sepi bisa harga,https://images.genius.com/1a857a1179986678097b0de85df10205.1000x1000x1.png,https://genius.com/Tulus-ruang-sendiri-live-lyrics
Nidji,Hara Tanah,lima pagi kau tak ada lagi matahari olah tidak kembali musim hujan bulan februari kenang dengan hidup dalam mimpi lenyap sama cerita kau dengan kau dengan aku tak bisa buat kau bahagia habis waktu kau putus untuk pergi pre sakit hati sakit lihat kau dengan senang hati senang bila engkau bahagia bila bukan dengan asal kau bahagia bila bukan dengan asal kau bahagia instrumental lenyap sama cerita kau dengan kau dengan aku tak bisa buat kau bahagia habis waktu kau putus untuk pergi pre sakit hati sakit lihat kau dengan senang hati senang bila engkau bahagia bila bukan dengan asal kau bahagia bila bukan dengan asal kau bahagia bila bukan dengan asal kau bahagia bila bukan dengan asal kau bahagia outro lima pagi kau tak ada lagi kenang dengan hidup dalam mimpi,https://images.genius.com/8f1834e5c84e73bc0eefbea47c3ebb8d.1000x1000x1.png,https://genius.com/Nidji-hara-tanah-lyrics
Tulus,Baru - Live,buka live tak perlu kau ajak aku bicara tak akan pernah ku dengar ini aku yang dulu bahkan tak dapat belah dengar dari telinga tak perlu solek wang bunga tak akan mampu luluh hati ini aku yang dulu bahkan tak dapat belah mata dari pandang nikmat kejut ini aku yang baru nikmat rasa rindu tak lagi di kuasa tak perlu gelitik aku tertawa tak lagi lihat ada yang lucu ini aku yang dulu nama terus jadi sisip tiap lelucon nikmat kejut ini aku yang baru nikmat rasa rindu tak lagi di kuasa nikmat kejut ini aku yang baru nikmat rasa rindu tak lagi di kuasa interlude dari dulu kamu tau patuh aku demi kamu dulu lalu tinggal dulu ini aku yang baru dari dulu kamu tau patuh aku demi kamu dulu lalu tinggal dulu ini aku yang baru nikmat kejut ini aku yang baru nikmat rasa rindu tak lagi di kuasa nikmat kejut ini aku yang baru nikmat rasa rindu tak lagi di kuasa,https://images.genius.com/1a857a1179986678097b0de85df10205.1000x1000x1.png,https://genius.com/Tulus-baru-live-lyrics
Tulus,Tukar Jiwa - Live,aku habis cara tuk jelas pada mengapa sulit tuk lupa aku habis cara tuk gambar pada kau di mata dan di pandang huu uuu coba hari saja coba satu hari saja kau jadi diri kau akan erti kau akan erti bagaimana ku lihat kagum sayang dari sudut pandang dari sudut pandang aku habis cara tuk gambar pada kau di mata dan di pandang anda satu hari tukar jiwa kau akan erti dan henti tanya tanya coba hari saja coba satu hari saja kau jadi diri kau akan erti kau akan erti bagaimana ku lihat coba hari saja coba satu hari saja kau jadi diri kau akan erti kau akan erti bagaimana ku lihat kagum sayang kagum sayang dari sudut pandang coda dari sudut pandang ooh dari sudut pandang ooh dari sudut pandang,https://images.genius.com/1a857a1179986678097b0de85df10205.1000x1000x1.png,https://genius.com/Tulus-tukar-jiwa-live-lyrics
Tulus,Gajah - Live,intro tidak punya tujuh puluh tahun tak bisa lompat mahir renang bahagia lihat kawan betina kumpul sama sampai ajal besar dan berani perang sendiri yang aku hindar hanya semut kecil otak ini cerdas rakit perangkat wajah tak akan pernah lupa pre waktu kecil dulu mereka tertawa mereka panggil gajah ku marah ku marah kini baru ku tahu puji di dalam olok mereka ingat marah jabat tangan panggil aku gajah kau teman kau doa aku punya otak cerdas aku harus tangguh bila jatuh gajah lain bantu tubuh situasi rela jadi tameng kecil kita tak tahu apa apa wajar bila terlalu cepat marah kecil kita tak tahu apa apa yang buruk kelak bisa jadi yang baik yang buruk kelak bisa jadi yang baik instrumental kau teman kau doa aku punya otak cerdas aku harus tangguh bila jatuh gajah lain bantu tubuh situasi rela jadi tameng kau teman kau doa aku punya otak cerdas aku harus tangguh bila jatuh gajah lain bantu tubuh situasi rela jadi tameng,https://images.genius.com/1a857a1179986678097b0de85df10205.1000x1000x1.png,https://genius.com/Tulus-gajah-live-lyrics
Tulus,Merdu Untukmu (Intro),merdu untuk intro ingin nyanyi lekat di tengah bingkai isi semesta semua yang bisa cerita ingin nyanyi lekat di dalam hati bingkai agam nada agar semua merdu untuk ingin nyanyi lekat di dalam hati bingkai isi semesta semua yang bisa cerita ingin nyanyi lekat di dalam hati bingkai agam nada agar semua merdu untuk,https://images.genius.com/0e1f7461eb12776a27ba6485d9461d56.1000x1000x1.png,https://genius.com/Tulus-merdu-untukmu-intro-lyrics
Tulus,Cahaya - Live,ratus hari ku kenal ratus alas kamu harga ratus hari ku sama ratus alas kamu cahaya pre mampu kau akrab dengan senyum dan tawa mampu tak lagi perlu kau takut cinta bila aku pegang kendali penuh pada cahaya aku pasti jalan terang bila aku pegang kendali penuh pada cahaya aku pasti jalan terang tak mudah lagi sendu menganggu kau tahu cara buat tertawa tak mudah kusut dalam kemelut kau tahu cara urai semua bila aku pegang kendali penuh pada cahaya aku pasti jalan terang bila aku pegang kendali penuh pada cahaya aku pasti jalan terang outro duhai cahaya terima aku aku ingin kau lihat yang kau punya aku ingin kau kembali bisa percaya pada diri dan mampu,https://images.genius.com/1a857a1179986678097b0de85df10205.1000x1000x1.png,https://genius.com/Tulus-cahaya-live-lyrics
Feby Putri,Pamit,,https://images.genius.com/b35b6de974e7963ce12e95df85290a06.1000x1000x1.png,https://genius.com/Feby-putri-pamit-lyrics
Tulus,Sewindu (Rhodes Version),windu rhodes version sudah windu ku di dekat ada di tiap pagi di panjang hari tak mungkin bila engkau tak tahu bila ku simpan rasa yang pendam sejak lama tiap pagi ku tunggu di depan pintu siap senyum baik agar cerah hari cukup bagi lihat senyum manis di tiap pagi siang malam pre saat dia datang pesona bagai pangeran dan beri kau harap bual cinta di masa depan dan kau lupa aku semua usaha semua pagi kita semua malam kita oh tak akan lagi ku tunggu di depan pintu dan tak ada lagi tutur manis rayu tiap pagi ku tunggu di depan pintu siap senyum baik agar cerah hari cukup bagi lihat senyum manis di tiap pagi siang malam pre saat dia datang pesona bagai pangeran dan beri kau harap bual cinta di masa depan engkau lupa aku semua usaha semua pagi kita semua malam kita oh tak akan lagi ku tunggu di depan pintu dan tak ada lagi tutur manis rayu oh tak akan lagi ku tunggu di depan pintu dan tak ada lagi tutur manis rayu jujur memang sakit di hati bila kini nyata engkau pilih dia tak lagi ku bodoh ini larut di dalam angan angan tanpa tuju oh tak akan lagi ku tunggu di depan pintu dan tak ada lagi tutur manis rayu oh tak akan lagi ku tunggu di depan pintu dan tak ada lagi tutur manis rayu,https://images.genius.com/0e1f7461eb12776a27ba6485d9461d56.1000x1000x1.png,https://genius.com/Tulus-sewindu-rhodes-version-lyrics
Tulus,Merdu Untukmu (Outro),merdu untuk outro ingin nyanyi lekat di telinga bingkai isi semesta semua yang bisa cerita ingin nyanyi lekat di hati bingkai agam nada agar semua merdu untuk merdu untuk merdu untuk,https://images.genius.com/0e1f7461eb12776a27ba6485d9461d56.1000x1000x1.png,https://genius.com/Tulus-merdu-untukmu-outro-lyrics
Tulus,Tanggal Merah,satu hari hanya kamu dan diri nikmat tanah yang kau injak pandang langit yang kau junjung jalan t rus jalan kaki jalan walau tanpa tuju tak sesat ini waktu dengan diri ayo bebas kikis tepat perlahan semua beban nanti kan datang lagi itu senyum ini waktu dengan diri bahagia instrumental break jalan t rus jalan kaki jalan walau tanpa tuju tak sesat ini waktu dengan diri ayo bebas kikis tepat perlahan semua beban nanti kan datang lagi itu senyum ini waktu dengan diri bahagia jalan t rus jalan kaki jalan walau tanpa tuju tak sesat ini waktu dengan diri ayo bebas kikis tepat perlahan semua beban nanti kan datang lagi itu senyum ini waktu d ngan diri bahagia,https://images.genius.com/7cb36949e06cd83f0b745dc37156c482.1000x1000x1.png,https://genius.com/Tulus-tanggal-merah-lyrics
.Feast,Peradaban,bawa pesan ini ke sekutu tempat ibadah bakar lagi bawa pesan ini lari ke keluarga nama kita injak lagi bagai keset selamat datang masuk kencang tanpa undang ambil minum lepas dahaga rampas galon dispenser pula yang jadi saksi harus kuat tak buta dunia akhirat yang patah tumbuh yang hilang ganti gapura hancur bangun lagi karena tak pernah mati walau ledak ancam tuk obat karena putar abadi kebal luka bakar tusuk atau caci maki karena tak pernah mati walau ledak ancam tuk obat karena putar abadi kebal luka bakar tusuk atau caci maki beberapa orang hakim lagi walaupun ludah zaman kali beberapa orang maaf lagi walau sudah tindas habis kali kali karena tak pernah mati walau ledak ancam tuk obat karena putar abadi kebal luka bakar tusuk atau caci maki karena tak pernah mati walau ledak ancam tuk obat karena putar abadi kebal luka bakar tusuk atau caci maki post karena hidup tidak noda makna jika kau tak paham dengan kami karena mati tanggung pribadi bukan milik siapa untuk sudah budaya bahasa putar abadi jangan coba atur tutur kata kami hidup tak pendek penis laki laki jangan coba atur gaya pakai kami suatu saat nanti tanah air kembali diri suatu saat nanti kita pimpin diri sendiri suatu saat nanti kita tinggal sidik jari suatu saat nanti moga semua besar hati suatu saat nanti tanah air kembali diri suatu saat nanti kita pimpin diri sendiri suatu saat nanti kita tinggal sidik jari suatu saat nanti moga semua besar hati outro suatu saat nanti tanah air kembali diri kapan kita cukup dewasa suatu saat nanti kita pimpin diri sendiri untuk jadi diri sendiri suatu saat nanti kita tinggal sidik jari kapan kita cukup dewasa suatu saat nanti moga semua besar hati untuk jadi diri sendiri suatu saat nanti tanah air kembali diri kapan kita cukup dewasa suatu saat nanti kita pimpin diri sendiri untuk jadi diri sendiri suatu saat nanti kita tinggal sidik jari kapan kita cukup dewasa suatu saat nanti moga semua besar hati untuk jadi diri sendiri suatu saat nanti tanah air kembali diri kapan kita cukup dewasa suatu saat nanti kita pimpin diri sendiri untuk jadi diri sendiri suatu saat nanti kita tinggal sidik jari kapan kita cukup dewasa suatu saat nanti moga semua besar hati untuk jadi diri sendiri suatu saat nanti tanah air kembali diri kapan kita cukup dewasa suatu saat nanti kita pimpin diri sendiri untuk jadi diri sendiri suatu saat nanti kita tinggal sidik jari kapan kita cukup dewasa suatu saat nanti moga semua besar hati untuk jadi diri sendiri,https://images.genius.com/01f02956f04288ab2cd9fc665159a198.1000x1000x1.png,https://genius.com/Feast-peradaban-lyrics
Hindia,Secukupnya,kapan akhir kali kamu dapat tidur tenang renggang tak perlu pikir tentang apa yang akan datang di esok hari pre tubuh yang patah hati gantung pada gaji lomba jadi asri kais validasi dan aku pun tak hadir akan paling mahir tenang diri yang rasa pinggir dunia tak pernah adil kita semua gagal angkat minum sedih sama sama post ah ah ah ah ah sia sia pada akhir putus asa rekam pedih semua masalah lebih dari yang rekam gambar diri yang abadi tahun silam pre putra putri sakit hati ayah ibu sendiri komitmen lama mati hubung yang nyepi wisata masa lalu kau hanya rindu cari lari dari abdi yang bakar sirna kapur debu kita semua gagal ambil s dikit tisu sedih post ah ah ah ah ah kan masih ada ganti belum waktu kau bisa jawab ah ah ah ah ah outro semua yang sirna kan kembali lagi semua yang sirna kan nanti ganti ah ah ah ah ah ah ah ah ah ah ah ah ah ah ah ah ah ah ah ah,https://images.genius.com/17e1f083ab40f612462d8d09f7d27ac8.1000x1000x1.png,https://genius.com/Hindia-secukupnya-lyrics
Hindia,Rumah ke Rumah,sesal tak sampai cinta monyet ke kanya dan rebecca apa kabar kalian di sana moga hidup baik baik saja tak ajar kena getah saat sama thanya dan saphira percaya mungkin bukan jalan namun kalian banyak salah juga jika dahulu ku tak cepat ubah ini maaf untuk sharfina segala doa yang baik ada untuk dan mimpi yang mulia pindah kala harap bisa ujung indah walau akhir harus pisah t rima kasih kar na ku tak mudah pindah kala harap bisa ujung indah walau akhir harus pisah t rima kasih kar na ku tak mudah maaf jika ku sering buat susah indisya panda anggra caca sismita p rempuan kuat dalam hidup terjang apa pun yang kalian tuju kau datang saat gelap mere seluruh hati untuk meidiana kau pantas dapat yang baik di dunia s moga kita tahan lama pindah kala ambil ajar jika pisah jikalau suatu saat ujung indah catat nama kita dalam sejarah pindah kala ambil ajar jika pisah jikalau suatu saat ujung indah catat nama kita dalam sejarah letih embara kadang ku lupa akan amalia siap sedia tiap ku cerita ku untung jadi anak bunda pindah kala selalu pada diri mu aku serah jika ku sebut dalam sejarah m reka tak lupa kar na siapa pindah kala selalu pada diri mu aku serah jika aku sebut dalam sejarah m reka tak lupa kar na siapa,https://images.genius.com/7f487fa6ad08d65b618d52f1c5fdb1bf.1000x1000x1.png,https://genius.com/Hindia-rumah-ke-rumah-lyrics
.Feast,Tarot,nama yang sama tahan dalam ruang hening tanpa suara tahan tak geming terlalu lama canda kita tak biasa dengan celaka yang nyata diam tak daya namun aku bingung kenapa ku tak pergi aku bingung kalian masih di sini apa mungkin karena terlalu lama apa benar tuk bagi derita mungkin nanti semua justru buruk hati hati namun jatuh lagi tapi luka adalah niscaya tanggung dengan lama ku mampu lama ku mampu di hidup dua di sempat dua s moga kau tak terlalu keras kepala atau mungkin ini bukan yang pertama ini bukan yang pertama dan kita beri sempat ubah yakin nyawa kita taut khatam bagai coba selalu tertawa ramal bintang kartu orang pintar baca nasib namun aku bingung kenapa ku tak pergi aku bingung kalian masih di sini apa mungkin karena terlalu lama apa benar tuk bagi derita mungkin nanti semua justru buruk hati hati namun jatuh lagi tapi luka adalah niscaya tanggung dengan lama ku mampu lama ku mampu selalu tertawa ramal bintang kartu orang pintar baca nasib namun outro pada percaya tak masuk logika pada percaya tak masuk logika tak masuk logika pada percaya pada percaya tak masuk logika tak masuk logika pada percaya pada percaya tak masuk logika tak masuk logika pada percaya tak masuk logika,https://images.genius.com/2c8b2fbf2893359b1847566d2500a5fc.1000x1000x1.png,https://genius.com/Feast-tarot-lyrics
.Feast,Berita Kehilangan,baskara badan kujur kaku bentuk malang lintang tutup mata namun cahaya makin terang jiwa ambang tinggi terus layang layang nyawa rampas namun kita yang jaya perang pre baskara biar aku pergi dengan tenang bunda kali ini saja jangan tangis jasad nama abadi benci tak pernah menang karena baskara beberapa orang maaf beberapa yang lain yang bawa lalu buat kata sakit rayssa dynta jika ini memang cara genap nama yang beri sama seperti arti saat kau korban sadar sayang kau telah jadi abadi di hati di sejarah kami dan rela hari ini besok lusa atau lain kali karena baskara rayssa beberapa orang maaf beberapa yang lain yang bawa lalu buat kata sakit beberapa orang maaf beberapa yang lain yang bawa lalu buat kata sakit rayssa dynta tak ada damai di hidup tak ada tenteram di kamar tak ada lanjut nama tak ada damai di surga outro baskara rayssa di dalam hidup ada saat untuk hati hati di dalam hidup ada saat untuk hati hati di dalam hidup ada saat untuk hati hati di dalam hidup ada saat untuk hati hati di dalam hidup ada saat untuk hati hati di dalam hidup ada saat untuk hati hati di dalam hidup ada saat untuk hati hati,https://images.genius.com/38ea837002f4774f242534a59182e3a2.1000x1000x1.png,https://genius.com/Feast-berita-kehilangan-lyrics
.Feast,Kami Belum Tentu,tiang masih diri bendera makin tinggi kibar tiap pagi makan matahari merah makin pudar yang bunglon rasa benar putih makin kuning yang pintar masih paling tinggal beasiswa tenang kawan tak apa tahan buat apa belum ada arti masih peluk setan alergi adab alergi maju dorong mundur pimpin di esok hari ada yang cukup mampu wakil suara kami jelas tak ada yang tahu ada yang cukup peduli umat yang labu lupa masa lalu namun earth rusuh lagi earth perang nuklir lagi jadi ajar jangan sampai rusak beneran earth masih main tusuk tiap hari kian buruk ayo cepat mending rujuk jangan sampai salah tunjuk pimpin di esok hari ada yang cukup mampu wakil suara kami jelas tak ada yang tahu ada yang cukup peduli umat yang labu lupa masa lalu namun pimpin di esok hari ada yang cukup mampu wakil suara kami jelas tak ada yang tahu ada yang cukup peduli umat yang labu lupa masa lalu namun apa guna gelar kami siapa yang sudah tahu jadi apa tua nanti tentu kami belum tahu tumblr reddit blok lagi siapa bilang situs biru untuk apa koneksi jika masih mati lampu cukup kasih hati masih minta tambah paru pura pura bersih lagi bagai kalpataru jelas jelas tangan besi masih lagak rindu sembah tuhan tiap minggu tapi masih lempar batu outro ada yang cukup peduli umat yang labu lupa masa lalu namun ada yang cukup peduli umat yang labu lupa masa lalu namun,https://images.genius.com/c4954a8b8c31ad7dffe682a24751f55e.1000x1000x1.png,https://genius.com/Feast-kami-belum-tentu-lyrics
Hindia,Evaluasi,yang tak bisa obat biar ering sendiri hias tubuh dan yang evaluasi raga hanya kau sendiri mereka tak mampu pre lewat yang telah kau lewat tiap ganti hari rintang yang kau hadap masalah yang keruh oh asa yang rapuh ini belum paruh biasa saja kamu tak apa yang selalu ingin ambil peran hanya lomba jadi lebih sedih dari diri pre muak samping sama hati luka sempurna masalah yang keruh oh asa yang rapuh ini belum paruh biasa saja kamu tak apa jalan yang jauh kau bangun untuk taruh hari belum selesai biasa saja kamu tak apa bilas muka gosok gigi tidur jenak temu esok pagi walau pedih ku sama kali ini ku masih ingin lihat esok hari bilas muka gosok gigi tidur jenak temu esok pagi walau pedih ku sama kali ini ku masih ingin lihat esok hari outro bilas muka gosok gigi tidur jenak temu esok pagi walau pedih ku sama kali ini ku masih ingin lihat esok hari,https://images.genius.com/3164a06404a66aeb5923ee9ed38e9b92.1000x1000x1.png,https://genius.com/Hindia-evaluasi-lyrics
Hindia,everything u are,wajah ingat selalu lupa hal hal yang ganggu karena hari ini mata kita adu kita saling bantu lepas asa pre tinggi ke angkasa tantang dunia raya muda tuk satu jam saja kita hampir mati dan kau selamat aku dan ku selamat dan sekarang aku tahu cerita kita tak jauh beda got beat down by the world sometimes i wanna fold namun surat kan cerita ke anak anak nanti bahwa aku pernah cinta with everything you are fully as i am with everything you are wajah yang agam rupa pasti ku tak sendiri jalan derita kau bawa kisah aku dengar oh kita ganti pre tukar nestapa tawar trauma datang ada teras buka kita hampir mati dan kau s lamatkan aku dan ku selamat dan sekarang aku tahu c rita kita tak jauh beda got beat down by the world sometimes i wanna fold namun surat kan cerita ke anak anak nanti bahwa aku pernah cinta ada ada kurang kurang walau sulit utara hati dengan indah walau jarang ku nyanyi dengan cara yang indah tapi tak sekali pun kisah pernah kau bantah outro cerita kita tak jauh beda got beat down by the world beat down by the world sometimes i wanna fold namun surat kan cerita ke anak anak nanti bahwa aku pernah cinta with everything you are fully as i am with everything you are,https://images.genius.com/4f47be92df2b8f160b23e5ef066609b7.1000x1000x1.png,https://genius.com/Hindia-everything-u-are-lyrics
Hindia,Untuk Apa/Untuk Apa?,intro and it wasn t social intelligence it wasn t good looks physical health and it wasn t iq it was grit rumah ini dahulu sederhana ruang demi ruang bangun sama angan angan yang dulu mimpi belaka kita gapai segala yang tak sangka tak sadar timbun yang lebih harga diri di atas yang lebih makna anak tangga yang lebih jumlah daki terus entah mau ke mana dan kau selalu tanya untuk apa elak kerap temu jawab medusa dan makin keras kepala akan hidup hanya untuk kerja kejar mimpi sampai tak punya rasa kejar mimpi sampai lupa k luarga kejar mimpi lupa dunia nyata kejar mimpi tapi tidak sama padahal kata uang tak ke mana jika memang rezeki ya kan transfer juga namun kejar terus akan satwa langka di proses lin lupa jadi manusia lihat hawa jadi panas lupa cuaca tiup angin buah jatuh gigit juga akan perlu banyak seperti dewa siwa padahal manusia hanya tangan dua kasur yang luas tapi bangun sendiri mobil baru kilap tanpa tumpang di kiri banyak sepatu minim privasi susah pergi ps4 nintendo switch tanpa player dua dan dahulu kau tanya untuk apa lalu perhati ini semua barang mahal yang tidak ada harga dan sekarang ku tanya untuk apa lepas apa yang engkau percaya tetap tak ada yang bawa mati kembali ke tanah dan tumbuh cemara mana saja harta yang lebih harga lepas apa yang engkau percaya tetap tak ada yang bawa mati kembali ke tanah dan tumbuh cemara mana saja harta yang lebih harga lepas apa yang engkau percaya tetap tak ada yang bawa mati timbun surga yang tak bisa bagi akhir pun wafat sendiri sendiri angkat ikat rambut yang tinggal di lengan kiri mobil akhir kita tonton jari tak juga kuat sungguh janggal lebih berat dari ribu ton satu dari ribu hal kecil yang sekarang jadi terampil gosok garam di atas luka dulu tak ada apa apa rute pagi yang dahulu ceria menu favorit kini hambar rasa foto yang tak berani lirik mata kontak sekarang jadi batas nama masing masing selamat dan cerita namun tidak lagi milik sama outro cepat namun sendiri untuk apa sama tapi racun untuk apa cepat namun sendiri untuk apa sama tapi racun untuk apa cepat namun sendiri untuk apa sama tapi racun untuk apa,https://images.genius.com/7f487fa6ad08d65b618d52f1c5fdb1bf.1000x1000x1.png,https://genius.com/Hindia-untuk-apa-untuk-apa-lyrics
.Feast,Kelelawar,ft karaeng adjie baskara unjuk rasa di alun alun neraka guyur luka mayoritas dengan vodka tantang maut adu sikut babi buta bela logika tantang cakrawala tutup mata arung lorong waktu jangan patah arang saat hasil belum tentu kejar jawab dari cok rey dan vicky guna cari pre baskara siapa mengapa di mana apa bagaimana banyak cara takluk malam banyak cara hancur sulam banyak cara kelinci balap kura kura tak akan buta surya tak akan buta surya terjun bebas dari puncak jayapura tendang bigot jatuh ke dasar samudera muka dua lidah cabang tiga raga belah pre lima lawan enam tujuh delapan maju semua banyak cara takluk malam banyak cara hancur sulam banyak cara kelinci balap kura kura raja malam baskara karaeng tak akan buta surya tak akan beku duka kebal racun tak tertawa tak hirup bunga gila di dalam multisemesta kebal tirani rata rata urat nadi ribu nyawa tidak takut takhayul dewa di dalam multisemesta kebal gertak masuk neraka urat nadi ribu nyawa suci tanpa harus doa di dalam multisemesta kebal tirani rata rata urat nadi ribu nyawa tidak takut takhayul dewa di dalam multisemesta kebal gertak masuk neraka urat nadi ribu nyawa suci tanpa harus di doa outro karaeng baskara di dalam multisemesta urat nadi ribu nyawa tak akan buta surya di dalam multisemesta urat nadi ribu nyawa tak akan beku duka di dalam multisemesta urat nadi ribu nyawa tak akan buta surya di dalam multisemesta urat nadi ribu nyawa tak akan beku duka spoken words baskara putra it felt like days we re still there after countless times of circular reasoning and tireless explanation of how all loving she is going through my ears as the wind began to shout stronger don t disrupt the balance forget the past move on and i promise you to be loving she tried to make a pact with me but i can t i can t forget the past when i remember my friends practicing bigotry when i remember my family shutting me down for my religious opinion when i remember moslem friends telling me that i deserve hell as a christian when i remember christian friends telling me that i deserve hell as an atheist when i remember authorities telling me that i deserve jail for being myself i won t forget what i am i won t forget yesterday sometimes i wanna hide,https://images.genius.com/3a3ca32d35ac5a3e18f5536228061c88.1000x1000x1.png,https://genius.com/Feast-kelelawar-lyrics
.Feast,Nina,saat engkau tidur aku pergi hibur beda kota pisah raga bukan masalah lihat wajah di layar ku tetap syukur saat engkau jaga aku kan ada di sana sempat main dan bawa cenderamata satu sampai lima tahun cepat tak asa pre segala hal upaya untuk lindung tunggu aku kembali lagi esok pagi tumbuh lebih baik cari panggil jadi lebih baik banding diri tuk sementara ini aku embara jauh saat dewasa kau kan erti saat engkau dewasa dan aku kian tua jika ku pulang lebih awal tidak apa jumpa lagi di sana aku tetap sama saat engkau ingat tengkar kita manakala maaf atas jalan yang tidak sempurna namun percaya untuk jual dunia pre segala hal upaya untuk m lindung untuk lindung tunggu aku kembali lagi esok pagi s lalu janji pada diri tumbuh lebih baik cari panggil jadi lebih baik banding diri dan tertawa saat ini lepas lepas karena kelak kau kan sakit aku tahu kamu hebat namun lama diri pasti kutat tuk selalu jauh dari dunia yang jahat ini sumpah pada tuk biar tumbuh lebih baik cari panggil jadi lebih baik banding diri tuk sementara kita tertawa bagai hal yang lucu dan lara lepas lepas saat dewasa kau kan erti outro karena kelak kau kan sakit saat dewasa kau kan erti karena kelak kau kan sakit,https://images.genius.com/d8bfd4a44fd544233b5d33ac0d00a10d.1000x1000x1.png,https://genius.com/Feast-nina-lyrics
Hindia,Membasuh,ft rara sekar lama ini nanti yang beri datang balik tak kunjung pulang apa pun yang bilang di daftar pamrih orang pre rara telat sadar hidup bukan perihal ambil yang kau tebar sedikit air yang punya milik juga sama rara bisa kita tetap beri walau tak suci bisa terus obat walau biru cukup besar tuk ampun tuk asih tanpa hitung masa yang lalu walau kering bisa kita tetap instrumental interlude pre rara kita gerak dan suara jalan jauh tumbuh sama sempat pulang ke beranda tuk catat hidup dan harga rara bisa kita tetap beri walau tak suci bisa terus obat walau biru cukup besar tuk ampun tuk asih tanpa hitung masa yang lalu walau kering bisa kita tetap rara rara ering sumur isi kembali temu makna hidup di sini ering sumur isi kembali temu makna hidup di sini rara bisa kita tetap beri walau tak suci bisa terus obat walau biru cukup besar tuk ampun tuk asih tanpa hitung masa yang lalu walau kering bisa kita tetap rara ering sumur isi kembali temu makna hidup di sini ering sumur isi kembali temu makna hidup di sini ering sumur isi kembali temu makna hidup di sini outro rara ering sumur isi kembali temu makna hidup di sini,https://images.genius.com/4dc520eec558eb96f6889acaaa374389.1000x1000x1.jpg,https://genius.com/Hindia-membasuh-lyrics
.Feast,Tarian Penghancur Raya,mata dan peluh yang asin perlahan hapus angin jogja yang beku dingin tari hancur alam raya yang kecewa buat malapetaka kamar jeruji hun safar bagai fauna flora rasuk freon di ruko toko bunga bank ahli industri teknologi etnografi produksi guru huni asli pre bicara cepat bilang haram arif lokal yang bungkam tuli pada yang ajar alam mati sesak nafas tengah malam la la la la la la la la la la la la la la la la la la la la la la la la la la la la la la la la trotoar lebar bahan hijau tesla kalah cepat salip kuda asia tewas di lampu merah garis zebra efek rumah kaca tiba tiba suddenly di mana mana pre uap lontar kepung kota lomba cipta plastik kita saat senja habis kata siang malam pun gelap gulita la la la la la la la la la la la la la la la la kerja bakti susun neraka kita milik bahan bakar perihal waktu tunggu datang o2 jual oleh negara oh terima kasih kan usaha sedot besi plastik cycle tiga pun pohon tak kuasa lawan bijak yang tamasya burung siul malapetaka gurun tatap dingin manusia laut dan gunung kecewa kudeta besar alam semesta siar kabar tel surya leleh mati kutub utara amal kobar la la la la la la la la kobar la la la la la la la la kobar la la la la la la la la la la la la la la la la la la la la la la la la la la la la la la la la instrumental,https://images.genius.com/df99db2d8795910ef057195f3b721835.1000x1000x1.png,https://genius.com/Feast-tarian-penghancur-raya-lyrics
.Feast,Arteri,telanjang ku telanjang menyicipi dunia hati kata selamat datang di dua puluh kau tambal gagal kau masuk ke dalam darah dansa dan serah untuk sekian jam saja pre sembunyi dari dunia hilang akal saat kau ada putar mana ujung menang di pundak kau bilang muntah semua pilu aku pura pura tak tahu aku pura pura tak sadar kau hanya trauma luncur di aku ingin tak hirau masa depan namun hidup apa hanya delapan kali bulan salah pikir untuk selamat saat kau titik perkara menang di pundak kau bilang muntah semua pilu aku pura pura tak tahu aku pura pura tak sadar kau hanya trauma di pondok indah aku lari lari lari lari kejar diri cinta macam apa yang jaga ketat oleh antara indra mati rasa buang jauh dalam tempat sampah di pondok indah instrumental interlude kau hanya trauma luncur di hanya lagu lama nyanyi di menang di pundak kau bilang muntah semua pilu aku pura pura tak tahu aku pura pura tak sadar kau hanya trauma luncur di outro tetes bahagia yang selalu kau cari alir kelana luncur di tetes bahagia yang selalu kau cari alir kelana luncur di,https://images.genius.com/2c8b2fbf2893359b1847566d2500a5fc.1000x1000x1.png,https://genius.com/Feast-arteri-lyrics
.Feast,Dalam Hitungan,spoken word intro dear twitter please do your magic moga roh selalu kekal tidak retas oleh umat luar jaring aku tak guna jika tak ukur angka tobat di media tuhan pasti salah sangka mimpi butuh dana engagement rate mu berapa terka jarak berita tragedi milik siapa pahat citra sesuai standar nya surga buka cabang kita semua pialang ratus ribu per puluh giga akhirat yang adil semua orang wenang pre sekarang semua tidur tenang cek lagi besok pagi selamat kita bangun sama tuhan yang baru dunia yang berani semua orang seru taman eden dengan wi fi dan kamera depan malaikat yang hadir ukur hidup benah arah redaksi mati siar instagram tv nyanyi puji yang matrikulasi sangkakala indah bunyi notifikasi kita bangun sama tuhan yang baru dunia yang berani semua orang seru taman eden dengan wi fi dan kamera depan malaikat yang hadir ukur bangun sama tuhan yang baru dunia yang berani semua orang seru taman eden dengan wi fi dan kamera depan malaikat yang hadir ukur moga roh s lalu kekal tidak retas oleh umat luar jaring moga roh s lalu kekal tidak retas oleh umat luar jaring moga roh s lalu kekal tidak retas oleh umat luar jaring moga roh s lalu kekal tidak retas oleh umat luar jaring outro hanna milenia moga roh s lalu kekal tidak retas oleh umat luar jaring moga roh s lalu kekal tidak retas oleh umat luar jaring,https://images.genius.com/1bfcffabcc8286d47722521afc5227bd.1000x1000x1.png,https://genius.com/Feast-dalam-hitungan-lyrics
.Feast,"o,Tuan",oh jelas aku tahu bunga akan layu rumput kian ering daun kan kuning kau tahu turut waktu adalah kutu ancam bual pre dan satu per satu orang sekitar mulai tinggal oh ini ingat untuk o tuan wahai mati ku tak bisa lawan jamah henti janji ikhlas dengan rela namun jangan hari ini lihat masuk ke dalam ruang operasi doa malam suntuk di kamar yang hening tanpa metafora dan analogi kias belit diksi tanpa bungkus fiksi aku takut untuk o tuan wahai mati ku tak bisa lawan jamah henti janji ikhlas dengan rela namun jangan hari ini instrumental rela o tuan rela namun jangan hari ini rela o tuan rela namun jangan hari ini rela o tuan rela namun jangan hari ini namun jangan hari ini instrumental,https://images.genius.com/2c8b2fbf2893359b1847566d2500a5fc.1000x1000x1.png,https://genius.com/Feast-otuan-lyrics
.Feast,Sectumsempra,ft yudhis kau bedah ilmu hitam tak tanding kau tindak kau tindas yang sayap kiri lidah tajam yang darah murni tak perlu kawan kau jalan sendiri lawan pasti kau tebas mati dengan sihir sihir sihir kau sangga hormat hijau dan perak jaga derik ular tanpa rusak tangis tahan dan tak dobrak walau tak murni kau b rani teriak lawan pasti kau tebas mati dengan sihir sihir sihir guitar solo lawan pasti kau tebas mati dengan sihir sihir sihir outro raaaahhh akan ku bagi semesta jadi ingat ingat yang nanti semua makhluk bisa besuk waktu begitu sempit dan luas waktu ada di kolong tempat tidur tapi rumah adalah hutan amfibi dikotomi sisi sisi oposisi biner de saussure raaaahhh kita tak kenal jam besuk kita tak kenal jam besuk kita tak kenal jam besuk kita tak kenal jam besuk kita tak kenal jam besuk bantai kita tak kenal jam besuk bantai kita tak kenal jam besuk bantai kita tak kenal jam besuk bantai kita tak kenal jam besuk bantai kita tak kenal jam besuk bantai,https://images.genius.com/59b05557fbc2cbdddbd3931386c97047.268x268x1.jpg,https://genius.com/Feast-sectumsempra-lyrics
Hindia,Besok Mungkin Kita Sampai,luka silet di pipi sakit tengah mati bawa bekas sampai mati tidak ku tak takut darah lagi ikut sepak bola dan transfer main di berita tapi masuk klub fotografi karena kaki tak hebat tari enggan masuk sma hingga malam di brawijaya tunggu bebas m reka tak paham yang kita waris stella temu pasang adrian ke australia kawan kawan pergi s namun tuju belum tiba natasha ud u udu tak ada yang tahu kapan kau capai tuju ooh ooh ooh ooh dan percaya bukan urus untuk jawab itu sender pada waktu kuat diri atas tanya yang buru tentang masa depan nikah didik kerja iman natasha udu selalu minta temu lagi namun hanya sua di reuni nama nama yang datang dan pergi kadang bagai maling di malam hari jangan takut lihat yang ambil cuti kapan kapan moga kau berani hidup bukan saling dahulu mimpi sendiri sendiri natasha udu udu tak ada yang tahu kapan kau capai tuju ooh ooh ooh ooh dan percaya bukan urus untuk jawab itu kata pada diri post besok mungkin capai natasha udu udu tak ada yang tahu kapan kau capai tuju tak ada yang tahu selesai adu ooh ooh ooh ooh dan percaya bukan urus untuk jawab itu sender pada waktu outro besok mungkin capai,https://images.genius.com/7f487fa6ad08d65b618d52f1c5fdb1bf.1000x1000x1.png,https://genius.com/Hindia-besok-mungkin-kita-sampai-lyrics
Hindia,Apapun yang Terjadi,alarm jam delapan pagi kar na jam puluh kau isi absensi kau bangun aku s tiap hari rute yang sama ulang lagi makan malam sama di gancy hanya sama di lima hari pre natasha udu sering pisah di akhir pekan kau dengan teman teman aku main peran mulai tanya siapa yang salah benar natasha udu dulu sama buru properti dulu antar jemput sekarang pulang sendiri di hidup kita singgah dan pergi apa pun yang jadi kita abadi di masa lalu di dalam buku dalam sejarah kita masih indah walau parau perih di lagu yang lain di melodi ini syukur pernah jadi taman yang luas ekor corgi kita beri nama gimli antar jemput anak tiap pagi di hidup yang lain natasha udu ukur sepatu pantang dan diet masih guna di masa lalu ukur sepatu pantang dan diet masih guna di masa lalu natasha udu udu dulu sama buru properti dulu antar jemput sekarang pulang sendiri di hidup kita singgah dan pergi apa pun yang jadi kita abadi ukur sepatu pantang dan diet di masa lalu masih guna di masa lalu di dalam buku ukur sepatu pantang dan diet dalam sejarah masih guna di masa lalu kita masih indah outro natasha udu ukur sepatu pantang dan diet masih guna di masa lalu ukur sepatu pantang dan diet masih guna di masa lalu,https://images.genius.com/7f487fa6ad08d65b618d52f1c5fdb1bf.1000x1000x1.png,https://genius.com/Hindia-apapun-yang-terjadi-lyrics
Hindia,Cincin,kau masalah jiwa aku pun rada gila jodoh akal akal neraka kita sama kau langgan menang laki muntah muntah begitu terus sampai iblis tobat dan sedekah terkadang rasa leher bakar hingga pagi seperti aku hidup pasang dengan api henti ulang psikolog dan terapi aku isi bensin kita coba lagi pre tapi belum juta sayang untuk cinta karena aku pun bola panas juga kadang lebih atau sama parah dan jika bicara tentang masa depan aku pun bingung tak punya tebak lagu cinta untuk akhir dunia lihat kami nyanyi ini sama moga hidup kita terus begini gin saja walau sungai luap dan kurs tak masuk logika moga kita cinta apa ada walau kata sekarang ku bisa masuk penjara post satu per satu hari per hari yang sakit benah lagi perihal esok tuk nanti dulu perihal cari waktu persetan kata siapa mau bilang apa tak guna mereka hanya tahu nama mereka tak jadi diri persetan atur cinta tak tulis di atas batu apa kau ingin jadi benar atau ingin jadi muda moga hidup kita terus begini gin saja walau sungai luap dan kurs tak masuk logika moga kita cinta apa ada walau kata sekarang ku bisa masuk penjara persetan kata siapa mau bilang apa tak guna mereka hanya tahu nama mereka tak jadi diri persetan atur cinta tak tulis di atas batu apa kau ingin jadi benar atau ingin jadi muda lagu cinta untuk akhir dunia sekarang bantu aku nyanyi ini sama moga hidup kita terus begini gin saja walau sungai luap dan kurs tak masuk logika moga kita cinta apa ada walau kata sekarang ku bisa masuk penjara outro satu per satu hari per hari yang sakit benah lagi perihal esok tuk nanti dulu perihal cari waktu,https://images.genius.com/d16ab978dc13fbebf1708f5866ca8b24.1000x1000x1.png,https://genius.com/Hindia-cincin-lyrics
Hindia,Evakuasi,aku hanya ingin tenang bukan rumah uang atau tenar aku hanya butuh tenang ia sangat jauh hanya angan angan aku hanya ingin tenang tanpa kabar panggil dan temu aku hanya butuh tenang hilang diri dari ramai ribu tuhan ini berat bangun pura jadi kuat sungguh semua ini bom waktu pikul cerita pikul salah aku bukan objek validasi jauh diri dari foto selfie aku bukan objek imitasi jangan pakai foto di akun pribadi kau tak akan pernah kenal bicara akan kau tahu diri ku doa dari jauh tak perlu kirim pesan di ulang tahun ribu tuhan ini berat bangun pura jadi kuat sungguh semua ini bom waktu pikul cerita pikul salah sekarang pergi anggap aku mati selamat diri oh jangan cari aku siang hari sore nanti malam ini ku tari dengan bayang diri sendiri sekarang pergi anggap aku mati selamat diri oh jangan cari aku siang hari sore nanti malam ini ku tari dengan bayang diri sendiri outro aku hanya butuh tenang ia sangat jauh hanya angan angan aku hanya butuh tenang,https://images.genius.com/7f487fa6ad08d65b618d52f1c5fdb1bf.1000x1000x1.png,https://genius.com/Hindia-evakuasi-lyrics
Hindia,Dehidrasi,lihat kebun penuh dengan ratus pesan whatsapp gebu selalu pura pura lupa balas yang minta karya cuma cuma nihil m bca paksa wawancara dengan tanya yang itu itu saja dengan yang dulu yakin bahwa ku tak bisa sekarang sapa akan sahabat lama pre yang buat resah oh air yang keruh siram jauh tak usah kau sentuh lepas diri sih lingkup dari racun yang alir di dalam darah lepas diri sih lingkup dari racun yang suara tentang hidup hati hati dalam pilih racun hati hati dengan hati yang dur mata air yang semu paksa tanpa erti ku minta cerita ku tinggi sekarang beda kata yang ramah kata kata yang dulu tak pernah ada lepas diri sih tubuh dari racun yang alir di dalam darah lepas diri sih lingkup dari racun yang suara tentang hidup hati hati dalam pilih racun hati hati dengan hati yang dur mata air yang semu paksa tanpa erti instrumental lepas diri sih tubuh dari racun yang alir di dalam darah lepas diri sih lingkup dari racun yang suara tentang hidup hati hati dalam pilih racun hati hati dengan hati yang dur mata air yang semu paksa tanpa erti,https://images.genius.com/8f12c730911a85f4c50a269e6bd94b69.1000x1000x1.png,https://genius.com/Hindia-dehidrasi-lyrics
Hindia,Belum Tidur,semua yang sirna kan kembali semua yang sirna kan ganti dan ku tanya untuk apa angan yang belum jawab juga versi sal priadi amin paling serius detik jam simpul jari yang erat sang gerilyawan doa makin berat dentang ingat rasa ciri pikir semua asa khas pagi buta serang aku malam ini yang tegang milik sendiri terus terus sal layang dan masuk dalam tubuh rebah sedikit badan kata yang paham kami sabar mau juga tepi tapi banyak tapi banyak yang tunggu nyawa kembali belum rapi ya meski b b beranta dan tidur dengan cepat juga karya seni saat siap tutup hari sal bukan lembur dunia henti pukul tiga pagi bukan lembur bukan tunggu kejut selamat dan panjang umur selamat dan panjang umur henti waktu di kamar ini selamat dan panjang umur selamat dan panjang umur selamat dan panjang umur sal sibuk cerna riuh bukan di telinga kau yang tahu tenggat diri sendiri ku sehat raga lantas berisik di kepala kau yang tahu racun diri sendiri datang dari mana sal dunia henti pukul tiga pagi datang dari mana datang dari mana henti waktu di kamar ini outro sal canggih tubuh kan mampu sembuh luka sendi kau yang tahu tenggat diri sendiri canggih tubuh kan mampu sembuh luka sendiri kau yang tahu racun diri sendiri,https://images.genius.com/6afb84d71bedc17332c424f6060b5be0.1000x1000x1.png,https://genius.com/Hindia-belum-tidur-lyrics
Hindia,Jam Makan Siang,intro kita manusia makhluk mulia kita butuh uang untuk gali liang tentang angan angan di saat semua orang juang di ladang yang gersang terus m rasa kurang haus yang mengiang siapa yang menang sosial media jual beli surga tak ada prospek tak ada uang tanah yang langit oh bumi yang sakit cukup diri yang tahu jalan boleh karya asal hobi saja cita cita cinta patah k luarga ketika norma adat pilih bagai alas semua kata mimpi wajar tentang angan angan di saat semua orang juang di ladang yang gersang terus rasa kurang haus yang mengiang siapa yang menang matter mos ku di antara gemuruh ragu yang getar jiwa orang manusia yang sedang mimpi mimpi di atas awan yang deru lamun dia belum rasa saat bangun sedang layar tinggi tinggi di sini tempat labuh jalan yang tempuh dari dulu ah ah satu satu yang tahu ah aku cuma bisa jadi aku hidup tak mudah balik telapak tangan tak ada jalan singkat tuk tuai yang kau tanam sadar yang kau cari itu butuh rancang kecuali diet hanya makan instan tentang angan angan di saat semua orang juang dan dan di ladang yang gersang terus rasa kurang haus yang mengiang siapa yang menang outro kita manusia makhluk mulia kita butuh uang untuk gali liang kita manusia makhluk mulia kita butuh uang untuk gali liang,https://images.genius.com/14a50625bf5a09085296f7bdb78ca764.1000x1000x1.jpg,https://genius.com/Hindia-jam-makan-siang-lyrics
Hindia,"Tidak Ada Salju di Sini, Pt. 4",tidak ada salju di sini part iv sayang kita gagal pergi jakarta rintik rintik lagi kita sama sama sedih benci hujan di bulan ini susah gera enggan anjak ke depan banyak jalan sedikit lari kadang henti kali ini pasti pre walau dua janji kuat apa pun yang jadi aku letih kamu letih aku enggan kamu tak sudi aku salju kamu seperti api kau maju ku tak lari ku tak raya idul fitri kamu doa lima waktu hanya jauh hari sabtu ibu gereja hari minggu tunggu natal tahun baru beda tuhan dengan menantu tra sihombing rubina selamat datang di dunia adik kecil raja semua kelak kau kan jadi raja tuntun seluruh umat umat nya yang sedih di hari minggu yang sedih di hari lahir tentu resolusi kali ini orang diri mungkin ke luar lanjut studi karena tak ada salju di sini instrumental tra sihombing rubina selamat datang di dunia adik kecil raja semua kelak kau kan jadi raja tuntun seluruh umat umat nya yang sedih di hari minggu yang sedih di hari lahir outro tra sihombing rubina selamat datang di dunia adik kecil raja semua kelak kau kan jadi raja tuntun seluruh umat umat nya yang sedih di hari minggu yang sedih di hari lahir,https://images.genius.com/16b32d4bf4737c4cb1d9d998f2472f39.1000x1000x1.png,https://genius.com/Hindia-tidak-ada-salju-di-sini-pt-4-lyrics
Hindia,Kita ke Sana,raya hari ini besok sisa sengsara belum pulang kau pun di sini teman diri kita sandiwara bicara tak mesti walau kita tahu nyata semua tak baik saja ada masa kita curi ruang dan waktu walau pasti lalu biar saja selagi masih bisa sama sama semua sementara kita di ujung cerita untuk lima menit coba kau ambil alih dunia ada masa kita curi ruang dan waktu walau pasti lalu biar saja selagi masih bisa sama instrumental ada masa kita curi ruang dan waktu walau pasti lalu biar saja lama lama lama lama selagi masih bisa sama outro sama oh oh oh sama sama oh oh oh oh,https://images.genius.com/d16ab978dc13fbebf1708f5866ca8b24.1000x1000x1.png,https://genius.com/Hindia-kita-ke-sana-lyrics
.Feast,Minggir!,minggir hidup dalam layar harap jadi besar lalu jumlah pirsa yang engkau tawar hidup di balik kaca harap jadi akbar tabuh konflik tebar dusta di udara tembak garam ke angkasa hujan keruh suasana mengkomodifikasi cuaca perkosa etika minggir minggir dapat tak relevan minggir minggir kata tak padan dengan tingkah laku nyata bela diri ada ulah tak besar nama kecut minggir hidup dalam ilusi jaga ereksi abadi atas fantasi muluk tuk diri sendiri hidup dalam e lucy in the sky above you float so free the youth will burst you off your bubble in the count of three minggir minggir dapat tak relevan minggir minggir kata tak padan dengan tingkah laku nyata bela diri ada ulah tak besar nama kecut minggir manuver lupa batas bagai jalur gaza israel palestina ledak lagi drone bangan massa kau bakar lagi orang gantung diri di cijantung tetap kau tunggang instrumental minggir minggir dapat tak relevan minggir minggir kata tak padan dengan tingkah laku nyata bela diri ada ulah tak besar nama kecut minggir outro minggir minggir dapat tak relevan minggir minggir kata tak padan dengan tingkah laku nyata bela diri ada ulah tak besar nama kecut minggir,https://images.genius.com/f348939c87020a1457c23ce59bb53be3.1000x1000x1.png,https://genius.com/Feast-minggir-lyrics
.Feast,Watcher of the Wall,spoken word intro malam dan siang yang tidak pernah tatap muka sebab antara nya kemilau jingga masuk ukir nama akan jurang yang beda diri mereka masing masing the night is holding down the sun it s darkest before dawn i set my eyes on this wall that separates us all ooh oh oh this time now i know how ooh oh oh we re not the same after all ooh ooh ooh ooh ooh ooh oscar lolang when friday calls all gather round and mocking can be found no responds made on sunday yet you here always wail ooh i recognize this wall hmm hat separates us all ooh ooh ooh ooh ooh ooh dey bin hyah dey bin hyah my medah s bin birthin ever since uh child an o a na na help dem lord help dem lord me voices was heard in the heat tso tse day and isy cool o de nah kumbaya lord kumbaya kumbaya lord oh our lord is never he it or she our lord is never as well as fa afafine shut down shut down shut down hallelujah from the poplar tree oh yes we are different an all ben papua been bloodin thousands of death toll if we crash the military will have all the money if we peace they gwyne lost their investments and their honey but if they force to own the sole all money we will shed in forever constant irony save me shoot me save me rape me lord if my tongue split to three then i ll strike up upon thee but somehow upon all of my puffed up ness we sank down deep in this river full of victorian dress break it down lord break it down if i had a hammer this holy then i ll hit it every day if i had a phone this loud i ll ring it everyday don t no more captain ahab this is a wreck ship and we ve been sailing from the massive crack in africa what if i named the whale milk it would ve bring us calamities that are wrapped in silk oh god in the name of bhinneka we re expecting you lord of the saints i gaze up to those flyin crane they flew into volcanic plume that went to meet their hurtful doom willingly peacefully i am the i am the watcher i am the hot iron ball peace be upon y all fuckers shalom ooh ooh ooh ooh ooh ooh outro tapi kata rendra tanpa oposisi mereka akan sepi dan onani apakah malam bisa gelap jika matahari tidak peran di tempat lain mana indah bianglala tunggal warna bagaimana lahir tanpa peluk yoni kepada lingga bahasa di tiap lidah selera di tiap tafsir aamiin di tiap iman batas di tiap identitas karna tanpa oposisi rezim terus kuasa tanpa oposisi persepsi makan kepala sendiri,https://images.genius.com/3a3ca32d35ac5a3e18f5536228061c88.1000x1000x1.png,https://genius.com/Feast-watcher-of-the-wall-lyrics
Hindia,"Berdansalah, Karir Ini Tak Ada Artinya",besok coba kau izin pulang cepat bilang saja siapa sedang sakit lusa coba izin lambat bilang saja kau celaka sedikit habis cuti belum resign i know you re scared but it s totally fine karena kau bukan mesin assembly line lihat promo libur babe that s a sign pre oh karena tahu kalimat itu ada di ujung mulut oh karena kau tahu tak mau laku itu umur hidup laku apa yang kau mau sekarang saat hati gerak jangan kau larang hidup ini tak ada arti maka kau bebas arang makna orang laku apa yang kau mau sekarang saat hati gerak jangan kau larang lagipula hidup akan akhir maka laku apa yang kau mau sekarang dansa kau raja dunia karier ini tak ada arti dansa kau ratu dunia hidup ini tak ada arti besok coba kau bohong sedikit lalu kau lupa saat ungkit ungkit bisa juga kau jujur saja jujur saja parah kau akan makin lega pre oh karena tahu kalimat itu ada di ujung mulut oh karena kau tahu utama diri di sisa hidup laku apa yang kau mau s karang saat hati gerak jangan kau larang hidup ini tak ada arti maka kau bebas m ngarang makna orang laku apa yang kau mau sekarang saat hati gerak jangan kau larang lagipula hidup akan akhir maka laku apa yang kau mau sekarang laku apa yang kau mau sekarang saat hati gerak jangan kau larang hidup ini tak ada arti maka kau bebas arang makna orang laku apa yang kau mau sekarang saat hati gerak jangan kau larang lagipula hidup akan akhir maka laku apa yang kau mau sekarang outro dansa kau raja dunia raja dunia karier ini tak ada arti arti dansa kau ratu dunia ratu dunia hidup ini tak ada arti,https://images.genius.com/d16ab978dc13fbebf1708f5866ca8b24.1000x1000x1.png,https://genius.com/Hindia-berdansalah-karir-ini-tak-ada-artinya-lyrics
Hindia,kids,pagi ini sumpah kira kucing bangun dengan kuku hati sedih saat sadar diri sendiri di luar kota pre far far away from my responsibility of feeding them all on time right now so close i know i m getting what i want i think i need some more mes dan kadang ku takut kurang luang waktu di rumah tuk mimi dan betty lambat sadar bahwa panjang hidup mereka hanya punya diri pre or maybe i made one too many mistakes just wanna feel their purr one last time always i hope that i did them okay and gave them enough love in their lives no i got no answer i just can t decide tak punya jawab i just can t decide whether i really care about making it big or if i really just wanna hope on that plan and go home be home with my cats b home with my pre maybe i made one too many mistakes just wanna feel their purr one last time always i hope that i did them okay and gave them enough love in their lives no i got no answer i just can t decide tak punya jawab i just can t decide whether i really care about making it big or if i really just wanna hop on that plane and go home be home with my cats be home with my it was difficult it s inevitable certain all my life i d find a way to just not talk about it andai kamu ada lama tak siap hadap hari dan saat tiba waktu juga kan panggil kau di atas sana no i got no answer i just can t decide tak punya jawab i just can t decide whether i whether i really care about making it big really care about making it big or if i really just wanna hop on that plane and go home or i just wanna go home be home with my cats be home with my be home with my cats be home with my outro be home with my,https://images.genius.com/4f47be92df2b8f160b23e5ef066609b7.1000x1000x1.png,https://genius.com/Hindia-kids-lyrics
Hindia,semua lagu cinta terdengar sama,di seluruh tempat di seluruh dunia mana lagu cinta ini putar aku geleng kecil dan senyum tipis andai lagu ini tulis oleh madukina rekam yang manis isi bombastis tuju cara spesifik untuk tentang hal hal yang hanya kita dua tahu karena semua bosan semua jemu tak ada yang bisa gambar paras cara sempurna maka kan coba karena semua yang lain dengar sama dengar sama semua bosan semua jemu tak ada yang bisa gambar paras oh oh cara sempurna maka kan coba karena semua yang lain dengar sama dengar sama sal priadi sal di seluruh tempat di seluruh dunia di mana pun lagu cinta ini putar dengar sama ada film di kepala yang putar adegan romantis per kamu di seluruh tempat di seluruh dunia di mana pun lagu cinta ini putar ada film di kepala yang putar adegan romantis per kamu semua bosan semua jemu tak ada yang bisa gambar paras cara sempurna maka kan coba karena semua yang lain dengar sama outro dengar sama dengar sama dengar sama,https://images.genius.com/4f47be92df2b8f160b23e5ef066609b7.1000x1000x1.png,https://genius.com/Hindia-semua-lagu-cinta-terdengar-sama-lyrics
.Feast,Metakritik,malam sekian debat tutur kata dan gaya tulis ada takut caci karena punya salah dan gaya pakai pre waswas cemas lihat yang lain habis libas aku batin apakah ku terlalu peduli dengan standar yang beku dan sangat tinggi tanya tanya apa kau benar benar nilai diri dengan cara yang sama atau apa aku takut dengan aib dan lingkung hidup di masa cemas kita tumbang ganti nanti siksa paksa bungkam diri kali ini harus main aman tinggal yang bicara hilang jati diri malam sekian tanya semua putus yang telah amal ada takut waktu tiba buah sesal yang harus jalan pre waswas c mas lihat diri mulai sulit dalam tulis apakah ku terlalu nyaman d ngan hidup yang kini kian tinggi tanya tanya apa ku benar benar hilang amarah karena mulai tua atau apa aku takut dengan aib dan lingkung hidup di masa cemas kita tumbang ganti nanti siksa paksa bungkam diri kali ini harus main aman tinggal yang bicara outro paksa tinggal diri yang dahulu runtuh dan percuma tinggal yang bicara susun dan jatuh hilang jati diri,https://images.genius.com/2c8b2fbf2893359b1847566d2500a5fc.1000x1000x1.png,https://genius.com/Feast-metakritik-lyrics
.Feast,Jerusalem,baskara oh i think it be over with all these break spine we argue we fight talk be cold extra shiver day be all night no sunshine no sight baskara old school taxi and uber we fight why can t our road be a one baskara tear down this border we share the same mother our foe align dream intertwine blow off your steam tomorrow be fine baskara share our promised land this time s not just mine rubina oh i get dream without fever of a place i could call home a place i share with some leave behind all this sickness and bruise that you inflict upon me that i inflict upon you rubina fender and gibson why do we fight why can not we both rhyme a one rubina tear down this border we share the same mother our foe align dream intertwine blow off your steam tomorrow be fine rubina share our promised land this time s not just mine spoken word i speak a lot don t think know it be necessary she shake her head let out a sigh suddenly the ground be shake eye blind by light back in a cafe in jakarta i look around and she wasn t there amaze such magic applause curtain call but wait whom do i talk to then again i be in a cafe in jakarta the music be loud they be play kendrick doesn t fit the place s branding but well whatever it be good i should shut up and enjoy my latte so either way it doesn t matter if i speak with myself if i speak with society or if god speak to me last night,https://images.genius.com/3a3ca32d35ac5a3e18f5536228061c88.1000x1000x1.png,https://genius.com/Feast-jerusalem-lyrics
Hindia,Mata Air,intro kamga ah ah ah ah ah ah ah ah ah ah ah ah ah ah natasha udu habis gaji untuk diri sendiri beli satu tiket film kini mes yang cukup hanya untuk satu porsi nyanyi kunto aji di tengah muda mud pre natasha udu semua jatuh bangun hal yang biasa angan dan tanya waktu yang jawab ikan tenggat waktu sedih cukup raya asa bagai manusia natasha udu kamga jika kau pernah sakit angkat tangan jika kau pernah sakit angkat tangan jika kau pernah bahagia angkat tangan jika kau pernah kecewa angkat tangan jika kau pernah sakit angkat tangan jika kau pernah sakit angkat tangan jika kau pernah bahagia angkat tangan jika kau pernah kecewa angkat tangan hidup bukan untuk saling dahulu bayang yang cipta oleh mentari ada karena matahari maksud puji untuk cinta diri sendiri hari ini udu kamga jika kau pernah sakit angkat tangan jika kau pernah sakit angkat tangan angkat tangan jika kau pernah bahagia angkat tangan woo woo woo yeah jika kau pernah kecewa angkat tangan jika kau pernah sakit angkat tangan jika kau pernah sakit angkat tangan jika kau pernah sakit angkat tangan angkat tangan jika kau pernah bahagia angkat tangan angkat tangan jika kau pernah kecewa angkat tangan jika engkau kecewa angkat tangan post udu kamga mata air ada di sini angkat tangan mata air diri sendiri angkat tangan temu makna hidup sendiri angkat tangan tar dengan bayang diri sendiri jika engkau kecewa angkat tangan mata air ada di sini dan jika engkau bahagia angkat tangan mata air diri sendiri jika kau pernah sakit angkat tangan temu makna hidup sendiri jika kau pernah sakit angkat tangan tar dengan bayang diri sendiri yeah mata air ada di sini mata air ada di sini mata air diri sendiri temu makna hidup sendiri oh oh oh tar dengan bayang diri sendiri mata air outro udu kamga mata air ada di sini mata air ada di sini mata air diri sendiri mata air diri sendiri temu makna hidup sendiri mata air ada di sini oh oh oh tar dengan bayang diri sendiri mata air diri sendiri,https://images.genius.com/7f487fa6ad08d65b618d52f1c5fdb1bf.1000x1000x1.png,https://genius.com/Hindia-mata-air-lyrics
.Feast,Fastest Man Alive,spoken word lalu apalagi yang betul kau tangis air mata dan regang nyawa tidak bisa bentuk cakrawala ruang dan batas lama nyala apalagi yang perlu kau takut distorsi selalu nyanyi dengan harmoni tentang yakin yang selamat tentang cepat yang pasti intro let s go never compromise get turn get crazy push ye s button and walk for frenzy boost your ego get yeezy get ready don t need no shoes to run this city babe take them all every glances you get chairil on on on so bitches won t forgot sorry mama but my feet s the only thing that i got for now imma let all my money burn away pre for recognition in my mind i m speeding i m the brushing consequences off like penny i ll tweak the past bring back the dead to life don t tell me bout the chances i know too well it s slim now jump in baby go go go i m way better than gerard i wanna change the world i wanna be it s lord i don t care if i die never ask my age babe vip access don t i ask my lover well i digress don t tell my god if you can t guess who s who inside this crazy multiverse gonna sell some guns to some odd tooth fairy engagement rings for feminists who just wouldn t marry give a laugh for pandji who s just not funny i ll write down any les necessary pre just to reach my my words outrun forest let s make one big unrest in my mind i m speeding i m the brushing consequences off like penny i ll tweak the past bring back the dead to life don t tell me bout the chances i know too well it s slim now jump in baby go go go i m way better than gerard i wanna change the world i wanna be it s lord i don t care if i die interlude die die motherfucker die die die motherfucker die die die motherfucker die in my mind i m speeding i m the brushing consequences off like penny i ll tweak the past bring back the dead to life don t tell me bout the chances i know too well it s slim now jump in baby go go go i m way better than gerard i wanna change the world i wanna be it s lord i don t care if i die outro i m way better than gerard i wanna change the world i wanna be it s lord i don t care if i die i m way better than gerard i wanna change the world i wanna be it s lord i don t care if i spoken word haha lagi pula mantra bisa belah semesta kan,https://images.genius.com/3a3ca32d35ac5a3e18f5536228061c88.1000x1000x1.png,https://genius.com/Feast-fastest-man-alive-lyrics
Hindia,No One Will Find Me,this is the debut solo single of a k a baskara putra lead singer of the band feast i m on the run again threats all around me i m on the run again aku saksi pre atas padi milik rakyat di wonogiri my people our church under siege another city mom s on the phone again dek jaga diri media interview again kristen pre stranger in my own land pariah for the godsend taboo for my own fans see me with your sixth sense cause they can try rat me out and locate me but sniff me out where i lay gps me yet track me down cerebro can t afford me but but no one will find cause they can try rat me out and locate me but sniff me out where i lay gps me yet i m a ghost don t look at me i am lost never find me yeah leave me here where i should be back on the track again no one will miss me they ll heed my words again come close come for me pre crown made out of thorns again body on the cross again dark knight rises mr wayne messiah wordfangs born again rodents on the run again well they better be fire in the booth amen gotta confess my sins pre when my deeds got done i know gotta reap what you sow they ll be running back at me i know by then i ll be long gone and they can try rat me out and locate me but sniff me out where i lay gps me yet track me down cerebro can t afford me but but cause they can try rat me out and locate me but sniff me out where i lay gps me yet i m a ghost don t look at me i am lost never find me yeah leave me here where i should be,https://images.genius.com/f8e696f74a3f41ca4ca67d0a2e63dc2d.1000x1000x1.jpg,https://genius.com/Hindia-no-one-will-find-me-lyrics
.Feast,Gelora,abyan nabilio gelora di penjuru tenggara sorak sorai gebuk gendang telinga malas dan pasrah kan takluk tarung tiba saat bukti ku selam hingga palung dalam lompat tinggi lewat gedung julang cara yang curang sigap lawan anthem yang keras kita nyanyi kibar kobar merah yang panas di dalam dada baskara putra gelora takluk semesta tabuh suara gendang nusantara kalah menang perihal belakang hanya perlu nyali panas arang tendang tiang tiang yang menghadang jika terlalu keras panjat sampai atas tak ada halang yang lama kekal indonesia punya banyak akal kibar kobar merah yang panas di dalam dada sebar hidup putih yang nyala di hati kita kibar kobar merah yang panas di dalam dada sebar hidup putih yang nyala di hati kita instrumental,https://images.genius.com/f845e5626f6889cb9a4c4c7a6929acf1.1000x1000x1.png,https://genius.com/Feast-and-the-panturas-gelora-lyrics
.Feast,Padi Milik Rakyat,lauk di atas piring tengah porsi rakyat darah ering perlahan hingga jadi mayat siapa berani rampas lumbung badan jadi mayat badan jadi mayat siapa hidup mewah hingga lupa badan jadi mayat pajak dari rakyat pajak dari rakyat jok kiri mobil beri ayah mungkin milik rakyat pajak dari rakyat pajak dari rakyat tengah harga alamat rumah mungkin milik rakyat pajak dari rakyat pajak dari rakyat siapa berani pakai uang pajak dari rakyat atas nama rakyat atas nama rakyat siapa berani kerap bohong atas nama rakyat siapa berani rampas lumbung badan jadi mayat badan jadi mayat siapa hidup mewah hingga lupa badan jadi mayat badan jadi mayat badan jadi mayat pajak dari rakyat pajak dari rakyat,https://images.genius.com/f348939c87020a1457c23ce59bb53be3.1000x1000x1.png,https://genius.com/Feast-padi-milik-rakyat-lyrics
Lomba Sihir,Tak Ada Waktu Tepat untuk Berita Buruk,hook uuu uuu uuu uuu uuu uuu uuu uu rayhan noor tengah sembilan pagi semua pesan sudah baca tak ada kerja yang tunda tinggal cari kafein es kopi susu atas nama kak natasha hindia sudah tengah hari bayang giat malam nanti aku tak sabar untuk cepat pergi pergi pre tidak ada ancang tak sempat pikir matang rencana tak ancang jantung debar tak ada waktu yang tepat untuk berita buruk beri tahu diri tak ada yang bisa kau laku hook uuu uuu uuu uu natasha udu telah masalah akhir kira ku akan siap hadap coba namun ku tetap jungkir mau tak mau harus tel pre tidak ada ancang tak sempat pikir matang rencana tak ancang jantung debar tak ada waktu yang tepat untuk berita buruk beri tahu diri tak ada yang bisa kau laku tak ada waktu yang tepat untuk berita buruk beri tahu diri tak ada yang bisa kau laku hook uuu uuu uuu uuu uuu uuu uuu uu mau tak mau harus tel mau tak mau harus tel instrumental tak ada waktu yang t pat untuk berita buruk beri tahu diri tak ada yang bisa kau laku tak ada tak ada waktu yang tepat waktu yang t pat untuk berita buruk beri tahu diri tak ada yang bisa kau laku outro uuu uuu uuu uuu uuu uuu uuu uu,https://images.genius.com/0a1b9b9c26e97176886ae8072b0c6501.1000x1000x1.png,https://genius.com/Lomba-sihir-tak-ada-waktu-tepat-untuk-berita-buruk-lyrics
.Feast,Uʍop Ǝpᴉsdn,god texted yesterday i d welcome her any day but when everybody pray too loud o can t hear what she say mass strike every day wan na hear what they get ta say but they want me out the way cause all i be be heresy heaven pull me yesterday they force me in so bright light ray but then i say not today cause they ask me to change my way million belief on display wan na prove all their own madre convince me with their only way oh who care time change anyway hoo woo woo woo yet we stand strong a the world keep spin hoo woo woo woo ghostfolks strong someday we ll be win if i show my way then y all be y all be play hound you ll keep sniff then i i don t wan na be find if this really it the air you breathe then i ll stay underground hoo woo woo woo i ll stay upside coffee yesterday same old drink same old cafe some client say i can t stay say my people would betray but what else be really mine not this flag on on this land a pest in my own bloodline plastic bhinneka tagline hoo woo woo woo yet we stand strong a the world keep spin hoo woo woo woo ghostfolks strong someday we ll be win if i show my way then y all be y all be play hound you ll keep sniff then i i don t wan na be find if this really it the air you breathe then i ll stay underground woo woo woo woo i ll stay upside down down down down i ll stay upside down down down down i ll stay upside down down down down i ll stay upside down down down down post i ll stay upside down down make a sound minorities never kneel freebirds love all whom you feel unbeliever take the wheel down down make a sound minorities never kneel freebirds love all whom you feel unbeliever take the wheel down down make a sound minorities never kneel freebirds love all whom you feel if i show my way then y all be y all be play hound you ll keep sniff then i don t wan na be find if this really it the air you breathe then i ll stay underground woo woo woo woo i ll stay upside down down down down i ll stay upside down down down down i ll stay upside down down down down i ll stay upside down down down down outro i ll stay upside down down make a sound minorities never kneel freebirds love all whom you feel unbeliever take the wheel down down make a sound minorities never kneel freebirds love all whom you feel unbeliever take the wheel spoken word she slam the table god be talk to me and she be angry thunder ring heavy rain i understood then she create harmony one made of silence to visit the past be to learn from it and learn be loud a crime against harmony but still i d rather be a convict than a mute cause in silence in hear people whisper skim one group so they come out a hero in silence i hear hound bark to reenact rap and kill chinese when all they kill be indonesian she throw her arm toward me split second i saw crimson cloud everything go black year of my life flash in a blink i remember thing that never happen before countless tragedy persecution cathedral burn down mob ram down i open my eye saw my wrinkled hand illuminate by dim bonfire child all around me wait for me to say something god show me myself in another world in which i have fail i know bad thing happen when it s too late still i win t forget who i be i win t forget yesterday,https://images.genius.com/3a3ca32d35ac5a3e18f5536228061c88.1000x1000x1.png,https://genius.com/Feast-uop-psdn-lyrics
Hindia,perseverance (in the face of grief),perseverance in the face of grief perseverance in the face of grief kan ku rabas api neraka untuk bisa tatap mata hari ini badai petir di atas kepala tapi tuhan terima kasih tuk hari ini limut gelap gulita tapi bangga lewat dengan hari ini tuli dengar maki dan cerca siap lawan mereka untuk hari ini kan ku rabas api neraka untuk bisa tatap mata hari ini badai petir di atas kepala tapi tuhan terima kasih tuk hari ini limut gelap gulita tapi bangga lewat dengan hari ini tuli dengar maki dan cerca siap lawan mereka untuk hari ini mama said son keep on believing all the world s for you to achieve gotta ask and you shall receive perseverance in th face of grief mama said son keep on beli ving all the world s for you to achieve gotta ask and you shall receive perseverance in the face of grief outro mama said son keep on believing all the world s for you to achieve gotta ask and you shall receive perseverance in the face of grief mama said son keep on believing all the world s for you to achieve gotta ask and you shall receive perseverance in the face of grief,https://images.genius.com/4f47be92df2b8f160b23e5ef066609b7.1000x1000x1.png,https://genius.com/Hindia-perseverance-in-the-face-of-grief-lyrics
.Feast,5,lima tahun ke depan kau kecewa tutur kata dan serapah tak guna lantar bagai pusat belanja di kota yang hadir khusus tuk yang mapan lima tahun ke depan angkat tangan angkat tangan macam jari tak ikut aduk adon jempol tari di ujung senapan taut kelingking pasti tak indah bangkit aku dari tidur tatap mata setan yang sama terus terus tidak jalan mati mati lima tahun gadai gigi geraham tukar dengan belati tuai api yang padam di mungut nanti sesat dan tidak paham gembala ambisi siklus lima tahun bangun dan hancur instrumental lima tahun ke depan ku harap ku belum lanjur minta lobotomi paksa bangga dan sayang negeri kutuk biaya rumah menteri lima tahun ke depan makan tai makan tai b rhadapan dengan partai yang sok suci jebak foto dengan p jabat tinggi minta beda oknum dan institusi lima tahun ke depan kau kecewa tutur kata dan serapah tak guna lantar bagai pusat belanja di kota yang hadir khusus tuk yang mapan outro lima tahun ke depan angkat tangan lima tahun ke depan angkat tangan,https://images.genius.com/2c8b2fbf2893359b1847566d2500a5fc.1000x1000x1.png,https://genius.com/Feast-5-lyrics
Lomba Sihir,Andai Saja,hindia kita erti saat temu pertama kali kali kita kan ganti untuk sakit untuk maaf pre rayhan noor oh betapa mudah ini semua kan jalan rayhan noor terlalu banyak hal yang ingin ubah tak biar kita diam terlalu lama ada ruang kosong yang ingin beri makna namun tak pernah berani sampai hindia rayhan noor kita kembali temu untuk pertama kali oh bisa kita mulai lagi papas dengan ribu lebih mungkin ho oh rayhan noor terlalu banyak hal yang ingin ubah tak biar kita diam terlalu lama ada ruang kosong yang ingin beri makna namun tak pernah berani sampai natasha udu jebak dalam kata mungkin harap tuk bisa saling erti jebak dalam kata mungkin harap tuk bisa saling erti rayhan noor terlalu banyak hal yang ingin ubah tak biar kita diam terlalu lama ada ruang kosong yang ingin beri makna namun tak pernah berani outro rayhan noor terlalu banyak hal yang ingin ubah tak biar kita diam terlalu lama ada ruang kosong yang ingin beri makna namun tak pernah berani sampai sampai,https://images.genius.com/770c94ddffdf3f474448c19c60b9c99b.1000x1000x1.png,https://genius.com/Lomba-sihir-andai-saja-lyrics
Hindia,Janji Palsu,sukses hanya pinjam dan mungkin aku sewa yang lihai hidup dalam angan angan di dalam kepala sibuk tika cinta dan hal banal lain sobek bagai kain jual sesuai berat pakai untuk main semua tak kecuali hingga nihil reduksi jadi produk nan kini kecil serbuk gergaji pre kata kata kosong yang kerap jual kali ini tuntut tumbal per hari ini kita semua mati rasa atas bagai isi semesta yang kata semua indah pada waktu kau tahu hidup ini tak ada arti jual grosir oleh yang kanan maki habis di jaring kiri dilepeh najis oleh yang mapan tekan habis bak anak tiri batin batas bahan guyon gelak tawa kalian iman batas bahan maki adab bosan rasa kau tak akan takut malam ini lihat nama jadi target caci maki sering fantasi untuk bunuh diri agar kau rasa b rsalah sampai mati per hari ini kita semua mati rasa atas bagai b risi semesta yang kata semua indah pada waktu kau tahu hidup ini tak ada arti outro kau tahu ku tak minta lahir juga tahu semua uang ini tak asa tahu karier ini tak ada arti sukses pinjam sementara dunia,https://images.genius.com/d16ab978dc13fbebf1708f5866ca8b24.1000x1000x1.png,https://genius.com/Hindia-janji-palsu-lyrics
.Feast,Langitruntuh,intro segala situasi tak mau henti dalam rusuh di tengah tengah kerumun dalam masa yang kumuh cinta di bawah langit yang runtuh kabar kabar belakang ini akan paksa agar kita tak jadi sekongkol gagal pasang joli aku tak bisa nafas di ibu kota hingga kau hembus kala kita jumpa aku tak kuat panas khatulistiwa kau dingin dada tiap kita sama jenak ku sama dua baring di puncak dunia langit yang runtuh tukar peluh surga di antara neraka tanpa intervensi negara kamu mati lampu kita henti waktu sementara tak busana di bawah langit yang runtuh di tengah bangsa yang luruh oh oh oh oh cuaca di waktu waktu lalu akan paksa agar kita tak temu akan bumi janji lawan aku dan kamu aku tak bisa nafas di ibu kota hingga kau hembus kala kita jumpa aku tak kuat panas khatulistiwa kau dingin dada tiap kita sama langit yang runtuh tukar peluh bangsa yang luruh tukar peluh outro aku tak bisa nafas di ibu kota hingga kau hembus kala kita jumpa aku tak kuat panas khatulistiwa kau dingin dada tiap kita sama,https://images.genius.com/2c8b2fbf2893359b1847566d2500a5fc.1000x1000x1.png,https://genius.com/Feast-langitruntuh-lyrics
Hindia,Bayangkan Jika Kita Tidak Menyerah,pernah kau bayang jika kita meni lucu apa anak anak karena ibu manis sekali pernah kau bayang jika abang dan madu hidup lama tunggu pulang di tur lima puluh nanti tantang apa pun dari ayah atau dunia kita hadap kita lewat kita ikut kita nikmat panas global dan beda agama kita hadap kita lewat pernah kau bayang langit jakarta cerah saat kau darat pulang pandang tak tutup polusi pernah kau bayang percaya dengan yang ada di istana karena yang kita taruh di sana akhir milik hati pernah kau bayang tak takut lihat berita tak takut jadi diri yang ada ada tak takut punya mimpi yang lumayan agak gila berat tapi besok ada di tangan kita tantang apa pun dari ayah atau dunia kita hadap kita lewat kita ikut kita nikmat panas global dan beda agama kita hadap kita lewat bayang jika kita tidak m nyerah aku tahu habis r kam ini banyak keluh di hujung album ini satu sempat pakai untuk senyum tertawa khayal maka tantang apa pun dari ayah atau dunia kita hadap kita lewat kita ikut kita nikmat panas global dan beda agama kita hadap kita lewat outro tantang apa pun dari ayah dari bunda dari dunia dari mana hei maju semua,https://images.genius.com/d16ab978dc13fbebf1708f5866ca8b24.1000x1000x1.png,https://genius.com/Hindia-bayangkan-jika-kita-tidak-menyerah-lyrics
Lomba Sihir,Ribuan Memori,natasha udu dalam kepala mana yang buat s perti hari ini jatuh pertama dari sepeda tampak hantu di rumah tua pre hindia serpih bahagia atau justru buat merana jika ada ingat yang terus hangat diri jaga api hadap hari terus kau begitu jika ada pedih yang panjang ikat tubuh percaya dunia tak lama harus begitu rayhan noor karyawisata libur pertama kado dari mama dan papa kar na hasil naik kelas walau rata rata pas pas nekat pulang lewat jam malam larang jalan jalan bulan tahun bimbing ajar gawat uji akhir sekolah pre hindia serpih bahagia atau justru buat merana oh tahan atau lupa pilih kawan tidak mengapa oh tak apa apa jika ada ingat yang terus hangat diri jaga api hadap hari terus kau begitu jika ada pedih yang panjang ikat tubuh percaya dunia tak lama harus begitu rayhan noor natasha udu dalam kepala kepala memori mana yang buat di hari ini instrumental jika ada ingat yang terus hangat diri jaga api hadap hari terus kau begitu jika ada pedih yang panjang ikat tubuh percaya dunia tak lama harus begitu jika ada yang kau ajar dari masa lalu jaga api hadap hari terus kau begitu jika ada yang buat tak mau buka lembar baru percaya dunia tak lama harus begitu outro harus begitu percaya dunia tak lama harus begitu harus begitu,https://images.genius.com/b0fd655c06faa1475cc17f5749af8d4d.1000x1000x1.png,https://genius.com/Lomba-sihir-ribuan-memori-lyrics
Hindia,a feeling,chika olivia don t know what to do with this i just know that i got a foreign city and i m all alone all i got is this certain feeling did i take this away from home don t know how to describe this feeling tried everything just to overcome this exact particular feeling don t know what to do with this this i just know that i got a foreign city and i m all alone all i got is this certain feeling did i take this away from home don t know how to to describe this feeling tried everything just to overcome overcome this exact particular feeling somebody help i think i might just drown deep inside pull me out i haven t got enough sleep i guess i found the key to my success i confess that i m rambling a mess this is me at my best pre i think this is me at my best when i m overwhelmed by then that s me at my best i m a big bowl of chaos i choke the world when i cry i think that s when i m at my best my best my best my best doves flying up in the air just a bit outside my reach sing for me your gift of freedom don t wanna be like this anymore i guess i m nothing at my best i guess i m nothing at my best outro kunto aji cukup ikat rela yang tak harus untuk cukup sudah yang lalu lalu guna luka tuk genggam dunia,https://images.genius.com/4f47be92df2b8f160b23e5ef066609b7.1000x1000x1.png,https://genius.com/Hindia-a-feeling-lyrics
Hindia,Ramai Sepi Bersama,during the covid outbreak for im3 ooredoo s ramadan ad campaign silaturahmi tiap hari this is about staying connected in times of physical isolation the ad version of the features read more berapa jauh dari sini tembok tembok ini tak arti asal lihat senyum hari ini dengar keluh malam nanti saat semua tak jelas arah kita hanya punya sama lewat curam terjal dunia ramai sepi ini milik sama ramai sepi ini milik sama kita sama sama tak ke mana lama kau ada aku tak apa apa pun yang jadi tidak apa lihat tawa tangis dan isak dengar kabar bagai macam kali ini kita ajar banyak yang runtuh kita ulang nanti saat semua tak jelas arah kita hanya punya sama lewat curam terjal dunia ramai sepi ini milik sama saat asa berat berat tahu kau pun juang juga hadap semua langsung di muka apa pun yang jadi tidak apa tiap hari ku syukur lihat selimut harap bekal cerita outro saat semua tak jelas arah kita hanya punya sama lewat curam terjal dunia ramai sepi ini milik sama ramai sepi ini milik sama kita sama sama tak ke mana lama kau ada aku tak apa apa pun yang jadi tidak apa,https://images.genius.com/a762eb5f2d8edb803904509e8fe52557.597x590x1.jpg,https://genius.com/Hindia-ramai-sepi-bersama-lyrics
.Feast,Riphunter,speak word baskara putra god speak to me last night while i be in a cafe in jakarta she say it s too crowded one snap of her finger we be suddenly elsewhere lot of water lot of wind view be nice but a bit grim she be furious so i ask her what s wrong she say that i go back in time and it be the great crime of all hook we gon na win this we gon na win this we gon na win this we gon na win this ramengvrl bad to the bone yeah i do it alone your idol keep blowin up my phone we start a kid when y all do be just preach too ahead of my time it win t work niche my dad always say he doesn t understand me my mom she spend life a a secretary they hate me for be me so who i should be a man a woman with cum laude degree mom say if only she d go back in time then all these problem wouldn t be mine prayin to god but i guess she decline she say nein she say nein but praise be to god i m alive ah we almost reach finish line ah fuck what you hear fuck what you hear heart of my enemy that s for dessert funny thing be instead of want me dead now they want me to be bad haha think if i go back in time and tweak history thing would be good like ugh it s sicken but maybe they re right maybe i might thing could be different if that s what they like and how bout i poison the hater on site why well out of spite how easy cyanide give em free dinner and tell em to bite or if that s too easy we can take their baby and burn em and call it a night cop will be chasin u down but we move out of town til we re safe and sound we re nowhere to be find i m sorry do that sound crazy well put me in prison already baskara putra ain t nothing s right with this backward nation when my friend go to rehab for be one in million ain t nothing s right with this rightful nation leave behind it heritage in one year smooth motion baskara putra oooh folk tell me to go back in time fix thing up one try make it all a rhyme oooh folk tell me to commit great crime tweak time what time well i guess i m in my prime oooh tell me to be loud and political so tell em my head s the price for be political oooh so tell em to play my band in my funeral and play my funeral on national television baskara putra tell em to see what s wrong in this backward nation tell em to get ready jump back in time in motion ask them to join me get ready for collision ask them to get together win with me demand devotion tell em to see what s wrong in this backward nation tell em to get ready jump back in time in motion ask them to join me get ready for collision ask them to get together win with me demand devotion bam mastro kid go nut at my show this nation don t even know i get no recognition for my success be prove opportunity be give for those one whom they ve know they never see it come they ll never see my dream die hook we gon na win this we gon na win this we gon na win this we gon na win this we gon na win this we gon na win this we gon na win this outro bam mastro kid go nut at my show this nation don t even know i get no recognition for my success be prove opportunity be give for those one whom they ve know they never see it come they ll never see my dream die spoken word and son you who disobey god there will be great earthquake in various place famine and pestilence and there will be terror and great sign from heaven transition to wife of gojira,https://images.genius.com/3a3ca32d35ac5a3e18f5536228061c88.1000x1000x1.png,https://genius.com/Feast-riphunter-lyrics
.Feast,Politrik,hari ini kau belanja topik cari cari debat paling berisik jalan jinjit di tepi jurang tukik bungkus kritik dangkal dengan cantik pre trik trik trik positioning trik trik trik trik marketing trik trik trik trik trik branding semua kau sikat miring santai saja lihat kawan paling ya hanya jual berita jadi uang makan derita jadi uang jajan aku pernah di situ kawan muak anggap hanya jual jalan jadi beban sulit imbang kata trik paling jitu po angkat topik tabu li tarik dengar lugu trik lalu jual baju besok pagi kau tuai kritik bagai grup di ponsel mulai berisik usaha tenang namun kau mulai panik tapi tertawa saat angka jadi cantik pre trik trik trik positioning positioning trik trik trik trik marketing marketing trik trik trik trik trik branding semua kau sikat miring santai saja lihat kawan paling ya hanya jual berita jadi uang makan derita jadi uang jajan aku pernah di situ kawan muak anggap hanya jual jalan jadi beban sulit imbang kata santai saja lihat kawan paling ya kejar setor kontrak dengan label rekam incar liput masuk koran aku pernah di situ kawan formula ampuh jual akan tangkap semangat zaman pakai busana yang depan trik paling jitu angkat topik tabu tarik dengar lugu lalu jual baju trik trik trik positioning trik trik trik trik marketing trik trik trik trik trik branding semua kau sikat miring trik trik trik positioning trik trik trik trik marketing trik trik trik trik trik branding semua kau sikat miring outro po li trik,https://images.genius.com/533bb3087e10ba78121a9be33168f129.1000x1000x1.png,https://genius.com/Feast-politrik-lyrics
.Feast,Luar Jaringan,hook ku kebal peluru di retas semua nama di dalam hitung ku kebal peluru di retas semua nama di dalam hitung aku ingin sakit karena sedang fashion aku bagai dokter diagnosa pasien semua omong ya hanya canda semua tanggap ya tidak dewasa pre tinggi dan kelas ku tak banyak akun tak perlu ikut tak ikut ikut kamu tak pantas gerak keluarga mampu idola juga tak pantas untuk aku hebat beda sendiri aku hebat punya opini aku cepat kalian musim aku tepat alam aku hebat teman juga tak makan daging seniman aktivis militan iman misoginis atheis pandang politis perkosa beranta kami kubur jejak kami kubur jejak kami kubur jejak kami kubur jejak kami kubur jejak kami kubur jejak kami kubur jejak kami kubur jejak kami kubur jejak instrumental hook ku kebal peluru di retas semua nama di dalam hitung ku kebal peluru di retas semua nama di dalam hitung aku hebat beda sendiri aku hebat punya opini aku cepat kalian musim aku tepat alam,https://images.genius.com/ac43ebb19855133e8dddbf5e10116e88.1000x1000x1.png,https://genius.com/Feast-luar-jaringan-lyrics
Hindia,harga satu pil,berapa berapa banyak yang kau dapat belum semua sita jadi barang bukti berapa harga tebus berapa banyak dari kami yang enggan karena kau laku ini ulang kali pre clara friska adinda lalu ku kaca tanya pada diri berapa harga empati berapa banyak dari kami yang sadar kau laku ini kar na sesuatu di keluarga di masa lalu aku tak tahu berapa harga empati berapa besar ruang hati yang sadar hidup tak untung diri moga aku tapak tanah aku tak tahu berapa harga dua manusia berapa besar tekan batin dari dua belah pihak orang tua mmm berapa harga sila tiga akhir dengar hanya laku tuk mereka yang tak suka sama oh berapa harga empati berapa banyak dari kami yang sadar kau laku ini dari dalam hati tak bayang besar beban aku tak tahu berapa harga empati berapa harga empati berapa besar ruang hati yang sadar hidup tak untung diri moga aku tapak tanah aku tak tahu aku tahu outro aku tak tahu aku tahu aku tak tahu aku tahu aku tak tahu moga aku tapak tanah aku tak tahu,https://images.genius.com/4f47be92df2b8f160b23e5ef066609b7.1000x1000x1.png,https://genius.com/Hindia-harga-satu-pil-lyrics
.Feast,Ouroboros,akan semua hanya simulasi jika salah hapus lalu ulang kelak jadi bahan curah hati ingat tuk cerita pada kadang abadi dalam lagu kadang cerita asli kau tahu saat jadi dulu tidak lucu kau bilang ajar tuk lain hari akan kami tak pernah dewasa akan tangis tanpa saksi mata kau sama dengan tokoh fiksi tak sadar kau gigit ekor sendiri pre kau tenggelam jauh maka aku pergi kawan sampai nanti kelak suatu saat kau mau kembali kau simpan nomor tuk hubung segala halang urus sendiri pasti kau tahu apa dalam hati jika rumah kian asa sepi atau bising gaung hati nurani mudah kau cari cara jembatan tapi mungkin itu ingin kami pre tampak mustahil maka aku pergi kawan sampai nanti maka aku pergi kawan sampai nanti outro maka aku pergi kawan sampai nanti maka aku pergi kawan sampai nanti maka aku pergi,https://images.genius.com/2c8b2fbf2893359b1847566d2500a5fc.1000x1000x1.png,https://genius.com/Feast-ouroboros-lyrics
.Feast,Wives of ゴジラ / Gojira (We Belong Dead),wife of gojira we belong dead praise all my sister we belong dead the king of pacific water claim all our head praise all my sister we belong dead stop cry don t be sad it ain t so bad this our fate to drown in the depth of the ocean time to become one with the fang of the fall thermonuclear claws end the day that we sulk in wife of gojira no need to be sullen praise all my sister we belong dead the king of pacific water claim all our head praise all my sister we belong dead stop cry don t be sad it ain t so bad this our fate to drown in the depth of the ocean time to become one with the fang of the fall thermonuclear claws end the day that we sulk in wife of gojira no need to be sullen instrumental outro speak word there i be sit just a chair away from god the allmother call me a bat a pest over a cup of coffee the wind be howl water crackle around our foot i look at her in the eye a moment of silence i brace myself to ask her aren t we all time traveler visit the past everyday to try shape the future isn t that human nature one with your image would you say that we be all cheater wouldn t it also make you one i be me because i learn from the past so you can t stop me not or nor any god i win t forget what i be i win t forget yesterday even in the face of hell,https://images.genius.com/3a3ca32d35ac5a3e18f5536228061c88.1000x1000x1.png,https://genius.com/Feast-wives-of-gojira-we-belong-dead-lyrics
Hindia,Satu Hari Lagi,lima juta lagi untuk botol minum keras tiga juta kosmetik dalam game terus kuras hanya gelintir uang yang terus keluar deras ku sekarang nafas tanpa tuju jelas karena tak ada lagi yang cari di sini mimpi jadi besar tak giur lagi angan hanya sampai jauh tanah sendiri hanya ingin keluh tak bisa bijak lagi pre jujur aku sangat untung selalu hidup cukup tak bisa lagi ku nyanyi akan ku erti diri hidup luka sakit mulai sekarang coba kau tanggung itu sendiri kadang ku rasa terlalu malas untuk karya kurang pantas diri gelimang harta sekali saja ku bicara tentang mental kawan tak tiap hari ku bisa peduli itu oh kawan tinggal aku di sini ku hanya mampu sambung hidup hari per hari biar aku di sini hanya bisa pikir tuk aku hanya ingin muntah sekali lagi ingin makan k nyang sekali lagi jangan anggap aku tulang punggung sekali ku berh nti tamat hidup jangan beri aku target dagang aku bukan komoditas milik bukan milik tinggal aku di sini ku hanya mampu sambung hidup hari per hari biar aku di sini hanya bisa pikir tuk aku hanya ingin muntah sekali lagi ingin makan kenyang sekali lagi ingin tamat satu series lagi dan menang keras sekali lagi outro dan menang keras sekali lagi dan menang keras sekali lagi,https://images.genius.com/d16ab978dc13fbebf1708f5866ca8b24.1000x1000x1.png,https://genius.com/Hindia-satu-hari-lagi-lyrics
.Feast,Masimarah,telan sisa jual basi tengah lahan mual ingin mel lanjur jalan hadir tengah hati tampil tengah sadar duduk tengah diri tak ada jangkar pun hari ini aku masih marah tanpa suara tanpa kata kata masih diri tabung amarah tumpuk panas namun tanpa arah benci aku yang dulu berisik lantang sok tahu mulut si anak baru lagak guru pun hari ini aku masih marah tanpa suara tanpa kata kata masih diri tabung amarah tumpuk panas namun tanpa arah dan hari ini aku masih marah di luar panggung sorot cahaya masih diri tabung amarah tak tahu tuju salah siapa oh kita lihat isi dada masing masing siap tuk jatuh sama siap untuk cipta luka salah aku segera tak sabar aku balas ibu kali lipat agar kita jadi ampas outro pun hari ini aku masih marah tanpa suara aku masih marah masih diri aku masih marah tumpuk panas aku masih marah,https://images.genius.com/2c8b2fbf2893359b1847566d2500a5fc.1000x1000x1.png,https://genius.com/Feast-masimarah-lyrics
.Feast,Blackwater / Multiverses,part blackwater i saw kiddos shoe all white run chase night never once fight mindset ain t right i saw big mob dress in white run start blight show virtue burn local in their grip pre and mother and sister and everyone weep it s too late bad thing happen when you sleep now we re all coral and bone ghost between the stone claim by davy jones you get no glory run like a pest stay silent and see u all catch gash no one be right in a world turn right leave silence you ll drown underwater i saw people in my screen play victim i only see ghouls search for like i saw big group press privilege on the few but i never saw them stand in our light and realize pre how easy how safe and sound they can be ungrateful bad thing we do in our sleep we burn our saviour youth flower truth cross book you get no glory run like a pest stay silent and see u all catch gash no one be right in a world turn right leave silence you ll you get no glory run like a pest stay silent and see u all catch gash no one be right in a world turn right leave silence you ll drown underwater leave on blackwater leave on blackwater leave on blackwater part multiverses heidi nasution melawan waktu sebab akibat mengetuk pintu mencari obat mari bersatu jaga martabat semoga kita belum terlambat melawan waktu sebab akibat harus dilaksanakan jangan diwacanakan mengetuk pintu mencari obat harus dilaksanakan jangan diwacanakan mari bersatu jaga martabat harus dilaksanakan jangan diwacanakan semoga kita belum terlambat heidi nasution dalam pandanganku multisemesta urat nadiku seribu nyawa jangan lekang oleh waktu jangan diam lekas bergerak melaju kencang tuntut tanah merah berdarah dijanjikan,https://images.genius.com/3a3ca32d35ac5a3e18f5536228061c88.1000x1000x1.png,https://genius.com/Feast-blackwater-multiverses-lyrics
Hindia,letdown,dua dekade ratus janji yang tak selesai taman main yang karat dan bengkalai jadi saksi generasi yang paksa tumbuh dewasa renggut masa muda jajah layan apakah kita memang paksa harus damai bahwa semua mimpi sama tak capai atau balik lihat pagar yang tak buka jadi bunga di tirai besi juang dan tak henti di sini pre madukina oh pray that i still have it in me bunga di tirai besi akar lipat kali oh pray that i still pray that i still have it in me you and me both we want the same thing riding on danger oh like it s nothing we know it won t end well we ll keep on singing keep holding on bring on the l tdown you and me both we want the sam thing riding on danger oh like it s nothing we know it won t end well we ll keep on singing keep holding on bring on the ku tak terima jika kita yang harus kalah anjak pergi di tanah ibu aku jajah atau balik tegap kencang kuda kuda tuang semen di mata kaki juang dan tak henti di sini pre madukina oh pray that i still have it in me bunga di tirai besi akar lipat kali oh pray that i see pray that i still have it in me madukina you and me both we want the same thing we want the same thing riding on danger oh like it s nothing oh like it s nothing we know it won t end well we ll keep on singing keep holding on bring on the you and me both you and me both we want the same thing we want the same thing riding on danger oh like it s nothing oh like it was nothing we know it won t end well we ll keep on singing keep holding on bring on the outro madukina we get high from the we get high from the we get high from the we get high from the we get high from the we get high from the we get high from the we get high from the,https://images.genius.com/4f47be92df2b8f160b23e5ef066609b7.1000x1000x1.png,https://genius.com/Hindia-letdown-lyrics
Hindia,Tinggalkan di Sana,nikmat cipete yang sepi walau minim yang dapat kunjung tak hilang indah senopati tanpa hiruk pikuk muda mud karena masuk di notification langsung klik dalam milisekon mumpung kredit belum kena plafon hari raya bukan tentang diskon semua orang pulang ke rumah tinggal raksasa di kota dan warna langit mulai ubah jadi lebih biru dan ceria sisa gelintir juang kali ini kami belum pulang mungkin karena sudah tak kampung atau beda tuhan dan lindung pre lebur dengan keluarga basa basi yang basi biasa tahan tahan lawan tanya yang tak harus tanya tinggal pilih di sana kembali jadi manusia yang waras tanggap berita tak pecah yang di atas sana tinggal pilih di sana kembali jadi manusia yang mawas lihat isi kota dengan orang yang banyak ragam tinggal pilih di sana kembali jadi manusia yang waras tanggap berita tak pecah yang di atas sana tinggal pilih di sana kembali jadi manusia yang mawas lihat isi kota dengan orang yang banyak ragam,https://images.genius.com/e5f2e546e03a8b1b347c31e7ea0e132d.1000x1000x1.jpg,https://genius.com/Hindia-tinggalkan-di-sana-lyrics
Lomba Sihir,Nirrrlaba,hindia lurus macam macam pikir pakai watak dan buat yang kurang senang yang kurang timur pre hindia natasha udu bakar dan lempar dan putarbalikkan sejarah asal tunjuk asu hilang hilang andil adil kata kar na kami nirguna nirlaba si hindia udu internet ekonomi salah kami lagi istana bencana salah kami lagi orang hilang peluang salah kami lagi tak peduli tak peduli aku tak peduli udu ajar tuk tiada ajar jadi muda kar na pre hindia udu kau bakar dan lempar dan putarbalikkan sejarah asal tunjuk asu hilang hilang andil adil kata kar na kami nirguna nirlaba si hindia udu internet ekonomi salah kami lagi istana bencana salah kami lagi orang hilang peluang salah kami lagi tak peduli tak peduli aku tak peduli internet blokir salah kami lagi bom nuklir invoice cair salah kami lagi invasi inflasi salah kami lagi pki radikalisasi salah kami lagi outro hindia udu rayhan noor tak peduli aku tak peduli tak peduli aku tak peduli tak peduli tak peduli tak peduli aku tak peduli tak peduli tak peduli,https://images.genius.com/c813e9fa379b83d6ea9a41a57a8cd4ca.1000x1000x1.png,https://genius.com/Lomba-sihir-nirrrlaba-lyrics
.Feast,Di Padang Lumpuh,intro main yang bener lu dat siapa siap tinggal siapa siap tinggal siapa tahu harga ubah tapi tak siap temu ajal kita bangga yang dulu saja bakar ban tutup jalan lempar segala bicara dengan megafon sampai busa anti kritik hampir sama dengan istana pre nama demi nama jadi senjata tiap kali tanya kau tahu apa diri di atas dapat orang mati tak bisa lari dengan mulut sendiri hidup tanah negeri rumah bangsa para korban gala raya bumi digdaya diri hidup tanah negeri rumah bangsa sangka gala raya bumi digdaya diri kita tak pantas dapat ubah kita tak bisa cipta ubah kita tak tahu apa itu ubah selalu pikir guna ego iman uang otot selangkang goblok hidup tanah negeri rumah bangsa para korban gala raya bumi digdaya diri hidup tanah negeri rumah bangsa sangka gala raya bumi digdaya diri hidup tanah negeri rumah bangsa para korban gala raya bumi digdaya diri hidup tanah negeri rumah bangsa sangka gala raya bumi digdaya diri instrumental,https://images.genius.com/1294e8a37cc01a0774126c5c8c9fe591.1000x1000x1.png,https://genius.com/Feast-di-padang-lumpuh-lyrics
Hindia,WAWANCARA LIAR PT. II,matter mos pakai sabuk kam kalau bikin gera basa basi salam pura pura temenan alam tahun soal akal akal dari dulu nyontek kalo lagi ulang oke bos suka pihak oke suka beli algoritma oke suka pakai pintu belakang tahu tahu ada di depan oke matter mos hello enggak perlu porto kalau bisa ngasih kado buat apa nyari ilmu kalau paling bisa nego ada masalah apa lagi hari ini asa distopia kalau nyalain tv aman aja ada rudy hei rudy matter mos papar sampai sadar kalau kau dan aku sama sama abai di atas papan hanya jadi pion belaka sulit gerak karena batas lang bangsat matter mos hello si enggak perlu porto kalau ada mau ngasih kado buat apa sih lo nyari ilmu kalau paling bisa nego ada masalah apa lagi hari ini kangen jaman revolusi ada di tv aman aja ada rudy hei rudy matter mos seringai cause i m feeling lawless topeng vendetta anonymous don t shoot the m ssenger call me silas ngomongin makna mac m iyas berani adu debat budak wakil rakyat bilang bela rakyat curi uang rakyat dapat mandat rakyat rakyat culas awas diawasin netizen indonesans outro matter mos jantung macam double pedal di interview keringat tidak berani buka mulut takut salah salah cakap bibir rapat namun belum kenyang masih lapar lukis palsu picasso tingkah lo acak acak dari kiri ke kanan aku di tengah masih malang sabang ke merauke banyak masih beranta skit iyas lawrence kristo immanuel malam ada acara pak ahaha biasa lah acara kecil kecil aja ama keluarga haha saya lihat di medsos istri oh ya nikah anniversary itu apa ulang tahun si bontot biasa anak sayang saya ulang tahun iya ya sama teman teman aja yang berapa pak enam belas enam belas tahun iya ya buat bapak kecil kecil buat saya besar itu ahahahaha bisa aja mas ini yang pasti itu kecil itu kecil kado saya lihat mobil oh ya itu mobil ken itu mobil ken aja saya kasih oh mobil ken iya itu ken itu hahaha gitu mas bro tapi acara kemarin bahagia lah ya bahagia sekali mas bro eh saya panggil mas bro enggak apa apa ya enggak apa apa enggak apa apa biar akrab aja umur kita kan enggak jauh ahahahaha ya sial umur enggak jauh ya ya ya ya ya ya padahal bisa umur dengan bapak ya hahahaha canda aja mas canda saya izin kita mulai acara siap mas bro siap siap maaf nih saya undang telah acara mungkin masih euforia masih rasa ah enggak lah cuman ada beberapa poin yang saya harap bisa kita diskusi hari ini ya ya ya ya hari ini memang agenda adalah bicara tentang satu hal oke yaitu bocor data dan seperti arah ya ke institusi bapak tepat untuk kita bicara dengan bapak karena bapak lah yang bertanggungjawab atas bocor data sebut oke begini ya mas jadi memang bocor data itu sudah jadi dari beberapa waktu akhir ini ya tapi ya itu bukan semata mata karena institusi kami juga gitu jadi kayak apa ya ini sudah jadi dan memang kami sudah laku hal baik yang bisa kami laku dan kami sudah coba nge prevent hal ini jadi namun memang ya para hacker itu wah kacau mas enggak cuma di indonesia aja mas bro kenapa kenapa tuju kita bicara bukan putar hacker kita tahu tugas hacker seperti apa oh ya ya betul betul ini data data yang turut saya adalah data data pribadi yang pegang oleh ya institusi bapak gitu ya ya ya ini di luar kendali hacker tahu saya oke lalu mmm maksud gimana jadi mas ya saya rasa semua orang sudah rasa bahwa ini adalah pertanggungjawaban bapak untuk lindung kami gitu ya tapi gin mas jadi memang data itu kami sudah simpan dengan dengan sangat baik mas kita sudah guna orang orang baik lah orang orang ini memang kejut ya karena karena data di breach gitu bahasa sekarang ya breach ya saya baca di internet itu breach gitu kalau enggak salah hahaha ini tuh juga sama kejut buat saya mas saya juga sedang saya sedang istirahat waktu itu di bal sama istri saya hubung sama asisten saya tiba tiba ada ada breach data seperti ini saya juga kejut sekali itu sama seperti apa nijeten apa netijen ya netizen ya netijen lah sama saya kejut karena kok bisa gitu ini jadi gitu waktu itu saya wah kaget banget deh saya langsung kasih tahu sama asisten saya untuk buka apa dia ngasih lihat apa akun twetter apa sori twetti twitter twitter ya itu itu itu karena saya bukan saya yang pegang itu admin saya tapi saya buka sekali sekali dan saya lihat itu twit twitnya pada apa nama marah marah gitu karena kerja saya tidak beres gitu mas juga kalau di posisi saya mungkin bingung juga mau bagaimana ya mungkin mungkin apa salah kami ya belum tentu juga karena ini sesuatu yang jadi di luar negeri di amerika mau di eropa itu juga jadi enggak hanya di indonesia dan mereka juga kewalahan sama seperti kita padahal padahal teknologi mereka mungkin jauh lebih mumpuni dari sini jadi enggak bisa begitu lah maksud sudut kami bagai institusi padahal institu apa dari negara lain juga alami hal yang sama yang pertama saya rasa kaget adalah reaksi yang wajar saya tuju ya ya betul dan itu satu satu hal yang kita tuju pada sore hari ini ya tetapi kaget itu bukan jadi buah alas untuk anda rasa bahwa anda tidak salah lo enggak gin mas dan yang dua adalah banding lo enggak gitu mas enggak dengerin dulu mas ini suka motongnya enggak gitu kesan saya yang salah padahal enggak bisa bilang saya yang salah juga ini kan sesuatu yang dadak ini buah jadi yang kita tidak pernah alami tahun akhir tiba tiba jadi ah siapa yang bisa bisa tanggulang saya bukan anda supremen gitu yang bisa apa jadi jaga dan bantu apa masyarakat saya bukan superman gitu jadi jangan begitu lah tapi saya izin saya kutip twit bapak ya dua minggu lalu bapak nge twit nge twit rudy rudy saya nge twit apa rudy rudy oh ya coba baca apa tadi cuit bapak adalah kami sedang jalan dan musnah para hacker di negara ini apa yang maksud bapak dalam twit sebut kita di sini juga usaha bisa mungkin untuk lindung pak izin saya ya tugas saya di sini bukan hanya untuk tanya betul tapi dengar ya begitu memang memang harus memang tahu kami sedang kami sedang bagai kami sedang kami sedang laku yang baik sekarang ini sedang dalam proses semua bagai pimpin harus paham kami dari teknisi dari it dari awal bahwa hal ini memang sulit dari benar arsip semua sulit itu bukan jadi alas atas bocor dan ya saya rasa di institusi bapak juga milik hacker untuk lindung usaha bapak oh rudi ada enggak ada ada ada ya betul ada ada ya tugas saya di sini bukan hanya untuk tanya betul tapi dengar iya dan saya sudah cukup dengar bapak putar putar obrol loh maaf saya harus bilang seperti ini kok putar putar jadi ini bagaimana mas bro ini tanya saya adalah tanggung jawab bapak dan institusi bapak ya oke ini jadi karena apa oke begini begini mas jadi ini buah masalah yang bisa bisa saya tanggulang kalau saya dapat posisi yang lebih tinggi itu kenapa saya coba untuk maju di nanti agar saat saya pilih ini bisa saya tanggulang karena saya di posisi yang lebih tinggi di posisi saya sekarang itu banyak sekali proses proses yang harus saya lewat untuk bisa tangan ini gitu bagaimana orang orang bisa pilih bapak ketika memang tidak hasil dalam lindung data kami enggak saya rasa wah data kalian udah lah jujur jujuran aja mas data yang bocor juga enggak penting penting amat lah maksud banyak wow wow wow wow wow wow anda bicara seperti itu ah enggak enggak pakai itu apa ini ini on the record lo bung ktp nya enggak pakai juga maksud enggak apa apa sebar gitu lo bukan bukan ktp pak presiden gitu yang sebar kan maksud jadi ya sudah gitu saya rasa detik ini bapak hanya cari alas untuk cari masalah ada di mana lo bukan bukan dengar dulu dan siapa salah dan coba untuk cari bagaimana pun cara bapak tidak salah saya rasa itu yang laku aduh dan saya rasa cukup bahwa wawancara ini sudah laksana rudy ini bagaimana tadi kita bicara di awal enggak gin rudy kamu ini kalau pilih acara enggak jel mas ini tolong hapus saja ya saya enggak bisa begini nih kita sudah dari awal rudy sudah ada consent bahwa rudy rudy ke mana bapak akan ada di sini dan rekam baik terima kasih semua atas acara hari ini saya tadi enggak suruh beli kopi kenapa beli kopi rudy,https://images.genius.com/d16ab978dc13fbebf1708f5866ca8b24.1000x1000x1.png,https://genius.com/Hindia-wawancara-liar-pt-ii-lyrics
.Feast,Membangun,aku benci ramai tapi aku takut sepi aku benci hidup tapi aku takut mati aku anti rusa tapi ku senang cermin aku anti mapan tapi aku takut miskin pre ini ubah arah di tengah kelipat aku hilang arah di belok dan empat sobek kulit bentang peta dan kompas dari bola mata dari tulang rusuk buah pena sesuai citra gambar diri nya aku tuhan sendiri tulis kitab kar na aku ulang diri sendiri tulis c ritaku dan pasti kali ini aku arang dari derita diri sendiri pasti kali ini aku meluluhlantakkan surga dan neraka yang lama outro ku siar luka abadi ku siar luka abadi ku siar luka abadi ku siar luka abadi,https://images.genius.com/2c8b2fbf2893359b1847566d2500a5fc.1000x1000x1.png,https://genius.com/Feast-membangun-lyrics
Hindia,loved by You,spoken word tra sihombing cinta itu susah gua lahir sendiri ada ibu ada bapak yang cinta tapi enggak selalu kadang satu ada yang enggak tahu ke mana dua dua enggak tahu ke mana makin gede ada om gua terus ada tante gua yang ngurusin gue dari kecil tapi di minggu yang sama mereka pergi duluan dan akhir hilang lagi cinta itu susah apalagi diri sendiri kalau gua enggak sayang sama diri gue sendiri gimana cara orang lain bisa sayang it s been a year since my last therapy if i m being honest i ve been looking for signs to come back it s been three years since i moved closer to the city if i m being honest i ve been looking for signs to go back pre i ve been so fast to judge that i m sick i ve been so fast to judge that i m hated i ve been thinking maybe your attention s just a trick some twisted game that would come to bite me much later most days it seems impossible for me to get better most days it seems impossible for me to remember that you would be there to catch me when i fall that i have you that would answer when i call today i started to count all my blessings today i realized that i ve been all along all along all along all along outro loved loved loved,https://images.genius.com/4f47be92df2b8f160b23e5ef066609b7.1000x1000x1.png,https://genius.com/Hindia-loved-by-you-lyrics
Hindia,Matahari Tenggelam,semua yang kau cela semua yang kau bela hak suara kan kau anggap responsif tahan diri anggap lemah semua tak nyata kau pun makan juga batin lapar kau mudah gembala lihat sekarang engkau di mana oh jelas hal ini memang tak ada karena kau tak pernah rasa aman duduk manis hanya tertawa gagah diri di balik kaca hanya jika sampai ada karang bunga aku akan bela sungkawa dan apa kau dengar malam di berita omong omong kenal dia juga pre doa kita semua masuk neraka haha hahaha panjang umur selamat datang malam selamat datang malam panjang umur turut duka panjang umur turut duka instrumental selamat datang malam selamat datang malam panjang umur turut duka panjang umur turut duka selamat datang malam selamat datang malam panjang umur turut duka panjang umur turut duka instrumental,https://images.genius.com/d16ab978dc13fbebf1708f5866ca8b24.1000x1000x1.png,https://genius.com/Hindia-matahari-tenggelam-lyrics
.Feast,Komodifikasi,intro sampai kita pada akhir temu paling mulia cipta butuh yang tak ada jual cerita konflik manusia sampai kita pada akhir temu paling mulia cipta butuh yang tak ada jual cerita konflik manusia jauh umat telah pikir jauh kita telah lang cipta piramida di padang pasir dulu serah sekarang sembah sampai kita pada akhir cipta emas dari tiada antar sampai atas cari siapa yang pantas bicara wakil semua wakil kita selamat datang di tingkat tinggi selamat datang tanjak arak arak ikut kalau kurang ya tinggal tuang lagi kuras habis kau sampai mati beli legenda tentang keluarga dan rumah luas tentang taat agama terkadang tentang bisnis baju cinta dan nikah semua yang siar ke dunia di titik ini kita p duli obsesi yang pupuk tiap hari semua k salah masa lalu semua kata yang lalu bung dan nona baik bangsa semua kita bayar di muka di titik ini kita peduli tentang konflik dan klarifikasi selamat datang di tingkat tinggi selamat datang tanjak arak arak ikut kalau kurang ya tinggal tuang lagi kuras habis kau sampai mati sempat ku harap dari hati dari hati agar diri suatu hari nanti buka baju bisa jual mulut sendiri outro sampai kita pada akhir temu paling mulia cipta butuh yang tak ada jual cerita konflik manusia sampai kita pada akhir temu paling mulia cipta butuh yang tak ada jual cerita konflik manusia sampai kita pada akhir temu paling mulia cipta butuh yang tak ada jual cerita konflik manusia,https://images.genius.com/92ccb5a6c75bc62a5eccce70619b9a7d.1000x1000x1.png,https://genius.com/Feast-komodifikasi-lyrics
.Feast,Menghancurkan,gunting batu dan kertas semua cara coba tiban perih yang ada oh dengan sakit baru aku tuai abu darah dalam sela kuku tonton pilu gajah semut manusia putar di pusara di nyawa ikut oh lihat aku duka aku tuai abu darah dalam sela kuku tonton pilu aku tak jemu jemu siar nanah dan retak dalam hati tarik tiket ke dunia pasang tarif tuk pasang mata yang saksi sorak untuk jiwa yang rusak tayang langsung di panggung di ponsel di algoritma instrumental aku tuai abu darah dalam sela kuku tonton pilu aku tak jemu jemu siar nanah dan retak dalam hati tarik tiket ke dunia outro aku bangun dan aku aku bangun dan aku aku bangun dan aku aku bangun dan aku,https://images.genius.com/2c8b2fbf2893359b1847566d2500a5fc.1000x1000x1.png,https://genius.com/Feast-menghancurkan-lyrics
Hindia,Forgot Password,yakin kau sama juga seperti aku benci butuh dunia maya segala hal baik doa untuk karena tahu rasa buat salah di sana babak bur cerca buat salah di sana sakit yang cinta nadin amizah aku tahu kau juga lihat aku buang jiwa di sana bawa apa pun yang lihat bebas lupa bawa logika buat salah di sana mati jadi doa buat salah di sana nilai hilang sempurna pre dan semua pun sibuk jebak jebak gonggong rintih mohon tolong dari diri sendiri dan aku sadar outro semua berisik ku teriak semua berisik pilih diam aku benci sepenuh hati aku jadi hal yang benci,https://images.genius.com/d16ab978dc13fbebf1708f5866ca8b24.1000x1000x1.png,https://genius.com/Hindia-forgot-password-lyrics
.Feast,Konsekuens,ini hidup yang kau mau apakah ini cerita yang kau mau ini dunia yang kau waris sesuatu yang sempat kau bangga baca petaka yang kau tulis pre buruk pampang terang terang di udara dosa lengkap catat borok jagat maya abadi darah di tangan dalam ingat amanah tulah buat maka kau harus terima buat maka kau siap derita mulut sumpah ugal ugalan jauh nama dari celaka saat tunjuk nanti kau salah kami jika takut hangus jangan kau main api pre mulut serang asal asal akan aku siap jadi panutan saat tunjuk nanti ku elak lagi aku takut hangus tapi main api amanah tulah buat maka kau harus terima buat maka kau siap derita kullu nafsin bimaa kasabat rahiinah kullu nafsin bimaa kasabat rahiinah kullu nafsin bimaa kasabat rahiinah kullu nafsin bimaa kasabat rahiinah amanah tulah outro aku bangun dan aku hancur aku bangun dan aku hancur aku bangun dan aku hancur aku bangun dan aku hancur,https://images.genius.com/cec3359d35efe3f4df3a2481c309bee0.1000x1000x1.png,https://genius.com/Feast-konsekuens-lyrics
Hindia,the world is ending all over again,mati ponselmu berita selalu sama saja mati hati tak perlu kau bela kuasa oh well i don t care pick me up at ten buang simpati kau pun sedang lewat bencana aaaa makin tak daya aaaa makin biasa instrumental oh well i don t care pick me up at ten ku tak peduli outro oh well i don t care pick me up at ten ku tak peduli right now i m used to all this fading pain,https://images.genius.com/4f47be92df2b8f160b23e5ef066609b7.1000x1000x1.png,https://genius.com/Hindia-the-world-is-ending-all-over-again-lyrics
Hindia,hated in the Nation,we don t talk about this back home lock me up if i talk about this back home mistreat some of u back home colonize what s leave in the west back home we sure play pretend back home picking scrap of what we use to call home cautious of how i use my phone fearful of how i set my tone pre can only sing these song in english i know my chance yeah so i ll take the piss i don t have much time let me finish a little space for thing to say that get me oh i know i ll be oh hat d in the nation the nation we can t talk about this back hom tiptoe when you talk about home i know you get demonize back home full speed demolition back home pre can only sing these song in english unless i wan na sleep with the fish saudara sedarah menangis a little space for thing to say that get me oh i know i ll be oh the nation oh i know i ll be oh the nation outro danilla oh i know i ll be oh the nation oh i know i ll be oh the nation,https://images.genius.com/4f47be92df2b8f160b23e5ef066609b7.1000x1000x1.png,https://genius.com/Hindia-hated-in-the-nation-lyrics
Hindia,betty,today i hope that i get better so i can love you more so i can hear you more today i hope that i get better today i hope my heart gets stronger today i hope my smile gets wider so i can finally say that i m doing okay today i hope that you fly higher somehow i know that you ll be fine oh rebah tubuh pejam mata oh percaya tubuh penuh cahaya today i realized through this that you were talking through me always been talking through me baby you were always our angel someday i hope seeing your picture won t be so painful today i hop that we had more time so i could hug you mor so i could kiss you more today i m here learning to let go somehow i know that you ll be fine oh rebah tubuh pejam mata oh percaya tubuh penuh cahaya oh tidur yang tenang aku anjak oh semua makhluk bahagia malaikat kecil meidiana tahir clara friska adinda tidur yang tenang malaikat jika bahagia yang rasa hanya semantara akan habis semua waktu hanya sama outro clara friska adinda jika bahagia yang rasa hanya sementara akan habis semua waktu hanya sama,https://images.genius.com/4f47be92df2b8f160b23e5ef066609b7.1000x1000x1.png,https://genius.com/Hindia-betty-lyrics
Hindia,Siapa yang Akan Datang ke Pemakamanmu Nanti?,kau duduk kaku di tepi tempat tidur dengar isak tangis hati keluarga hancur gegas kau ikut konvoi ke liang lahat kumpul di tempat akhir istirahat pre tanah buka dan bumi nganga lihat kau sadar uang hanya sementara lihat peti balut duka dan lara dan beberapa harap kau masuk neraka siapa yang akan datang ke makam nanti siapa yang dalam diam harap kau tuk cepat mati tetangga dan teman mana yang pukul pasti hadir lihat peti dan tawar pikul akan kucing komplekmu sedih kau telah tiada cukup baik kau ke yang tidak punya kuasa selesai semua ikat di dunia apa kalimat akhir untuk yang kau cinta pre tanah buka dan bumi nganga lihat kau sadar hidup hanya sengsara lepas dari penjara fisik langit gema sekarang nama uji mati dua oh hidup hanya sengsara siapa yang akan datang ke makam nanti siapa yang dalam diam harap kau tuk cepat mati outro siapa yang akan datang siapa yang akan datang,https://images.genius.com/d16ab978dc13fbebf1708f5866ca8b24.1000x1000x1.png,https://genius.com/Hindia-siapa-yang-akan-datang-ke-pemakamanmu-nanti-lyrics
Lomba Sihir,Semua Orang Pernah Sakit Hati,hindia natasha udu cari cari baju rapi lagi akhir pekan pesta nikah lagi setel yang itu itu lagi kaca bosan bentuk sama lagi ambil kambing guling salam foto lalu pulang jangan lupa foto belum pulang hindia udu ingin memang tidak peduli apa daya ujung alkohol lagi cari cari trauma saat hilang pasti ngetweet lagi hindia udu jika ada yang harus ingat ya pasti hanya diri bahwa banyak hal yang harus pikir selain cinta melulu henti ira hanya aku yang paling pantas untuk keluh semua keping baik akan datang namun mereka perlu waktu sabar yang perlu kau kenal ya diri yang perlu kurang minum kamu yang perlu nasihat masih kamu bahwa post hindia semua orang pernah patah hati semua orang pernah ingin mati semua pernah tinggal pergi hindia udu kutip kutip kata bijak lagi akhir tahun bikin resolusi lagi ambil hati omong orang lantas gagal tenang semua salah selalu kurang cari lari tak pernah kenyang hindia udu jika ada yang harus ingat ya pasti hanya diri bahwa banyak hal yang harus pikir selain cinta melulu henti ira hanya aku yang paling pantas untuk keluh semua keping baik akan datang namun mereka perlu waktu sabar yang perlu kau kenal ya diri yang perlu kurang minum kamu yang perlu nasihat masih kamu bahwa instrumental outro hindia udu jika ada yang harus ingat ya pasti hanya diri bahwa banyak hal yang harus pikir selain cinta melulu henti ira hanya aku yang paling pantas untuk keluh semua keping baik akan datang namun mereka perlu waktu sabar yang perlu kau kenal ya diri yang perlu kurang minum kamu yang perlu nasihat masih kamu bahwa,https://images.genius.com/c813e9fa379b83d6ea9a41a57a8cd4ca.1000x1000x1.png,https://genius.com/Lomba-sihir-semua-orang-pernah-sakit-hati-lyrics
.Feast,Dapur Keluarga,tidak ada yang tidak untuk sang anak si bungsu lantas bahagia dapat hp boba ibu senyum lalu bisik uang dari mana kamu dengar tak perlu tahu bagaimana jauh apa aku mau usaha takut apa diri dengan akhirat hilang dosa jika ada yang zakat boleh jika demi anak naik tingkat pre ingin cerita tapi gatal bicara tapi bukan urus kita aku takut nyata itu rahasia juga ku takut aku nanti begitu sebut sebut nama dalam akun kritik kata kata yang semu karena cari nafkah dari jahat cari makan dari lapar hidup mati ada dalam tangan temu harta karena hilang aku tak takut karma tidak takut neraka tak bisa pidana semua demi keluarga ingin cerita tapi gatal bicara tapi bukan urus kita aku takut nyata itu rahasia repot jika hadap dengan ayah ingin cerita namun pasti ada yang singgung karena sampai sekarang rasa agung benar percaya bersih atau pura pura tak tahu dan mungkin aku begitu sebut sebut nama dalam akun kritik kata kata yang semu karena cari nafkah dari jahat cari makan dari lapar hidup mati ada dalam tangan temu harta karena hilang aku tak takut karma tidak takut neraka tak bisa pidana semua demi keluarga outro sebut sebut nama dalam akun kritik kata kata yang semu karena cari nafkah dari jahat cari makan dari lapar hidup mati ada dalam tangan temu harta karena hilang aku tak takut karma tidak takut neraka tak bisa pidana semua demi keluarga,https://images.genius.com/bc8f91e7dc2b36835f3e42a8d8a31c8a.1000x1000x1.png,https://genius.com/Feast-dapur-keluarga-lyrics
.Feast,Camkan [Original Version],cam original version bakar asap yang bumbung tinggi arah ke kiblat sendiri tinta rangkai ayat pribadi catat standar dosa duniawi pisah fantasi dari diri ritual urus ritual urus cam karma dan bunuh bukan ranah luar jangkau untuk hakim lihat kembali sila satu buka kembali pintu interpretasi pisah fantasi dari diri ritual urus ritual urus ritual urus ritual urus cam ritual urus ritual urus ritual urus ritual urus cam cam cam cam cam cam cam cam cam,https://images.genius.com/8138dbf6bd2304cc62b8627d5d377445.1000x1000x1.png,https://genius.com/Feast-camkan-original-version-lyrics
Hindia,Iya... Sebentar,iya sebentar spoken word adnan sp gue pingin jadi bokap yang nyantai yang asyik yang bisa teman dengan anak gue tapi dia tetap tahu sopan santun tahu tetap cara tata krama tahu tetap behave dan bisa tempat diri aja sih ayah tanya putus kontrak rumah akan harga tanah murah saat ia belia bunda tanya putus tak meni akan biaya didik murah dahulu kala awan tanya minim olahraga sedikit lagi kiamat sehat tidak guna lalu kau tanya api kini pudar iya sebentar ku perlu waktu untuk binar masih bisa kau haha hihi di tengah pusara dunia sisa lara aku makan yang ada bulat hati sepenuh ikhlas karya masih saja iri diri dengan yang l bih ada instrumental iya sebentar beri aku waktu tuk m ncerna nasib yang sial aku tak minta tuk lahir aku mual perlahan semua jadi banal aku serah lihat kota disfungsional iya sebentar beri aku waktu tuk diam dalam ketidakberdayaan lawan negara dalam ketidakberdayaan lawan dunia dalam ketidakberdayaanku lawan sukma instrumental iya sebentar beri aku waktu tuk diam dalam ketidakberdayaan lawan negara dalam ketidakberdayaan lawan dunia dalam ketidakberdayaanku lawan sukma outro iya sebentar beri aku waktu tuk diam dalam ketidakberdayaan lawan negara dalam ketidakberdayaan lawan dunia dalam ketidakberdayaanku lawan sukma,https://images.genius.com/d16ab978dc13fbebf1708f5866ca8b24.1000x1000x1.png,https://genius.com/Hindia-iya-sebentar-lyrics
.Feast,Tel Aviv,building overrun our hope be on the fire exit dead television on every floor we all four go through you cry upon the dead i i pity all the undead foul scent blood and limb i ll bear them long a they don t know i city overrun our hope be on the near shoreline all radio line static oh we know thing be not fine you cry upon the dead i i pity all the undead they still don t realize i get bit on second floor i will not be a feral i will survive i win t i will survive all these blood what a plague now we all rot it s horror in nora s eye bout time my dear realizes you cry upon the dead i say might as well upon me my mind get fuzzy hard to stand my foot get lousy i m out fall down headfirst this fever be get bad i overhear john argues leave him before time be due you cry upon the dead i say right as well upon me my tongue be static hand be as cold a the antarctic inside me my blood be boil will i survive the color i see start fading will i survive baskara haikal it s a shame all this mess oh mother time now put to rest help me this time get catch up inside this failed system fuck fest both east and west you cry upon me i want you to just shut the fuck up i cry upon me please cry upon me i be the 10th man the machine put men like me to pay i be the 10th man our nation put men like me to pay john drag me all the way while my mind lose in space oh drag me all the way i be lose in space noise ring in my ear the girl be stricken with fear noise in my ear which to hear unclear sarah stand up point a gun at me nora snatch it then i plea my people here point their gun at me i seek god to her it plea honey shoot me end this torture set me free mother shoot me end this torture set me free baskara she lack the gut to gun me down i win t survive go run away my darling i win t survive i win t survive i win t survive go run away my darling go run away my darling i win t survive go run away my darling go run away my darling i win t survive go run away my darling go run away my darling i win t survive go run away my darling go run away my darling i win t survive go run away my darling go run away my darling i win t survive go run away my darling go run away my darling i win t survive i ll rot in my land go run away my darling i win t survive i ll die by your hand go run away my darling i win t survive mark my grave with my bone go run away my darling i win t survive mark my grave with these stone go run away my darling i win t survive i ll rot in my land i win t survive go run away my darling i ll die by your hand i win t survive mark my grave with my bone go run away my darling you win t survive mark my grave with these stone go run away my darling you win t survive you win t survive black be my blood my bone my limb my dear you win t survive john s dead and sarah s next my darling you win t survive dark be my heart my intention my vein my love you win t survive sarah s a corpse go run away no no no you win t survive spoken word in between the story for the kid the colour i see start fade i be out fell down headfirst i open my eye back again in the middle of elsewhere there she be god almighty stand upon me she show me possibility bad one i be mad i stand up face to face i ask her why would you let this happen where be you whenever we need you be they all your plan be i your son or do you adopt me where do you hide the voice of your step child why do i need to constantly run from my own people why do you let me suffer throughout the year i take two step closer tell her my fixed price i ll still go back and forth in time those thing i saw they must not happen learn from the past learn from possible future learn that blood will never be the answer for any conflict learn that the only scapegoat be prejudice for people i don t understand learn that i don t need to understand everyone learn that it would be enough just respect each other s shoe child need to remember that censorship doesn t solve friend need to remember that sugar coat message doesn t solve ghostfolks need to remember that it s okay to be one in a million we need to remember that speak up shouldn t have a price i need to remember that i saw possible multiverses in this fuck up world no gun no sword no violent horde no punishment for people who learn from the past no mob swear to rape anyone who don t fast no child restrain because difference and class no religious site burn down no school of thought gun down no stepson or favored daughter just human that s what i see and i m sorry if the state get me put a lead in me if god erase me after i m finish tell this story please pas this on and repeat after me i win t forget who i be i win t forget yesterday,https://images.genius.com/3a3ca32d35ac5a3e18f5536228061c88.1000x1000x1.png,https://genius.com/Feast-tel-aviv-lyrics
Hindia,Masalah Masa Depan,ku tak cukup pintar tuk bicara uang ku tak cukup peka tuk bicara alam tak cukup bijak tuk bicara orang pikir tandang jauh dari sekarang pre yang tahu besok hancur beranta seperti kata orang pintar macam gita wirjawan dan tahu siapa untuk salah biar mereka beres diri di hujung buku gemetar lutut sisa ragu lindung di belakang tawa di dalam hati sisa ragu hari ini apa yang lucu juta cara tuk batin yang gagu diri di akhir dunia di minggu ini sisa ragu lawan resesi modal hanya pas pas lawan emisi pun aku hanya figuran tak cukup penting tuk bikin ubah nasib tak karuan tidak genggam tangan pre yang tahu hadap sambil jalan seperti kata orang bijak yang paham batin dan tahu siapa untuk salah aku punya peran diri di hujung buku gemetar lutut sisa ragu lindung di belakang tawa di dalam hati sisa ragu hari ini apa yang lucu juta cara tuk batin yang gagu diri di akhir dunia di minggu ini sisa ragu instrumental ke mana pelik esok hari kan bawa pergi di antara juta nama aku hanya angka bukan siapa diri di hujung buku gemetar lutut sisa ragu lindung di belakang tawa di dalam hati sisa ragu hari ini apa yang lucu juta cara tuk batin yang gagu diri di akhir dunia di minggu ini sisa ragu,https://images.genius.com/d16ab978dc13fbebf1708f5866ca8b24.1000x1000x1.png,https://genius.com/Hindia-masalah-masa-depan-lyrics
eaJ,right where you left me,portugu s baby can i even call you that anymore lately i ve been in a thousand parts on the floor told me that there s no one else and you left me for yourself but i know you love me still that s what makes it hurt like hell you know it s never over til we both walk away although my tears are running i ll be staying in place let s not make it complicated i don t even got to say to you i ll be right here woah woah woah woah woah if you forget me woah woah woah if you forget me woah woah just remember hindia from waking up in your arms to wondering where you are wondering where you are talking bout the home we want to watching it fall apart hindia you know it s never over til we both walk away although my tears are running i ll be staying in place let s not make it complicated i don t even got to say to you aku masih di sini i ll be right here woah woah woah woah woah if you forget me woah woah woah if you forget me woah woah just remember if you forget me oh oh if you forget me just remember outro please don t forget me please don t forget me don t you ever forget please don t forget me,https://images.genius.com/d81212ed122b492ad278ac8291b4b587.1000x1000x1.png,https://genius.com/Eaj-and-hindia-right-where-you-left-me-lyrics
RAN,Si Lemah,nino hindia hai kau dalam cermin mari adu mata dan mulai bicara tentang pijar resah yang nyala benar ini yang kau ingin pura pura sempurna kelabu cela demi aman nyaman sia hai buat semesta terima diri apa ada rela masih banyak senyum di dunia yang bisa terima semua indah kurang bila engkau beda jangan kau benci diri rayi habis daya bangun imaji hingga bohong tak lagi bohong lagi yang kau tipu diri sendiri hai buat semesta terima diri apa ada rela masih banyak senyum di dunia yang bisa terima semua indah kurang bila engkau beda jangan kau benci diri hindia nino rayi pagi yang berat kasur yang erat tahan diri sinar guna di mata dunia tarik nafas yang dalam dan dengar ini apa pun yang kau idap atau hantu bukan halang untuk kalah hari kamu arti kamu arti kamu arti kamu arti hai buat semesta terima diri apa ada rela masih banyak senyum di dunia yang bisa terima semua indah kurang bila engkau beda bila engkau beda jangan kau benci diri,https://images.genius.com/485092fd1311f95962832a958db92995.1000x1000x1.jpg,https://genius.com/Ran-si-lemah-lyrics
.Feast,Ali,gunung laut angkasa gunung laut angkasa aku yang kuasa aku yang kuasa perintah perkasa perintah ku perkasa figur pilih bangsa figur pilih bangsa pre siapa yang percaya sesal kita benah nusantara raja di khatulistiwa warta jayabaya tiba tuhan manusia kuasa tuhan manusia kuasa tuhan manusia kuasa tuhan manusia kuasa tuhan manusia kuasa neraka dan kahyangan neraka dan kahyangan dalam telapak tangan dalam telapak tangan semua ia rata semua ia rata semua ia diri semua ia diri pre siapa yang ia bela sesal kita benah nusantara raja di khatulistiwa warta jayabaya tiba tuhan manusia kuasa tuhan manusia kuasa tuhan manusia kuasa tuhan manusia kuasa tuhan manusia kuasa instrumental outro a a a a a a a a sebut nama juta kali a a a a a a a a a a a a a a a a a a a a a a,https://images.genius.com/a1b6cbf7999bf02b5fb2714b1acadf5a.1000x1000x1.png,https://genius.com/Feast-ali-lyrics
.Feast,Gugatan Rakyat Semesta,intro rapat baris petir di kepal tangan rapat baris petir di kepal tangan rapat baris petir di kepal tangan rapat baris petir di kepal tangan sudah siap kau tuk lihat esok hari tanpa parasit yang makan lebih dari babi tanpa kaki yang sepatu mahal sapi mulut yang seman minum berkarbonasi sudah siap kau tuk cipta esok hari kau kepung kastil yang pura pura peduli duduk atap hijau dan mereka kabur lari bendera warna warni kau tak pecah lagi pre tak ada waktu yang benar benar tepat cipta sendiri tak ada tembok yang benar t rlalu kuat rapat baris petir di kepal tangan ku tak minta tuk taruh nyawa di jalan ku hanya b ri tahu bahwa s lalu ada jalan jika kau sangat serius ingin ubah m reka kira kau lemah maka kau jadi setan sudah siap kau tuk hidup esok hari apa pun yang kau percaya pasti hakiki siapa pun yang kau cinta kau harga dari mana kau datang dan pergi lindung pre k nyaman hanya pinjam sementara tunjuk bahwa kau yang pegang p rcaya tunjuk bahwa kau yang punya kuasa tunjuk gemuruh ku tak minta tuk taruh nyawa di jalan ku hanya b ri tahu bahwa s lalu ada jalan jika kau sangat serius ingin ubah m reka kira kau lemah maka kau jadi setan hook rapat baris petir di kepal tangan rapat baris petir di kepal tangan rapat baris petir di kepal tangan rapat baris petir di kepal tangan rapat baris petir di kepal tangan rapat baris petir di kepal tangan rapat baris petir di kepal tangan rapat baris petir di kepal tangan rapat baris petir di kepal tangan ku tak minta tuk taruh nyawa di jalan ku hanya b ri tahu bahwa s lalu ada jalan jika kau sangat serius ingin ubah m reka kira kau lemah maka kau jadi setan ku tak minta tuk taruh nyawa di jalan ku hanya b ri tahu bahwa s lalu ada jalan jika kau sangat serius ingin ubah m reka kira kau lemah maka kau jadi setan hook rapat baris petir di kepal tangan rapat baris petir di kepal tangan rapat baris petir di kepal tangan rapat baris petir di kepal tangan rapat baris petir di kepal tangan rapat baris petir di kepal tangan rapat baris petir di kepal tangan rapat baris petir di kepal tangan outro rapat baris petir di kepal tangan rapat baris petir di kepal tangan rapat baris petir di kepal tangan rapat baris petir di kepal tangan,https://images.genius.com/eba44248e3b10e0151a339a0a7be098d.1000x1000x1.png,https://genius.com/Feast-gugatan-rakyat-semesta-lyrics
.Feast,Kelelawar [Revisi Final Fix Banget],kelelawar revisi final fix banget kelelawar revisi final fix banget baskara unjuk rasa di alun alun neraka guyur luka mayoritas dengan vodka tantang maut adu sikut babi buta bela logika tantang cakrawala tutup mata arung lorong waktu jangan patah arang saat hasil belum tentu kejar jawab dari cok rey dan viki guna cari pre baskara siapa mengapa di mana apa bagaimana banyak cara takluk malam banyak cara hancur sulam banyak cara kelinci balap kura kura kelelawar tak akan buta surya tak akan buta surya baskara terjun bebas dari puncak jayapura tendang bigot jatuh ke dasar samudra muka dua lidah cabang tiga raga belah pre lima lawan enam tujuh delapan maju semua banyak cara takluk malam banyak cara hancur sulam banyak cara kelinci di balap kura kura kelelawar raja malam baskara karaeng tak akan buta surya tak akan beku duka kebal racun tak tertawa tak hirup bunga gila di dalam multisemesta kebal tirani rata rata urat nadi ribu nyawa tidak takut takhayul dewa di dalam multisemesta kebal gertak masuk neraka urat nadi ribu nyawa suci tanpa harus doa di dalam multisemesta kebal tirani rata rata urat nadi ribu nyawa tidak takut takhayul dewa di dalamkumultisemesta kebal gertak masuk neraka urat nadi ribu nyawa suci tanpa harus di doa outro karaeng baskara di dalam multisemesta urat nadi ribu nyawa tak akan buta surya di dalam multisemesta urat nadi ribu nyawa tak akan beku duka di dalam multisemesta urat nadi ribu nyawa tak akan buta surya di dalam multisemesta urat nadi ribu nyawa tak akan beku duka,https://images.genius.com/768a9e75419a3604d11fe1ebdc4e0039.1000x1000x1.png,https://genius.com/Feast-kelelawar-revisi-final-fix-banget-lyrics
Hindia,Setengah Tahun Ini,six and a half months after releasing his debut album tari dengan bayang brings the album s cycle to a close with this standalone single that musically and lyrically recaps the album as well as read more kita tahan ajar maaf tanpa temu panggil tuhan saat bisnis jeblok hilang hasil siapa sekarang yang tak tahu wuhan siapa yang suka colong dekat dekat siapa yang cibir video imagine yang dengar rock metal dan masih tidak maafin pre bagi kita rundung murka panas lihat istana yang tidak transparan bagi kita rundung murka karena omnibus mcd sarinah staf khusus dan semua hati wabah duka bunga untuk semua korban dan yang garda depan dan semua hati wabah duka bung glenn dan cinta dalam yang semua rasa siapa yang sangka siapa yang sangka enam bulan sekarang asa lama siapa yang sangka siapa yang sangka kita ada di sini oh absurd rasa absurd rasa minta izin kurang buka ponsel bahaya batin salah besar ke keluarga besar harus ikut stres karena ku mulut besar banyak omong tapi dari keluarga tengah banyak gonggong tapi anjing datang ku jengah banyak berkah banyak celah hidup mudah banyak tulah lahap jilat ludah i m on the run again no one will find me put down the razor now do you want to end me kembali ke tanah tumbuh cemara lagi enak beban tuk yang tinggal mati beban tuk yang tinggal mati kita sama kali ini lewat tengah tahun lagi kita sama kali ini jangan kau pamit lebih pagi kita sama kali ini lewat tengah tahun lagi ku masih ingin lihat esok hari siapa yang sangka siapa yang sangka enam bulan sekarang asa lama siapa yang sangka siapa yang sangka kita ada di sini oh absurd rasa instrumental outro kunto aji aku hanya butuh tenang semua yang sirna kan nanti ganti ku masih ingin lihat esok hari tar dengan bayang sendiri,https://images.genius.com/530da2ba293e269f12bf14cff3a8bf1f.750x749x1.jpg,https://genius.com/Hindia-setengah-tahun-ini-lyrics
Lomba Sihir,Lomba Sihir!,intro natasha udu selamat datang di ujung dunia natasha udu empat masa lama cari kawan irama oh oh oh coba untung coba tuk selaras semua semua jalan basa basi basa basi oh oh oh tak asa hingga hari ini tak pikir tuk pergi pre natasha udu dan jika bukan surat akan kau usaha tuk kita terus jalan natasha udu selamat datang di ujung dunia kita tak sengaja sama lawan takdir kalah dunia moga selalu hingga ujung usia rayhan noor hindia dia tertawa di tempat tempat yang sepi yang satu lagi dikit sedikit emosi yang satu lupa cara hemat yang satu bisnis tak kunjung buah coba tanya cara dia kendali cuaca dulu party lari cari jati diri lagi dan lagi dan lagi natasha udu selamat datang di ujung dunia kita tak sengaja sama lawan takdir kalah dunia moga selalu hingga ujung usia terima kasih telah singgah hari ini terima kasih kau hangat ruang ini terima kasih terima kasih terima kasih oh oh oh oh oh oh oh oh oh oh oh oh pre natasha udu dan jika bukan surat akan kau usaha tuk kita terus jalan seperti mau natasha udu selamat datang di ujung dunia kita tak sengaja sama lawan takdir kalah dunia moga selalu hingga ujung usia selamat datang di ujung dunia kita tak sengaja sama lawan takdir kalah dunia moga selalu hingga ujung usia,https://images.genius.com/770c94ddffdf3f474448c19c60b9c99b.1000x1000x1.png,https://genius.com/Lomba-sihir-lomba-sihir-lyrics
Hindia,Alexandra,sasa malam ini mau pergi ke mana masih bisa kau dan teman teman raya dunia tengah malam ini kan temu siapa bisa ia senyum sikap dunia pre mau kalian maaf kami semua kami rampas bagai hal yang bisa buat bahagia jalan berat umur hidup moga ada bara yang sisa pun kata maaf jauh lambat datang salah kami jika suatu saat kau jadi ibu juga paman harap kau ajar ia tuk raya dunia moga ia tak ulang lalai kami semua bisa tak kau rampas api itu dari dalam diri jalan berat umur hidup moga ada bara yang sisa pun kata maaf jauh lambat datang salah kami salah kami kami erti satu hal yang bisa kau tiru hanya perihal rusak diri harap hal baik yang kau temu hari ini arti saat kau dewasa nanti jalan berat umur hidup moga ada bara yang sisa pun kata maaf jauh lambat datang salah kami outro jalan berat umur hidup moga ada bara yang t rsisa pun kata maaf jauh lambat datang salah kami,https://images.genius.com/d16ab978dc13fbebf1708f5866ca8b24.1000x1000x1.png,https://genius.com/Hindia-alexandra-lyrics
Hindia,Malaikat Berputar di Atas Pencakar Langit,,https://images.genius.com/d16ab978dc13fbebf1708f5866ca8b24.1000x1000x1.png,https://genius.com/Hindia-malaikat-berputar-di-atas-pencakar-langit-lyrics
Hindia,YAAYO,aku benci aku hakim tengah mati tapi saat ini aku tak tahu apa kau mau bicara serius tentang bagaimana instrumen negara bunuh anak you just want some fries would you like some tea give you abc you don t want none of my activist shit pre so give me three minutes i m gonna crank you out another hit cause last time i heard you just wanna dance with me if you just wanna dance with me you just wanna dance with me if you just wanna dance with me jika kau ingin lupa sebentar ada yang sukar tanah air yang pudar hukum yang kian melar dance with me if you wanna dance with me if you wanna bounce blazing in the fray throw your hands away count me in ingin mati rasa apa kau bisa tetap dansa jika selip bicara tentang papua kanjuruhan if you re not comfortable then just scroll up if you re not comfortable then go fuck yourself if you re not comfortable then you know you just wanna dance with me if you just wanna dance with me you just wanna dance with me if you just wanna dance with me jika kau ingin lupa sebentar ada yang sukar tanah air yang pudar hukum yang kian melar dance dance with me if you wanna dance with me if you wanna outro,https://images.genius.com/4f47be92df2b8f160b23e5ef066609b7.1000x1000x1.png,https://genius.com/Hindia-yaayo-lyrics
Lomba Sihir,Mungkin Takut Perubahan,intro natasha udu nananana nanana nananana nana nananana nanana hindia udu banyak alas ku tetap di sini kamu tak pernah suka dengan orang di dalam tumbuh kembang lahir di sini kau banyak alas pre hindia udu moga semua raih moga tak patah hati hindia udu mungkin sudah yang baik mungkin karena kakak adik mungkin terlalu nyaman jika suatu saat nanti aku kan mati di sini belantara kejam ini t lah tuntas curi hati rayhan noor hindia udu siapa yang kau lindung selain diri siapa yang kan peduli jika kau pergi betul namun tetap tak mudah kau bukan orang serah semua pun lelah dan jengah kali ini serah hindia udu mungkin sudah yang baik mungkin karena kakak adik mungkin terlalu nyaman jika suatu saat nanti aku kan mati di sini belantara kejam ini t lah tuntas curi hati hindia udu sedikit senyum palsu abai angin lalu abai angin lalu walau panas dan debu hanya ada kamu panjang hidup hindia udu mungkin sudah yang t rbaik mungkin karena kakak adik mungkin terlalu nyaman jika suatu saat nanti aku kan mati di sini b lantara kejam ini t lah tuntas curi hati outro hindia udu nananana nanana nananana nanana nananana nanana,https://images.genius.com/c813e9fa379b83d6ea9a41a57a8cd4ca.1000x1000x1.png,https://genius.com/Lomba-sihir-mungkin-takut-perubahan-lyrics
Hindia,aku berharap ini tak terjadi kepadamu,aku harap ini tak jadi pada tengah tahun siang bolong mantan manajer jalan empat tahun tembak di muka langsung pikun tahu nyolong kali kali tahu curang pakai uang kas pakai wewenang sering bicara dari belakang tebar benih anak anak saling serang sering bawa cerita kosong nyata bohong tiap kali koreksi kami potong angkuh dagu naik terus semua harus tentang dia sampai hari ini dampak masih baik enggak yakin dia rasa salah tengah tahun sore cerah enggak nyangka akan dengar kalimat seperti itu sempat enggak percaya diam batu beberapa hari semua kerja pakai hati semua kerja buat keluarga sendiri enggak pernah sekali pun mikirin uang duluan karena omong sebut jadi mikir pelan pelan panjang timbang sampai akhir paksa tinggalin rumah yang bikin sendiri masih sedih sampai hari ini masih mikir apa ini salah kalau lagi sendiri tapi gue enggak akan mau digituin lagi awal tahun pagi pagi tengkar besar di hubung kami karena gue cari lari dari masalah yang harus gue hadap hampir aja gue buang apa yang ada cara sia sia cari perhati dari orang lain lama tahun terapi puluh sesi malu ada sampai hari ini karena gue enggak baik yang orang pikir di dalam hati akhir tahun tengah malam selesai kerja tiga lagu kirim emir turun ke bawah duduk sebentar lari bawa mbak betty ke rumah sakit hari hari rasa gagal apa jika gue turun lebih cepat dia selamat enggak pernah rasa pedih ini anak gue yang gue rawat udah enggak ada hari ini tengah delapan kerja lagu ini kirim kareem enggak jadi masuk album dua apakah gue cukup berani buat ngomongin semua ini lepas dari semua hal yang gue takut outro udah lulus terapi lewat tahun gue bukan salah gue di masa lalu gue bukan luka luka gue di masa lalu rasa sakit itu pasti derita adalah pilih diri sendiri,https://images.genius.com/4f47be92df2b8f160b23e5ef066609b7.1000x1000x1.png,https://genius.com/Hindia-aku-berharap-ini-tak-terjadi-kepadamu-lyrics
Lomba Sihir,Sofa,natasha udu apa kenang yang akhir kau ingat kusam ku di sini saksi segala pre natasha udu obrol jam tiga pagi abu rokok remah makan beranta andai ku bisa bicara banyak yang ingin sampai semua cerita yang engkau lalu drama dan tawa rebah kau tahu ku selalu di sini ku sama diri malam ini rayhan noor di sini satu per satu beban urai tak buruk yang kau bayang gulat batin keruh kepala selesai dengan besar hati pre natasha udu rayhan noor obrol jam tiga pagi jam tiga pagi abu rokok remah makan remah makan beranta beranta andai ku bisa bicara banyak yang ingin sampai sampai biar lihat semua cerita yang engkau lalu drama dan tawa drama dan tawa rebah kau tahu ku selalu di sini ku selalu di sini ku sama diri malam ini hindia natasha udu helai rambut di sela lipat ada yang mutih busa busa busa tip moga masih nyaman tuk kau sandar semua cerita yang ngkau lalu drama dan tawa rebah rebah kau tahu ku selalu di sini ku b rsamamu diri malam ini outro semua semua cerita yang engkau lalu yang engkau lalu drama dan tawa tawa rebah kau tahu ku selalu di sini ku sama,https://images.genius.com/03dd786032b91198dd5335757e6f9e0d.1000x1000x1.png,https://genius.com/Lomba-sihir-sofa-lyrics
Lomba Sihir,Hati dan Paru-Paru,hindia lesat di jantung nusantara dansa mandi cahaya layar layar dahsyat sangga angkasa pendar warna warni hias udara siasat pasar mahal bangsa latar cerita patah mimpi manusia kota buru anak yang lugu jadi licik s perti hantu sedikit senyum palsu bawa luar baru tertawa walau tak lucu kena sepatu baik post kau jaga dari taring tajam malam minggu natasha udu juta insan yang sibuk tari gulung thamrin hingga antasari dengan cerita dan luka pribadi ulur waktu hingga senin pagi kota buru anak yang lugu jadi licik s perti hantu irit pakai nurani banyak basa basi dan perlahan pasti kau kan milik lantai yang tinggi instrumental kota buru anak yang lugu jadi licik s perti hantu kota buru anak yang lugu tega sedikit jangan ragu sedikit senyum palsu bawa luar baru kena sepatu baik outro kau jaga dari taring tajam malam minggu kau jaga dari taring tajam malam minggu,https://images.genius.com/4a0f5b7e7804aa551277906740754e3c.1000x1000x1.png,https://genius.com/Lomba-sihir-hati-dan-paru-paru-lyrics
Tashoora,Terang,ft feast intro oh oh oh oh oh oh oh oh puja puji pada kata santun lantun jenaka arus harus yang kuasa tanya tanya yang lupa ayat ayat paksa rajam manusia surga yang mana ayat ayat paksa rajam manusia surga yang mana lima lima yang gesa lenyap dalam nama nama yang kau bela makna usang dan ulang nyala tak hilang dan jadi feast ayat ayat paksa rajam manusia surga yang mana ayat ayat paksa rajam manusia surga yang mana ayat ayat paksa rajam manusia surga yang mana ayat ayat paksa rajam manusia surga yang mana baskara putra ayat ayat paksa rajam manusia surga yang mana kata rekayasa singgung apa saja surga yang mana lalu karang bunga bakar sia sia debu di udara dan kita yang durhaka kota yang khianat saat tinggal pergi sekarang merana pilar pilar raksasa julang tak makna surga yang mana surga kita sama hilang layan harap dan usaha sekarang tinggal rencana surga yang mana neraka kita sama hilang selamat pilar pilar raksasa julang tak makna surga yang mana surga kita sama hilang layan harap dan usaha sekarang tinggal rencana surga yang mana neraka kita sama hilang selamat harap dan usaha sekarang tinggal rencana neraka kita sama hilang selamat harap dan usaha sekarang tinggal rencana neraka kita sama hilang layan harap dan usaha sekarang tinggal rencana neraka kita sama hilang selamat harap dan usaha sekarang tinggal rencana neraka kita sama hilang layan harap dan usaha sekarang tinggal rencana neraka kita sama hilang selamat harap dan usaha sekarang tinggal rencana neraka kita sama hilang layan baskara putra ayat ayat paksa harap dan usaha rajam manusia sekarang tinggal rencana surga yang mana neraka kita sama hilang selamat ayat ayat paksa harap dan usaha rajam manusia sekarang tinggal rencana surga yang mana neraka kita sama hilang layan ayat ayat paksa harap dan usaha rajam manusia sekarang tinggal rencana surga yang mana neraka kita sama hilang layan ayat ayat paksa rajam manusia surga yang mana,https://images.genius.com/4d2cfe97d34ed7f2ab6823c0492d70e2.1000x1000x1.png,https://genius.com/Tashoora-terang-lyrics
Hindia,Selebrisik,tuantigabelas aku adalah arsitek no i m just kidding that s koil aku tak peduli kalian better watch your back watch your back watch your back kalian bisa panggil kaum intelek paling punya knowledge seleb rajin solek kuasa tiap aspek spec canggih high tech followers siap protect angkat derajat waktu engkau ku follback get it get it on kalian minum dari tong kosong walau suara fals kau tetap sing along selebriti jadi candu kau hisap pakai bong lalu mabuk kalian dengan statement bodong social media televisi arena main untuk dapat komisi comment semua isu aku butuh validasi adiksi monetisasi lalu aku selebrasi pre rubina no matter how i do it you ll keep walking around trash talking but menina you are trying too hard cause i ll be saying t nem ai eu n o t nem ai mas que porra mas que porra mas que porra se ele soubesse esse ele mesmo um lixo assim muito trashy then i ll be saying t nem ai eu n o t nem ai lebih baik tutup mulut karena ku sudah duluan tutup mulut karena ilmu milik tidak pernah di situ pun aku mustahil selalu melek kau halu kamu hanya target pasar produk jual korporasi jemput antar modal cerita sedih bisa main kasar narasi sehat mental gelegar lebih baik tutup mulut karena ku sudah duluan tutup mulut lebih baik tutup mulut karena ku sudah duluan tutup mulut lebih baik tutup mulut lebih baik tutup mulut tutup mulut lebih baik lebih baik tutup mulut karena ku sudah duluan tutup mulut let s go instrumental,https://images.genius.com/d16ab978dc13fbebf1708f5866ca8b24.1000x1000x1.png,https://genius.com/Hindia-selebrisik-lyrics
.Feast,Belalang Sembah,simpan tubuh dalam kantong kiri tiap saat kulit ini hendak gesek keringat temu saat jari ke kanan tak percaya semua yang lihat dari layar kecuali apa yang keluar dari bibir yang hakiki hanya topografi lekuk pre namun sabun kita beda wangi dan tubuh balut hal beda tiap malam saat ini ku masih figuran buram tapi jadi walau sebentar percaya indah percaya indah berapa banyak berapa mahal semua kan beri semua kan gada mati aku telah usai mati aku telah usai kalah di undi hidup lama ada di pinggir ada harga dalam pasang uang muka buah temu jumlah rambut kan hafal mati rute pulang telah ajar tahu nama anak kita nanti suatu saat kau pasti erti pre walau upah dalam bulan hanya porsi dalam hari di dalam app kita simpang aku yakin kau bisa erti maka jadi walau sebentar percaya indah berapa banyak berapa mahal semua kan beri semua kan gada mati aku telah usai mati aku telah usai outro kalah di undi hidup lama ada di pinggir ada harga dalam pasang uang muka buah temu kalah di undi hidup lama ada di pinggir ada harga dalam pasang uang muka buah temu,https://images.genius.com/bc8f91e7dc2b36835f3e42a8d8a31c8a.1000x1000x1.png,https://genius.com/Feast-belalang-sembah-lyrics
Hindia,Nabi Palsu,di buah kota pinggir jakarta ada orang anak ajar dansa dengan bayang dengan luka balut lagu sedikit pas pas pre dan tanpa sangka mimpi jadi besar awal ia damba nyata repot maka ia pesan pada dasar semua orang hipokrit percaya hanya pada diri bukan idola yang lirik belit juga dengan mereka yang jual air mata tiap menit atau dengan laku skena yang bagi keren langit banjir acara di ibu kota ada orang pria ajar buka dengan diri asa balut lagu masih pas pas pre dan tanpa minta orang debat tanpa titik tengah entah benci dan suka maka ia pesan pada dasar semua orang hipokrit percaya hanya pada diri bukan idola yang lirik belit juga dengan mereka yang jual air mata tiap menit atau dengan laku skena yang bagi keren langit mereka semua tipu percaya hanya pada diri mereka semua tipu dan mungkin aku juga begitu mereka semua tipu percaya hanya pada diri mereka semua tipu dan mungkin aku juga begitu maka ia pesan pada dasar semua orang hipokrit percaya hanya pada diri bukan idola yang lirik belit juga dengan mereka yang jual air mata tiap menit atau dengan laku skena yang bagi keren langit mereka semua tipu percaya hanya pada diri mereka semua tipu dan mungkin aku juga begitu mereka semua tipu percaya hanya pada diri mereka semua tipu dan mungkin aku juga begitu na na mereka semua tipu na na na na percaya hanya pada diri na na mereka semua tipu na na na na dan mungkin aku juga begitu na na mereka semua tipu na na na na percaya hanya pada diri na na mereka semua tipu na na na na dan mungkin aku juga begitu outro na na na na na na na na na na na na,https://images.genius.com/d16ab978dc13fbebf1708f5866ca8b24.1000x1000x1.png,https://genius.com/Hindia-nabi-palsu-lyrics
Hindia,anak itu belum pulang,suatu hari aku lihat payung hitam bar rapat di televisi suatu pagi belum gegas berangkat sekolah suatu hari aku cekat pertama kali aku erti alas hadir puluh orang baju gelap nol titik terang suatu hari aku tanya apa belum selesai juga di layar ponsel di kantin kampus dekat hari lulus di hari ini aku tanya apa rasa bagi mereka kirim surat untuk siapa domba mohon ke serigala yang di seberang belum pulang yang di seberang belum pulang satu jamu tanpa jawab siapa yang dalam diam benar tahu siapa yang dalam hati seteru siapa yang suatu hari kan aku anak itu b lum pulang yang di seberang belum pulang anak itu b lum pulang yang di seberang belum pulang aku bantu mampu rawat cerita di dalam kepala kamu bantu mampu tebar cerita jauh ke penjuru outro yang di seberang belum pulang yang di seberang belum pulang,https://images.genius.com/4f47be92df2b8f160b23e5ef066609b7.1000x1000x1.png,https://genius.com/Hindia-anak-itu-belum-pulang-lyrics
Lomba Sihir,Selamanya,rayhan noor hindia natasha udu gerbong kepalang jalan kau dan aku di sana temu tak rencana kita ajar percaya saat atau kadang bahagia kadang pilu ku taruh pada pre rayhan noor walau sering ku keluh ruang ini hampa tanpa uu uu simpan semua canda kita uu uu dan adegan tengkar yang ada uu uu moga kau laku yang sama tahu kami kan rindu hidup jalan henti kita beda kerap saling tanya kabar sekarang kau baik saja kan pre walau kini tak temu semua yang baik untuk uu uu simpan semua canda kita uu uu dan adegan tengkar yang ada uu uu moga kau laku yang sama tahu kami kan rindu na na na na na na na na na na na na na na na na na na na na na na na na na na na na na na na na na na na na na na na na na na na na na na na na na uu uu simpan semua canda kita uu uu dan adegan tengkar yang ada uu uu moga kau laku yang sama tahu kami kan rindu outro na na na na na na na na na na na na na na na na na na na na na na na na na na na na semua yang lewat semua yang tak jadi dewasa kisah ini,https://images.genius.com/dfa34e0b194fe309d2bc206171daff23.1000x1000x1.png,https://genius.com/Lomba-sihir-selamanya-lyrics
Hindia,Wejangan Mama,spoken word kamu itu waktu lahir itu jam pagi tapi dari jam malam itu mama udah di rumah sakit besok papa kasih nama kamu daniel apa ya pratama apa putra terus mama bilang kayak ini kurang cocok deh pa kasih nama daniel baskara putra aja deh baskara itu kan arti matahari pinginnya nanti kalau daniel tuh bisa jadi matahari bisa apa sari sekitar sari alam semesta sari sekitar kemudian dia mulai sekolah itu minat kok lebih banyak di ini ya di depan komputer mama pikir nanti daniel itu besar mau gerak di it atau apa tapi begitu tingkat waktu sma kok kamu minat malah ke gambar terus desain kemudian pingin masuk ke dkv tapi akhir terima di komunikasi ui begitu kamu selesai kuliah mama papa pinginnya kamu kerja jadi humas atau apa di usaha tapi kamu malah milihnya ke bidang seni ke musik mama papa juga agak kaget sih karena ya kalau buat hobi sih oke oke aja tapi akhir kamu dapat yakin mama papa bahwa kamu bisa jadi orang yang guna baik bagi diri sendiri bahagia banyak orang dan akhir ya kami percaya aja bahwa apa pilih kamu kalau laku dengan baik ya jadi berkat buat banyak orang yang penting eh tetap rendah hati dan apa manfaat buat banyak orang,https://images.genius.com/7f487fa6ad08d65b618d52f1c5fdb1bf.1000x1000x1.png,https://genius.com/Hindia-wejangan-mama-annotated
.Feast,Peralihan,spoken word besok aku enggak mau mimpi lebih aku mau pulang ke orang orang yang aku sayang aku mau kita bisa ngobrol tanpa marah marah aku mau kita bisa ketawa bareng bareng di jalan besok aku manfaat untuk orang lain aku mau maafin orang orang di sekitar aku harap dimaafin orang orang di sekitar besok aku mau bangun rumah dari nol besok aku mau hancur diri yang lama,https://images.genius.com/2c8b2fbf2893359b1847566d2500a5fc.1000x1000x1.png,https://genius.com/Feast-peralihan-lyrics
Hindia,"Kami Khawatir, Kawan",kali ini ke mana lagi kau ajak tas ransel pergi sumpah sudah berapa kali kau bilang tak mungkin kembali pre kau tahu tahu betapa racun benak tahan lawan sumpah serapah di rumah tahu kau tahu tak mudah belah antah antah kali kali kita ulang ayo pulang kawan masuk dulu hujan kau serah sakit hati pasti lelah tengkar lagi dengan ayah kawan percaya dengar kami banyak yang rindu dan peduli kakak dan kawan kawan pasti ada waktu nanti kau bayar semua sendiri tapi tak sekarang kawan dan jikalau jengah kami erti namun jangan enggan cari hampir kawan kawan pre kau tahu tahu betapa racun benak tahan lawan sumpah serapah di rumah tahu kau tahu tak mudah belah antah antah kali kali kita ulang ayo pulang kawan masuk dulu hujan ada waktu nanti kau bisa jauh pergi outro namun belum kawan masuk dulu hujan ada cara lepas diri waktu yang tepat untuk diri pergi namun tidak seperti ini namun jangan hilang lagi kawan,https://images.genius.com/d16ab978dc13fbebf1708f5866ca8b24.1000x1000x1.png,https://genius.com/Hindia-kami-khawatir-kawan-lyrics
Lomba Sihir,Menit Tambahan,atur napas lebih dalam paruh dua mulai sudah lapang yang ubah kembali ke titik nol lagi pre cari celah jangan kalah tegak hadap hidup silang suara di kepala tentang waktu yang sisa berapa yang kau milik belum peluit panjang jangan henti ini mungkin lebih berat kemarin aku hampir tak kuat krisis jati diri patah hati dan pandemi semua bisa jadi lagi pre beri paham pikir selalu ada sempat dua beri paham diri ada ruang tuk lembar dua silang suara di kepala tentang waktu yang sisa berapa yang kau milik belum peluit panjang jangan henti instrumental lang lang rela waktu yang lalu lang lang raya waktu yang kan datang silang suara di kepala tentang waktu yang sisa berapa yang kau milik belum peluit panjang jangan henti outro silang suara di kepala silang suara di kepala tentang waktu yang sisa tentang waktu yang sisa berapa yang kau milik belum peluit panjang jangan oh jangan oh jangan henti,https://images.genius.com/1755bb970dfc51194e312b032919fdc4.1000x1000x1.png,https://genius.com/Lomba-sihir-menit-tambahan-lyrics
Laze,Sementara,hingga hingar bingar sampai pukul tiga hingga hingga hingga kita pun tiga sikap sikap sikap semua jaga sikap singkat singkat singkat hidup ini singkat untuk lagak bodoh untuk jadi ceroboh untuk jadi bulu karena tak ada bobot untuk jadi kaku untuk jadi robot antri bahagia serobot serobot serobot hingga hingga hingga harta tak hingga singgah singgah singgah hidup hanya singgah mata mata mata tuhan kita makhluk mata mata najwa koruptor pun takluk mata mata uang semua orang kejar kerja kerja kerja ajar ajar ajar raja raja raja beli isi dunia cita cita cita kita pun tak punya pre sedih kau senang panik kau tenang lebih kau kurang kalah kau menang ini semua ini semua ini semua ini semua bila bila bila kita sampai atas nilai nilai nilai dari kerja keras mobil mobil mewah brankas uang kertas hilang hilang hilang bila bank retas kita semua kikir bagai habis potong kuku kurang pikir boleh buka buku berita pelintir seperti peras baju lalu singkir sapu sapu sapu teman baru datang teman lama pergi kata yang abadi hanya energi bila ia hilang saat kau rugi mungkin kasih sayang hanya strategi sia sia sia hidup sia sia bila lihat belakang terus bagai sia korek korek korek buka luka lama korek korek korek kini api nyala hindia pun cepat padam kalah tenggelam perlu ted talk bulan sekali agar tenang mata mata yang letih kuntit angka perlu jumlah tinggi untuk rasa menang pun cepat padam kalah tenggelam perlu hancur di kelab malam tuk rasa senang mata mata yang letih kuntit siapa bila jumlah kurang tinggi rasa hilang outro sedih kau senang panik kau tenang lebih kau kurang kalah kau menang ini semua ini semua ini semua ini semua,https://images.genius.com/b84572b2057e1b295dd3c0123771b412.615x606x1.jpg,https://genius.com/Laze-sementara-lyrics
.Feast,Bintang Massa Aksi,bawa teman yang centang biru lawyer sponsor partai mana aku tak takut beri tantang untuk coba buat kalut ayo sini kecut s karang mana paham usang dasar maskulin rapuh lemah permisif angkuh juara titik jenuh kaleng hanya melek jual otak encer oplos jalan ke asing pre sekarang api bintang jatuh aku yang pilih aku kan takluk jalan aku kan takluk angkasa aku yang percaya untuk gembala aku adalah median semua massa sini mana teman teman hilang satu per satu perlahan jadi batu mulai enggan bantu putus serah sekarang tutup akun sekarang serah dan pulang bela dan juang bagai hal yang usang keropos dan karang mundur dan hilang instrumental aku kan takluk jalan aku kan takluk angkasa aku yang percaya untuk gembala aku adalah median semua massa outro aku kan takluk jalan aku kan takluk pikir aku yang percaya untuk gembala aku adalah median semua massa,https://images.genius.com/78116839f883605780910af9c9b6cc2c.1000x1000x1.png,https://genius.com/Feast-bintang-massa-aksi-lyrics
.Feast,Apa Kata Bapak,spoken word sir dandy departemen didik dan budaya adalah departemen didik dan budaya departemen didik dan budaya adalah departemen untuk lebih didik dan budaya departemen didik dan budaya departemen didik dan budaya adalah departemen yang didik dan budaya tugas adalah untuk isi didik dan budaya tut wuri handayani adalah bagi dari departemen didik dan budaya tut wuri handayani rupa salah satu dari tiga prinsip yang ajar oleh bapak didik kita konteks yang benar bunyi ing ngarso sung tulodo ing madyo mangun karso tut wuri handayani ing ngarso sung tulodo adalah yang ada di depan pimpin atau didik harus beri contoh yang baik kepada anak didik ing madyo mangun karso arti yang ada di tengah pimpin atau didik harus beri atau tuang ide ide cemerlang sekaligus semangat tut wuri handayani arti yang ada di belakang pimpin atau didik harus beri dorong atau arah kepada anak didik tut wuri handayani ing ngarso sung tulodo ing madyo mangun karso,https://images.genius.com/f348939c87020a1457c23ce59bb53be3.1000x1000x1.png,https://genius.com/Feast-apa-kata-bapak-lyrics
Enrico Octaviano,"Tidak Ada Salju di Sini, Pt. 1",tidak ada salju di sini part i hindia tra sihombing tak ada salju di sini lama ia kita nanti raja datang tidur nyenyak salah yang sama lagi hati patah ulang kali harap dan lahir rubina hindia tra sihombing tak ada salju di sini kapan lama ia kita nanti datang salah yang sama rasa datang kembali cukup tak ada salju di sini salah yang sama lagi kapan lama ia kita nanti hati patah ulang kali datang salah yang sama harap rasa datang kembali dan lahir cukup,https://images.genius.com/16b32d4bf4737c4cb1d9d998f2472f39.1000x1000x1.png,https://genius.com/Enrico-octaviano-tidak-ada-salju-di-sini-pt-1-lyrics
Hindia,Wejangan Caca,spoken word bas lo tahu kan gue orang enggak jago ngomong kita udah kenal dari enam tahun lalu udah gue tahu lo orang kayak gimana orang ambisius walaupun capek juga enggak pernah istirahat kayak selalu ada yang dikerjain tapi gue juga tahu lo orang sangat care dengan orang orang yang dekat banget sama lo dan gue tahu lo habis alamin hal yang sangat berat dan gue sangat terima kasih karena pada waktu itu lo udah mau buka sama gue lo ceritain semua dan lo mau ubah sayangin diri lo sendiri belum lo sayangin orang lain dan gue tahu walaupun kadang hal itu susah untuk laku tapi gue harap lo bisa dan tolong ingat bahwa banyak banget orang yang sayang sama lo terus ngedukung elo dan care sama lo yang akhir jangan sering sering bikin gue sebel bas udah,https://images.genius.com/7f487fa6ad08d65b618d52f1c5fdb1bf.1000x1000x1.png,https://genius.com/Hindia-wejangan-caca-annotated
Lomba Sihir,Pesona,ku pesona saat pertama tukar tatap dengan ku pesona warna mata tajam sorot buat ku rona pre getar hati pikir percuma coba coba lawan rasa yang bara ingin dekap mungkin aku bawa suasana gemerlap lantai dansa yang gila tak sadar sudah gelas tiga ku tak lantas kelar bayang rambut panjang pegang gelas biru tebak kau pasti unjung baru harap cukup brani tuk kenal tahu nama rambut panjang pegang gelas biru tebak kau pasti centang biru harap cukup brani tuk kenal tahu nama ku tak sangka kali dua temu lagi dengan pasti kau lupa ada waktu kita pernah tukar sapa pre harap kau ingat nama siapa tapi mungkin kau orang yang beda ingin datang hampir ku tak lantas selesai tatap kaos putih luar tanpa saku tebak kau beku sipu malu harap cukup brani tuk sapa untuk ingat kaos putih luar tanpa saku tebak kau beku sipu malu harap cukup brani tuk sapa untuk ingat boleh ku tahu nama kita sudah pernah temu dua atau tahun yang lalu tapi ku tak coba engkau ingat dulu pikir pikir tak mengapa juga sekali lagi kita nal sekarang sudah gelas yang lima malam ini masih belum akhir ku masih penasaran pikir pikir tak mengapa juga kali ini kita nal malam ini kita harus dansa hingga pagi tiba pikir pikir tak mengapa juga kali ini kita nal malam ini kita harus dansa hingga pagi tiba,https://images.genius.com/0cb48df5340abdfa645a47763c048a17.500x500x1.webp,https://genius.com/Lomba-sihir-pesona-lyrics
Hindia,Pesisir,komet lintas di atas kepala tak satu pun kita toleh semua sibuk hidup diri lihat ke atas damba bulan lutut hanyut pinggang tenggelam semua sibuk hidup di mimpi harap selam kala langit hitam dan gumam dalam diam ancam kencang kau tertawa hujan di tengah gurun rap cepat kau tertawa hewan di dalam hilang empati cendekia kau anggap jenaka durhaka kau di hadap data yang kau bangun sekarang semua fana kau sibuk hidup di mimpi harap selam kala langit hitam dan gumam dalam diam ancam harap tenggelam langit tutup muram dan gumam siap tuk terkam siap tuk tenggelam siap tuk lebam jauh ku lari dosa kan kembali konyol pikir masa depan esok masih dalam ancam semua rancang yang parau hanya waris risau harap selam kala langit hitam dan gumam dalam diam ancam harap tenggelam langit tutup muram dan gumam siap tuk terkam siap tuk terkam siap tuk terkam outro harap tenggelam langit tutup muram dan gumam siap tuk terkam siap tuk terkam harap tenggelam siap tuk terkam siap tuk terkam tuk terkam,https://images.genius.com/d16ab978dc13fbebf1708f5866ca8b24.1000x1000x1.png,https://genius.com/Hindia-pesisir-lyrics
Hindia,Bayangkan,pernah kau jika kau tak serah hadir sepenuh untuk masalah yang sedang kau hadap pernah kau bagaimana jika kita lama di ujung hari catat kita dua dalam sejarah jika kita tidak serah bangun semua hal yang selalu kita lamun bagaimana pun kau jaga aku di mana aku kau pun di situ dalam tawa atau palung dalam dalam outro jaga kamu kau jaga aku jika kita tidak serah jika kita tidak serah,https://images.genius.com/d16ab978dc13fbebf1708f5866ca8b24.1000x1000x1.png,https://genius.com/Hindia-bayangkan-lyrics
.Feast,Cicilan 12 Bulan (Iklan),cicil bulan iklan baskara putra buka mulut yang lebar tatap layar lebar cerna semua kami sudah sedia kualitas kelas atas oh batas buat hanya untuk orang duhai pandang beli sekarang tambah lagi masih kurang tiba waktu yang tepat buat bisa tabung masih kuat ada taruh rumah masih muat tuhan terima kasih kan pilih cicil dua belas bulan baskara putra mobil antik motor klasik sepatu langka angka cantik ponsel baru casing ori cinderamata ah nafas ahaha aha anjing tiba waktu yang tepat buat bisa tabung masih kuat ada taruh rumah masih muat tuhan terima kasih kan pilih tiba open jastip luar negeri bisa jangan telat langsung japri ada kurang uang cari lagi tuhan lowong side job berkah spoken word fadli fikriawan komponen besi kita cuil sekrup di ujung dunia nang sementara hewan buas ini kita sisir rambut kita isi perut wajib sama tuhan syukur kami pada mu karena kau beri waktu yang kau beku dalam kartu dalam dompet isi semesta seluruh pria dan wanita semua bisa dapat dengan cicil dua belas bulan tiba waktu yang tepat buat bisa tabung masih kuat ada taruh rumah masih muat tuhan token listrik bunyi lagi tiba open jastip luar negeri bisa jangan telat langsung japri ada kurang uang cari lagi tuhan upgrade limit hamba lagi outro fadli fikriawan natasha udu sayang sayang mm aku boleh jajan lagi enggak sih jajan apa tuh kemarin ada sepeda itu di ebay murah coba bentar tiga hari yang lalu pusing enggak kenapa tuh pusing enggak pas pulang pusing pusing jadi jajan lagi,https://images.genius.com/bc8f91e7dc2b36835f3e42a8d8a31c8a.1000x1000x1.png,https://genius.com/Feast-cicilan-12-bulan-iklan-lyrics
Lomba Sihir,"Tidak Ada Salju di Sini, Pt. 6 (Selamat Jalan)",tidak ada salju di sini pt selamat jalan tidak ada salju di sini pt selamat jalan hindia satu sendok teh harap hal hal baik kau minum tiap pagi harap hari cantik jakarta kadang tuju rejeki anak baik seringkali tolak siasat dengan cerdik hindia natasha udu mimpi mimpi yang tumbang topang bendera sila yang datang tuk taruh jiwa moga tak patah hati waras aman sentosa moga tak salah macam narapidana pre darat turun juga niat tahan air laut naik pun niat pamit ujung dunia erti ia penuh coba jika sekarang waktu maka selamat jalan selamat jalan selamat jalan selamat jalan selamat jalan selamat jalan selamat jalan selamat jalan pre udu darat turun juga niat tahan air laut naik pun niat pamit ujung dunia erti ia penuh coba jika sekarang waktu maka selamat jalan selamat jalan selamat jalan selamat jalan s lamat jalan selamat jalan selamat jalan selamat jalan tra sihombing tidak ada salju di kota ini tidak akan maju jika s rba anti selamat jalan selamat tahan selamat jalan akan tak ada esok hari tuk tebus hari ini instrumental hindia udu tra rayhan noor selamat jalan selamat jalan selamat jalan selamat jalan selamat jalan selamat jalan selamat jalan selamat jalan selamat jalan selamat jalan selamat jalan selamat jalan selamat jalan outro hindia udu tra rayhan noor selamat jalan oh selamat jalan selamat jalan selamat jalan selamat jalan selamat jalan selamat jalan selamat jalan selamat jalan selamat jalan selamat jalan,https://images.genius.com/c813e9fa379b83d6ea9a41a57a8cd4ca.1000x1000x1.png,https://genius.com/Lomba-sihir-tidak-ada-salju-di-sini-pt-6-selamat-jalan-lyrics
Lomba Sihir,Misteri,rayhan noor hindia tunggu malam untuk ungkap hal yang siang enggan bicara lawan kantuk aku uap terjang pagi aku tahan pre rayhan noor hindia di waktu ini aku renung bagai yang masih cari rayhan noor hindia natasha udu mentari kau hanya kenal tengah diri kunci banyak tanya di malam hari cari esok pagi masih natasha udu rayhan noor ulang ku tak jemu jemu ribu cabang cerita di kepala yang tak sesuai rencana yang lalu yang tak sesuai ingin tua dengan luruh yang tak sesuai harap mereka kelak jadi jalan mungkin mereka jalan pre rayhan noor hanya di sini tahu bagai yang masih cari mentari kau hanya kenal tengah diri kunci banyak tanya di malam hari cari esok pagi masih instrumental mentari kau hanya kenal tengah diri kunci banyak tanya di malam hari cari esok pagi masih outro ya ya ya ya ya ya uh uh uh masih ya ya ya ya ya ya masih ya ya ya ya ya ya uh uh uh masih ya ya ya ya ya ya,https://images.genius.com/770c94ddffdf3f474448c19c60b9c99b.1000x1000x1.png,https://genius.com/Lomba-sihir-misteri-lyrics
.Feast,Kembali ke Posisi Masing-masing,enggan mati tapi susah hidup dari udara yang aku hirup anyir emas dan uang muka karena kata hidup tanpa harta butuh biaya ingin mati tapi belum cukup biaya untuk tutup degup siapa yang akan bayar makam tak sempat guna diri di hidup ingin henti tapi belum sanggup karena tanah jadi modal hidup jual bagai aset oleh yang tua lalu kami harus tinggal di mana hanya bayang sebentar saja keras dengar teriak di telinga tahu diri kau dalam mimpi dan jika seluruh hidup dedikasi semua tetap tak mampu lantai kayu seperti yang di istana dan jika seluruh tubuh jual ada ada tahu hanya dapat minggu istirahat sementara hanya bayang sebentar saja keras dengar t riak di telinga tahu diri kau dalam b rmimpi tahu diri kau dalam mimpi tahu apa kau tentang properti habis tabung minum kopi habis peluang investasi lumat kau injak generasi luntur rencana karena pandemi instrumental outro hanya bayang sebentar saja keras dengar teriak di telinga tahu diri kau dalam mimpi hanya bayang sebentar saja keras dengar teriak di telinga tahu diri kau dalam mimpi,https://images.genius.com/bc8f91e7dc2b36835f3e42a8d8a31c8a.1000x1000x1.png,https://genius.com/Feast-kembali-ke-posisi-masing-masing-lyrics
Mantra Vutura,"Percakapan, Pt. 1",zakar s lamat malam s lamat pagi ini aku tuhan temu lagi rangka kasur dan lemari hafal mati doa doa dalam internet di dalam hati tanya dan tuntut kecam marah s tiap hari ku sakit hati oh sakit hati pre zakar perlahan mulai tidak percaya perlahan yakin tidak sengaja hindia oh oh oh oh paksa cari makna oh oh oh oh paksa cari hikmah oh oh oh oh paksa senyum hadap oh oh oh oh paksa serah lama hindia siapa yang minta lahir beri k luarga yang tentang tubuh dan hati yang gesek lalu set lah semua jawab apa yang akan kau laku set lah tahu mengapa yang satu limpah dan yang lain derita pohon bakar tanah tenggelam bumi guncang semua tawa teriak tuntut sakit hati hindia oh oh oh oh semua terlalu besar untuk oh oh oh oh semua yang tinggal baik ada oh oh oh oh baik awal dan kau ambil perlahan oh oh oh oh dan kau cukil perlahan saat pecak kau salah tuhan oh oh oh oh perlahan mulai tidak percaya oh oh oh oh perlahan yakin tidak sengaja outro zakar perlahan mulai tidak percaya perlahan yakin tidak sengaja,https://images.genius.com/cfba7955677724ecfd854910a9daf341.1000x1000x1.png,https://genius.com/Mantra-vutura-percakapan-pt-1-lyrics
Hindia,Rasakan Nikmatnya Hidup,yang kau dengar dalam hati biar gema kali ini jangan kau redam dan yang kau tempa jauh ini jangan kau anggap tak guna hanya kau yang tahu pre semua korban tuk hal yang kau cinta tanya pada diri betapa kau mau oh tuk ubah hidup di tangan kuasa atas cerita sekarang juga besok atau hari ini kau yang pegang kendali di tangan kuasa atas cerita sekarang juga bagai coba dan hal yang buat kau ragu jadi percik tuk terpa tekad jalan hidup hanya milik sendiri rasa nikmat hidup hari ini bagai coba dan hal yang buat kau ragu jadi percik tuk terpa tekad jalan hidup hanya milik sendiri rasa nikmat hidup hari ini outro bagai coba dan hal yang buat kau ragu jadi percik tuk terpa tekad jalan hidup hanya milik sendiri rasa nikmat hidup hari ini,https://images.genius.com/61b67643aad572343a2126db7ec67a40.1000x1000x1.png,https://genius.com/Hindia-rasakan-nikmatnya-hidup-lyrics
Lomba Sihir,Jalan Tikus,natasha udu tawa masih kelindan abu rokok masih jatuh janji pulang dari dua jam lalu cari jalan tikus dering ponsel di tengah jalan takut dengar kendara bilang ku sudah di p ristirahatan cari jalan tikus hindia udu rayhan noor jalur jalur ini gerak terlalu lambat ubah ini jadi tanpa isyarat di lumbung dalam kepala semua catat dusta dusta kecil yang lahir untuk rehat hati gugat hati umpat namun kadang kota jungkir t rlalu kuat walaupun berat ini cara akhir untuk selamat cari jalan tikus post hindia cari jalan pintas cari jalan tikus rayhan noor dia gadang reputasi palsu diam karena malas perkara semua yang tahu pilih tuk bisu cari jalan tikus tak fungsi dua minggu ke terapi dan ibu tak tahu malas dapat semua stigma cari jalan tikus hindia udu rayhan jalur jalur ini gerak terlalu lambat ubah ini jadi tanpa isyarat di lumbung dalam k pala semua catat dusta dusta kecil yang lahir untuk rehat hati m nggugat hati umpat namun kadang kota jungkir t rlalu kuat walaupun berat ini cara akhir untuk selamat cari jalan tikus post hindia cari jalan pintas cari jalan tikus cari jalan tikus instrumental hindia udu rayhan jalur jalur ini gerak terlalu lambat ubah ini jadi tanpa isyarat di lumbung dalam kepala semua catat dusta dusta kecil yang lahir untuk rehat hati gugat hati umpat namun kadang kota jungkir t rlalu kuat walaupun berat ini cara akhir untuk selamat cari jalan tikus outro hindia cari jalan pintas cari jalan tikus cari jalan pintas cari jalan tikus,https://images.genius.com/c813e9fa379b83d6ea9a41a57a8cd4ca.1000x1000x1.png,https://genius.com/Lomba-sihir-jalan-tikus-lyrics
Hindia,(mimi),spoken word tinggal bulan persis telah mbak betty mereka dua masuk rumah di momen yang dekat jadi gue asumsi sehat turun semenjak ngelihat sahabat yang sama sama betina dan senior udah enggak ada gue nulis dan melodi untuk betty tanpa tahu awal apa topik yang pingin gue omongin karena lagu ini enggak rencana cuma demo lebih dari emir lima menit telah gue selesai rekam betty tumbang dan harus gue lari k klinik dan malam itu dia wafat gue baru sadar satu minggu telah bahwa s cara enggak sadar gue nulis dan nyanyiin lagu tentang pergi dia persis di malam dia tinggal tepat belum jadi dua gue tulis minggu telah dia pulang kayak enggak ada yang bisa cinta lo lebih tulus dari pelihara lo karena biasa lo temu orang lain ya di saat lo siap tapi lo selalu pulang ke pelihara lo di saat lo lagi capek di saat energi lo habis bahkan di saat lo kena musibah cuma mereka yang pernah lihat lo di ada buruk dan kasih sayang mereka enggak ubah sedikit pun,https://images.genius.com/4f47be92df2b8f160b23e5ef066609b7.1000x1000x1.png,https://genius.com/Hindia-mimi-lyrics
Hindia,Perkara Tubuh,aku tak nyaman dengan tubuh habis dua jam ganti baju aku tak nyaman dengan kepala habis umur hidup topang dagu aku tak nyaman dengan mata tak lihat hidup di bawah lampu aku tak nyaman dengan rambut dengan tipe potong apa pun itu aku tak nyaman dengan diri serta semua dari lahir begitu aku tak nyaman dengan diri banyak yang jelas salah dalam hati aku tak nyaman dengan diri hangus di dalam batin aku biru aku tak nyaman dengan diri hanya mulia dalam doa ibu aku tak nyaman dengan mulut sulit ajak sopan saat guru aku tak nyaman dengan perut tahan nafas terus sampai beku aku tak nyaman dengan jari kuning dengan jelas menghisap abu aku tak nyaman dengan pundak dua nomor di atas ukur baju aku tak nyaman dengan diri serta semua dari lahir begitu aku tak nyaman dengan diri banyak yang jelas salah dalam hati aku tak nyaman dengan diri hangus di dalam batin aku biru aku tak nyaman dengan diri hanya mulia dalam doa ibu outro aku tak nyaman dengan batin terlalu sering ingin tutup buku aku tak nyaman dengan batin perlahan hancur dalam diri aku tak nyaman dengan batin coba bunuh diri di dalam saku aku tak nyaman dengan batin kau juga kabar jika begitu,https://images.genius.com/d16ab978dc13fbebf1708f5866ca8b24.1000x1000x1.png,https://genius.com/Hindia-perkara-tubuh-lyrics
Lomba Sihir,Bisa-bisanya,rayhan noor ingin sekali saja teriak semua keluh yang tak pernah kau dengar karena kita rasa yang sama sama tak daya pre hindia uh uh uh uh uh uh lama mati mati uh uh uh uh uh uh lagak mampu aku belum sanggup uh uh uh uh uh uh biar lalu yang tak balas penjara masa depan muda hanya banyak sembunyi nanti pagi hindia realita begitu tega pre natasha udu uh uh uh uh uh uh lama habis habis uh uh uh uh uh uh biar lalu yang tak balas penjara masa depan muda hanya banyak sembunyi nanti pagi hindia natasha udu rayhan noor ingin sekali saja teriak ingin sekali saja teriak semua keluh yang tak pernah kau dengar instrumental biar lalu yang tak balas penjara masa depan muda hanya banyak bers mbunyi nanti pagi outro biar lalu biar lalu yang tak b rbalas oh penjara masa depan muda muda hanya banyak hanya banyak sembunyi nanti pagi sembunyi nanti pagi,https://images.genius.com/770c94ddffdf3f474448c19c60b9c99b.1000x1000x1.png,https://genius.com/Lomba-sihir-bisa-bisanya-lyrics
Hindia,Bunuh Idolamu,atau biar mereka hancur diri sendiri mau tak mau tengkar kejar hal yang hanya kejap arti pre kau nilai diri hanya dari banyak kerja kau nilai diri dari nama nama yang kau kenal kalian dua sama saja oh sedikit banyak yang pikir tak pernah tega tuk ucap oh terlalu banyak sembunyi karena tahu jika ku sanggah kau bilang aku egois dramatis oh aku yang salah ku tak mau tahu tikai yang lahir karena kau belum usai dengan diri usai dengan diri pura tak tahu tapi pegang rahasia kalian semua satu per satu satu per satu ku tak mau tahu tak mau tahu telah ini ku nyanyi hal lain dan lagak bisu sudah cukup sibuk jaga hati di tengah dunia yang makin debu oh sedikit banyak yang pikir tak pernah tega tuk ucap oh terlalu banyak sembunyi aku makam jangan kau banyak bicara kau juga sama buruk jari tengah untuk kawan sana lanjut jual nama aku sudah lelah kalah aku yang pertama rugi aku tak erti ada aku yang egois dramatis apatis masih banyak yang rasa masih banyak hal yang benci modal dua tangan cekik kau di dalam mimpi terkadang sebut nama mu oh tuhan selamat aku benci ini sungguh ganggu kaca bunuh idola oh sedikit banyak yang pikir tak pernah tega tuk ucap oh terlalu banyak sembunyi dalam doa kunci diri outro oh sedikit banyak yang pikir pikir tak pernah tega tak pernah tega tuk ucap ucap oh terlalu banyak banyak sembunyi dalam doa kunci diri,https://images.genius.com/d16ab978dc13fbebf1708f5866ca8b24.1000x1000x1.png,https://genius.com/Hindia-bunuh-idolamu-lyrics
Hindia,Voice Note Anggra,spoken word bos ke mana aja lu dari pagi dicariin enggak ada kabar itu anak anak nungguin approval content dari lo balas ya cepat terus ada beberapa caption yang harus lo kirim ke gue juga brief nya udah gue email buru ya soal perlu approval dari client tama juga tadi nanyain demo lo udah jadi atau belum tawar main sama ngomong semua udah gue kasih juga ya ke lo jangan lupa cek terus kasih tahu gue lo mau ngambil apa enggak jangan lupa besok harus standby jam tengah sebelas sharp ya bas jangan telat oke,https://images.genius.com/7f487fa6ad08d65b618d52f1c5fdb1bf.1000x1000x1.png,https://genius.com/Hindia-voice-note-anggra-annotated
Hindia,WAWANCARA LIAR PT. I,intro faiz novascotia saripudin about percent of university students in the nation have felt a sense of unease about their finances due to the rising costs of living a recent survey has revealed the study showed that among percent of students expressing concerns about their finances percent said that they are very often worried while percent said they ar extremely oft n worried students mental health appears to have also been affected due to inflation percent saying they felt their mental health had worsened for this reason the majority of respondents percent said they mostly feel stress percent said that they are anxious and percent said frustration is a feeling they skit iyas lawrence kristo immanuel mas terima kasih banyak sudah hadir yes you re very welcome banyak yang bahas yes banyak yang harus dilurusin tapi belum terima kasih sudah di sini dan mungkin tanya pertama kenapa tuju dengan wawancara ini ahahahahaha well this is kind of awkward ya haha karena to be honest with you well only if you let it be awkward ya kan well you know haha i mean i thought you hated me to be honest with you no no i thought you hated me no because of your tweets your instagram posts tapi enggak apa apa juga i mean i mean this is a healthy relationship ok turut turut saya ya karena i i i do think a healthy i will i will apologize if you feel that i need to no no you don t have to apologize karena ok it is your opinion ya and it s a free i don t i don t i don t know i don t know if this is a free country tapi hahahaha tapi but like it s it s your opinion and it s totally fine dan dan to be honest with you saya juga kaget pas kamu undang saya karena oh my god i thought you hated me tapi nyata no this is like a platonic relationship ya di mana you have your opinions ya you criticize me tapi saat kamu mau bicara dengan saya let s go let s talk about it ok which is totally totally totally healthy baik and i like that mari kita buka dengan data kalau begitu yes oke data baru di asia tenggara adalah anak muda jaman sekarang spending hal hal non esensial dua kali lebih yes daripada hal hal yang esensial yes tanggap so i actually wrote it in my book yang baru aja saya jual ya and thank god banget terima kasih puji tuhan banget it s already a bestselling book right now in indonesia tapi ya i talk about it in my book gimana itu buah hal yang concerning sekali hmm concerning banget dan itu dekat banget dengan saya oke ya dekat banget karena saya tuju ini ya dekat banget kenapa karena anak saya yang paling tua hmm yang perempuan itu kayak dia sering banget ngomong daddy aku mau mau ngopi sama teman teman aku oh my god walaupun di angkat saya dulu enggak lebih sering ngopi tapi lebih ke stadium ya hahaha hahaha no i m i m joking lah tapi ya you know what i mean gitu ya arti kita kita tuju bahwa ini adalah buah masalah masalah banget oke karena mereka mereka bisa afford coffee every week yang kalau misal kumpul they could buy a house oke tapi ya tapi saya juga enggak bisa salah ke mereka gitu mas oke tapi kenapa karena ini putri putri ini kan masih dalam tanggung bapak betul tahu saya putri tiga ya arti ada tiga kan tiga tiga putri semua masih tanggung bapak dan dan bapak tuju hal sebut ya ya kan arti apakah mereka yang salah bapak yang salah didik yang salah atau so this is basically is a generational problem ibarat begini jaman sekarang millennials gen z lihat coffee shop bagai ruang tamu huh jaman sekarang tuh coba deh kalau kalau kita lihat deh kamu lihat deh misal jaman sekarang kalau kita beli rumah rumah di cluster gitu udah enggak ada ruang tamu lo ya jaman sekarang tuh ruang tamu tuh sudah enggak ada masuk langsung ruang tv buat keluarga langsung dapur dan saya juga agak kasihan sama mereka kayak mas jaman sekarang rumah gede warung tuh 1m ya and it is a problem but you cannot blame the millennials you cannot blame the gen zs they cannot do anything iklim ekonomi sekarang sedang berat sekali yaitu sudah jadi lifestyle huh yang coba saya benah sori maksud saya yang coba saya benah sekarang dengan satu satu perlahan lahan cara adalah salah satu dengan just like the things that i talk about in my podcast yang baru saya rilis juga di youtube saya gitu baik baik ya dan dan maksud saya memang ini tidak bisa laku cara cepat,https://images.genius.com/d16ab978dc13fbebf1708f5866ca8b24.1000x1000x1.png,https://genius.com/Hindia-wawancara-liar-pt-i-lyrics
Hindia,Ibel,aku duduk manis di kamar sirene jaran di luar siapa lagi yang tak untung hari ini masih muda atau kena komplikasi aku duduk manis tulis lagu ini tunggu rilis sekolah buka lagi murid bar rasa salah tak kunjung habis pre hidup lanjut dan malam ini teman teman tertawa mabuk di bar atas semua salah kami kurang cepat buka suara atas semua salah kami tak disiplin tutup mulut aku minta maaf aku minta maaf aku takut kau hilang tel waktu outro harap kau bahagia di atas sana kau tata rambut semua di surga sekarang kau tata rambut semua di surga,https://images.genius.com/d16ab978dc13fbebf1708f5866ca8b24.1000x1000x1.png,https://genius.com/Hindia-ibel-lyrics
.Feast,Dalam Hitungan Lebih Panjang,spoken word intro dear twitter please do your magic moga roh selalu kekal dalam hitung tidak retas oleh umat luar jaring aku tak guna jika tak ukur angka tobat di media tuhan pasti salah sangka mimpi butuh dana engagement rate mu berapa terka jarak berita tragedi milik siapa pahat citra sesuai standar nya surga buka cabang kita semua pialang ratus ribu per puluh giga akhirat yang adil semua orang wenang pre sekarang semua tidur tenang cek lagi besok pagi selamat kita bangun sama tuhan yang baru dunia yang berani semua orang seru taman eden d ngan wi fi dan kamera depan malaikat yang hadir ukur dalam hitung k hidup benah arah redaksi mati siar instagram tv nyanyi puji yang matrikulasi sangkakala indah bunyi notifikasi kita bangun sama tuhan yang baru dunia yang berani semua orang seru taman eden dengan wi fi dan kamera depan malaikat yang hadir ukur dalam hitung bangun sama tuhan yang baru dunia yang berani semua orang seru taman eden dengan wi fi dan kamera depan malaikat yang hadir ukur dalam hitung moga roh s lalu kekal dalam hitung tidak retas oleh umat luar jaring moga roh s lalu kekal dalam hitung tidak retas oleh umat luar jaring moga roh s lalu kekal dalam hitung tidak retas oleh umat luar jaring moga roh s lalu kekal dalam hitung tidak retas oleh umat luar jaring instrumental break moga panjang gaung di jaring wawas besar pikir dengan bagai unggah moga panjang gaung di jaring wawas besar pikir dengan bagai unggah moga panjang gaung di jaring wawas besar pikir dengan bagai unggah moga panjang gaung di jaring wawas besar pikir dengan bagai unggah instrumental break pikir awas polisi nurani harap aman sesuai kanan kiri nyanyi puji yang jual massa aksi semua salah dunia pasca modernisasi kita bangun sama tuhan yang baru dunia yang berani semua orang seru taman eden dengan wi fi dan kamera depan malaikat yang hadir ukur dalam hitung bangun sama tuhan yang baru dunia yang berani semua orang seru taman eden dengan wi fi dan kamera depan malaikat yang hadir ukur dalam hitung moga panjang gaung di jaring wawas besar pikir dengan bagai unggah moga panjang gaung di jaring wawas besar pikir dengan bagai unggah moga panjang gaung di jaring wawas besar pikir dengan bagai unggah moga panjang gaung di jaring wawas besar pikir dengan bagai unggah outro hanna milenia moga roh s lalu kekal dalam hitung tidak retas oleh umat luar jaring moga roh s lalu kekal dalam hitung tidak retas oleh umat luar jaring,https://images.genius.com/701141a577825f69e2d70aecb36f7339.1000x1000x1.png,https://genius.com/Feast-dalam-hitungan-lebih-panjang-lyrics
Petra Sihombing,"Tidak Ada Salju di Sini, Pt. 2",tidak ada salju di sini part ii raya lahir kita yang dapat coba kau pikir permen dan main simbol lahir coba kau pikir rubina tidak ada salju di sini tidak ada salju di sini tidak ada salju di sini tidak ada salju di sini instrumental hindia henti sulit diri akan sakit hati akan buat resah dengan santa dan pohon natal nya larang tuk raya ganggu asa takut dengan agam kerap cari salah simbol yang takut salib yang patah coba kau pikir simbol yang takut hanya di pikir coba kau pikir rubina tidak ada salju di sini tidak ada salju di sini tidak ada salju di sini tidak ada salju di sini tidak ada salju di sini tidak ada salju di sini tidak ada salju di sini tidak ada salju di sini,https://images.genius.com/16b32d4bf4737c4cb1d9d998f2472f39.1000x1000x1.png,https://genius.com/Petra-sihombing-tidak-ada-salju-di-sini-pt-2-lyrics
.Feast,Kata Pengantar oleh Jason Ranti,spoken word jason ranti yo halo baskoro and the gang kelelawar malam and batman anjing jadi begini kalian bicara masalah uang ya tolong jangan overlapping sama ibu sensor wah wanita memang harus lindung emang hidup berat mike tyson aja kemarin sampai nang nang kan apalagi kita apalagi kemarin ibu sensor nelefon mantan saya nomor ibu sensor bilang yo mbakyu ini negara sudah lama tidak oyo sekarang utang sudah sampai kebas kan anjing ya terang anak metal marah imf marah george soros marah mahatma gandhi jalan kaki ayu ting ting gagal nikah sama didi riyadi anjing rumit memang walaupun benar ya bicara uang itu ya hak prerogatif tuyul kalian kan bicara nominal lo tuyul metanominal anjay edan nah sekarang keren mana coba kalian tuyul atau ibu sensor rumit memang ini semua karena uang ini di mana toh sekarang mas jalan apa jalan ronggowarsito oh ronggowarsito wih ronggowarsito bonjol imam bonjol yo ini gimana matiinnya,https://images.genius.com/bc8f91e7dc2b36835f3e42a8d8a31c8a.1000x1000x1.png,https://genius.com/Feast-kata-pengantar-oleh-jason-ranti-lyrics
.Feast,Drums,i m ready for a change oh now the past seem so strange i m ready for a fight i m gain appetite gain appetite i m gain appetite i m ready for a change oh now the past seem so strange i m ready for a fight i m gain appetite gain appetite i m gain appetite i m ready for a change oh now the past seem so strange i m ready for a fight i m gain appetite instrumental,https://images.genius.com/2c8b2fbf2893359b1847566d2500a5fc.1000x1000x1.png,https://genius.com/Feast-drums-lyrics
Hindia,"Tidak Ada Salju di Sini, Pt. 7",intro bapa kami yang ada di surga mulia nama mu datang raja mu jadi hendak mu di atas bumi seperti di dalam surga ilah kami rezeki pada hari ini dan ampun salah kami seperti kami pun ampun yang salah kepada kami dan jangan masuk kami ke dalam coba tetapi bebas kami dari yang jahat ah apa ada amin amin ah aku hilang aku kurang ku kalah belum mulai perang aku hilang aku kurang ku rampas dari semua peluang kaki kunci biasa biasa mulut bui biasa biasa aku usang telanjang mereka yang akan selalu tentang pre hanya bisa lawan dengan nyanyi saat kujur diri anggap tak suci hanya bebas yang aku cari jadi diri kami tanpa benci tidak ada salju di sini ah tidak ada salju di sini ah tidak ada salju di sini ah tidak ada salju di sini tak ada salju tidak ada salju di sini ah tidak ada salju di sini ah tidak ada salju di sini ah di sini di sini aku marah aku jengah namun bicara kan selalu salah aku marah aku jengah namun bisa apa selain pasrah budaya t rus perah reduksi jadi hibur murah bakar cibir hantam redam caci maki lewat pre oh hanya bisa lawan dengan nyanyi tengadah ke langit bapa lindung kami bapa lindung kami yakin cahaya mu sama kami harus tahan lagi karena kami erti tidak ada salju di sini ah tidak ada salju di sini ah tidak ada salju di sini ah tidak ada salju di sini tak ada salju tidak ada salju di sini tak ada salju tidak ada salju di sini ah tidak ada salju di sini ah tidak ada salju di sini tidak ada salju di sini salju di sini kamga hanya bisa lawan dengan nyanyi tengadah ke langit bapa lindung kami tahu kau tak tinggal kami semua yang hati tidak kecuali tidak kecuali dosa dosa coba coba sintas sintas tindas tindas tidak kecuali tidak kecuali masuk masuk dalam dalam coba coba tidak ada salju di sini tidak ada salju di sini ah tidak ada salju di sini ah tidak ada salju di sini ah tidak ada salju di sini tak ada salju tidak ada salju di sini tak ada salju tidak ada salju di sini tak ada salju di sini di sini tidak ada salju di sini tidak ada salju di sini outro tidak ada salju di sini tak ada salju tidak ada salju di sini tak ada salju tidak ada salju di sini ah tidak ada salju di sini apa ada amin,https://images.genius.com/1cfcca71cd738646cce7d524533acc8f.1000x1000x1.png,https://genius.com/Hindia-and-dipha-barus-tidak-ada-salju-di-sini-pt-7-lyrics
Lomba Sihir,Seragam Ketat,hindia rayhan noor natasha udu biasa lihat tawur biasa kolek iur biasa lihat leceh biasa seragam biasa lihat ada biasa mimpi patah biasa banding banding biasa tonton hindia udu buai atur tak alas paksa sama makin beranta hindia rayhan udu biasa gagah gagah biasa gencet gencet biasa kebut kebut biasa mahal mahal pre udu hindia tak heran aku jadi setan biasa gilir bagai bukti tak heran aku jadi segan tegur omong yang rendah minta kejar harga kalau punya titit harus gede gede didik tuk kejar setor biasa lihat hal salah s bagai waris hindia udu buai atur tak alas paksa sama makin beranta ku cetak rapuh oleh yayasan ku cetak angkuh di sekolah hei rayhan kita bagi ugal ugalan suruh pelan p lan kata persetan kita bagi ugal ugalan suruh pelan p lan kata persetan kita bagi ugal ugalan suruh pelan pelan kata persetan hindia udu buai atur tak alas paksa sama makin beranta ku cetak rapuh oleh yayasan ku cetak angkuh di sekolah hei outro hindia udu hei,https://images.genius.com/c813e9fa379b83d6ea9a41a57a8cd4ca.1000x1000x1.png,https://genius.com/Lomba-sihir-seragam-ketat-lyrics
Hindia,"Apa Kabar, Ayah?",spoken word raynaldi prakoso sejak kau pergi semua asa beda rumah yang dulu ramai jadi sepi berat sekali rasa ingat kau sudah tak di sini tinggal oleh orang yang jadi panutan pertama di dunia ini baik atau buruk yang kau laku dan yang kau ajar pada akan jadi ajar untuk jadi orang yang akan kau bangga suatu hari nanti sekarang mau tidak mau aku harus ganti beberapa hal posisi di rumah itu pun berkat bantu yang telah ajar bagai hal tapi masih banyak sekali yang belum kau ajar seringkali aku masih butuh bantu tapi pada akhir aku harus usaha sendiri tolak pergi sangat siksa tapi terima pun sangat sakit seringkali aku harus canda atas pergi di d pan yang lain agar aku tidak lihat sedih atas kep rgianmu tidak tahu engkau di sana sudah tidak derita lagi dan bisa konsumsi makan manis dengan bebas sudah cukup buat diri senang mungkin suatu hari nanti kita akan temu lagi buat kamu cangkir kopi seperti biasa tukar cerita debat dan pamer aku telah hasil jadi orang yang pantas kau bangga dengan cara sendiri berkat bantu,https://images.genius.com/d16ab978dc13fbebf1708f5866ca8b24.1000x1000x1.png,https://genius.com/Hindia-apa-kabar-ayah-lyrics
Lomba Sihir,Satu Jam Terpanjang,rayhan noor natasha udu hindia jujur ku hanya harap ini akhir dengan cepat dalam hidup siksa ku ulang kali pikir balap dalam hidup pre rayhan noor ingin ku semua jalan bagaimana mesti mesti kini semua di luar kendali rayhan noor tunggu satu per satu berita di tengah ribu suara jangan canda kali ini saja batin gulat mati rasa dan apa pun hasil terima walau ku tak siap tunggu datang satu harap oh atau kabar kejut rayhan noor natasha udu hindia sekarang yang lain tak lagi penting sudah usaha semua yang bisa dalam hidup makin lama makin paham bahwa yang jadi biar jadi dalam hidup pre natasha udu rayhan noor ingin ku semua jalan bagaimana mesti mesti kini semua di luar kendali m ski kini semua tak di tangan outro rayhan noor tunggu satu per satu b rita di tengah ribu suara jangan canda kali ini saja batin gulat mati rasa dan apa pun hasil terima walau ku tak siap tunggu datang satu harap oh oh oh oh oh oh oh oh oh,https://images.genius.com/770c94ddffdf3f474448c19c60b9c99b.1000x1000x1.png,https://genius.com/Lomba-sihir-satu-jam-terpanjang-lyrics
Maria Catarina Sumarsih,(kamis),intro dan tidak akan ada orang yang rela anak yang cinta tembak atau bunuh spoken word wawan itu anak yang senang hobi baca dia di kamar mandi pun selalu baca koran atau bawa komik atau buku kalau hari sabtu hari minggu kami masak sama sama pada saat makan sama itu jam berapa pun makan malam sama kami cerita tentang hari dari bicara yang sederhana kami bicara masalah politik karena pada tahun masalah politik indonesia makin panas telah bicara sampai kepada masalah politik selalu tutup dengan besok dimasakin apa karena pada tahun itu demonstrasi dan hari ke hari makin besar tahun jadi tragedi manusia yang sudah selidik oleh komnas ham yaitu dalam berkas trag di tembak mahasiswa peristiwa s manggi semanggi trisakti kemudian berkas rusuh mei dan berkas hilang paksa atau culi aktivis pro demokrasi wawan mahasiswa atma jaya juga aktif di masyarakat dengan ikut anggota tim rawan untuk manusia advokasi korban mei bagai anggota tim rawan manusia tiap wawan datang ke rumah sakit yang minta adalah obat obat untuk teman teman yang demonstrasi dan turut saksi pada tanggal november hari jumat itu jam pagi sama enam orang teman wawan menetralisir gas air mata di depan kampus atma jaya dengan semprot air hidran sekitar jam sore aparat masuk ke atma jaya ada korban yang jatuh wawan ngasih tahu pak itu ada korban boleh tolong atau tidak tentara itu kata boleh sila kemudian wawan keluar bendera putih lambai lambai tetapi pada saat wawan akan angkat korban justru wawan tembak banyak orang kata dari pagi wawan guna id card tim rawan untuk manusia dan wawan autopsi oleh dr budi sampurno wawan tinggal dunia karena tembak dengan peluru tajam standar militer di dada belah kiri kena jantung dan paru dan turut saksi juga bahwa wawan tembak oleh aparat di halaman kampus ketika sedang tolong orang korban yang juga tembak oleh aparat telah wawan tinggal dunia hari jumat november wawan tembak hari sabtu wawan makam pulang dari makam ada wartawan tiga begitu di rumah sunyi kemudian saya bilang saya akan henti kerja saya tidak sanggup untuk temu dengan orang saya sangat cinta wawan kami keluarga cinta wawan tapi duka cita saya transformasi pada cinta hadap sama dengan juang agar kasus kasus langgar ham berat yang jadi di indonesia ini dipertanggungjawabkan sesuai dengan undang undang yang laku yaitu undang undang nomor tahun tentang adil ham untuk wujud agenda reformasi yang tiga yang juang oleh wawan dan kawan kawan yaitu tegak supremasi hukum bagi saya warna hitam bukan lambang duka cita tetapi lambang teguh jangan yang ada hanya korban tetapi laku tidak ada,https://images.genius.com/4f47be92df2b8f160b23e5ef066609b7.1000x1000x1.png,https://genius.com/Maria-catarina-sumarsih-kamis-lyrics
Hindia,Evaluasi (Reprise),evaluasi reprise evaluasi reprise yang tak bisa obat biar ering sendiri hias tubuh dan yang evaluasi raga hanya kau sendiri mereka tak mampu pre lewat yang telah kau lewat tiap ganti hari rintang yang kau hadap masalah yang keruh oh asa yang rapuh ini belum paruh biasa saja kamu tak apa yang selalu ingin ambil peran hanya lomba jadi lebih sedih dari diri pre muak samping sama hati luka sempurna masalah yang keruh oh asa yang rapuh ini belum paruh biasa saja kamu tak apa jalan yang jauh kau bangun untuk taruh hari belum selesai biasa saja kamu tak apa bilas muka gosok gigi evaluasi evaluasi tidur jenak temu esok pagi walau pedih ku sama kali ini ku masih ingin lihat esok hari outro bilas muka gosok gigi evaluasi evaluasi tidur jenak temu esok pagi walau pedih ku sama kali ini ku masih ingin lihat esok hari,https://is1-ssl.mzstatic.com/image/thumb/Music123/v4/93/e9/c4/93e9c48f-f3ec-b6e7-c9e8-0b957a9b0c88/cover.jpg/1000x1000bb.png,https://genius.com/Hindia-evaluasi-reprise-lyrics
Lomba Sihir,Cameo,tristan juliano kafe ini dulu belum ada gelas plastik tumpuk bagai dosa akan kita semua kurang kafein makin banyak tempat tatap muka kurang lebih sama orang asing lalu lalang hingga petang pre tristan berapa banyak yang yang kenal hoo berapa banyak yang teman kenal hoo indah gibah tristan tukar nama di ibu kota di ibu kota tukar kisah dalam kepala dalam kepala ku figuran dalam c rita lain ku bajing dalam c rita lain tristan berapa banyak aku bikin salah berapa banyak yang bahaya berapa sering aku sumpah celaka pre tristan berapa banyak yang aku tuduh karena kabar burung berapa banyak yang tak pernah benar salah kejar tristan tukar nama di ibu kota di ibu kota tukar kisah dalam kepala dalam kepala ku figuran dalam c rita lain ku bajing dalam c rita lain wisnu ikhsantama tembok tembok bicara waspada tukar cerita gelas gelas b rbicara waspada kau sulang dengan siapa outro tristan tukar nama di ibu kota di ibu kota b rtukar kisah dalam kepala dalam kepala ku figuran dalam c rita lain ku bajing dalam c rita lain,https://images.genius.com/c813e9fa379b83d6ea9a41a57a8cd4ca.1000x1000x1.png,https://genius.com/Lomba-sihir-cameo-lyrics
Danilla,Jika,ingat tentang dikau jauh di mata dekat di hati sempat pikir tuk kembali walau beda akan jalan tak ada niat untuk lama pergi hindia ingat tentang dikau jauh di mata dekat di hati apakah sama yang rasa ingin jumpa walau ada segan tak ada niat untuk pisah dengan memang masih bisa mulut bicara santun kata yang ingin ucap kan dengar caci dan puji diri pada kita masih muda dalam cari putus maaf daku ingin kembali umpama ada jalan tuk kembali hindia ingat tentang dikau jauh di mata dekat di hati tak ada niat untuk lama pergi ingat tentang dikau jauh di mata dekat di hati tak ada niat untuk pisah dengan memang masih bisa mulut bicara santun kata yang ingin ucap kan dengar caci dan puji diri pada kita masih muda dalam cari putus maaf daku ingin kembali umpama ada jalan tuk kembali instrumental memang masih bisa mulut bicara santun kata yang ingin ucap kan dengar caci dan puji diri pada kita masih muda dalam cari putus maaf daku ingin kembali umpama ada jalan tuk kembali outro tuk kembali,https://images.genius.com/bfdf1a236c5cc220c6deb1f95d88dc3d.1000x1000x1.png,https://genius.com/Danilla-and-hindia-jika-lyrics
Lomba Sihir,"Uangku2x, Uangmu1x",natasha udu didik yang jalan dasar jumlah transaksi paksa diri sendiri sampai sakti kais rezeki pre natasha udu a ya ya ya ya ya banting lagi tulang punggung sampai ku tua a a a a masih panjang jalan hidup natasha udu uang uang uang habis semua waktu untuk hidup diri sepenuh hati tengah mati ya memang ku sayang yakin selalu begitu ya tapi kan kerja keras ya tuhan ingin nikmat ugal ugalan hindia semua yang kau mau semua yang kau perlu pre hindia a ya ya ya ya banting lagi tulang punggung sampai ku tua a a a a masih panjang jalan hidup natasha udu uang uang uang habis semua waktu untuk hidup diri sepenuh hati tengah mati ya memang ku sayang yakin selalu begitu ya tapi kan kerja keras ya tuhan ingin nikmat sekali kali ugal ugalan a ya ya ya ya a ya ya ya ya a ya ya ya ya a ya ya ya ya outro natasha udu uang uang uang habis semua waktu untuk hidup diri sepenuh hati tengah mati ya memang ku sayang yakin selalu begitu ya tapi kan kerja keras ya tuhan ingin nikmat ugal ugalan sekali kali,https://images.genius.com/770c94ddffdf3f474448c19c60b9c99b.1000x1000x1.png,https://genius.com/Lomba-sihir-uangku2x-uangmu1x-lyrics
Isyana Sarasvati,Hari Ini,hindia aku bisa jatuh lagi ku menang kali ini aku syukur semua luka di diri sampai nanti hindia terlalu hati hati maksud hanya lindung paksa ku peluk mati rasa sampai nanti hindia aku bisa jatuh lagi ku sendiri kali ini aku syukur semua luka di diri sampai nanti instrumental break hindia hindia terlalu hati hati kunci diri sendiri bergan tung pada melodi di atas panggung megah di kamar diri sinar doa ajar buka diri sampai nanti hindia aku bisa jatuh lagi ku menang kali ini aku syukur semua luka di diri sampai nanti post hindia rasa kembali api yang pernah mati laju walau kalut hidup lanjut rasa kembali api yang pernah mati hidup lanjut kawan sampai nanti,https://images.genius.com/f9eaa2714606d492562a4cb49680e1c5.1000x1000x1.png,https://genius.com/Isyana-sarasvati-and-hindia-hari-ini-lyrics
Hindia,Jangan Jadi Pahlawan,teddy adhitya banyak coba kita lalu sama jadi bahan canda banyak coba kita beda pandang usaha pre biar coba paham dunia dengan cara sendiri tak arti ku akan benci aku hanya ajar diri teddy adhitya karena begitu hidup kita akan anjak dewasa masing masing masing masing ku lihat lagi ke belakang dan syukur kau di sana tanpa ku tak bisa jangan larang pergi mungkin habis api di sini biar coba paham dunia dengan cara sendiri tak arti ku akan benci aku hanya ajar diri teddy adhitya percuma betapa kau coba kaki sudah tengah di luar hati yakin ini jalan yang benar jika ku tak laku ini sekarang cepat atau lambat pasti jadi itu hidup kau anjak dewasa teddy adhitya biar coba paham dunia dengan cara sendiri biar coba paham dunia dengan cara sendiri tak arti ku akan benci aku hanya ajar diri,https://images.genius.com/d16ab978dc13fbebf1708f5866ca8b24.1000x1000x1.png,https://genius.com/Hindia-jangan-jadi-pahlawan-lyrics
Lomba Sihir,Selamat Datang,hindia di ujung dunia gegap gempita jakarta di ujung dunia gegap gempita jakarta post hindia mimpi yang rongsok topang kota air laut yang naik rendam dosa mimpi yang rongsok topang kota air laut yang naik rendam dosa natasha udu rayhan noor di ujung dunia gegap gempita jakarta di ujung dunia dunia gegap gempita jakarta post udu rayhan arena akbar ulang diri arena akbar rusak diri arena akbar ulang diri arena akbar rusak diri hindia di ujung dunia gegap gempita jakarta di ujung dunia gegap gempita jakarta udu rayhan moga kamu tak patah hati moga temu rumah abadi moga kamu tak patah hati moga temu rumah abadi di ujung dunia gegap gempita jakarta di ujung dunia gegap gempita jakarta outro hindia rayhan udu di ujung dunia gegap gempita gegap gempita jakarta kota jakarta di ujung dunia ooo gegap gempita gegap gempita jakarta kota jakarta penjara mewah dunia di ujung dunia dunia gegap gempita aaaaaa jakarta gegap gempita jakarta di ujung dunia dunia gegap gempita jakarta,https://images.genius.com/c813e9fa379b83d6ea9a41a57a8cd4ca.1000x1000x1.png,https://genius.com/Lomba-sihir-selamat-datang-lyrics
Loner Lunar,.Fin,jasmine run out of time run out of time we ll feel complete i be old enough i be old enough for this mad world jasmine hindia my heart beat fast when you touch my foot oh please release me and you hold my thumb for the time have come my heart beat fast when you touch my foot oh please release me and you hold my thumb for the time have come oh please release me for the time have come oh please release me for the time have come oh please release me for the time have come oh please release me for the time have come hindia jasmine oh i hear it call death come twice for all one under the ground one when your name fall oh i hear it call vein and death come twice for all bone come rush one under the ground vein and one when your name fall bone come rush oh i hear it call vein and death come twice for all bone come rush one under the ground vein and one when your name fall bone come rush outro vein and bone come rush vein and bone come rush vein and bone come rush vein and bone come rush,https://images.genius.com/83959048a8a35019ebc3eb2a5f56bab2.593x601x1.jpg,https://genius.com/Loner-lunar-fin-lyrics
Lomba Sihir,Ya Mau Gimana?,hindia kakak pernah od di sofa di penjara minta ibunda ps2 adik sampai besar pun tak pernah ajar sampai sekarang obat apa pun hajar lihat ibu bangga dengan tas eropa biasa tonton harta untuk semua biasa susah terima susah yang kejar anak ya hanya kaya natasha udu natural tertawa hal hal normal bicara hal hal yang janggal mudah tebak dari awal lazim hal hal yang banal hal hal yang banal lazim hal hal yang banal hal hal yang banal lazim hal hal yang banal hal hal yang banal lazim hal hal yang banal hal hal yang banal lazim semua karena rap hindia udu di rumah selalu tabu topik tentang beberapa organ di sekolah sering jauh celana dan rok tak boleh dekat makin tua tak heran si anak penasaran punya uang sedikit tuk dvd baja malah temu ayah di pijat pijat pegang sana sini biasa leceh s kali bapak tangkap basah ada yang simpan selain di rumah dua pisah sejak dulu mau contoh siapa tak tahu di pojok klub tabur bintang ia pilah pilih belanja tebeng pulang cari pria wanita yang cukup lancang karena orang tua di rumah tak pernah pulang instrumental hindia ke pulau dewata saat pandemi akan di bal tak ada transmisi berangkat pun kar na biaya orang tua yang kasih didik kan paling sering cuci tangan hindia yang kasih uang yang paling jaga jarak aman akan semua anak lahir s bagai bajing akan pengaruh mereka tak kuat lingkung akan anak begitu bukan lari outro udu natural tertawa hal hal normal bicara hal hal yang janggal mudah tebak dari awal lazim hal hal yang banal hal hal yang banal lazim hal hal yang banal hal hal yang banal lazim semua karena,https://images.genius.com/c813e9fa379b83d6ea9a41a57a8cd4ca.1000x1000x1.png,https://genius.com/Lomba-sihir-ya-mau-gimana-lyrics
Lomba Sihir,Polusi Cahaya,intro hindia natasha udu cari duduk perkara tajam pendar megah tanpa makna penjara mewah di dunia cari duduk perkara tajam pendar megah tanpa makna penjara mewah di dunia hindia jalan ini tak indah yang ingat awal mula tangga ini tak ujung gunung kian tinggi makin gaung aku belum anjak jauh aku mungkin kalah taruh pre hindia mabuk pasar di pusat kota mati penasaran di ujung dunia hindia natasha udu terlalu banyak langkah yang tidak ke mana hilang arah terlalu sering ku iya dunia mati rasa terlalu susah untuk terima fakta bahwa aku belum jadi siapa siapa besar andil untuk sampah di penjara mewah dunia natasha udu hati ini tak ikhlas lagu dan tulis hindia mual motivasi ujung kembung paksa jadi tarung pre natasha udu mabuk pasar di pusat kota mati penasaran di ujung dunia hindia natasha udu terlalu banyak langkah yang tidak ke mana hilang arah terlalu sering ku iya dunia mati rasa terlalu susah untuk terima fakta bahwa aku belum jadi siapa siapa besar andil untuk sampah di penjara mewah dunia instrumental outro hindia natasha udu cari duduk perkara tajam pendar megah tanpa makna penjara mewah di dunia cari duduk perkara tajam pendar megah tanpa makna penjara mewah di dunia cari duduk perkara tajam pendar megah tanpa makna penjara mewah di dunia,https://images.genius.com/c813e9fa379b83d6ea9a41a57a8cd4ca.1000x1000x1.png,https://genius.com/Lomba-sihir-polusi-cahaya-lyrics
Matter Mos,Rudi (Wawancara Liar),rudi wawancara liar intro pakai sabuk kam kalau bikin gera basa basi salam pura pura temenan alam tahun soal akal akal dari dulu nyontek kalau lagi ulang oke bos suka pihak oke suka beli algoritma oke suka pakai pintu belakang tahu tahu ada di depan oke hook hello tidak perlu porto bisa ngasihnya cuma kado buat apa nyari ilmu kalau paling bisa cuma nego ada masalah apa lagi hari ini kangen jaman revolusi ada di tv aman aja ada rudi hey rudi hindia papar sampai sadar kalau kau dan aku sama sama abai di atas papan hanya jadi pion belaka sulit gerak karena batas lang bangsat hook hello si enggak perlu porto kalau ada mau ngasih kado buat apa nyari ilmu kalau paling bisa cuma nego ada masalah apa lagi hari ini distopia kalau nyalain tv aman aja ada rudi hey rudi seringai cause i m feeling lawless topeng vendetta anonymous don t shoot the messenger call me silas ngomongin makna macam iyas berani adu debat budak wakil rakyat bilang bela rakyat curi uang rakyat dapat mandat rakyat rakyat culas awas diawasin netizen indonesians jantung macam double pedal di interview keringat tidak berani buka mulut takut salah salah cakap bibir rapat namun belum kenyang masih lapar lukis palsu picasso tingkah lo acak acak dari kiri ke kanan aku di tengah masih malang sabang merauke masih pada beranta sadar ini batas khayal saat ku berangan angan pas jam makan siang hook hello si enggak perlu porto kalau ada mau ngasih kado buat apa nyari ilmu kalau paling bisa cuma nego ada masalah apa lagi hari ini kangen jaman revolusi ada di tv aman aja ada rudi hey rudi,https://images.genius.com/7f123c1c7b34337a09a0efe55e346132.1000x1000x1.png,https://genius.com/Matter-mos-rudi-wawancara-liar-lyrics
.Feast,Kuping Ini Makin Lalai,spoken word bapak ibu udah enggak ada aku belum erti banyak hal maka ajar diri hingga paham tentang derita tentang bangun pre sumpah tak pernah maksud di hati niat jernih air fiji lebur seluruh jiwa untuk aku sayang kamu kawan harap erti jika kamu yang darah beberapa harus pecah tuk juta tumbuh indah dan mere indah dan mere aku takut dengar jerit yang buat tak nyaman aku takut mata ini makin kabur lihat gajah gajah erang di ujung pelupuk pre sumpah tak pernah maksud di hati niat jernih air fiji lebur seluruh jiwa untuk aku sayang kamu kawan harap erti jika kamu yang darah beberapa harus pecah tuk juta tumbuh indah dan mere instrumental sumpah tak pernah maksud di hati namun kata mereka ini hari hari walau kau sudah dengar dua kali asli aku sayang kamu kawan harap erti jika kamu yang darah beberapa harus pecah tuk juta kawan harap erti jika kamu yang darah beberapa harus pecah tuk juta tumbuh indah dan mere outro kawan harap erti jika kamu yang darah beberapa harus pecah tuk juta tumbuh indah dan mere,https://images.genius.com/78116839f883605780910af9c9b6cc2c.1000x1000x1.png,https://genius.com/Feast-kuping-ini-makin-lalai-lyrics
Hindia,I’m Not a Robot/CAPTCHA,,https://images.genius.com/d16ab978dc13fbebf1708f5866ca8b24.1000x1000x1.png,https://genius.com/Hindia-im-not-a-robot-captcha-lyrics
.Feast,Maju,ini bukan tulis jurnal tangan anak ingus ini bukan keluh jenuh anak kurang kerja bukan omong orang mapan cari cari tantang buru topik hangat hanya tuk dapat kawan siapa kau asal bawa peluru main ancam rumah kami siapa kau modal lebih tinggi main ancam siapa kami siap siap kau keping hantam pertiwi siap siap kau tentang sampai ku mati pre walau nafas habis timbun dalam tanah aku tak peduli lawan aku ayo aku tak peduli lawan aku ayo sampai kau teriak ampun melodi untuk kuping post na na na na na na na na na na na na na na na na na na na na na na na na na na na na na na na na na na na na na na na na na na na na na na na na na na na na lihat ke atas kawan lihat lawan benar lihat ke samping kawan kita belah karena beda cepat sadar kawan selagi kau masih muda dengar kau panggil abdi alam indonesia pre walau nafas habis timbun dalam tanah aku tak peduli lawan aku ayo aku tak peduli lawan aku ayo instrumental pre walau nafas habis timbun dalam tanah aku tak peduli lawan aku ayo walau jasad hilang hajar bencana aku tak peduli lawan aku ayo walau juta kali kau datang serbu aku tak peduli lawan aku ayo sampai kau teriak ampun melodi untuk kuping post na na na na na na na na na na na na na na na na na na na na na na na na na na na na na na na na na na na na na na na na na na na na na na na na na na na na,https://images.genius.com/f4d2e01f2db11856941899460a48204f.1000x1000x1.png,https://genius.com/Feast-maju-lyrics
Hindia,Setiap Waktu,aku tahu kau bingung mulai cakap takut salah bicara lalu aku singgung aku tahu kau linglung gundah cari jalan cair suasana diam hening patung kau habis kata karena nilai yang beda masalah yang pernah ada antara kita dua pun begitu maaf hingga ratus tahun lagi karena untuk aku usaha hati buka lebar lebar aku tahu terkadang kau anggap masih kecil tak tahu apa apa tak tahu apa apa pongah tentang dunia pongah tentang dunia aku tak ingin menang walau kita seberang hanya ingin kau percaya aku bisa cerna pun begitu maaf hingga ratus tahun lagi karena untuk aku usaha tuk selalu maaf hingga ratus tahun lagi karena untuk ku masih b rdoa hati buka lebar l bar ku masih doa hati buka aku tahu tak mudah aku usaha lihat hidup dari pasang mata yang ubah warna makan usia temu bijaksana di dalam juang untuk dalam dunia yang ubah pun begitu kau maaf hingga ratus tahun lagi hingga ratus tahun lagi karena untuk engkau usaha tuk selalu maaf hingga ratus tahun lagi karena untuk kau masih doa pun begitu kau maaf hingga ratus tahun lagi karena untuk engkau usaha tuk selalu maaf maaf hingga ratus tahun lagi hingga ratus tahun lagi karena untuk kau masih doa outro hati buka lebar lebar kita usaha,https://images.genius.com/47e019e985d335f9d5052b57adcde35d.500x500x1.jpg,https://genius.com/Hindia-setiap-waktu-lyrics
Hindia,Aku Rasa Kita Selamanya,kita abadi nyala sama pegang saat tak ada yang nyata andal kawan kau selalu ada ingat saat kita malam habis atau saat ku linglung gantung habis saat kita sama lihat matahari terbit di awal hari dari puncak tinggi pre memori semua isi penuh kau di situ selalu tak pernah jenuh maaf aku jika sering keluh ku mau kau trus di sini teman aku lagi sekarang dan sampai nanti kita abadi nyala sama pegang saat tak ada yang nyata andal kawan kau selalu ada ingat saat kita jebak total akan cuaca simpan dendam fatal juga segala cerita dan soal tiap bulan dan tanggal tanpa akan janggal pre memori semua isi penuh kau di situ selalu tak pernah jenuh maaf aku jika sering m ngeluh ku mau kau trus di sini teman aku lagi sekarang dan sampai nanti s karang dan sampai nanti sekarang dan sampai nanti sekarang dan sampai nanti kita abadi nyala sama pegang saat tak ada yang nyata andal kawan kau selalu ada kita abadi nyala sama pegang saat tak ada yang nyata andal kawan kau selalu ada,https://images.genius.com/6b4a50b6faee02365bc9f8456f7b7d9c.1000x1000x1.webp,https://genius.com/Hindia-aku-rasa-kita-selamanya-lyrics
.Feast,Jaya,intro rapat baris petir di kepal tangan rapat baris petir di kepal tangan rapat baris petir di kepal tangan rapat baris petir di kepal tangan lalu ke mana lagi telah ini jika masa lalu lepas sudah dari pundak kami lalu ke mana lagi telah ini jika masa depan dalam genggam kami apakah aku cukup cepat tuk bawa kita lari cukup pintar untuk bawa kita ke bulan apakah aku cukup nyali tuk ajak kita diri apakah aku cukup percaya dengan diri sendiri lalu ke mana lagi telah ini agar tak jatuh ke lubang buaya lagi apakah aku cukup cepat tuk bawa kita lari cukup pintar untuk bawa kita ke bulan apakah aku cukup nyali tuk ajak kita diri apakah aku cukup percaya dengan diri sendiri instrumental apakah aku cukup cepat tuk m mbawa kita lari cukup pintar untuk bawa kita ke bulan apakah aku cukup nyali tuk m ngajak kita diri apakah aku cukup percaya dengan diri sendiri outro rapat baris petir di kepal tangan rapat baris petir di kepal tangan,https://images.genius.com/78116839f883605780910af9c9b6cc2c.1000x1000x1.png,https://genius.com/Feast-jaya-lyrics
Hindia,WAWANCARA LIAR PT. III,skit kristo immanuel iyas lawrence dulu saat saya latih sempat jadi rundung yang luar biasa sehingga berita itu sebar luas bahkan keluar dari institusi akibat dari orang sampai masyarakat tidak percaya dengan kami karena orang ini seluruh jadi rusak namun bagaimana nasib kami yang tidak laku apa apa bukan karena kami tidak peduli bukan karena kami biar ini jadi bukan karena saat itu kami takut mas tidak ada yang bisa kami laku selain diam tapi kami cap yang sama seperti yang laku rundung sebut apa adil rundung di latih di sekolah sama saja dan sama hasil semua cap satu rusak semua rusak korupsi itu wajar bagi buah negara gin saya ralat banyak negara lain rasa hal yang sama utama untuk negara berk mbang kalau boleh tahu mungkin gaji sampeyan berapa saya m rasa tidak nyaman sampai sembilan puluh juta sebelas sekitar segitu lah saya tebak lihat dari baju sepatu dan jam tangan yang mas pakai gaji teman teman saya itu enam juta mas bulan bahkan banyak yang tidak sampai enam juta pangkat mungkin lebih tinggi dari dia nih ajudan saya ibarat begini saya ini kasih sapu tapi yang mereka minta adalah ubah bantar gebang jadi bersih aula masjid punya waktu aja ndak kita tahu apa yang akan datang sebentar lagi pak dan lucu mungkin bagai masyarakat kami hanya bisa lihat bahwa di bawah payung yang sama ketidaksetujuan antara pimpin sedang jadi lomba ini seperti lomba an tetapi di skala yang jauh lebih besar khawatir takut pak bapak adalah nama yang selalu muncul turut bapak apakah ini wajar umur sampeyan berapa hampir pak ingat milu beberapa tahun yang lalu belum juga saya tidak ingin bilang bahwa ini adalah buah wajar namun ini yang selalu jadi orang orang guna hancur guna apa pun untuk jadi tunggang saya tidak ingin tapi saya hanya punya satu gagang sapu apa yang mas ingin dari pimpin baru apa satu saja transparansi transparansi sekarang saya tanya sama sampeyan tadi saya cerita soal rundung di institusi saya apakah sekarang masih jadi di sekolah sekolah mas mas punya anak atau kalau ndak punya sepupu mungkin yang sekolah ya jadi ndak di sekolah masih dalam beberapa tempat ya murid murid yang baik itu suka jauh oleh murid murid yang dalam tanda kutip nakal beda murid murid yang baik ini kalau di sekolah punya mungkin hidup lebih besar begini sampeyan keluh masalah kondisi negara wajar nama juga rakyat tapi orang suka lupa saya juga rakyat sama seperti semua orang yang ada di sini kita semua rakyat orang teriak teriak ke kita yang kuasa ini bukan krisis kuasa mas ini krisis identitas instrumental,https://images.genius.com/d16ab978dc13fbebf1708f5866ca8b24.1000x1000x1.png,https://genius.com/Hindia-wawancara-liar-pt-iii-lyrics
Hindia,WAWANCARA LIAR Pt. IV,skit iyas lawrence kristo immanuel turut survei negara kita tempat peringkat pertama bagai negara dengan warga banyak yang tidak percaya krisis iklim fakta krisis iklim sedang jadi cara cepat dan tingkat frekuensi cuaca ekstrim apa yang bisa kita laku sori ini maksud kapan sekarang sekarang sekarang telat mas lalu lalu maksud apa ya ya lambat telat saya rasa anda undang ke sini karena anda adalah orang narasumber yang cukup pandai bicara dengan saya tidak hanya untuk kata telat oke maksud apa saya enggak ngerti oke maaf nih saya ketawa ya apa yang lucu di tanya enggak enggak b gin mas mau saya bilang apa mas mau bilang kalau o ya nanti kita masih bisa rasa matahari pagi dari timur masih bisa lihat gunung salak dari menara anak anak kita masih bisa b rmain di pantai di laut yang ideal seperti itu ya memang jujur mas mau saya jujur nih ya jujur apa yang bisa kita laku sekarang adalah harap di luar sana ada planet seperti planet avatar pandora apa pun itu yang udara bisa kita hirup lalu kita pindah ke sana anda kira ini canda obrol ini masa kecil mereka mas anak anak yang saya bilang tadi itu kita yang ngerebut kita yang ngerebut harus anda undang saya tahun yang lalu mungkin mungkin ada solusi kalau anda anggap ini adalah buah lelucon saya bisa bilang bahwa saya punya mesin untuk mundur ke belakang dan bicara dengan anda tahun yang lalu sayang tidak sayang tanya saya adalah saat ini apa yang bisa kita laku ini hanya akan mutar mutar aja mas gin saya datang ke sini bukan untuk nasihat udah ambil juga peran itu oleh usaha usaha besar dengan dengan csr mereka yang sok sok erti soal iklim padahal mereka juga yang luka ya kan saya juga datang ke sini bukan untuk tenang sudah ambil peran itu oleh para ulama para pendeta dan orang orang di atas sana lah saya datang ke sini untuk jelas mati yang akan datang anak anak dengar ini kita ini bunuh diri pelan pelan hei bung cukup mungkin bunuh diri lama yang pernah jadi ini ini acara ini dengar oleh banyak orang ya tai lah memang kenapa hei ya sudah memang itu bahasa bung memang itu yang jadi bagus anak anak dengar bagus biar mereka tahu orang tua mereka lahir mereka percuma mereka enggak akan tumbuh tua juga puluh tahun lagi tahun lagi anda harap mereka bisa hidup di bumi yang rusak ini untuk tahun ke depan mungkin naif sekali gin ya enggak usah anak anak tadi deh kita hmmm saat kita anak anak kita sudah besar dengan cara tabur gula di atas puyer sudah biasa kita digituin yang pahit man manisin bagus anak anak dengar saya rasa kita sudah cukup pintar untuk tahu ini semua masalah ini lama ada kita tahu saya tahu anda tahu semua kru di sini yang dengar tahu dan kalau memang sudah tidak ada cara lagi saya terima masalah itu bagaimana cara saya bisa hidup dengan masalah itu masalah ini udah ada dari dulu sudah ada tapi anda dan saya selalu hidup kan jalan saja kan ya sudah jalan apa yang lama ini jalan nikmat karena sedih memang nikmat itu ya tidak abadi manusia memang dari dulu lebih percaya sama sesuatu yang tidak lihat kan yang beri tenang harap bahagia walaupun itu palsu mungkin ya sudah kita biasa dengan itu dekat anda paling tahu ini semua anda rasa paling pintar di ruang ini mungkin dengan data data yang anda bawa berapa lama waktu kita mas pikir saya datang ke sini tuju untuk datang ke sini karena mau edukasi saya cuma butuh uang mas saya cuma butuh fee dari acara ini saya cuma mau nyambung hidup berapa lama waktu kita tanggal mas bisa pesta berapa lama waktu kita tanggal desember mas dan teman teman bisa pesta raya tahun baru sama keluarga saudara wah happy happy lalu dua hari kemudian kita harus bersih rumah sambil sesuai diri dengan bau kali di dalam turut mas berapa lama bumi ini mungkin tahun tapi wawancara ini sekarang tolong siapin driver saya,https://images.genius.com/d16ab978dc13fbebf1708f5866ca8b24.1000x1000x1.png,https://genius.com/Hindia-wawancara-liar-pt-iv-lyrics
.Feast,Senin Toko Tutup,api bintang jatuh dari langit bersenggama dengan marah manusia lahir malapetaka di tanah gadjah mada sumpah palapa jalar ke tenggara bersenggama dengan ingin manusia mang pun takut dengan warga lalu siasat suara bendera terbang tinggi raya dengan lomba tahan hidup abdi lara insani semua yang sensor selalu kurang cukup merdeka sampai mati tak percaya hanya segitu yang korup bendera tengah tiang tertawa sekarang api bintang jatuh dari langit bersenggama dengan lalai manusia lahir malapetaka di tanah dewa dewi jamah manusia jalar ke tenggara bersenggama dengan lalai manusia mang pun takut dengan gambar lalu siasat angka bendera terbang tinggi raya dengan lomba tahan hidup abdi lara insani semua yang sensor selalu kurang cukup merdeka sampai mati tak percaya hanya segitu yang korup bendera tengah tiang tertawa sekarang instrumental makan sekarang lihat sekarang senin lampu redup beli sekarang senin barang letup bicara sekarang senin istana tutup outro bendera terbang tinggi raya dengan lomba tahan hidup abdi lara insani semua yang sensor selalu kurang cukup merdeka sampai mati tak percaya hanya segitu yang korup bendera tengah tiang tertawa sekarang,https://images.genius.com/78116839f883605780910af9c9b6cc2c.1000x1000x1.png,https://genius.com/Feast-senin-toko-tutup-lyrics
.Feast,Camkan [Abdi Lara Insani Version],cam abdi lara insani version cam abdi lara insani version bakar asap yang bumbung tinggi arah ke kiblat sendiri tinta rangkai ayat pribadi catat standar dosa duniawi pre pisah fantasi dari diri ritual urus ritual urus cam karma dan bunuh ranah di luar jangkau untuk hakim lihat kembali mata hati buka kembali pintu surga untuk pre pisah fantasi dari diri ritual ritual urus ritual ritual urus ritual ritual urus ritual ritual urus cam instrumental ritual ritual urus urus ritual ritual urus urus ritual ritual urus urus ritual ritual urus urus outro cam cam cam cam cam cam cam cam cam,https://images.genius.com/78116839f883605780910af9c9b6cc2c.1000x1000x1.png,https://genius.com/Feast-camkan-abdi-lara-insani-version-lyrics
Pee Wee Gaskins,Vaya Con Dios,dochi i know someday i m gon na smile from ear to ear when i listen to this on my stereo dochi it remind me of the time it wasn t the best year of my life but it s one of the weekend one of the weekend i spend with you pre dochi i don t wan na look back and frown and i wan na look forward and smile it will start again just when it end sansan you need to get out of my thought and get into my arm where you belong you take a big piece of my heart i want you to know that i will follow you to get into my arm where you belong to get into my arm where you belong dochi i feel fin know all this time i m in your mind but most of the time i know that thing win t g t any easy pre dochi everytime i think of you i wan na take you to my place and do what i want and to be who i be at the same time and i ll be easy on you it will start again just when it end sansan you need to get out of my thought and get into my arm where you belong you take a big piece of my heart i want you to know that i will follow you to get into my arm where you belong to get into my arm where you belong to get into my arm where you belong i hope that you be happy where you be in a place where you feel most belong sansan you need to get out of my thought and get into my arm where you belong you take a big piece of my heart i want you to know that i will follow you to get into my arm where you belong outro hindia dochi sansan this will go by a you will carry on resistance be useless this world i know i know it all from you you be everywhere you be everywhere you be everything to me you be everything to me i ll try to get by i ll try to get by cause i know you ll go on cause i know you ll go on,https://images.genius.com/3c197512f66cc6721e0786eee3e5114c.500x500x1.webp,https://genius.com/Pee-wee-gaskins-and-hindia-vaya-con-dios-lyrics
.Feast,Lagu Kritik Lagi,jika bisa unduh mobil pasti laku jika mungkin pindah paspor pasti kerja segera seragam tertib daulat semua yang kau bicara tidak lebih dari slogan pre tak ada yang butuh figur orang tua seperti jika ada sempat tak lagi mereka pilih kau tahu maka kau panjang kuasa kau tahu maka kau buat mustahil tuk kritik aaaaaaaaaa aku habis kata aaaaaaaaaaa semua tahu ada tak akan ubah tiap hari bodoh dan tamak makin parah kali ini kalimat tak rangka indah satu aku sudah jengah pre belum kau dan kroni aman kami belum ku anggap sok jadi pahlawan lagi mereka yang kau bikin lupa siapa musuh benar satu tak ada guna aaaaaaaaaa aku habis kata aaaaaaaaaaa belum kau dan kroni aman kami belum ku anggap sok jadi pahlawan lagi belum ku hujat satu negara lagi belum ku anggap tidak tapak rumput lagi belum kau pura pura dengar kami belum kau guna lagu tuk konten lagi tak ingin kata sudah bilang lagi tak ada guna satu instrumental aaaaaaaaaa aku habis kata aaaaaaaaaaa aaaaaaaaaa aku habis kata aaaaaaaaaaa,https://images.genius.com/c721afd72a3b814c39751abdfb236252.1000x1000x1.png,https://genius.com/Feast-lagu-kritik-lagi-lyrics
Aldrian Risjad,Milk Candy,mama tell me a little story the dawn you waste in dusty space you crack a wound can t be stitch be just a kid couldn t change what s lay pre stand here out your door i hope you notice here s my fist start to bleed i hope you know this my mind keep play tv ad in my head about love in a taste of give it a taste believe me sweetness between your lip don t hesitate believe me there s love in the taste of mama i feel like a stranger each step you take away from home go too far with a suitcase be you ever gon na comeback here give it a taste believe me sweetness between your lip don t hesitate believe me there s love in the taste of there s love in the taste of post my mind keep play tv ad in my head my mind keep play tv ad in my head give it a taste believe me sweetness between your lip don t hesitate believe me there s love in the taste of there s love in the taste of post my mind keep play tv ad in my head your lip be bittersweet my mind keep play tv ad in my head there s love in the taste of my mind keep play tv ad in my head my mind keep play tv ad in my head,https://images.genius.com/b86862f7445e1c3463995250037c79f3.1000x1000x1.jpg,https://genius.com/Aldrian-risjad-milk-candy-lyrics
tradeto,Tentang Masa Depan/Satu Dua Langkah,hindia ku paksa tuk buka mata tel semua yang tak pinta hal yang telah kau impi impi terkadang hanya batas kisah biar ku pilih jalan yang harap yang tahap patah hati yang penuh mimpi lepas semua angan angan yang perlahan siksa diri hapus semua yang tulis walau mimpi tetap milik sendiri hindia tulis di ruang tengah buang pandang ke arah jendela beranda andai terlalu banyak buai terbang terlalu lunak hindia jarang jatuh jarang sungkur ibu bilang ingat kau syukur sekal kembali ke bumi hati hati bakar matahari hindia ku paksa tuk buka mata tel s mua yang tak pinta hal hal yang telah kau impi impi terkadang hanya batas kisah usap hati d ngan air mata indah semesta arang cerita tentang masa depan atau satu dua langkah spoken word kunto aji kepada yang harap kepada yang mimpi jalan akan terjal tembok akan lebih kuat dan makin tinggi tapi kita lebih dari ini hindia hati ini tak kuat besi tangis yang hadir dan obat ucap syukur kubur diri mimpi hanya milik sendiri ku duka hati ini tak kuat besi lepas yang abadi tangis yang hadir dan obat ku serah ucap syukur kubur diri mohon dan minta mimpi hanya milik sendiri ku tahan hati ini tak kuat besi tertawa dan tari tangis yang hadir dan obat ku doa ucap syukur kubur diri tanpa besar harap mimpi hanya milik sendiri ku diri hati ini tak kuat besi langit jadi saksi tangis yang hadir dan obat ku bunga ucap syukur kubur diri lahir dan mere hati ini tak kuat besi outro kunto aji dan untuk doa yang selalu iring,https://images.genius.com/346c92245d76d572f7af5568cba31071.1000x1000x1.png,https://genius.com/Tradeto-tentang-masa-depan-satu-dua-langkah-lyrics
Lomba Sihir,Omamama,omamamama natasha udu waktu kecil ku tak mahir jalan seringkali ku harus jatuh tumbuh besar ku banyak tanya mengapa dunia begini begitu pre rayhan noor dia tuntun kaki perlahan sampai dapat balap dunia natasha udu o mama mama o mama mama kau cinta pertama o mama mama o mama mama selalu lama natasha udu masa muda yang ku baru tahu hobi dan teman juga tongkrong tumbuh besar kau korban waktu agar manfaat aku seperti pre hindia dia tuntun kaki perlahan sampai dapat balap dunia natasha udu o mama mama o mama mama kau cinta pertama o mama mama o mama mama selalu lama o mama mama o mama mama kau cinta pertama o mama mama mama mama ma o mama mama selalu lama instrumental natasha udu o mama mama o mama mama o mama mama oh oh oh oh oh oh o mama mama o mama mama selalu lama outro mama kau cinta pertama mama tak ada dua mama hingga ke ujung dunia mama selalu lama,https://images.genius.com/770c94ddffdf3f474448c19c60b9c99b.1000x1000x1.png,https://genius.com/Lomba-sihir-omamama-lyrics
Rayhan Noor,Easy,start at the roof of my bedroom how do it end up like this year go by still stick in the gloom i wan na get away pre where do it all go wrong i wan na give it a try again where do i mess it up oh tell me now i must admit that i try too hard i must admit that i want it too bad take it on your heart take it on your heart i wouldn t mind if i try give all that i ve get but i don t sleep past the midnight not anymore not anymore pre where do it all go wrong i wan na give it a try again where do i mess it up oh tell me now i must admit that i try too hard i must admit that i want it too bad take it on your heart take it on your heart instrumental i must admit that i try too hard i must admit that i want it too bad take it on your heart take it on your heart i must admit that i try too hard i must admit that i want it too bad take it on your heart take it on your heart,https://images.genius.com/dec94379a90ad2aaab5857571a6ffecb.624x622x1.png,https://genius.com/Rayhan-noor-easy-lyrics
Petra Sihombing,Selimut,selimut hidup manusia yang dekat dan yang tahu di dunia maya jangan takut beri nina bobo oh nina bobo oh kau baru beli mobil baru aku tahu kau lapar sekali aku tahu di jam makan siang lebih banyak foto dua dengan pacar yang sekarang kau lebih bahagia ku tahu ku kenal dari dulu kau turun kilogram tak muncul tiga hari di instagram ku kira kau jadi bunuh diri selimut hidup manusia yang dekat dan yang tahu di dunia maya jangan takut beri nina bobo oh nina bobo oh,https://images.genius.com/f959cd3ffa0474754b52e0ac2dd47f7a.1000x1000x1.jpg,https://genius.com/Petra-sihombing-selimut-lyrics
Hindia,Hari yang Baik untuk Berbohong,anjak dari kasur buru buru mandi buka lemari baju mana saja hari ini gegas anjak pergi jangan lambat lagi ini bukan di pagi hari sudah pukul siang rayhan noor entah mengapa malam tadi surup atau alkohol pikir atau hal tolol air mata lancar jalan tol tapi ada dua rapat sore ini tonton tunggu dari pagi aja makan malam sudah janji tak mau rusak momen lagi hari yang baik untuk tertawa hari yang baik tuk bahagia hari yang baik tuk cari uang rambut terlalu panjang beranta tutup mata yang kata terlalu lelah kita mahir mahir tutup celah boleh tato lihat jangan buat tanda salib di kerumun iklan iklan yang paksa kata ku kurang senyum harus lebih fun spoken word anjing ganteng lo re fuck hari yang baik untuk tertawa hari yang baik tuk bahagia hari yang baik tuk cari uang outro hari yang baik untuk tertawa hari yang baik tuk bahagia hari yang baik tuk cari uang,https://images.genius.com/49c46a61416bbbae94ea4e4bbd784d1c.600x600x1.jpg,https://genius.com/Hindia-and-rayhan-noor-hari-yang-baik-untuk-berbohong-lyrics
.Feast,Our Game,tubruk semua yang halang awas bentur bidik semua yang halau di tengah jalur kuhujam semua menara siap hancur kapak di ujung jari s lalu siap tempur dalam tajam mata raut dalam ratus jam gemuruh nama kita nyaring dan siar pendar mati layar jika kau belum siap selam terjun ke dalam jalur kuasa kita bantai jadi menang look at my score look at my skills you can try to control me but it s my game look at my team look up my name they ll be talking about us cause of tubruk semua yang halang awas bentur bidik semua yang halau di tengah jalur kuhujam semua menara b rsiaplah hancur kapak di ujung jari s lalu siap tempur dalam tajam mata raut dalam ratus jam g muruh nama kita nyaring dan siar pendar mati layar jika kau belum siap selam terjun ke dalam jalur kuasa kita bantai jadi menang look at my score look at my skills you can try to control me but it s my game look at my team look up my name they will talk of my legend cause of my game look at my score look at my skills you can try to control me but it s my game look at my team look up my name they ll be talking about us cause of interlude look at my score look at my skills you can try to control me but it s my game look at my team look up my name they will talk of my legend cause of my game look at my score look at my skills you can try to control me but it s my game look at my team look up my name they ll be talking about us cause of,https://filepicker-images.genius.com/xqqc5h80i89,https://genius.com/Feast-our-game-lyrics
.Feast,Kedap Suara,intro hei tak dengar yang buruk kau hei tak dengar yang buruk kau hei tak dengar yang buruk kau iga massardi baskara putra laze mudah kau percaya hal hal yang cela mudah kau gaung hal hal yang hina susah kau nyaring goda tempur di dalam hati sampai hari ganti sampai ujung jalan nanti umur hidup sampai kau mati umur hidup sampai kau mati pre yang kau dengar yang kau siar kau yang tuan kau kendali yang kau bagi yang kau sebar kamu yang puan kamu kendali post rayhan noor kau gagal ulang lagi memang tak mudah memang tak mudah jadi diri suar tuk hal hal indah hanya yang indah hei tak dengar yang buruk kau zakar danubrara natasha udu kamga jaga alur alir jaga alur alir jaga murni frekuensi jaga murni frekuensi jaga pendar bias suar jaga pendar bias suar tempur di dalam hati tempur di dalam hati umur hidup sampai kau mati umur hidup sampai kau mati kamga laze dan kau tahu ini hal yang berat saat isi dunia lomba siar langsung dari antara belum tentu benar bagi ke saudara ku tak ingin dengar rumor di udara walau anggap tinggal bagai koper di bandara dan kau tahu ini hal yang berat oh lewat topik ringan yang jadi beban obrol seling yang harus kau emban tetap tahan lalu kau bisa mulai ubah sikap dengan perlahan pre laze iga yang kau dengar yang kau siar yang kau siar kau yang tuan kau kendali yang kau bagi yang kau sebar yang kau sebar kamu yang puan kamu kendali yang kau dengar yang kau siar yang kau dengar kau yang tuan kau kendali kau kendali yang kau bagi yang kau sebar kamu yang puan kamu kendali outro hei tak dengar yang buruk kau,https://images.genius.com/6123a02016f711bb66c4e3c0c7bee4ed.750x751x1.jpg,https://genius.com/Feast-kedap-suara-lyrics
Glaskaca,Putih,sirat bising sunyi liku tuang dan hilang merana pre bentang nanti pandang asa terpana hari yang cerah nanti pandang asa pernah kau diam dan jebak tatih dan jelma indah nanti pandang asa terpana hari yang cerah nanti pandang asa besit luka yang lupa instrumental ah ah ah ah ah ah ah ah ah ah ah ah ah ah ah ah nanti pandang asa terpana hari yang cerah nanti pandang asa besit luka yang lupa nanti pandang asa terpana hari yang cerah nanti pandang asa,https://images.genius.com/1489bd4d9e931fcfb018a5644c6e9e32.1000x1000x1.png,https://genius.com/Glaskaca-putih-lyrics
.Feast,Jangan Ikut Campur,jangan kau diri rasa pintar hanya di kepala kau yang benar diam dan lihat duduk saja di latar jangan kau halang aku laju perkara ini lebih besar dari tak pantas kau bicara saat tak tahu duduk diam saja saat kau tak tahu pre jika dendam harus bayar tuntas lunas dengan tunai lihat balas urus urus andai harus kotor ku siap lumpur urus ribu cara celaka semua bayang dalam kalbu mata ganti mata aku siap buta makan semua sudut tubuh benci ini tumbuh liku urus urus urus urus urus andai harus kotor aku siap lumpur urus outro urus urus andai harus kotor ku siap lumpur urus,https://images.genius.com/c721afd72a3b814c39751abdfb236252.1000x1000x1.png,https://genius.com/Feast-jangan-ikut-campur-lyrics
Mantra Vutura,2020,amin amin amin amin,https://images.genius.com/20c7c8197465764f5209b3bd021eceea.1000x1000x1.png,https://genius.com/Mantra-vutura-2020-lyrics
BAALE,Yang Kutakuti,ku tak pernah nyaman saat kau umpat di jalan sembari buka kaca depan kau acung jari tengah lagi belum juga bisa t rima kurang kar na hanya satu yang kau ajar tuk jadi sempurna tak celah sama sekali woah oh pre ku tak pernah tahu siapa kamu belum aku belum hadir dalam dunia hadir dalam dunia masih diam aku bingung cara tuk ungkap pendam hanya mampu tuk dengar kuat ku lari pijak tak jauh pergi meski lelah coba oh nyata ku tak jauh beda ada aku dalam diri mungkin kamu dalam diri makin aku hindar makin ku jadi ku tak pernah nyaman saat kau bentak di dalam kamar tak sengaja dengar buka pintu depan ku tak anggap ini rumah lagi pre masih belum bisa terima fakta kalau semua ini sudah beda tak lagi kenal tak lagi buat nyaman kuat ku lari pijak tak jauh pergi meski lelah coba oh nyata ku tak jauh beda ada aku dalam diri mungkin kamu dalam diri makin aku hindar makin ku jadi post oh jadi jadi ada aku dalam diri tak ingin s perti diri makin aku hindar makin ku jadi,https://images.genius.com/6c68a34cc6944e339c18d2ee0ff1de59.1000x1000x1.png,https://genius.com/Baale-yang-kutakuti-lyrics
Nartok,Riphunter (Remix),riphunter remix hook baskara putra we gonna win this we gonna win this we gonna win this we gonna win this m reka bilang tumbang sebab omong sering gugat korelasi komentar saat kami collab nasib dan menang kapan saja boleh panggil ruang gelap masih punya korek api terobos coret tulis tak boleh parkir kalian tenang karena sudah punya alternatif persetan aku tetap lewat samping ya diam jelas bukan opsi tolak untuk jadi fosil kan acuh puluh kali pingsan iblis mana tak angkat topi kau pintar berangkat tanpa doping bara api kan aku copycat anda resiko memang mati njinglah pasang roda bawah coffin kau cam memang mungkin beranta dan bimbang saat jumpa empat tapi tak tunggu datang sempat bangsat kau kan lihat gelak patah tak usah belah badan jika nanti kalian gelar pasal ini asal kau tahu ku tak ada ciut jika kelak lapar walau dapat biru pada atas mata sindikat bajing yang kan brangkat pergi ludah dunia kumpul p mbangkang yang tuduh tak kantong karunia kau atau dia malas maupun yang giat yang tidak atau masih di bawah ketiak punya niat hengkang atau sedang b rikhtiar tolong cari tahu dulu apa yang kalian jilat baskara putra ain t nothing s right with this backward nation when my friend went to rehab for being one in million ain t nothing s right with this rightful nation left behind its heritage in one year smooth motion baskara putra folks tell me to go back in time fix things up one try make it all a rhyme folks tell me to commit greatest crime tweak time what time well i guess i m in my prime tell me to be loud and political so tell em my head s the price for being political so tell em to play my band in my funeral and play my funeral on national television baskara putra tell em to see what s wrong in this backward nation tell em to get ready jump back in time in motion ask them to join me get ready for collision ask them to get together win with me demand devotion tell em to see what s wrong in this backward nation tell em to get ready jump back in time in motion ask them to join me get ready for collision ask them to get together win with me demand devotion hook baskara putra we gonna win this we gonna win this we gonna win this we gonna win this we gonna win this we gonna win this we gonna win this we gonna win this,https://images.genius.com/d3fa47a29ddb08dc66ddd09122313c15.1000x1000x1.png,https://genius.com/Nartok-riphunter-remix-lyrics
Lomba Sihir,Intro: Menanti Pagi,spoken word marissa anita satu hal lagi satu ingin lagi satu doa lagi sedikit lagi sedikit lagi sedikit lagi dari semua yang gagal dan capai kamu masih rasa sama saja waktu habis hidup di antara satu hal lagi satu ingin lagi satu doa lagi sedikit lagi sedikit lagi sedikit lagi suatu hari kamu tegun sadar muda hanya banyak sembunyi sembari nanti pagi,https://images.genius.com/770c94ddffdf3f474448c19c60b9c99b.1000x1000x1.png,https://genius.com/Lomba-sihir-intro-menanti-pagi-lyrics
Bilal Indrajaya,Alunan Temu,ft isyana sarasvati hindia isyana sarasvati tiada siapa tuk bincang sendiri asa jarak bentang kini temu alas pulang saat bait tulis nyata jadi peluk hindia senyum di layar yang tatap kini kan sapa dalam hitung hari langkah kaki yang sempat henti dengan doa aku lari di jalan wajah kian bayang titi kenang dan rindu yang pendam isi ruang rindu temu alun detak jantung urai semua derai air mata jatuh lembut di jemari isyana sarasvati isyana sarasvati malam yang tunduk di hening hapus salah dan maaf kita rela semua yang fana suci teduh hati pre hindia isi ruang rindu temu alun detak jantung isi ruang rindu pert mu alun detak jantung usai semua sisa air mata curah s mua cinta outro na na na na na na na na na na kan bawa diri na na na na na na na na na na jatuh lembut di jemari,https://images.genius.com/b075dc276b2ffe771ed18f44d3e8f6e9.1000x1000x1.png,https://genius.com/Bilal-indrajaya-alunan-temu-lyrics
Hindia,K.K. Evaluasi,,https://images.genius.com/9aa6427681cb1b13766701e3633b850a.750x750x1.jpg,https://genius.com/Hindia-kk-evaluasi-lyrics
Lomba Sihir,Interlude: Habis-habisan,spoken word bambang pamungkas oke tidak masalah sekarang duduk dan istirahat dengar saya tahu ini tidak mudah tinggal dua gol dalam tanding besar ini tidak pernah mudah tapi ingat masih ada babak dua jadi masih ada waktu untuk juang kita latih keras tiap hari untuk bisa sampai di titik di mana kita diri saat ini apakah kemudian kita akan lepas begitu saja tentu tidak sepak bola tidak hanya sekadar menang dan kalah sepak bola adalah tentang kerja keras saling kuat dan juang sampai titik darah habis saat ini kita punya dua pilih serah atau bangkit lawan saya pilih yang dua dan saya yakin kalian pun sama lupa semua yang jadi di babak pertama sudah tidak ada guna lagi di saat saat krusial seperti ini mental lah yang bicara tunjuk kepada mer ka jika kalian adalah para tarung ini adalah hidup kita dan kita tidak akan biar siapa pun rampas dari tangan kita k luar dari ruang ini kita akan satu dan juang sama sama sampai menit akhir bila perlu sampai babak tambah waktu atau bahkan adu penalti jadi ingat kita tidak akan mundur barang jengkal ayo main,https://images.genius.com/770c94ddffdf3f474448c19c60b9c99b.1000x1000x1.png,https://genius.com/Lomba-sihir-interlude-habis-habisan-lyrics
Koil (Band),Tarian Penghancur Raya,mata dan peluh yang asin perlahan hapus angin jogja yang beku dingin tari hancur alam raya yang kecewa buat malapetaka kamar jeruji hun safar bagai fauna flora rasuk freon di ruko toko bunga bank ahli industri teknologi etnografi produksi guru huni asli pre bicara cepat bilang haram arif lokal yang bungkam tuli pada yang ajar alam mati sesak nafas tengah malam la la la la la la la la la la la la la la la la la la la la la la la la la la la la la la la la trotoar lebar bahan hijau tesla kalah cepat salip kuda asia tewas di lampu merah garis zebra siang malam pun gelap gulita pre uap lontar kepung kota lomba cipta limbah plastik kita saat senja habis kata efek rumah kaca tiba tiba suddenly di mana mana kerja bakti susun neraka kita milik bahan bakar perihal waktu tunggu datang o2 jual oleh negara oh terima kasih kan usaha sedot besi plastik cycle tiga pun pohon tak kuasa lawan bijak yang tamasya burung siul malapetaka gurun tatap dingin manusia laut dan gunung kecewa kudeta besar alam semesta siar kabar tel surya leleh mati kutub utara amal kobar la la la la la la la la kobar la la la la la la la la kobar instrumental,https://images.genius.com/93562897724844bdc358f7bf8b2cbd11.264x264x1.jpg,https://genius.com/Koil-band-tarian-penghancur-raya-lyrics
Lomba Sihir,Interlude: Sementara,spoken word marissa anita satu hal lagi satu ingin lagi satu doa lagi sedikit lagi sedikit lagi sedikit lagi suatu hari kau sadar semua itu hanya sementara ribu memori yang kumpul lama ini adalah yang buat terus hidup buruk apa pun kamu ajar api itu panas ceria sepeda datang paket dengan luka luka di kaki momen baik jalan iring dengan tragedi serta trauma baru kamu terima semua dengan lapang tetap juang untuk orang orang sayang siklus ini akan terus gulir untuk dan ribu orang lain kamu dengar cerita mereka ters nyum bahagia atau mungkin senyum getir satu hal lagi satu k ingin lagi satu doa lagi sedikit lagi sedikit lagi sedikit lagi lama,https://images.genius.com/770c94ddffdf3f474448c19c60b9c99b.1000x1000x1.png,https://genius.com/Lomba-sihir-interlude-sementara-lyrics
Agatha Pricilla,Mata Air,habis gaji untuk diri sendiri beli satu tiket film kini mes yang cukup hanya untuk satu porsi nyanyi kunto aji di tengah muda mud pre semua jatuh bangun hal yang biasa angan dan tanya waktu yang jawab ikan tenggat waktu sedih cukup raya asa bagai manusia jika kau pernah sakit angkat tangan jika kau pernah sakit angkat tangan jika kau pernah bahagia angkat tangan jika kau pernah kecewa angkat tangan hidup bukan untuk saling dahulu bayang yang cipta oleh mentari ada karena matahari maksud puji untuk cinta diri sendiri hari ini jika kau pernah sakit angkat tangan mata air ada di sini jika kau pernah sakit angkat tangan mata air diri sendiri jika kau pernah bahagia angkat tangan temu makna hidup sendiri jika kau pernah kecewa angkat tangan tar dengan bayang diri sendiri outro mata air ada di sini mata air diri sendiri,https://images.genius.com/b8c696a4706d2672a55c33608fa3b577.1000x1000x1.png,https://genius.com/Agatha-pricilla-mata-air-lyrics
Lomba Sihir,Mungkin Takut Rebahan,intro natasha udu na na na na na na na na na na na na na na na na na na na na na na na na na na hindia udu banyak alas ku tetap di sini kamu tak pernah suka dengan orang di dalam tumbuh kembang lahir di sini kau banyak alas pre hindia udu moga semua raih moga tak patah hati hindia udu mungkin sudah yang baik mungkin karena kakak adik mungkin terlalu nyaman mungkin takut ubah jika suatu saat nanti aku kan mati di sini belantara kejam ini t lah tuntas curi hati rayhan noor hindia udu siapa yang kau lindung selain diri siapa yang kan peduli jika kau pergi betul namun tetap tak mudah kau bukan orang serah semua pun lelah dan jengah kali ini serah hindia udu mungkin sudah yang baik mungkin karena kakak adik mungkin terlalu nyaman mungkin takut ubah jika suatu saat nanti aku kan mati di sini belantara kejam ini t lah tuntas curi hati hindia udu sedikit senyum palsu abai angin lalu abai angin lalu walau panas dan debu hanya ada kamu panjang hidup hindia udu mungkin sudah yang t rbaik mungkin karena kakak adik mungkin terlalu nyaman mungkin takut ubah jika suatu saat nanti aku kan mati di sini b lantara kejam ini t lah tuntas curi hati outro hindia udu na na na na na na na na na na na na na na na na na na na na na na na na na na,https://images.genius.com/1283e13200604ca85592640c2fe10f08.1000x1000x1.png,https://genius.com/Lomba-sihir-mungkin-takut-rebahan-lyrics
Armand Maulana,Sampai Akhir Zaman,jauh sekali hari ini sejak kita bicara tentang nikah di dalam mobil jauh sekali hari ini sejak kita pinjam cahaya di tengah akad yang mati lampu pre waktu jalan kita diri berangan dengan putri di bandar angkasa pisah sementara bukan hanya la yang ajar dewasa kita dua pun juga ajar paham ubah di luar gemerlap lampu sorot jalan gelap gang tangan kita dua kita lewat juta coba dulu di tabloid skarang sulit temu satu hal yang turut pantas bangga yeah kita hadap hari yang tak pasti jika kau tak lagi suka suatu hal jika ku tak lagi bisa ambil nada tinggi ajar paham ubah di luar gemerlap lampu sorot jalan gelap gang tangan kita dua kita dua sampai tua lamban kita dua sampai semesta bosan kita dua sampai surya redup kita dua sampai umur tutup masih banyak hal hal yang ku tak tahu masih banyak hal hal yang ku sok tahu masih banyak hari yang takut lewat asal engkau di sini ajar paham ubah di luar gemerlap lampu sorot jalan gelap gang tangan kita dua,https://images.genius.com/69c718a18999f22fd62c316faad112a5.1000x1000x1.webp,https://genius.com/Armand-maulana-sampai-akhir-zaman-lyrics
Cosmicburp,Fastest Man Alive (Remix),fastest man alive remix hook baskara putra die die motherfucker die die die motherfucker die die die motherfucker die die die motherfucker die die die motherfucker die die die motherfucker die die die motherfucker die die die motherfucker die blue lights move fast tie those shoes tight get your camera rolling get it zoomed right ain t no one praying for you no gesundheit infecting the youth s mind just like the flu type things go over your head when it s roof like the kings get dethroned when he s tidak guna pink hooded i come for a new nuance like a comfortable truant so ignorant it s gruesome in a pig eat pig world need the bigger picture dead guy be headlining sleazy trigger finger head high now you re in the headlight red dot on the frontal lobe soul be eroded fore the truth be told sold be the building no walls to vandalize no witness testifying they come with stapled eyes couldn t run forever no place left to hide but one can fantasize to be the fastest man alive hook baskara putra die die motherfucker die die die motherfucker die die die motherfucker die die die motherfucker die die die motherfucker die die die motherfucker die die die motherfucker die die die motherfucker die baskara putra never ask my age babe vip access don t i ask my lover well i digress don t tell my god if you can t guess gonna sell some guns to some odd tooth fairy engagement rings for feminists who just wouldn t marry give a laugh for pandji who s just not funny i ll write down any les necessary pre baskara putra just to reach my my words outrun forest let s make one big unrest hook kanina die die motherfucker die huh aknostra one spliff a day so i can keep the evil away move bitch get the fuck outta my way as a man on my word i will stand and i m so picky i don t shake too many hands keep bitching out i like the way you look fool keep moving even though my belly is already full errrstep i take is a win because i own the rules make breads with halal dough then paid my mama s dues fuck em they will never catch me and y all never reach me because i can see what y all can t see still dripping sauce only with the 70s when everybody with j1 but looks ain t comfy on their feet i m the type to talk to the skies that s why i don t run yeah i rather fly i ve been chilling all the time why you still left behind aye you know what y all better die motherfucker,https://images.genius.com/d3fa47a29ddb08dc66ddd09122313c15.1000x1000x1.png,https://genius.com/Cosmicburp-fastest-man-alive-remix-lyrics
Hindia,Araksab Nagnajew,unreversed bas uhh sekarang tanggal november besok album lo album kita rilis gue gatau asa lo ntar situ gimana cuman di momen ini gue masih tidak nyangka akhir album ini bisa selesai tapi gue kita bisa ada di sini dan hasil ngelewatin semua banyak hal baik yang jadi gue syukur sama itu semua dan juga banyak hal berat tidak enak yang jadi juga sama sebenernya gue ceritain ini lu udah pasti tau siapa yang jadi karena lu udah ngelewatin semua nanti kan gue gue tidak bayang aja ntar kayak gimana nanti buat lo buat kita kayak sih hari makin berat sekarang rasa udah berat banget kadang kadang ya kayak apa aja yang apa aja yang gue lakuin itu tidak cukup buat siapa buat orang orang luar sana apa aja yang apa aja yang gue omongin tuh bisa jadi salah bisa dibelokin sama orang bisa dijadiin salah sama orang gue gatau kayak apa dampak yang kita kerjain sekarang ini buat lo nanti besok besok moga kayak banyak banyak hal yang lebih baik lagi yang bawa buat apa yang gw kerjain moga nanti sana banyak banyak manfaat lebih baik yang buat lo gitu daripada apa apa yang bikin lo nyesel nanti sama apa yang gue kerjain sekarang gue yakin gue juga ngerasain ini sih kayak ya kita sama sama tau kita sering banget ken kayak muter balikin waktu muter balikin semua gitu kadang kadang bahkan di titik ini kayak udah udah di proses gue ngerjain ini ada ada aja gitu apa sih yang kayak pikirin bisa tidak ya balik lagi bisa tidak ya apa cuman pada akhir pas gue pikir pikir apa yang yang semua udah gue lewatin ya yang ngebikin gue jadi kayak sekarang lu jadi kayak apa ya lu besok jadi kayak walaupun mungkin kayak rasa lu ken muter balikin semua gitu muter balikin waktu nanti mungkin saat lu denger ini please kamu jangan serah maju terus jangan ada yang lu nyesel lu hajar terus aja kalo lu tidak bisa juang buat orang lain atleast lu juang buat gue yang udah sampe sini dan lu juang lagi buat kita yang ada lagi besok lagi lebih jauh lagi lebih tua dari kita yang sekarang dari gue dari elu nanti saat lu denger ini please banget jangan nyerah lu jangan pernah ngerasa nyesel ken muter balikin apa lu maju terus ya,https://images.genius.com/64586ff2d9f5e8d260b1c002129e8fb2.1000x1000x1.jpg,https://genius.com/Hindia-araksab-nagnajew-annotated
Reruntuh,Watcher of The Wall (Remix),watcher of the wall remix the night be hold down the sun it s darkest before dawn i set my eye on this wall that separate u all ooh oh oh this time now i know how ooh oh oh we re not the same after all ooh oh oh this time now i know how ooh oh oh we re not the same after all when friday call all gather round and mocking can be find no responds make on sunday yet you here always wail ooh oh oh i recognize this wall ooh oh oh that separate u all ooh oh oh i recognize this wall ooh oh oh that separate u all,https://images.genius.com/d3fa47a29ddb08dc66ddd09122313c15.1000x1000x1.png,https://genius.com/Reruntuh-watcher-of-the-wall-remix-lyrics
Lomba Sihir,Mungkin Takut Perubahan (Acoustic Version),mungkin takut ubah acoustic version mungkin takut ubah intro natasha udu nananana nanana nananana nana nananana nanana hindia udu banyak alas ku tetap di sini kamu tak pernah suka dengan orang di dalam tumbuh kembang lahir di sini kau banyak alas pre hindia udu moga semua raih moga tak patah hati hindia udu mungkin sudah yang baik mungkin karena kakak adik mungkin terlalu nyaman mungkin takut ubah jika suatu saat nanti aku kan mati di sini belantara kejam ini t lah tuntas curi hati rayhan noor hindia udu siapa yang kau lindung selain diri siapa yang kan peduli jika kau pergi betul namun tetap tak mudah kau bukan orang serah semua pun lelah dan jengah kali ini serah hindia udu mungkin sudah yang baik mungkin karena kakak adik mungkin terlalu nyaman mungkin takut ubah jika suatu saat nanti aku kan mati di sini belantara kejam ini t lah tuntas curi hati hindia udu sedikit senyum palsu abai angin lalu abai angin lalu walau panas dan debu hanya ada kamu panjang hidup hindia udu mungkin sudah yang baik mungkin karena kakak adik mungkin terlalu nyaman mungkin takut ubah jika suatu saat nanti aku kan mati di sini belantara kejam ini t lah tuntas curi hati outro hindia udu nananana nanana nananana nanana nananana nanana,https://images.genius.com/1283e13200604ca85592640c2fe10f08.1000x1000x1.png,https://genius.com/Lomba-sihir-mungkin-takut-perubahan-acoustic-version-lyrics
Endah N Rhesa,Jerusalem (Remix),jerusalem remix oh i think it be over with all these break spine we argue we fight talk be cold extra shiver day be all night no sunshine no sight old school taxi and uber we fight why can t our road be a one oh i get dream without fever of a place i could call home a place i share with some leave behind all this sickness and bruise that you inflict upon me that i inflict upon you fender and gibson why do we fight why can not we both rhyme a one tear down this border we share the same mother our foe align dream intertwine blow off your steam cause tomorrow be fine share our promised land this time jerusalem s not just mine share our promised land this time jerusalem s not just mine not just mine and now our promise land s not mine ooh ooh jerusalem s not just mine not just mine we have a dream to devour oh share the land this time share the promise land share the land we have share the land we stand share the land this time jerusalem s not just mine jerusalem s not just mine,https://images.genius.com/d3fa47a29ddb08dc66ddd09122313c15.1000x1000x1.png,https://genius.com/Endah-n-rhesa-jerusalem-remix-lyrics
Mikha Angelo,Evaluasi,yang tak bisa obat biar ering sendiri hias tubuh dan yang evaluasi raga hanya kau sendiri mereka tak mampu pre lewat yang telah kau lewat tiap ganti hari rintang yang kau hadap masalah yang keruh oh asa yang rapuh ini belum paruh biasa saja kamu tak apa yang selalu ingin ambil peran hanya lomba jadi lebih sedih dari diri pre muak samping sama hati luka sempurna masalah yang keruh oh asa yang rapuh ini belum paruh biasa saja kamu tak apa jalan yang jauh kau bangun untuk taruh hari belum selesai biasa saja kamu tak apa outro bilas muka gosok gigi tidur jenak temu esok pagi walau pedih ku sama kali ini ku masih ingin lihat esok hari bilas muka gosok gigi tidur jenak temu esok pagi walau pedih ku sama kali ini ku masih ingin lihat esok hari bilas muka gosok gigi tidur jenak temu esok pagi walau pedih ku sama kali ini ku masih ingin lihat esok hari,https://images.genius.com/a5dce1b99e5bb360a0ae0f18e3bfe868.622x622x1.png,https://genius.com/Mikha-angelo-evaluasi-lyrics
Bwah:spatium,Tel Aviv (Remix),,https://images.genius.com/d3fa47a29ddb08dc66ddd09122313c15.1000x1000x1.png,https://genius.com/Bwah-spatium-tel-aviv-remix-lyrics
Lomba Sihir,Mungkin Takut Perubahan (Instrumental),,https://images.genius.com/1283e13200604ca85592640c2fe10f08.1000x1000x1.png,https://genius.com/Lomba-sihir-mungkin-takut-perubahan-instrumental-lyrics
Ungu,Cinta Dalam Hati,mungkin ini memang jalan takdir kagum tanpa cinta tak mengapa bagi asal kau pun bahagia dalam hidup dalam hidup telah lama ku pendam asa itu tunggu hati sambut diri tak mengapa bagi cinta pun adalah bahagia untuk bahagia untuk ku ingin kau tahu diri di sini nanti diri meski ku tunggu hingga ujung waktu dan harap rasa ini kan abadi untuk lama dan izin aku peluk diri kali ini saja tuk ucap selamat tinggal untuk lama dan biar rasa ini bahagia untuk kejap saja instrumental interlude ku ingin kau tahu diri di sini nanti diri meski ku tunggu hingga ujung waktu dan harap rasa ini kan abadi untuk lama dan izin aku peluk diri kali ini saja tuk ucap selamat tinggal untuk lama dan biar rasa ini bahagia untuk kejap saja outro wo oh ah ah ah ha ah ah ah ah ha ah,https://images.genius.com/c3b18e1628282451e0fc013dae4518c4.600x600x1.jpg,https://genius.com/Ungu-cinta-dalam-hati-lyrics
Ungu,Demi Waktu,aku yang tak pernah bisa lupa diri yang kini hadir di antara kita namun ku juga tak bisa menep bayang yang lama ini teman hidup maaf aku dua cinta berat rasa hati tinggal diri dan yang gulir di samping maaf diri sepenuh hati anda bila ku bisa pilih kalau saja waktu itu ku tak jumpa diri mungkin semua tak seperti ini diri dan diri kini ada di hati bawa aku dalam hancur maaf aku dua cinta berat rasa hati tinggal diri dan yang gulir di samping maaf diri sepenuh hati anda bila ku bisa pilih instrumental interlude maaf aku dua cinta berat rasa hati tinggal diri dan yang gulir di samping maaf diri sepenuh hati maaf aku dua cinta berat rasa hati tinggal diri dan yang gulir di samping maaf diri sepenuh hati outro maaf aku maaf aku,https://images.genius.com/4614d601fd92b888494f10b0a9a7296f.268x268x1.jpg,https://genius.com/Ungu-demi-waktu-lyrics
Ungu,Bila Tiba,saat tiba nafas di hujung hela mata tinggi tak sanggup bicara mulut kunci tanpa suara saat ganti dunia alam yang sangat jauh beda siap kita jawab semua tanya pre bila nafas akhir henti sudah jatung hati tak daya hanya menang tanpa suara oh mati tak bisa untuk kau hindar tak mungkin bisa engkau lari ajal mu pasti hampir oh oh oh mati tinggal tunggu saat nanti mana kita bisa lari kita pasti alami mati ooh ooh oh oh oh oh mati tak bisa untuk kau hindar tak mungkin bisa engkau lari ajal mu pasti hampir oh mati tinggal tunggu saat nanti mana kita bisa lari kita pasti alami mati outro ah ah ah ah ah ah ah ah ah ah ah ah ah ah ah,https://images.genius.com/589da2a81a989374f08a83eda4a00655.1000x1000x1.jpg,https://genius.com/Ungu-bila-tiba-lyrics
Ungu,Tercipta Untukku,tatap indah senyum wajah buat diam dan terpa erti akan hadir cinta indah saat kau peluk mesra tubuh banyak kata yang tak mampu ungkap kepada diri aku ingin engkau selalu hadir dan teman aku di tiap langkah yang menyakiniku kau cipta panjang hidup aku ingin engkau selalu hadir dan teman aku di tiap langkah yang menyakiniku kau pasti waktu akan mampu panggil seluruh raga ku ingin kau tahu ku selalu milik yang cinta panjang hidup,https://images.genius.com/4614d601fd92b888494f10b0a9a7296f.268x268x1.jpg,https://genius.com/Ungu-tercipta-untukku-lyrics
Ungu,Saat Bahagia,saat bahagia duduk dua dengan hanya sama mungkin aku lajur tak sanggup jauh dari diri ku ingin engkau selalu reff tuk jadi milik ku ingin engkau mampu ku ingin engkau selalu bisa teman diri sampai akhir hayat meski itu hanya ucap dari mulut dari diri yang lanjur mampu bahagia aku hingga ujung waktu selalu ribu jalan ku nanti bila dua dengan diri lang sama ku yakin tak ada satu yang mampu rubah rasa untuk ku ingin engkau selalu back to reff mungkin aku lajur tak sanggup jauh dari diri ku ingin engkau selalu back to reff,https://images.genius.com/fe2cfebb4eae1f662b954fd8aa8c9237.999x999x1.png,https://genius.com/Ungu-saat-bahagia-lyrics
Ungu,Aku Bukan Pilihan Hatimu,jika memang diri bukan jadi pilih hati mungkin sudah takdir kau dan aku tak mesti satu instrumental interlude pre harus s lalu kau tahu cinta di panjang waktu harus s lalu kau tahu semua abadi untuk s lama karena yakin yakin cinta dalam hati hanya milik sampai akhir hidup karena yakin yakin di tiap hembus nafas hanya diri satu yang s lalu rindu interlude woh woh woh oh pre harus s lalu kau tahu cinta di panjang waktu harus s lalu kau tahu semua abadi untuk s lama karena yakin yakin cinta dalam hati hanya milik sampai akhir hidup karena yakin yakin di tiap hembus nafas hanya diri satu yang s lalu rindu outro jika memang diri bukan jadi pilih hati,https://images.genius.com/4614d601fd92b888494f10b0a9a7296f.268x268x1.jpg,https://genius.com/Ungu-aku-bukan-pilihan-hatimu-lyrics
Ungu,Sejauh Mungkin,lelah hati yang tak kau lihat andai saja dapat kau rasa kan letih jiwa karna sifat indah cinta yang kau ikan kini tiada lagi dapat teduh jiwa baik pergi tinggal diri untuk lupa ooo indah cinta yang kau ikan kini tiada lagi dapat teduh jiwa baik pergi tinggal diri untuk lupa diri yang slalu tak peduli ku yang cinta yang sayang bila saat nanti aku jauh harap kau erti harap kau sadar,https://images.genius.com/4614d601fd92b888494f10b0a9a7296f.268x268x1.jpg,https://genius.com/Ungu-sejauh-mungkin-lyrics
Ungu,Dirimu Satu,i will always love you kasih dalam hidup hanya i will always need you cinta lama tak pernah ganti ku mau jadi yang akhir untuk ku mau jadi mimpi indah cinta aku dengan hati seperti aku cinta sayang aku dengan kasih seperti aku sayang i will be the last for you and you will be the last for me i will always love you kasih dalam hidup hanya ku mau jadi yang akhir untuk ku mau jadi mimpi indah cinta aku dengan hati seperti aku cinta sayang aku dengan kasih seperti aku sayang i will be the last for you and you will be the last for me i will be the last for you and you will be the last for me,https://images.genius.com/fe2cfebb4eae1f662b954fd8aa8c9237.999x999x1.png,https://genius.com/Ungu-dirimu-satu-lyrics
Ungu,Laguku,mungkin kau tahu rasa cinta yang kini bara yang masih simpan dalam lubuk jiwa ingin nyata lewat kata yang mesra untuk namun ku tak kuasa untuk laku mungkin hanya lewat lagu ini akan nyata rasa cinta pada rindu pada tak tepi mungkin hanya buah lagu ini yang slalu akan nyanyi bagai tanda betapa aku ingin kamu mungkin hanya lewat lagu ini akan nyata rasa cinta pada rindu pada tak tepi mungkin hanya buah lagu ini yang slalu akan nyanyi bagai tanda betapa aku ingin kamu,https://images.genius.com/010a0bc19ad20ef46cf2a2dfcf624b23.600x600x1.jpg,https://genius.com/Ungu-laguku-lyrics
Ungu,Untukmu Selamanya,tak pernah aku erti apa yang kini ku rasa gelisah hati saat ini ku masih rindu walaupun kini ku tlah sama tak pernah mampu ku coba lupa reff sungguh tak bisa ku ganti diri dengan diri sungguh tak sanggup aku paling dari sungguh tak bisa cinta tuk lupa sungguh tak sanggup aku pindah dari hati repeat reff,https://images.genius.com/c3b18e1628282451e0fc013dae4518c4.600x600x1.jpg,https://genius.com/Ungu-untukmu-selamanya-lyrics
Ungu,Kekasih Gelapku,cinta lebih dari apa meski tiada satu orang pun yang tau cinta dalam dalam hati meski engkau hanya ku tahu ku tak selalu ada untuk saat engkau rindu diri tahu ku tak bisa beri waktu yang panjang dalam hidup yakin bahwa engkau adalah cinta yang cari slama ini dalam hidup dan hanya pada beri sisa cinta yang panjang dalam hidup haahidupkuhaa cinta lebih dari apa meski tiada satu orang pun yang tau cinta dalam dalam hati meski engkau hanya hoo oooo wooooww cinta dalam dalam hati meski engkau hanya cinta lebih dari apa meski tiada satu orang pun yang tau cinta dalam dalam hati meski engkau hanya huuuhuu,https://images.genius.com/c3b18e1628282451e0fc013dae4518c4.600x600x1.jpg,https://genius.com/Ungu-kekasih-gelapku-lyrics
Ungu,SurgaMu,segala yang ada dalam hidup sadar semua milik ku hanya hamba yang lumur dosa tunjuk aku jalan lurus untuk gapai terang dalam tiap langkah hidup pre karena tahu hanya engkau tuhan allahu akbar allah maha besar ku puja di tiap waktu hanya pada tempat teduh mohon ridho dan ampun tunjuk aku jalan lurus untuk gapai terang dalam tiap langkah hidup pre karena tahu hanya engkau tuhan allahu akbar allah maha besar puja di tiap waktu hanya pada tempat teduh mohon ridho dan ampun intrumental allahu akbar allah maha besar puja di tiap waktu hanya pada tempat teduh mohon ridho dan ampun allahu akbar allah maha besar puja di tiap waktu hanya pada tempat teduh mohon ridho dan ampun,https://images.genius.com/306ad6155376268f688ed4ff568d2a55.1000x1000x1.png,https://genius.com/Ungu-surgamu-lyrics
Ungu,Seperti Yang Dulu,tiada guna kau kembali isi ruang hati ini semua telah lalu sama luka aku semua yang telah lalu antara hati dan hati tak ada cinta tiada guna kau janji untuk setia tani hati yang telah luka karena dusta semua yang telah akhir antara diri dan diri tak ada yang rindu,https://images.genius.com/4614d601fd92b888494f10b0a9a7296f.268x268x1.jpg,https://genius.com/Ungu-seperti-yang-dulu-lyrics
Ungu,Hampa Hatiku,intro pasha pernah kau rasa pernah kau rasa oh guitar solo pasha cukup sudah beri cinta cukup sudah rasa ini untuk mati sudah hati ini pada mati sudah hasrat ingin sama pasha pernah kau rasa hati hampa pernah kau rasa hati kosong pernah kau rasa hati hampa pernah kau rasa hati kosong pasha buang saja semua kata cinta buang saja semua kata maaf hancur sudah hati ini pada hancur sudah hasrat ingin sama pasha pernah kau rasa hati hampa pernah kau rasa hati kosong pernah kau rasa hati hampa pernah kau rasa hati kosong munkee pernah pernah kau rasa kala siang datang asa gelap gulita tiada cahaya hanya gelap hitam dan kelam tak ada lagi suka tak ada rasa pernah pernah pernah pernah pernah pernah pernah pernah kau rasa saat diri lelap meski gemuruh kian adu s lalu aduh kau tetap lelap dalam tidur iis dahlia maaf aku sayang bukan maksud sakit khianat ampun aku sayang jujur kata aku tak lagi cinta pre pasha pernah kau rasa pernah kau rasa woah pasha pasha iis dahlia iis dahlia pernah kau rasa hati hampa pernah kau rasa hati kosong pernah kau rasa maaf aku hati hampa pernah kau rasa ampun aku hati kosong pernah kau rasa maaf aku hati hampa pernah kau rasa ampun aku hati kosong,https://images.genius.com/2198ccd283d4d79a9dd4046d6ffcc074.1000x1000x1.jpg,https://genius.com/Ungu-hampa-hatiku-lyrics
Ungu,Doa Untuk Ibu,kau beri hidup kau beri kasih sayang tulus cinta putih kasih tak pernah balas hangat dalam dekap beri aku damai erat peluk nikmat belai tak pernah lupa reff oh ibu terima kasih untuk kasih sayang yang tak pernah usai tulus cinta tak mampu untuk balas oh ibu moga tuhan beri damai dalam hidup putih kasih kan abadi dalam hidup repeat reff ooohh putih kasih kan abadi dalam hidup,https://images.genius.com/fe2cfebb4eae1f662b954fd8aa8c9237.999x999x1.png,https://genius.com/Ungu-doa-untuk-ibu-lyrics
Ungu,Percaya Padaku,intro ooh ooh uuh hmm aku tak tahu apa yang ku rasa dalam hati saat pertama kali lihat diri lihat seluruh tubuh terpa dan bisu detak jantung debar tak tentu seperti aku tak ingin lalu ikan cinta juga sayang ku kan jaga hingga akhir waktu jemput ku ikan cinta juga sayang ku kan jaga hingga akhir waktu jemput saat ku tahu kau akan pergi jauh izin aku tuk selalu nanti untuk kata ku ingin rim huu uuu agar kau tahu betapa ku terlalu cinta aku akan tunggu hingga diri kembali untuk woah oh ikan cinta juga sayang ku kan jaga hingga akhir waktu jemput ku ikan cinta juga sayang ku kan jaga hingga akhir waktu jemput ooh oh guitar solo tolong aku bagaimana diri ungkap itu rasa yang belenggu dalam hati ku cinta pada ikan cinta juga sayang ku kan jaga hingga akhir waktu jemput ooh ku ikan cinta juga sayang ku kan jaga hingga akhir waktu jemput ooh ooh outro ikan cinta juga sayang ku kan jaga hingga akhir waktu jemput,https://images.genius.com/fe2cfebb4eae1f662b954fd8aa8c9237.999x999x1.png,https://genius.com/Ungu-percaya-padaku-lyrics
Ungu,Jika Itu Yang Terbaik,tiada bisa ku lupa saat yang indah yang indah yang kita lewat cinta semua biasa yang kita lalu dua kini jadi puing kenang sebab engkau tlah pergi sambil menang kau kata kau tak akan pernah kembali dan dapat ku paham satu alas yang kau beri apa yang mereka ingin sgala yang baik untuk sendiri aku dalam gelap tiada satu teman sendiri aku dalam gelap tiada satu teman jika itu memang baik untuk diri walau berat untuk pisah dengan hapus sudah air mata aku erti ini bukan mau ini bukan ingin sendiri aku dalam gelap tiada satu teman sendiri aku dalam gelap tiada satu teman jika itu memang baik untuk diri walau berat untuk pisah dengan hapus sudah air mata aku erti ini bukan mau ini bukan ingin,https://images.genius.com/010a0bc19ad20ef46cf2a2dfcf624b23.600x600x1.jpg,https://genius.com/Ungu-jika-itu-yang-terbaik-lyrics
Ungu,Andai Ku Tahu,kapan tiba ajal ku akan mohon tuhan tolong panjang umur kapan tiba masa ku akan mohon tuhan jangan kau ambil nyawa aku takut akan semua dosa dosa aku takut dosa yang terus bayang ku malaikat mu kan jemput izin aku ucap kata taubat pada mu aku takut akan semua dosa dosa aku takut dosa yang terus bayang ku ampun aku dari segala dosa dosa ampun aku menang tobat pada aku manusia yang takut neraka namun aku juga tak pantas di surga kapan tiba ajal izin aku ucap kata taubat pada aku takut akan semua dosa dosa aku takut dosa yang terus bayang ku ampun aku dari segala dosa dosa ampun aku menang tobat pada aaa kapan tiba ajal ku akan mohon tuhan tolong panjang umur kapan tiba masa ku akan mohon tuhan jangan kau ambil nyawa aku takut akan semua dosa dosa aku takut dosa yang terus bayang ku malaikat mu jemput izin aku ucap kata taubat pada mu aku takut akan semua dosa dosa aku takut dosa yang terus bayang ku ampun aku dari segala dosa dosa ampun aku menang tobat pada aku manusia yang takut neraka namun aku juga tak pantas di surga kapan tiba ajal izin aku ucap kata taubat pada aku takut akan semua dosa dosa aku takut dosa yang terus bayang ku ampun aku dari segala dosa dosa ampun aku menang tobat pada aaa,https://images.genius.com/306ad6155376268f688ed4ff568d2a55.1000x1000x1.png,https://genius.com/Ungu-andai-ku-tahu-lyrics
Ungu,Waktu Yang Dinanti,cinta yang tulus dalam hati buang hasrat mimpi tuk bisa nyata sayang tuk bisa ungkap semua pada diri tak mungkin bagi tuk milik segala rasa yang pasti tak mungkin tuk bisa kau terima semua tuk bisa nyata rasa cinta kamu reff ketika bunga tak mekar lagi dan dunia tak mungkin putar lagi saat cinta tak bakar hati ini kau kan tahu betapa aku cinta betapa aku ingin kamu tak mungkin bagi tuk milik segala rasa yang pasti tak mungkin tuk bisa kau terima semua tuk bisa nyata rasa cinta kamu back to reff 2x betapa aku ingin kamu,https://images.genius.com/c3b18e1628282451e0fc013dae4518c4.600x600x1.jpg,https://genius.com/Ungu-waktu-yang-dinanti-lyrics
Ungu,Sampai Kapanpun,makin ku sayang makin kau sakit makin ku cinta makin kau hancur entah sampai kapan kau akan sadar bahwa hanya diri yang pantas tuk milik diri yang rela korban semua untuk kau kan ku cinta walau kau tak pernah balas cinta pada walau apa kau kan ku sayang tulus hati umur hidup ku cinta tak pernah bisa lupa walau jab saja tak pernah mampu ganti dalam seluruh hidup kau kan ku cinta walau kau tak pernah balas cinta pada walau apa kau kan ku sayang tulus hati umur hidup kau kan ku cinta walau kau tak pernah balas cinta pada walau apa kau kan ku sayang tulus hati umur hidup tulus hati umur hidup ku cinta,https://images.genius.com/fe2cfebb4eae1f662b954fd8aa8c9237.999x999x1.png,https://genius.com/Ungu-sampai-kapanpun-lyrics
Ungu,Dengan Nafasmu,saat ku ucap kata taubat belum kau panggil kembali pada tutup waktu jika ku seru nama belum nyawa dalam tubuh kau ambil kembali pada karena ku tahu hanya pada diri tempat adu tempat keluh di dalam doa reff dan demi nafas yang telah kau hembus dalam hidup ku janji ku akan jadi yang baik jalan segala perintah jauh di segala larang adalah sebar doa ku untuk back to back to back to reff 2x saat ku ucap kata taubat belum kau panggil,https://images.genius.com/589da2a81a989374f08a83eda4a00655.1000x1000x1.jpg,https://genius.com/Ungu-dengan-nafasmu-lyrics
Ungu,Selamanya,sayang dapat kau rasa betapa besar rasa cinta untuk cinta pernah kita duga di antara kita ada rasa yang bara sayang yakin akan cinta yang ku sembah utuh untuk kasih jangan pernah kau ragu luas cinta yang ku beri untuk genggam tangan ini sayang cinta tlah tambat mati untuk hanya diri yang selalu ada dalam hati tentang diri kau selalu hadir dalam mimpi engkau satu cinta genggam tangan ini sayang cinta tlah tambat mati untuk hanya diri yang selalu ada dalam hati tentang diri kau selalu hadir dalam mimpi hanya diri yang selalu ada dalam hati tentang diri kau selalu hadir dalam mimpi engkau satu cinta,https://images.genius.com/fe2cfebb4eae1f662b954fd8aa8c9237.999x999x1.png,https://genius.com/Ungu-selamanya-lyrics
Ungu,Melayang,sini batas coba tegak langkah cari rasa yang hilang sama dan berani diri lari kejar bayang yang datang hantu tiap malam hempas tubuh di peluk tubuh jerat mimpi mimpi yang pasung langkah reff kini ku terbang coba kepak sayap harap kuak temu diri untuk terbang susur ruang cinta harap ku akan temu diri untuk kembali reff,https://images.genius.com/4614d601fd92b888494f10b0a9a7296f.268x268x1.jpg,https://genius.com/Ungu-melayang-lyrics
Ungu,Berikan Aku Cinta,belenggu cinta hempas di dlm peluk mandi air surga basuh jiwa hempas seluruh dahaga dekap tubuh kasih bawa aku layang sama susur ruang hati yg penuh kasih hias cinta abadi suci yang dalam dari hati ikan aku kasih putih yang tulus dari dekap tubuh kasih bawa aku layang sama susur ruang hati yg penuh kasih hias cinta abadi suci yang dalam dari hati ikan aku kasih putih yang tulus dari selalu ku harap semua abadi,https://images.genius.com/4614d601fd92b888494f10b0a9a7296f.268x268x1.jpg,https://genius.com/Ungu-berikan-aku-cinta-lyrics
Ungu,Dia Atau Diriku,sungguh tak mungkin dalam kisah ini kita kan satu bila tak pernah ada asa cinta utuh kini akhir kau harus pilih yang pantas dapat pantas jadi kasih courtesy of liriklaguindonesia net reff sampai kapan kita akan sama bila tak pernah ada asa cinta antara kita asa saling sayang sampai kapan kita akan sama bila kau hanya bisa cinta paruh hati paruh kau cinta sungguh tak mungkin sungguh tak bisa kita kan sama bila kau masih bagi cinta repeat reff,https://images.genius.com/fe2cfebb4eae1f662b954fd8aa8c9237.999x999x1.png,https://genius.com/Ungu-dia-atau-diriku-lyrics
Ungu,Para Pencari Mu,intro jalan hitam putih hidup buat erti arti hadir mu dalam tiap langkah langkah arti lewat tiap detik waktu sama takdir buat erti hanya pada mu ku kembali ku sujud kepada mu mohon ampun mu ada jalan untuk tuk kembali pada mu reff aku para cari mu ya allah aku yang rindu mu ya rabbi tunjuk ku jalan yang lurus untuk tambat langkah aku para cari mu ya alah aku yang rindu mu ya rabbi hanya di jalan mu ya allah tempat pasrah hidup int back to reff coda,https://images.genius.com/adf13e1adf44e4d0300c83b068ecce8a.600x600x1.jpg,https://genius.com/Ungu-para-pencari-mu-lyrics
Ungu,Ciuman Pertama,baru sadar kita anjak dewasa tak pernah alam kasih cinta seperti ini seperti ini seperti ini coba untuk paham cinta apa hati agar ku cinta untuk lama untuk lama ikan aku cium pertama agar yakin kau memang mil kau mungkin bukan cinta pertama namun kau pasti namun kau pasti cinta akhir pasti tahu memang kau yang baik untuk cinta bukan lah cinta larang untuk kau erti kau erti ikan aku cium pertama agar yakin kau memang mil kau mungkin bukan cinta pertama namun kau pasti namun kau pasti ikan aku cium pertama agar yakin kau emmang lah mil kau mungkin bukan cinta pertama namun kau pasti namun kau pasti cinta akhir,https://images.genius.com/4614d601fd92b888494f10b0a9a7296f.268x268x1.jpg,https://genius.com/Ungu-ciuman-pertama-lyrics
Ungu,Apalah Arti Cinta,apa arti hidup tanpa cinta tanpa kasih dan apa arti diri tanpa hadir apa arti semua tanpa diri ada dalam peluk satu lama kerna cinta ada untuk diri beri semua yang indah kerna kasih suci hanya untuk yang tak mungkin hilang dan tak pernah bisa sirna,https://images.genius.com/c3b18e1628282451e0fc013dae4518c4.600x600x1.jpg,https://genius.com/Ungu-apalah-arti-cinta-lyrics
Ungu,Sesungguhnya,saat dunia henti putar saat manusia tak sanggup lagi harap ketika mentari tak sanggup lagi bernjanji sari dunia yang tak kau singgah mampu kau untuk bagi tanpa hasrat ingin beri hadap hadap ya allah manusia tak bisa menkmati surga tanpa ikhlas di hati manusia tak bisa sentuh nikmat tanpa tulus di hati,https://images.genius.com/adf13e1adf44e4d0300c83b068ecce8a.600x600x1.jpg,https://genius.com/Ungu-sesungguhnya-lyrics
Ungu,I Need You,oh baby don t you know how much i love you oh baby don t you know how much i miss you oh baby don t you know it s true i love you i love you i miss you i miss you oh baby don t you know how much i love you oh baby don t you know how much i miss you oh baby don t you know it s true oh baby don t you know how much oh baby don t you know how much i want you oh baby don t you know it s true i want you i want you oh baby don t you know how much i love you oh baby don t you know how much i miss you oh baby don t you know it s true oh baby don t you know how much oh baby don t you know how much i want you oh baby don t you know it s true oh baby don t you know how much i love you oh baby don t you know how much i miss you oh baby don t you know it s true oh baby don t you know how much oh baby don t you know how much i want you oh baby baby i want you baby baby how much i love you baby baby how much,https://images.genius.com/fe2cfebb4eae1f662b954fd8aa8c9237.999x999x1.png,https://genius.com/Ungu-i-need-you-lyrics
Ungu,Sholawat,sholatullah shalamulloh allaa toha rosulillah shollatulloh shallamulloh allaa yassin habibillah tawasalna bibismillah wabil hadi rosullillah wakulimujja hidilillah biakhlil badri ya allah sholatullah shalamulloh allaa toha rosulillah shollatulloh shallamulloh allaa yassin habibillah illa hissolimin ummah minal affati wal nikmah wamin hami wamin ummah bi ahlil badri ya allah sholatullah shalamulloh allaa toha rosulillah shollatulloh shallamulloh allaa yassin habibillah sholatullah shalamulloh allaa toha rosulillah shollatulloh shallamulloh alla yassin habibillah allaa yassin habibillah allaa yassin habibillah allaa yassin habibillah,https://images.genius.com/306ad6155376268f688ed4ff568d2a55.1000x1000x1.png,https://genius.com/Ungu-sholawat-lyrics
Ungu,Berjanjilah,kau setia bila kau jadi kasih lagi kau setia lama kau masih sis kau mungkin bukan sesuatu yang baru dalam hidup dalam cari cinta wujud mimpi mimpi karena dahulu engkau pernah jadi kasih hati hias dalam mimpi warna seluruh hidup reff kau setia bila kau jadi kasih lagi kau setia bila kau masih cinta kau setia untuk sayang aku lagi kau setia lama kau masih sis moga hasrat ini teman untuk slamanya moga cinta ini akan slalu ada reff kau setia bila kau jadi kasih lagi kau setia bila kau masih cinta kau setia untuk sayang aku lagi kau setia lama kau masih sis kau setia untuk sayang aku lagi kau setia lama kau masih sis,https://images.genius.com/4614d601fd92b888494f10b0a9a7296f.268x268x1.jpg,https://genius.com/Ungu-berjanjilah-lyrics
Ungu,Ijinkan Aku,semua yang lihat ada pada diri seperti yang pernah rasa dari kasih yang dulu yang pernah singgah dalam adu cinta andai semua bisa ucap dari mulut yang kelu di hadap diri mungkin semua tak begini sudut diam kaku di hadap izin aku jadi kasih hati yang baru izin aku nyata bahwa ku sayang pada ketika rasa yang telah cipta lukis bayang diri makin buat ingin kan kamu jadi kasih jadi kasih izin aku jadi kasih hati yang baru izin aku nyata bahwa ku sayang pada izin aku jadi kasih hati yang baru izin aku nyata bahwa ku sayang pada,https://images.genius.com/c3b18e1628282451e0fc013dae4518c4.600x600x1.jpg,https://genius.com/Ungu-ijinkan-aku-lyrics
Ungu,Seperti Bintang,sudah aku temu arti nafas ini untuk siapa telah aku dapat alas kekal di surga jiwa tentu hati pilih untuk bicara tentang cahaya yang nyata kebaji rubah dunia takdir sinar terang jadi harap tak padam tel masa tak pernah hilang untuk jiwa yang abadi yakin nurani just pull the sun into your heart yakin nurani just pull the sun into your heart takdir sinar terang jadi harap tak padam tel masa tak pernah hilang untuk jiwa yang abadi yakin nurani lama takdir sinar terang jadi harap tak padam tel masa tak pernah hilang untuk jiwa yang abadi yakin nurani just pull the sun into your heart,https://images.genius.com/468b99b7ec017607e43f4d92282332cb.500x500x1.png,https://genius.com/Ungu-seperti-bintang-lyrics
Ungu,Lagu Saat Indah Bersamamu,saat indah yg lalu sama lukis kisah cinta di dalam lubuk hati buai nafas cinta yg kau hembus sampai mati pun ku tak bisa lupa dan bila waktu akan mungkin penuh janji itu ku serah pada apa yg ku mampu reff harus aku aku sayang kamu aku cinta kamu oh hanya pada diri ku ingin kau mampu terima hati terima akan cinta saat indah yg lalu sama lukis kisah cinta di dalam lubuk hati repeat repeat reff satu rasa yg haus sentuh bayang sisa semua yg rasa repeat reff,https://images.genius.com/589da2a81a989374f08a83eda4a00655.1000x1000x1.jpg,https://genius.com/Ungu-lagu-saat-indah-bersamamu-lyrics
Ungu,Lagu Cinta,saat waktu henti ikut semua langkah ku kau adalah satu nya yang ku harap hadir dalam hidup saat mentari henti coba hangat tubuh kau adalah satu nya yang tunggu hadir dalam jiwa rang tiap sudut ruang hati beri kuat dalam tiap langkah untuk dari lubuk hati yang akan selalu ku nyanyi sampai akhir hidup lagu rindu untuk dari dasar jiwa yang akan selalu ku nyata seluruh hidup saat mentari henti coba hangat tubuh kau adalah satu nya rang tiap sudut ruang hati beri kuat dalam tiap langkah untuk dari lubuk hati yang akan selalu ku nyanyi sampai akhir hidup lagu rindu untuk dari dasar jiwa yang akan selalu ku nyata seluruh hidup rang tiap sudut ruang hati beri kuat dalam tiap langkah,https://images.genius.com/c3b18e1628282451e0fc013dae4518c4.600x600x1.jpg,https://genius.com/Ungu-lagu-cinta-lyrics
Ungu,Suara Hati,yang panggil seru kata kata cinta untuk remang cahaya sukma coba lang gapai seluruh bayang akan semua dapat temu bahan jiwa yang lama ini cari dan cari reff kau yang indah yang baik yang pernah aku milik tiada lain hati hanya kau yang selalu tunggu sisi hati yang sentuh selalu buat makin tenggelam dalam ragu di dalam hati,https://images.genius.com/b09b05d1fae6a537bdb5e2c6c68c1a6a.600x600x1.jpg,https://genius.com/Ungu-suara-hati-lyrics
Ungu,Luka Disini,dulu pernah ada cinta dulu pernah ada sayang namun kini tiada lagi asa seperti dulu kini tiada lagi kisah cinta ku telah musnah sudah hancur hati ku telah kau sakit asa ku biar ku pergi jangan kau tanya lagi ku yakin ini yang baik untuk kau dan diri biar lalu rasa cinta ini di hati ku tak bisa untuk tahan aku luka di sini biar ku pergi jangan kau tanya lagi ku yakin ini yang baik untuk kau dan diri,https://images.genius.com/2198ccd283d4d79a9dd4046d6ffcc074.1000x1000x1.jpg,https://genius.com/Ungu-luka-disini-lyrics
Ungu,Cerita Bersamamu,segala rasa semua anggap bagai uji iman kau tangis coba tuk rubah semua percaya aku itu kata yakin aku aku tak bisa yakin aku yakin aku kini aku kan lari tanpa engkau sadar harap kau kan erti arti hadir sini aaa yakin aku aku tak bisa yakin aku yakin aku repeat from x2,https://images.genius.com/c3b18e1628282451e0fc013dae4518c4.600x600x1.jpg,https://genius.com/Ungu-cerita-bersamamu-lyrics
Ungu,Tempat Terindah,andai waktu kan tunggu kan tempat cinta dalam hati andai ku mampu ke awan kan petik bintang bintang hanya untuk reff semua kan laku untuk dapat cinta dapat dalam hati semua kan beri untuk dapat kasih dapat dalam mimpi akan kau rasa rasa ingin tuk slalu di samping akan semua kan akhir seperti apa yang selalu aku impi,https://images.genius.com/b09b05d1fae6a537bdb5e2c6c68c1a6a.600x600x1.jpg,https://genius.com/Ungu-tempat-terindah-lyrics
Ungu,Ungu (Tak Terulang),tak ulang habis waktu duduk dua dengan cerita tentang hidup dan hidup cari makna yang pendam di dasar jiwa sama teman sambut hari esok peluh yang curah tanda bahwa kita bisa lewat semua sambut hari esok reff dan genggam tangan erat ku yakin kita bisa lewat hari ini dengan senyum dan jangan pernah kau lupa hidup hanya buah rencana yang tak akan pernah bisa ulang yang tak akan pernah bisa ulang yang tak akan pernah bisa ulang yang tak akan pernah bisa ulang yang tak akan pernah bisa ulang,https://images.genius.com/4614d601fd92b888494f10b0a9a7296f.268x268x1.jpg,https://genius.com/Ungu-ungu-tak-terulang-lyrics
Ungu,Bayang Semu,masuk bayang dalam dimensi dekap diri buai ku buai dalam maya cinta yang damba selalu reff layang bagai terbang ke awan terawang dalam ruang bayang bayang kelam makin bawa dalam bila ingin diri jerat ku jerat tak dapat lepas milik selalu layang bagai terbang ke awan terawang dalam ruang bayang bayang kelam,https://images.genius.com/010a0bc19ad20ef46cf2a2dfcf624b23.600x600x1.jpg,https://genius.com/Ungu-bayang-semu-lyrics
Ungu,Saat Indah Bersamamu,saat indah yang lalu sama lukis kisah cinta di dalam lubuk hati buai nafas cinta yang kau hembus sampai mati ku tak bisa lupa dan bila waktu akan bukti janji itu serah pada apa yang mampu harus ku aku aku sayang kamu aku cinta kamu oh hanya pada diri ingin kau mampu terima hati terima akan cinta saat indah yang lalu sama lukis kisah cinta di dalam lubuk hati dan bila waktu akan bukti janji itu serah pada apa yang mampu harus aku aku sayang kamu aku cinta kamu oh hanya pada diri ingin kau mampu terima hati terima akan cinta satu rasa yang haus sentuh bayang sisa semua yang rasa harus aku aku sayang kamu aku cinta kamu oh hanya pada diri ingin kau mampu terima hati terima akan cinta harus aku aku sayang kamu aku cinta kamu hanya pada diri,https://images.genius.com/c3b18e1628282451e0fc013dae4518c4.600x600x1.jpg,https://genius.com/Ungu-saat-indah-bersamamu-lyrics
Ungu,Bukan Aku,sudah coba untuk selalu erti apa yang kau mau sudah coba untuk selalu ikut semua yang kau ingin bukan bukan ku sembunyi namun harga asa ini bukan bukan ku lari namun lihat lihat aku sini hari ini hari esok bahkan mungkin sampai kau mati kau tak pernah bisa ubah namun ku yakin kau tak pernah ubah back to sudah coba untuk selalu erti apa yang kau mau sudah coba untuk selalu ikut semua yang kau ingin back to 2x,https://images.genius.com/c3b18e1628282451e0fc013dae4518c4.600x600x1.jpg,https://genius.com/Ungu-bukan-aku-lyrics
Ungu,Indonesiaku,hampar alam luas bentang di jagad khatulistiwa harum tanah hijau warna tak pernah lupa tempat di mana aku lahir dan tempat di mana nanti aku kembali duduk di sini tutup hari dan mati ku janji rasa ini akan selalu di hati sampai suatu saat nanti ku akan tetap di sini reff ku cinta hijau alam ku cinta biru laut ku cinta semua yang ada pada ku cinta hijau alam ku cinta biru laut ku cinta semua yang ada pada,https://images.genius.com/2198ccd283d4d79a9dd4046d6ffcc074.1000x1000x1.jpg,https://genius.com/Ungu-indonesiaku-lyrics
Ungu,Ku Ingin Selamanya,cinta adalah misteri dalam hidup yang tak pernah ku tahu akhir namun tak seperti cinta pada diri yang harus genap dalam kisah hidup ingin lama cinta diri sampai saat ku akan tutup mata dan hidup ingin lama ada di samping sayang diri sampai waktu kan panggil ku harap abadi dalam hidup cinta bahagia untuk karena kasih hanya untuk diri lama kan tetap milik ingin lama cinta diri sampai saat ku akan tutup mata dan hidup ingin lama ada di samping sayang diri sampai waktu kan panggil di relung sukma ku labuh sluruh cinta di hembus nafas ku abadi sluruh kasih dan sayang,https://images.genius.com/2198ccd283d4d79a9dd4046d6ffcc074.1000x1000x1.jpg,https://genius.com/Ungu-ku-ingin-selamanya-lyrics
Ungu,Almost Soulmate,i know that s all my fault cause i never seem to care i know that s all my fault cause i never fight for loose you i realize it now it s a foolish thing to do i do realize it now how this love should be take care of for every step i take make me know how i feel how i love you i realize it now you re the living gift i have sure i love you for be the best thing in my life seem sometime i too forget how i m be in love you re the reason of my life like a soulmate suppose to be oh but how could this be it really haunt me and maybe we be mean for each other how i love you i realize it now you re the living gift i have sure i love you for be the best thing in my life seem sometime i too forget how i m be in love you re the reason of my life you re the reason of my life like a soulmate suppose to be like a soulmate suppose to be,https://images.genius.com/fe2cfebb4eae1f662b954fd8aa8c9237.999x999x1.png,https://genius.com/Ungu-almost-soulmate-lyrics
Ungu,Dilema Cinta,berapa salah diri hingga kau sakit aku begitu tusuk ini cara balas aku yang selalu ada saat kau luka berapa hina diri hingga kau ludah semua yang beri untuk tak ada satu pun asa yang mampu buat begitu luka namun ku lanjur cinta diri lambat bagi pergi dari bagi terlalu indah asa itu tak mudah untuk jauh dari telah ku coba segala cara tuk bahagia kamu rebut hati namun tak mudah yang ku bayang bila kau tak ingin ku tuk di sisi tak pernah rasa belum ingin diri hingga ku tak kuasa yakin hati bahwa ku mampu lalu namun ku lanjur cinta diri lambat bagi pergi dari bagi terlalu indah asa itu tak mudah untuk jauh dari namun ku lanjur cinta diri lambat bagi pergi dari bagi terlalu indah asa itu tak mudah untuk jauh dari,https://images.genius.com/2198ccd283d4d79a9dd4046d6ffcc074.1000x1000x1.jpg,https://genius.com/Ungu-dilema-cinta-lyrics
Ungu,Maafkanlah,tak bisa ku lupa saat saat indah sama semua cerita mungkin kini hanya tinggal kenang ku harus pergi tinggal di dalam sepi bukan ingin tuk sakit asa maaf aku maaf aku yang tak bisa tunggu hati lupa saja diri untuk lama lama ku harus pergi tinggal di dalam sepi bukan ingin tuk sakit asa maaf aku reff tidur sayang mentari tlah tunggu sambut pagi nanti dengan hati senyum mimpi cinta dengan segenap rasa kini tiba saat kita harus pisah repeat reff aku yang tak bisa tunggu lupa saja diri untuk lama lama,https://images.genius.com/010a0bc19ad20ef46cf2a2dfcf624b23.600x600x1.jpg,https://genius.com/Ungu-maafkanlah-lyrics
Ungu,Andai Aku Bisa,terlalu cepat kau pergi tinggal saat diri terlalu cinta terlalu banyak cerita yang kau tinggal saat ku dekat saat bahagia dengan putar waktu tak kan ku sia waktu waktu bahagia dengan andai aku mampu henti waktu aku akan selalu ada untuk sama terlalu perih rasa saat kau pergi sedih dalam jiwa hilang terlalu singkat ku rasa engkau sini ku hanya bisa menang tak sanggup lagi putar waktu tak kan ku sia waktu waktu bahagia dengan andai aku mampu henti waktu aku akan selalu ada untuk sama moga engkau tenang moga kau bahagia emoga engkau senang sana sana putar waktu tak kan ku sia waktu waktu bahagia dengan andai aku mampu henti waktu aku akan slalu ada untuk sama putar waktu tak kan ku sia waktu waktu bahagia dengan andai aku mampu henti waktu aku akan selalu ada untuk sama,https://images.genius.com/91de76f6dc2cefa801910c1324a06c2e.350x350x1.jpg,https://genius.com/Ungu-andai-aku-bisa-lyrics
Ungu,Berteman Sepi,sepi di sini tanpa diri lagi di simpang langkah kita pisah bukan karena tak cinta namun waktu tak pihak sangat berat untuk lewat lewat waktu tanpa diri waktu tanpa diri sungguh tak apa bila memang itu yang baik untuk bahagia lama sungguh tak apa bila kau pilih tinggal diri sendiri sangat berat untuk lewat waktu tanpa diri sungguh tak apa bila memang itu yang baik untuk bahagia lama sungguh tak apa bila kau pilih tinggal diri sendiri sungguh tak apa bila memang itu yang baik untuk bahagia lama untuk bahagia lama sungguh tak apa bila kau pilih tinggal diri sendiri,https://images.genius.com/91de76f6dc2cefa801910c1324a06c2e.350x350x1.jpg,https://genius.com/Ungu-berteman-sepi-lyrics
Ungu,Aku Tahu,aku salah tuk minta tuk tunggu aku tahu aku salah ini ego gantung ku mohon sabar sabar sebentar beri aku waktu tuk tinggal cinta lama yang masih sama bukan maksud untuk main diri coba untuk erti ada ini karena hanya kau yang bisa paham semua ini sedih dan air mata tak dapat lagi ku tahan aku kan datang aku kan datang mmm tuk hapus air mata dengan bahagia ku mohon sabar sabar sebentar beri aku waktu tuk tinggal cinta lama yang masih sama bukan maksud untuk main diri coba untuk erti ada ini karena hanya kau yang bisa paham semua ini sedih dan air mata tak dapat lagi ku tahan aku kan datang tuk hapus air mata aku kan datang,https://images.genius.com/91de76f6dc2cefa801910c1324a06c2e.350x350x1.jpg,https://genius.com/Ungu-aku-tahu-lyrics
Ungu,Beri Aku Waktu,sampai kapan aku menuggumu buka hati untuk terima cinta sampai kapan rasa di hati nanti rasa akan sambut rasa dan mungkin bila waktu yang bisa ungkap semi cinta di dalam hati reff izin aku ungkap asa cinta yg lama simpan di hati ikan aku sempat bukti tulus cinta hampa yang kini ku rasa ada dalam nanti yang panjang untuk dan mungkin bila waktu yang bisa ungkap semi cinta di dalam hati reff izin aku ungkap asa cinta yang lama simpan di hati ikan aku sempat bukti tulus cinta walau ribu tahun sabar tunggu jawab untuk,https://images.genius.com/2198ccd283d4d79a9dd4046d6ffcc074.1000x1000x1.jpg,https://genius.com/Ungu-beri-aku-waktu-lyrics
Ungu,Aku Datang Untuk Mencintaimu,ku tahu kau ragu akan hadir coba pasuk hidup ku tahu kau tak pernah percaya dengan kata cinta yang ada namun ini diri yang ada untuk diri terima cinta yang tulus dari hati dengar pinta untuk aku datang untuk cinta beri hal yang indah tuk sayang damai seluruh hidup tuk cinta beri hal yang indah tuk sayang damai seluruh hidup ku tahu apa yang ada pada tak yakin diri ku tahu apa yang kau ikan tak buat engkau percaya namun ini diri yang ada untuk diri terima cinta yang tulus dari hati dengar pinta untuk aku datang untuk cinta beri hal yang indah tuk sayang damai seluruh hidup tuk cinta beri hal yang indah tuk sayang damai seluruh hidup woo uuoo ooohh woo uuoo ooohh woo uuoo ooohh woo uuoo ooohh jadi yang baik untuk jadi yang baik untuk,https://images.genius.com/c3b18e1628282451e0fc013dae4518c4.600x600x1.jpg,https://genius.com/Ungu-aku-datang-untuk-mencintaimu-lyrics
Ungu,Terbaik,coba erti arti hadir di hidup kau yang yang kini milik semua yang rasa tentang hidup di diri hal yang paling indah ku temu segala tentang diri adalah sinar terang ku tak pernah lepas i ll never gonna let you down down down down karena ku cinta dan sayang diri tak pernah bisa ku tinggal wo hoo karena ku cinta dan sayang diri wo woo tak pernah coba tuk lepas ho hoo segala tentang diri adalah sinar terang ku tak pernah lepas i ll never gonna let you down downn down down karena ku cinta dan sayang diri tak pernah bisa ku tinggal ho woo karena ku cinta dan sayang diri tak pernah coba tuk lepas wo woo karena ku cinta dan sayang diri tak pernah bisa ku tinggal karena ku cinta dan sayang diri tak pernah coba tuk lepas howw woooo wooo tak pernah bisa ku tinggal howw woooo wooo tak pernah coba tuk lepas,https://images.genius.com/91de76f6dc2cefa801910c1324a06c2e.350x350x1.jpg,https://genius.com/Ungu-terbaik-lyrics
Ungu,Rasa Sayang,arti hadir dalam hidup kau bawa mimpi indah teman tidur yang tak pernah rasa belum saat kau masih dalam hayat cinta lahir antara kita lewat ribu senyum yang tak pernah rasa belum saat kau masih dalam hayat juta rasa cinta cipta iring langkah kau dan aku limut masa yang lalu dan tak mungkin pisah reff kata sayang untuk diri yang ku hembus kepada bagai tanda cinta untuk diri tak hilang di telan waktu tak punah makan ragu hias seluruh hidup dan mati,https://images.genius.com/b09b05d1fae6a537bdb5e2c6c68c1a6a.600x600x1.jpg,https://genius.com/Ungu-rasa-sayang-lyrics
Ungu,Mabuk Kepayang,cinta kata orang ku jatuh cinta kepada diri cinta sampai gila gila oh rindu rindu pikir kamu hanya diri yang buat cinta cinta cinta pada diri rindu rindu rindu akan senyum hanya satu kamu yang aku mau sampai mati kau kan selalu ku tunggu reff cinta yang buat hidup lebih indah dari hari yang lalu cinta yang buat hati bunga bunga tinggal rasa yang lalu oh cinta kata orang ku jatuh cinta kepada diri cinta sampai gila gila hmm rindu rindu pikir kamu hanya diri yang buat cinta cinta cinta pada diri rindu rindu rindu akan senyum hanya satu kamu yang aku mau sampai mati kau kan selalu ku tunggu cinta yang buat hidup lebih indah dari hari yang lalu cinta yang buat hati bunga bunga tinggal rasa yang lalu rap bagai racun dia terus bius tebar aroma ke dalam seluruh tubusku detak jantung pun henti di saat ku temu dengan tak kuasa ku tolak cinta cinta cinta pada diri rindu rindu rindu akan senyum hanya satu kamu yang aku mau sampai mati kau kan selalu ku tunggu cinta yang buat hidup lebih indah dari hari yang lalu cinta yang buat hati bunga bunga tinggal rasa yang lalu cinta cinta cinta yang buat hidup lebih indah dari hari yang lalu cinta yang buat hati bunga bunga tinggal rasa yang lalu,https://images.genius.com/fe2cfebb4eae1f662b954fd8aa8c9237.999x999x1.png,https://genius.com/Ungu-mabuk-kepayang-lyrics
Ungu,Sepi Gelisah,bulan purnama rang hati bagai lilin pelita hidup mata tuju pada sisi putar alun bagai buah lagu nanti sang surya yang kan rang hampa dalam hati suka cita dalam hidup cinta jelita yang selalu tani dalam tiap langkah hidup,https://images.genius.com/010a0bc19ad20ef46cf2a2dfcf624b23.600x600x1.jpg,https://genius.com/Ungu-sepi-gelisah-lyrics
Ungu,Doa,tuhan jamah hati yg kering dan hampa tanpa kasih atas kuasa mu ku lahir dan hanya pada mu ku kembali dalam tangan mu ku pasrah jalan panjang hidup yang kan ku tempuh hanya pada mu ku mohon dan hanya pada mu ku sujud tunjuk aku tuju jalan lurus mu agar aku dapat wujud tobat rang aku dalam gelap dunia agar aku bisa dapat ridho mu ya allah ya robbi ya rohman ya rohim,https://images.genius.com/306ad6155376268f688ed4ff568d2a55.1000x1000x1.png,https://genius.com/Ungu-doa-lyrics
Ungu,Terang Dalam Gelapku,kita yang pernah rasa hitam terang cinta sama kan jelang hari bahagia tanpa ku gelap tanpa gelap simpan saja semua cerita tentang hitam cinta sama kan jelang hari bahagia tanpa ku gelap engkau terang reff dan aku tlah yakin hati bahagia jelang sama dan aku yang tak bisa tanpa karna engkau bulan bintang yang slalu datang setia rang malam tak terang hati tak terang cinta yang kau ikan yang kau ikan dan aku tlah yakin hati bahagia jelang sama dan aku yang tak bisa tanpa karna engkau aku di sini tanpa harap cinta dalam gelap langkah dan aku tlah yakin hati bahagia jelang sama,https://images.genius.com/2198ccd283d4d79a9dd4046d6ffcc074.1000x1000x1.jpg,https://genius.com/Ungu-terang-dalam-gelapku-lyrics
Ungu,Tak Perlu,tlah ulang kali kata semua ini semua tlah jadi mungkin kau belum erti maaf aku lagi yang kini tlah luka semua tlah jadi kau tak pernah erti sampai hari ini aku yang khianat namun sampai kini kau belum juga erti maaf aku lagi yang kini tlah luka semua tlah jadi kau tak pernah erti reff kau abadi cinta untuk dalam hati ku tak akan ada cinta sejati sungguh abadi cinta untuk agar kau tahu kutak pernah datang pada bebas aku dari belenggu cinta dari belenggu cinta kau abadi cinta untuk dalam hati ku tak akan ada cinta sejati sungguh abadi cinta untuk agar kau tahu kutak pernah datang pada,https://images.genius.com/4614d601fd92b888494f10b0a9a7296f.268x268x1.jpg,https://genius.com/Ungu-tak-perlu-lyrics
Ungu,Selamat Lebaran,sudah tiba hari menang telah puasa di bulan ramadhan mari kita saling maaf di hari yg indah fitri nan bahagia bulan lama kita ekang nafsu dan coba di bulan ramadhan raih menang selamat hari lebaran mari kita saling maaf dosa dosa yg pernah buat hapus sudah di hari lebaran mari kita saling maaf di hari yg indah fitri nan bahagia bulan lama kita tahan nafsu dan coba di bulan ramadhan raih menang selamat hari lebaran mari kita saling maaf raih menang selamat hari lebaran mari kita saling maaf selamat hari lebaran selamat hari lebaran,https://images.genius.com/306ad6155376268f688ed4ff568d2a55.1000x1000x1.png,https://genius.com/Ungu-selamat-lebaran-lyrics
Ungu,Baku Jaga,torang nin tau kapan tu badai datang torang nin tau kapan musibah datang yang torang tau tuhan sayang pa torang ba sabar jo do a torang panjat marjo torang baku sayang marjo orang marjo torang baku pegang tangan basudara baku sayang basudara baku rasa basudara torang percaya ini tuhan pe cara percaya ini tuhan pe sayang percaya tuhan sayang pa torang ini ingat untuk torang samua untuk torang samua,https://images.genius.com/91de76f6dc2cefa801910c1324a06c2e.350x350x1.jpg,https://genius.com/Ungu-baku-jaga-lyrics
Ungu,Dari Satu Hati,lelah nanti rasa yang harap kembali tak pernah ulang lagi semua ini tak jalin lagi bila engkau erti apa yang telah lalu dari semua yang jadi beri ragu tak akhir reff mampu engkau rindu dalam engkau lepas semua indah aku paham sanggup engkau cinta aku,https://images.genius.com/4614d601fd92b888494f10b0a9a7296f.268x268x1.jpg,https://genius.com/Ungu-dari-satu-hati-lyrics
Ungu,Semoga,tlah jauh kisah antara kita lewat suka dan cita dua sama dayung bahtera cinta terjang badai di laut asmara besit hasrat untuk dua ku coba untuk paling dari namun tak kuasa untuk tinggal karena bayang telah tambat di hati biar cinta yang kan jawab semua reff prahara yang telah cipta dewasa cinta antara kau dan aku dan tiap titik air mata kita dapat segar cinta yang tlah ada,https://images.genius.com/b09b05d1fae6a537bdb5e2c6c68c1a6a.600x600x1.jpg,https://genius.com/Ungu-semoga-lyrics
Ungu,Segala Puji Syukur,subhanallah wal hamdulillah wa laa ilaha illallah allahu akbar subhanallah wal hamdulillah wa laa ilaha illallah allahu akbar subhanallah wal hamdulillah wa laa ilaha illallah allahu akbar subhanallah wal hamdulillah wa laa ilaha illallah allahu akbar kata allah yang maha besar dan kata allah yang maha mulia syukur hanya kepada allah dan tiada tuhan selain allah subhanallah wal hamdulillah wa laa ilaha illallah allahu akbar subhanallah wal hamdulillah wa laa ilaha illallah allahu akbar segala puji kepada allah dan jadi hamba yang cinta allah yang maha kasih dan sayang sujud hanya kepada allah la ilaha illallah muhammadarrasulullah teguh serah tawakal hanya kepada allah teguh serah tawakal hanya kepada allah teguh serah tawakal hanya kepada allah teguh serah tawakal hanya kepada allah teguh serah tawakal hanya kepada allah teguh serah tawakal hanya kepada allah subhanallah wal hamdulillah wa laa ilaha illallah allahu akbar subhanallah wal hamdulillah wa laa ilaha illallah allahu akbar,https://images.genius.com/91de76f6dc2cefa801910c1324a06c2e.350x350x1.jpg,https://genius.com/Ungu-segala-puji-syukur-lyrics
Ungu,Karena Dia Kamu,saat aku temu dengan diri tak asa hati kian bawa rona merah jadi karena tatap mata tiap aku lihat diri ingin rasa hati milik sungguh aku ingin dapat milik karna dia cantik karna dia indah karna dia kamu reff ku suka kamu ku sayang kamu sungguh ku mau milik ku suka kamu ku cinta kamu jangan ragu milik sejak aku temu dengan diri makin terpana diri ratap semua risau itu rasa pada karna dia cantik karna dia indah karna dia kamu ku suka kamu ku sayang kamu sungguh ku mau milik ku suka kamu ku cinta kamu jangan ragu milik,https://images.genius.com/b09b05d1fae6a537bdb5e2c6c68c1a6a.600x600x1.jpg,https://genius.com/Ungu-karena-dia-kamu-lyrics
Ungu,Hanya Untukmu,mata ini hanya untuk pandang sayang tangan ini hanya untuk sentuh bibir ini hanya untuk cium sayang tubuh ini hanya untuk peluk bila kau ragu tanya pada gunung yang tinggi maka dia tak mampu jawab tanya huu jika kau ragu tanya pada bunga bunga maka dia tak mampu jawab tanya huu rasa ini hanya simpan untuk sayang diri ini cipta bila kau ragu tanya pada gunung yang tinggi maka dia tak mampu jawab tanya huu jika kau ragu tanya pada bunga bunga maka dia tak mampu jawab tanya huu andai semesta dapat ku ajak bicara akan ku ungkap segala rasa karena cinta lebih tinggi dari gunung tinggi lebih dari wangi bunga lebih dari segala oooh cinta ini cinta ini tak batas gunung gunung tinggi tebar wangi cinta hingga kau akan percaya percaya percaya mata ini hanya untuk pandang,https://images.genius.com/91de76f6dc2cefa801910c1324a06c2e.350x350x1.jpg,https://genius.com/Ungu-hanya-untukmu-lyrics
Ungu,Hanya Cinta,telah kau pergi tinggal semua mimpi dan cinta yang pernah kita milik kau buat jatuh dalam bingkai mimpi yang pekat tak tepi coba untuk tahan rangkai sisa cinta yang ada antara kita yang buat ku tahan sini tunggu diri kembali untuk yang mungkin masih sisa antara keping keping hati kau dan diri,https://images.genius.com/b09b05d1fae6a537bdb5e2c6c68c1a6a.600x600x1.jpg,https://genius.com/Ungu-hanya-cinta-lyrics
Ungu,Antara Kita,bila hati yang bicara di antara rasa yang tumbuh di jiwa tak mungkin kau paling dari sisi cinta yang kini belenggu jangan ada kata dusta di lepas semua rasa yang akan bawa reff biar hati dan hati satu dalam cinta antara kau dan aku sama biar hasrat dan rasa satu dalam cinta antara kau dan aku sama,https://images.genius.com/b09b05d1fae6a537bdb5e2c6c68c1a6a.600x600x1.jpg,https://genius.com/Ungu-antara-kita-lyrics
Ungu,Cahayamu,kau bawa cahaya di dalam hidup saat ku butuh di jalan yang tak terang hati tanya benar ku tlah bakti atau ku saat ini hanya dar janji kau slalu ada saat jiwa tiada kau beri cinta indah saat hidup luka tak bayang arti hidup tanpa hadir kau hembus harap ketika ku hilang hanya pada mu ku kembali hanya karma mu ku janji arti hidup hanya untuk mu ya allah atas izin ku lahir atas kuasa diri iring tiap langkah ya allah,https://images.genius.com/dc5cb723a19d88a81f17d995d24d5961.300x300x1.jpg,https://genius.com/Ungu-cahayamu-lyrics
Ungu,In Time,it s not too late to let it go it s not too late to break it s not too late to say i m sorry it s true it might not be the easy it might be hard to try the madness gon na wreck it down deeply cut the heart reff a you ready be strong take your soul and fly high to the sky and you fade away disappear it might not be the easy it might be hard to try the madness gon na wreck it down deeply cut the heart repeat reff 2x a you ready be strong take your soul and fly high to the sky and you fade away disappear repeat reff 2x,https://images.genius.com/fe2cfebb4eae1f662b954fd8aa8c9237.999x999x1.png,https://genius.com/Ungu-in-time-lyrics
Ungu,Tiada Kata,ucap dari lidah yang pilu dan tiada satu kuat tuk bilang pada mungkin tak kau rasa kini banyak yang tlah ubah mungkin salah juga yang tak pernah buka reff bukan maksud sengaja buat kecewa karena ku tak bisa tuk jalan semua kisah asmara dua yang semu ada,https://images.genius.com/010a0bc19ad20ef46cf2a2dfcf624b23.600x600x1.jpg,https://genius.com/Ungu-tiada-kata-lyrics
Ungu,Setengah Gila,kau yang buat pikir tanpa sadar makin dalam asa pada pre semua asa saat kau jauh pergi tinggal diri kau yang buat hancur keping keping bagai debu tiup angin kau bunuh dengan cinta kini kau buat aku interlude kau hancur bunuh gila pre semua asa saat kau jauh pergi tinggal diri woo na na na na na na na na na na na na hoo instrumental kau yang buat hancur keping keping bagai debu tiup angin kau bunuh dengan cinta kini kau buat aku outro kau yang buat hancur keping keping bagai debu tiup angin na na na na na na kau bunuh dengan cinta kini kau buat aku kau buat,https://images.genius.com/7c32cb937377b74383e6c4d2f5440f88.270x270x1.png,https://genius.com/Ungu-setengah-gila-lyrics
Ungu,Penyanyi Jalanan,detak waktu yang lalu bawa diri gapai juta mimpi juta angan dalam pahit hidup kau pasti langkah iring terik sang surya basuh kulit basuh raga dalam pahit hidup coba gapai angan rangkai mimpi sama sang waktu kau selimut duka dengan senyum terik mentari jadi saksi langkah akan mimpi wujud,https://images.genius.com/c3b18e1628282451e0fc013dae4518c4.600x600x1.jpg,https://genius.com/Ungu-penyanyi-jalanan-lyrics
Ungu,Bebas,ohh woo oow ohh woo oow ohh woo oow lewat hari tembus batas batas resah jiwa mata buka besit hangat alam nyata ragu lenyap tel sama derita ku tatap ke depan cahaya yang sari diri kan ku raih segala cita cita masa kecil ku harap ohh woo oow ohh woo oow ohh woo oow lewat hari tembus batas batas resah jiwa mata buka besit hangat alam nyata ragu lenyap tel sama derita ku tatap ke depan cahaya yang sari diri kan ku raih segala cita cita masa kecil ku harap bebas jiwa lepas batin tak batas ingin bebas jiwa lepas batin tak batas ingin bebas jiwa lepas batin tak batas ingin bebas jiwa lepas batin tak batas ingin kan ku raih segala cita cita masa kecil ku harap bebas jiwa lepas batin tak batas ingin bebas jiwa lepas batin tak batas ingin bebas jiwa lepas batin tak batas ingin bebas jiwa lepas batin tak batas ingin yeah,https://images.genius.com/010a0bc19ad20ef46cf2a2dfcf624b23.600x600x1.jpg,https://genius.com/Ungu-bebas-lyrics
Ungu,Kisah,di antara dua cinta beda mi ribu bunga bunga asmara biar tumbuh dalam hati hingga hari kan tiba nikmat indah dalam kebahagian hati mereka bersit satu janji sama tuk saling isi dan saling bagi buka pintu taman cinta oh untuk raih semua hal bahagia yang tunda agar wujud angan angan jangan sampai lena reguk resap cinta bukan harta sadar jangan sampai kecewa reff apabila cinta datang semi sama indah hati mungkin kan kau dapat kunci di hati cinta beri tulus segala dan siap hati jangan sampai lena reguk resap cinta bukan harta sadar jangan sampai kecewa apabila cinta datang semi sama indah hati mungkin kan kau dapat kunci di hati,https://images.genius.com/010a0bc19ad20ef46cf2a2dfcf624b23.600x600x1.jpg,https://genius.com/Ungu-kisah-lyrics
Ungu,Hakikat Cinta,kau ikan untuk satu alas untuk tetap sini senyum buru hati sadar jiwa ku tak sendiri tani batin yang kadang sepi kau indah yang nyata untuk kau bisik untuk unta kata rangkai begitu merdu sejuk jasad yang hangat saat peluh basah raga ini saat hati tak tahu mana lagi kau indah yang nyata hingga waktu kan tutup mata karena kau bukti untuk satu kisah tentang kita yang amat indah tuk lupa sempurna bukan milik kita namun kau selalu ada untuk lengkap hidup dengan indah ooo dengan indah hakikat tuk cinta tak pernah luput dari nyata bahwa kita tak selalu tertawa sama dua tanpa air mata yang hias hidup dan hidup bukankah cinta datang karena kita dua jalan hari lengkap hati dengan senyum dan tangis sama,https://images.genius.com/fe2cfebb4eae1f662b954fd8aa8c9237.999x999x1.png,https://genius.com/Ungu-hakikat-cinta-lyrics
Ungu,Akulah Cintamu,ku coba erti apa arti diri untuk aku cari cinta akhir dalam hidup harap takdir kan temu diri di sisi lama sama dan tak pernah pisah lama akan hari tak akan ulang lagi reff aku kasih yang lama ini slalu serta aku rindu aku mimpi indah yang akhir dalam cari yang lama ini slalu serta aku rindu yang akhir dalam cari,https://images.genius.com/2198ccd283d4d79a9dd4046d6ffcc074.1000x1000x1.jpg,https://genius.com/Ungu-akulah-cintamu-lyrics
Ungu,Pogo Pogo,kala hati sedang landa kalut asa sepi hidup segan mati tak mau gundah dulana akan semesta benci nononono hey dari pada kamu suntuk begitu lama lama saraf bisa ganggu pikir jadi gila mending kita gembira sama sama tuk teriak dansa dengan sini masih ada kamu oy kamu oy kamu kamu kamu dan kalian semua gembira dengan ku pun sini dengan kamu oy kamu oy kamu kamu kamu let s have some fun and say it loud ku diri sini bangga hati terima dunia yang ku ubah sendiri tak ada lagi lawan bila semua jadi kawan hey dari pada kau suntuk begitu lama lama saraf bisa ganggu pikir jadi gila mending kita gembira sama sama tuk teriak dansa dengan sini masih ada kamu oy kamu oy kamu kamu kamu dan kalian semua gembira dengan ku pun sini dengan kamu oy kamu oy kamu kamu kamu let s have some fun and say it loud yeah jikalau hati memang sedang landa kalut sedih gelisah akan kau dihadang maut mau begini salah begitu salah hati tutup duka mata pun luput lihat hey dari pada kau suntuk begitu lama lama saraf bisa ganggu pikir jadi gila mending kita gembira sama sama tuk teriak let s have fun from enjoy your life dansa dengan sini masih ada kamu oy kamu oy kamu kamu kamu dan kalian semua gembira dengan ku pun sini dengan kamu oy kamu oy kamu kamu kamu let s have some fun and say it loud dansa dengan sini masih ada kamu oy kamu oy kamu kamu kamu dan kalian semua gembira dengan ku pun sini dengan kamu oy kamu oy kamu kamu kamu let s have some fun and say it loud,https://images.genius.com/91de76f6dc2cefa801910c1324a06c2e.350x350x1.jpg,https://genius.com/Ungu-pogo-pogo-lyrics
Ungu,Yang Pertama,aku sini aku tak sendiri sama sahabat dan kawan sejati aku sini aku tak sendiri tuk gapai angan angan yang cari aku sini dan ku tak sendiri reff dan lari kencang kencang kencang tuk rangkai mimpi cinta dan harap lari kencang kencang kencang kobar smangat tuk jadi ku lari kencang kencang kencang tuk jadi sang juara masih sini aku tak sendiri sama sahabat dan kawan sejati masih sini aku tak sendiri tuk gapai angan angan yang cari masih sini dan ku tak sendiri dan lari kencang kencang kencang tuk rangkai mimpi cinta dan harap lari kencang kencang kencang kobar smangat tuk jadi ku lari kencang kencang kencang tuk jadi sang juara sang juara ku tak henti ku terus lari dan lari kencang kencang kencang tuk rangkai mimpi cinta dan harap dan lari kencang kencang kencang tuk rangkai mimpi cinta dan harap lari kencang kencang kencang dan lari kencang kencang kencang tuk rangkai mimpi cinta dan harap lari kencang kencang kencang kobar smangat tuk jadi ku lari kencang ku lari kencang ku lari kencang,https://images.genius.com/2198ccd283d4d79a9dd4046d6ffcc074.1000x1000x1.jpg,https://genius.com/Ungu-yang-pertama-lyrics
Ungu,Jangan Siakan,coba untuk kau renung bila hidup ini tak ada cinta gelap asa buta mata kian sesak dada anda kini tlah kau temu satu cinta putih yang kan bawa diri terbang tinggi di awan gapai bintang di sana tapi cinta tak lama seperti apa yang kita ingin iring jalan slamanya indah tanpa ada kecewa kadang cinta memang sakit akan tak ingin lagi kecap cinta jangan kau pernah sia sia cinta yang telah ada karena cinta yang dapat buat damai dalam diri,https://images.genius.com/010a0bc19ad20ef46cf2a2dfcf624b23.600x600x1.jpg,https://genius.com/Ungu-jangan-siakan-lyrics
Ungu,Penguasa Hatiku,belum kau pergi jauh dari dengar isi hati tentang diri yang selalu ku cinta dan yang selalu rindu maaf semua salah ku buat kau menang pergi dan lalu tinggal diri dan tak pernah kembali dan akhir sendiri hati sadar diri bahwa engkau engkau cinta sejati dalam hidup kau yang akhir yang selalu ku nanti sampai akhir nanti dan kau satu satu yang selalu rindu meghiasi ruang hati sampai akhir nanti dan akhir sendiri hati sadar diri bahwa engkau engkau cinta sejati dalam hidup kau yang akhir yang selalu ku nanti sampai akhir nanti dan kau satu satu yang selalu rindu meghiasi ruang hati sampai akhir nanti akhir nanti,https://images.genius.com/2198ccd283d4d79a9dd4046d6ffcc074.1000x1000x1.jpg,https://genius.com/Ungu-penguasa-hatiku-lyrics
Ungu,Embun Hati,hari demi hari kita lewat tembus ruang batas hati telah uji ingin rasa milik cinta dua coba ikut arah yang pasti tembus batas batas waktu di antara kita ingin rasa arung bahtera cinta reff harap mungkin raih tetes embun pagi yang telah engkau milik ku tak ingin ada cinta yang lain di hati di hati coba ikut arah yang pasti tembus batas batas waktu di antara kita ingin rasa arung bahtera cinta harap mungkin raih tetes embun pagi yang telah engkau milik ku tak ingin ada cinta yang lain di hati di hati nanti kau kembali hadir dalam peluk diri impi kau selalu sama kita dua di dalam bahagia harap mungkin raih tetes embun pagi yang telah engkau milik ku tak ingin ada cinta yang lain di hati di hati,https://images.genius.com/010a0bc19ad20ef46cf2a2dfcf624b23.600x600x1.jpg,https://genius.com/Ungu-embun-hati-lyrics
Ungu,Cinta Cintaku,slamat tinggal sayang lupa diri lama dan maaf sayang jika itu jadi karna dia kata sayang bila itu buat lebih erti dan maaf sayang bila itu jadi karna dia hapus semua rasa hati dan bila kau bisa lupa aku reff cinta memang bukan untuk dan kamu cinta hanya sentuh dia dan aku dan biar cinta tumbuh dalam hati karna cinta memang bukan untuk mu ku kata sayang ini memang mau memang ingin ku maaf sayang semua itu jadi karna dia dan bila kau bisa lupa aku back to reff 2x maaf sayang sampai mati sayang,https://images.genius.com/b09b05d1fae6a537bdb5e2c6c68c1a6a.600x600x1.jpg,https://genius.com/Ungu-cinta-cintaku-lyrics
Ungu,Terang,gemerlap dunia beri yang ingin segala nikmat tlah rasa buat lena dunia lelap dalam tidur tak saksi cinta yang tulus kasih yang suci tlah tenggelam dalam hitam dunia dan sadar semua itu hanya buai pasti kan milik tepis semua nikmat yang ada reff sinar aku dalam jalan yang gelap agar ku tak jatuh hibur diri dalam luka derita dari rasa kecewa dan sadar semua itu hanya buai pasti kan milik tepis semua nikmat yang ada sinar aku dalam jalan yang gelap agar ku tak jatuh hibur diri dalam luka derita dari rasa kecewa,https://images.genius.com/010a0bc19ad20ef46cf2a2dfcf624b23.600x600x1.jpg,https://genius.com/Ungu-terang-lyrics
Ungu,Badai Kini Berlalu,cinta layu tumbuh di hati yang rapuh bawa juta harap air mata yang pernah basah kering sudah sama senyum rasa hangat dalam peluk musnah dingin hati cinta layu tumbuh di hati yang rapuh bawa kan juta harap reff sirna sama hadir musnah sama cinta air mata yang pernah membasihi aku kering sudah sama senyum,https://images.genius.com/2198ccd283d4d79a9dd4046d6ffcc074.1000x1000x1.jpg,https://genius.com/Ungu-badai-kini-berlalu-lyrics
Ungu,Get Up! Stand Up!,di kala cinta mulai oyak rasa hati yang ceria mulai ubah gundah hari hari asa gelap tak ada lagi cahaya pernah kau pikir bahwa kau hanya buang waktu dengan percuma mari diri angkat tangan hey brother hey sister dan kalian semua get up stand up keep on your hands up now sing it heiii hooo heiii hooo get up stand up keep on your hands up now sing it heiii hooo heiii hooo pernah kau pikir bahwa kau hanya buang waktu dengan percuma mari diri angkat tangan hey brother hey sister dan kalian semua get up stand up keep on your hands up now sing it heiii hooo heiii hooo get up stand up keep on your hands up now sing it heiii hooo heiii hooo you gotta get up you gotta get up you gotta stand up you gotta stand up yeah oh oh oh get up stand up keep on your hands up now sing it heiii hooo heiii hooo get up stand up keep on your hands up now sing it heiii hooo now sing it heiii hooo get up and stand up keep on your hands up you gotta stand up heiii hooo get up and stand up heiii hooo get up and stand up keep on your hands up you gotta stand up heiii hooo get up and stand up heiii hooo,https://images.genius.com/91de76f6dc2cefa801910c1324a06c2e.350x350x1.jpg,https://genius.com/Ungu-get-up-stand-up-lyrics
Ungu,Mengertilah,kalau saja kamu mau erti kalau aku memang harus begini tak perlu kau kan pendam semua ini dalam hati andai saja kamu bisa erti bahwa aku memang selalu begini tak perlu kita lewat hal ini semua ini jangan kau pergi dari beri aku sempat pada kan ku bawa diri dan aku tak ingin kau pergi dari ku ingin bawa kau terbang ke awan kalau saja kamu mau erti anggap saja semua telah lewat tak perlu kau kan pikir sendiri semua ini kan bawa diri dan aku tak ingin kau pergi dari ku ingin bawa kau terbang ke awan ku ingin sembah dunia untuk,https://images.genius.com/b09b05d1fae6a537bdb5e2c6c68c1a6a.600x600x1.jpg,https://genius.com/Ungu-mengertilah-lyrics
Ungu,Kau Tahu,andai mentari tak mau sinar ku akan tetap di sini tunggu andai bulan dan bintang enggan senyum ku akan tetap di sini nanti walau pun hanya bayang yang selalu datang sapa sepi hati saat ku rapuh reff ku slalu tunggu sampai kapan kau akan slalu ku tunggu ku slalu nanti sampai kapan kau akan slalu ku nanti di dalam hati ku slalu tunggu sampai kapan kau akan slalu ku tunggu ku slalu nanti sampai kapan kau akan slalu ku nanti ku slalu tunggu sampai kapan kau akan slalu ku tunggu ku slalu nanti sampai kapan kau akan slalu ku nanti di dalam hati,https://images.genius.com/2198ccd283d4d79a9dd4046d6ffcc074.1000x1000x1.jpg,https://genius.com/Ungu-kau-tahu-lyrics
Ungu,Sirna,bayang bayang gelap masa lalu kadang hantu pikir sering dengar jerit di dada yang rindu hadir mungkin dapat jalan hidup yang fana yang arti ku coba tuk lurus semua bayang hidup yang makin noda fenomena yang tlah rasa buat diri makin siksa mungkin dapat jalan hidup yang fana yang arti tinggal aku jauh ku tak ingin kau kembali kan laku segala tuk sirna tinggal aku jauh ku tak ingin kau kembali kan laku segala tuk sirna rindu dan hangat tinggal aku jauh ku tak ingin kau kembali kan laku segala tuk sirna tinggal aku jauh ku tak ingin kau kembali kan laku segala tuk sirna tinggal aku,https://images.genius.com/010a0bc19ad20ef46cf2a2dfcf624b23.600x600x1.jpg,https://genius.com/Ungu-sirna-lyrics
Ungu,Cududu (All I Wanna Do),cududu all i wan na do cududuuu cududuuu cududududududuuu cududuuu cududuuu cududududududuuu look up to the sky the star be shin bright for you tell me what to do it s wait for you oh why you be not here with me i lose a good part of me i spend all my time thinking of you cududuuu cududuuu cududududududuuu cududuuu cududuuu cududududududuuu you and me live in the sweetest memory and here with you be all i want to do love you be with you and stay with you all i wan na do be spend more time with you and all i wan na do be spend my life with you all i wan na do be stay there for you all i wan na do forever here with you cududuuu cududuuu cududududududu cududuuu cududuuu cududududududu miss you i feel so lonely without you feel so lonely i give up without you i give up be with you and stay with you all i wan na do interlude all i wan na do be spend more time with you all i wan na do be spend my life with you all i wan na do be stay there for you all i wan na do forever here with you all i wan na be all i wan na be all i wan na be you it s all i ever all i ever all i ever all i ever do all i wan na be all i wan na be all i wan na be you it s all i ever all i ever all i ever all i ever do be with you and stay with you all i wan na do all i wan na do to be with you and stay with you all i wan na do all i wan na do to be with you and stay with you forever to be with you and stay with you all i wan na do all i wan na do to be with you and stay with you oh,https://images.genius.com/91de76f6dc2cefa801910c1324a06c2e.350x350x1.jpg,https://genius.com/Ungu-cududu-all-i-wanna-do-lyrics
Ungu,Coba Tuk Temukan,lempar jauh hati terawang cari hati puruk aku di sini di dalam sesat langkah ada jalan untuku jalan yang lurus gapai hati semua cara tempuh hanya untuk dapat kamu namun ku makin jauh dari namun ku makin tak bisa untuk gapai diri reff layang tinggi di awan coba tuk temu kamu yang lama ini hantu di tiap mimpi ku rangkai juta bayang di dalam rona rona mimpi tapi ku tak bisa jua tuk gapai diri,https://images.genius.com/b09b05d1fae6a537bdb5e2c6c68c1a6a.600x600x1.jpg,https://genius.com/Ungu-coba-tuk-temukan-lyrics
Ungu,Dunia Menangis,langkah kota yang berai di pelusuk ku catat memang asih tatap mata yang kosong akan tiada lagi harap untuk bila engkau rasa dapat penuh bahagia dunia dengan jalan sendiri dengan cara sendiri tak kau sadar kau sesat diri sendiri dan semua yang tlah arti dunia pun menang dunia pun sedih lihat tingkah dunia pun menang dunia pun sedih lihat diri tidak kau sadar semua itu semua ada jangan kecoh hidup percuma buang waktu saja tak kau sadar kau siksa raga yang arti kau bunuh diri sendiri,https://images.genius.com/b09b05d1fae6a537bdb5e2c6c68c1a6a.600x600x1.jpg,https://genius.com/Ungu-dunia-menangis-lyrics
Ungu,Dia dan Dirimu,dia yang kau anggap baik untuk jalan kisah sama dia yang selalu kau puja dalam tutur kata yang selalu ucap kini tinggal diri sendiri tanpa pesan kau pun hilang tel semua mimpi tentang diri dan dia yang buat paling dari sisi diri yang puja kini tinggal diri sama luka yang dalam reff kau tak bisa temu cinta lain seperti diri kepada yang dulu pernah kau rasa,https://images.genius.com/b09b05d1fae6a537bdb5e2c6c68c1a6a.600x600x1.jpg,https://genius.com/Ungu-dia-dan-dirimu-lyrics
Ungu,Tercipta Untukku (Accoustic Version),cipta untuk accoustic version cipta untuk accoustic version pasha tatap indah senyum di wajah buat diam dan terpa erti akan hadir cinta indah saat kau peluk mesra tubuh oh pre pasha banyak kata yang tak mampu ku ungkap kepada diri pasha aku ingin engkau selalu hadir dan teman aku di tiap langkah yang yakin kau cipta untuk meski waktu akan mampu panggil seluruh raga ku ingin kau tahu ku selalu milik yang cinta panjang hidup rossa sungguh hanya diri yang aku cinta dan sungguh ku kan di sisi hingga ku mati pasha aku ingin engkau selalu hadir dan teman aku di tiap langkah yang yakin kau cipta untuk meski waktu akan mampu panggil seluruh raga ku ingin kau tahu ku selalu milik yang cinta panjang hidup,https://images.genius.com/7fdaa23bdd479d986ae2af4b0caa5d79.1000x1000x1.png,https://genius.com/Ungu-tercipta-untukku-accoustic-version-lyrics
Ungu,So Beautiful,tak pernah ku sesal dalam hidup akhir kau yang pantas ku kata ku cinta kau sepenuh hati dalam jiwa kau beri tuhan yang indah di hidup oooh tak pernah ku coba lupa walau sedikit saja ku tak pernah bisa tak sama lalu waktu kau beri tuhan yang indah di hidup oooh i love you more than anything in this world i love you oooh i love you more than anything in this world i love you oooh you re i love you i love you i love you huu i love you more than anything in this world i love you oooh i love you more than anything in this world i love you oooh you re i love you you re i love you,https://images.genius.com/91de76f6dc2cefa801910c1324a06c2e.350x350x1.jpg,https://genius.com/Ungu-so-beautiful-lyrics
Bernadya,Satu Bulan,english belum ada ku yakin masih ada sisa wangi di baju namun kau tampak baik saja bahkan senyum lebih lepas sedang aku di sini hampir gila kita tak temu jalan sepakat akhir telah ibu debat panjang namun kau tampak baik saja bahkan senyum lebih lepas sedang aku di sini belum terima pre bohong tangis sore itu di peluk nyata pergi pun tak lagi ganggu apa sudah ada kabar lain yang kau tunggu sudah ada yang ganti yang khawatir tiap waktu yang cerita tentang apa sampai hal hal tak perlu kalau bisa jangan buru buru kalau bisa jangan ada dulu baru lewat kemarin ulang tahun tak ada pesan dari tak apa mungkin kau lupa atau sudah ada hati yang harus kau jaga sudah ada yang ganti yang kau antar jemput tiap sabtu yang s lalu ingat untuk pakai sabuk kam kalau bisa jangan buru buru sudah ada yang ganti yang khawatir tiap waktu yang cerita tentang apa sampai hal hal tak perlu kalau bisa jangan buru buru kalau bisa jangan ada dulu,https://images.genius.com/f0df66ce587891e40515989290faa668.1000x1000x1.png,https://genius.com/Bernadya-satu-bulan-lyrics
Bernadya,"Untungnya, Hidup Harus Tetap Berjalan",persis tahun yang lalu ku jauh dari yang tak takdir untuk yang ingat saat itu yang laku hanya gerutu angkuh lebih percaya cara cara pilih ragu rencana sang maha tentu untung bumi masih putar untung ku tak pilih serah untung ku bisa rasa hal hal baik yang datang belakang ada waktu waktu hal buruk datang turut turut semua yang tinggal juga yang hilang berapa pun absurd pasti ada makna instrumental untung bumi masih putar untung ku tak pilih serah itu memang paling mudah untung pilih yang lebih susah untung pakai akal sehat untung hidup terus jalan untung ku bisa rasa hal hal baik yang datang belakang outro untung untung hidup harus tetap jalan,https://images.genius.com/340862de369c515e7eef40ce39d37a92.1000x1000x1.png,https://genius.com/Bernadya-untungnya-hidup-harus-tetap-berjalan-lyrics
Bernadya,Kini Mereka Tahu,dari dulu lebih lebih semua padahal yang kau laku tak berapa agar isi dunia tahu dan anggap ku paling untung milik karang cerita yang mula tak ada cara sampai olah semua nyata agar semua tuju dan yakin pada pilih pilih pre sifat baik yang orang tahu itu karang sifat asli yang hancur mereka tak tahu dan bahkan telah semua yang kau laku pada ku tetap bela kamu di depan teman teman dan mungkin saja bisa jadi bila kamu datang lagi ku kan terima kembali dengar kamu sibuk ke sana kemari sih nama di mata orang lain kau cerita dari sisi kau bilang tak semua salah harap ada yang pihak pre sifat baik yang orang tahu itu karang sifat asli yang hancur dan bahkan telah semua yang kau laku pada ku tetap bela kamu di depan t man teman dan mungkin saja bisa jadi bila kamu datang lagi ku kan terima kembali kalau suatu saat kuc rita buruk tak tambah bumbu apa tak sama seperti saat cerita baik kalau suatu saat cerita buruk tak tambah bumbu apa tak sama seperti saat cerita baik kalau suatu saat cerita buruk tak tambah bumbu apa tak sama seperti saat cerita baik kalau suatu saat cerita buruk tak tambah bumbu apa tak sama seperti saat cerita baik outro yang bagi besar tak benar begitu,https://images.genius.com/a9f8c365aa8c799fbdb0b7020f8df737.1000x1000x1.png,https://genius.com/Bernadya-kini-mereka-tahu-lyrics
Bernadya,Lama-Lama,usaha tetap jaga tunggu kamu selesai semua sibuk dering yang paling nanti akhir datang hanya sapa sebentar pamit tidur duluan pre maklum s lalu erti kamu punya sibuk lain tak harus aku tak s lalu aku lelah juga aku seperti hanya aku yang butuh kamu habis tenaga bila bukan lagi aku tempat pulang yang kau tuju jangan ulur waktu maklum s lalu erti kamu punya sibuk lain tak harus aku tak s lalu aku maklum s lalu erti kamu punya sibuk lain tak harus aku tak s lalu aku lelah juga aku seperti hanya aku yang butuh kamu habis tenaga bila bukan lagi aku tempat pulang yang kau tuju jangan ulur waktu outro usaha tetap jaga sampai habis sisa tenaga yang punya kini tak lagi nanti laku semua nyaman saja ku serah,https://images.genius.com/340862de369c515e7eef40ce39d37a92.1000x1000x1.png,https://genius.com/Bernadya-lama-lama-lyrics
Bernadya,"Sialnya, Hidup Harus Tetap Berjalan",ini yang tak kau tahu betapa berat malam tanpa betapa ku harap tiap malam jadi yang akhir moga ku hilang dalam tidur tak harap hari baru pagi jadi yang paling berat untuk harus bangun dan terima nyata semua t lah beda pre mungkin sebentar lagi ku bisa terima waktu peran dalam hidup selesai nanti di lain hari nanti di lain bumi saat sudah rela hati ini cerita jalan jalan yang tempuh sampai ku bisa rela pergi masih jauh dari sembuh sudah gila meski tak parah itu masih bangun dan t rima nyata sudah bukan aku yang isi hari sudah bukan aku alas senyum sudah hilang semua mimpi yang kita bangun dulu outro nanti di lain hari nanti di lain bumi nanti di lain hari nanti di lain bumi,https://images.genius.com/340862de369c515e7eef40ce39d37a92.1000x1000x1.png,https://genius.com/Bernadya-sialnya-hidup-harus-tetap-berjalan-lyrics
Bernadya,Kata Mereka Ini Berlebihan,ku tak pernah ikat rambut lagi semenjak kau bilang rambut indah bila urai panjang baju hitam tak pernah sentuh lagi sejak hari itu kau bilang warna gelap bosan baca sampai tuntas semua buku yang paling kau suka mungkin suatu saat kau anggap ku cerdas tak hirau untuk apa akan laku ingin sempurna di mata hanya itu yang aku mau namun tampak sempurna tak cukup bagi sebelas ribu kilometer tempuh sendiri bawa peluk yang nyata tak kau rindu tiga enam ribu kaki di atas laut tahan kau tahu benar ku takut tinggi ingin sempurna di mata hanya itu yang aku mau namun tampak sempurna tak cukup bila nyata aku bukan yang kau perlu batal tiap janji hanya kar na takut tiba tiba kau butuh aku di sisi ingin sempurna di mata hanya itu yang aku mau namun tampak sempurna tak cukup bagi oh oh ingin sempurna di mata ingin kau lihat aku lebih jauh ingin kau tahu tiada yang sayang lebih dari aku,https://images.genius.com/12c48335b62a43d696f000d6cf2b8f6d.1000x1000x1.png,https://genius.com/Bernadya-kata-mereka-ini-berlebihan-lyrics
Bernadya,Berlari,seperti yang telah duga tujuh hari hilang kini kau datang lagi rangkum kabar pek meski kata minggu ini banyak tak senang pre tak sesuai rencana ah ah bukankah harus kita tak saling kabar lagi itu kata kemarin tidak aku jadi yang pertama kau kabar saat hari kurang tarik sampai nanti suatu pagi kau tak butuh aku lagi kapan pun kau panggil ku ke situ susah payah ku tahan untuk tak kabar tapi malah kau runtuh semua upaya pikir ulang pre kau tak punya siapa siapa lagi tuk cerita hari hari tidak aku jadi yang pertama kau kabar saat hari kurang tarik sampai nanti suatu pagi kau tak butuh aku lagi kapan pun kau panggil ku ke situ instrumental outro ku ke situ tanpa pikir dua kali tak bisa kupungkiri kabar dari masih jadi yang paling nanti meski besok pasti kau sudah hilang lagi,https://images.genius.com/340862de369c515e7eef40ce39d37a92.1000x1000x1.png,https://genius.com/Bernadya-berlari-lyrics
Bernadya,Apa Mungkin,arung malam jaga kala semua telah benam kaca tanya apa ku buat salah kalaupun iya apa apakah besar itu hingga kau pergi tanpa aba aba bahkan tanpa alas hingga harus terka nerka salah di mana cara bicara cara tertawa dengkur saat tidur lelap atau mungkin kamu yang tak lagi cinta sampai sekarang dari ku belum ada yang ubah ku bisa salah maka itu jelas di mana letak yang tak kau suka cara bicara cara tertawa dengkur saat tidur lelap atau mungkin kamu yang tak lagi cinta guitar break dari dulu semua buruk kau terima kata tiada yang ganggu mengapa tiba tiba jadi masalah sejak kapan semua ubah apa sejak kau lihat marah apa kar na lelucon itu itu saja atau memang kamu yang tak lagi cinta cara bicara cara tertawa dengkur saat tidur lelap atau mungkin kamu yang tak kamu yang tak lagi cinta atau mungkin kamu yang tak tak lagi cinta,https://images.genius.com/846bc0e8fd551e60e7a66ca3643f72a0.1000x1000x1.png,https://genius.com/Bernadya-apa-mungkin-lyrics
Adrian Khalif,Asumsi,bernadya semenjak hari itu tak sedikit coba dekat biar semua lalu gugur satu per satu karena tiap coba mulai kisah baru rasa aku khianat bernadya padahal kau di situ sudah tak mau tahu kabar padahal kamu sibuk raya cinta baru sedang aku sibuk coba lupa mmmm mmm salah yang waktu itu masih hantu hantu naskah buat ribu coba ku tak begitu karena apa guna mulai kisah baru jika maaf masih tunggu bernadya padahal kau di situ sudah tak mau tahu kabar padahal kamu sibuk raya cinta baru sedang aku sibuk coba lupa mmmm mmm bernadya belum lelap di buka mata kau penuh pikir apakah kau tahu apakah kau tahu satu yang ku mau keluar dari mulut bernadya semua asumsi masa iya ku tak rindu karena ku paling tahu kau gemar main di kepala terlalu jauh bernadya padahal kau di sini masih sering bawa mimpi masih sering bawa mimpi padahal detik ini kau masih belum ganti belum ganti tak mungkin bisa benci outro bernadya mana mungkin aku benci mana mungkin aku benci,https://images.genius.com/bd1d14e4e66b9cc70871a4393ad0c852.1000x1000x1.png,https://genius.com/Adrian-khalif-and-bernadya-asumsi-lyrics
Bernadya,Ambang Pintu,pisah yang cukup dingin di awal januari tangis pecah lihat langkah sudah jauh pergi lucu aku masih harap kau putar balik lari pikir semua baik baik pre tak tutup pintu itu biar kau lalu lalang mau di ku tunggu siapa tahu kau kembali buka lebar lebar tak tutup sempat mungkin saja kau kembali bukankah kemarin kau bilang masih ingin temu yakin penuh kita masih bisa kembali utuh entah apa yang buat bisa cepat itu jauh sudah kau pikir baik baik jika ku tak ada benar tak apa jika tak biasa jaga pintu buka outro di ku tunggu siapa tahu kau kembali buka lebar lebar tak tutup sempat mungkin saja kau kembali,https://images.genius.com/340862de369c515e7eef40ce39d37a92.1000x1000x1.png,https://genius.com/Bernadya-ambang-pintu-lyrics
Bernadya,Kita Kubur Sampai Mati,hening panjang jalan pulang habis sudah curah semua hari hari belum kamu masih tetap diam seperti aku yang gila paksa tuk bicara hening panjang jalan pulang lelah minta tetap tinggal harap ku salah dengar harap kau salah ucap putus sudah bulat jadi aku bisa apa saat cinta sudah habis sisa janji janji manis yang tak akan tepat hening panjang jalan pulang entah lebih dingin mana hati atau sejuk udara bising semua lalu lalang beranta di kepala bagai macam suara tapi aku bisa apa saat cinta sudah habis sisa janji janji manis yang tak akan tepat harga diri yang kikis buang untuk emis rasa yang tak kembali guitar break saat cinta sudah habis sisa janji janji manis yang tak akan tepat harga diri yang kikis buang untuk emis rasa yang tak kembali,https://images.genius.com/340862de369c515e7eef40ce39d37a92.1000x1000x1.png,https://genius.com/Bernadya-kita-kubur-sampai-mati-lyrics
Bernadya,Masa Sepi,rasa ini datang lagi nama belum juga pergi dari hati rintik kembali basah pipi sebab bayang masih di sini ku kira hanya sekali ku hantu kenang indah memori luka yang kau gores bekas abadi namun ku masih ingin kau kembali dulu ku kira ku akan kuat kini aku hilang akal sehat kau kan selalu jadi yang tunggu sampai nanti saat tak lagi mau hampir ku kira hanya sekali ku hantu kenang indah memori luka yang kau gores bekas abadi namun ku masih ingin kau kembali dulu ku kira ku akan kuat kini aku hilang akal sehat kau kan selalu jadi yang tunggu sampai nanti saat tak lagi mau hampir jenak ku kira sudah tak mungkin lagi kau lintas hari yang tak ada jeda namun saat semua reda yang datang di kepala tetap kamu juga dulu ku kira ku akan kuat kini aku hilang akal sehat kau kan selalu jadi yang tunggu sampai nanti saat tak lagi mau hampir outro saat tak lagi mau hampir,https://images.genius.com/427a080c3b3768bb547cfc982a8e42d9.1000x1000x1.png,https://genius.com/Bernadya-masa-sepi-lyrics
Bernadya,Percik Kecil,intro bagai bintang hilang tel pagi cerita pun selesai pernah kamu kaca diri mengapa kita bisa sampai jauh ini sudah ulang ribu kali kau kan ubah dulu kau pernah janji pre ada yang hilang tapi ku tak hilang ada yang kurang tapi ku kan biasa redup sendiri seperti ada campur tangan semesta bagai bintang hilang tel pagi cerita selesai tanpa kita sadar topik politik paling tarik padahal kita belum bahas sampai habis jangan kau tanya ku juga sedih maaf ku sudah cukup lelah kali ini redup sendiri seperti ada campur tangan semesta bagai bintang hilang tel pagi cerita pun selesai cerita pun selesai redup sendiri seperti ada campur tangan semesta bagai bintang hilang tel pagi cerita selesai tanpa kita sadar outro la la la la la la la la la la la la la la bagai bintang hilang tel pagi cerita selesai tanpa kita sadar,https://images.genius.com/0a418b11226e77d2e79301e471cc0f95.1000x1000x1.png,https://genius.com/Bernadya-and-jkt48-percik-kecil-lyrics
Maisha Kanna,Strategi,dandan rapi dari kepala sampai kaki datang lebih awal siapa tahu kau terlalu pagi semua salah prediksi kau belum nampak di sini lewat puluh menit ku masih optimis wajar jika kau lambat kar na di luar gerimis ku tunggu di sini yang penting kau hati hati perihal nanti tenang ku paling ahli perihal maklum apa lagi kau terus hilang saja terus cari entah sampai kapan kau terus begini sampai detik ini bingung tak henti mengapa tingkah seperti tidak takut pergi apa ini supaya aku mundur sendiri jangan senang dulu usir sama susah seperti luluh coba saja bila kau mampu yakin tak akan mudah itu yakin tak akan mudah itu akan buat tak mudah itu perihal nanti tenang ku paling ahli perihal maklum apa lagi kau terus hilang saja terus cari mungkin kau gila namun ku jauh lebih apa ujung nanti satu yang pasti mereka yakin ku yang sakit kau terus hilang sampai ke ujung bumi tak akan tenang hidup telah kau pilih tuk pergi,https://images.genius.com/a6e12e5fc9beaa186f017504da6c2ee3.1000x1000x1.png,https://genius.com/Maisha-kanna-strategi-lyrics
Bernadya,Sinyal-Sinyal,dari tak jelas atau mungkin aku kurang cerdas kadang rasa seperti tak ada batas antara kita kadang olah tak saling kenal kau terbang aku tinggi tinggi jatuh lalu kau tinggal pergi siapa yang salah di sini atau mungkin ekspektasi memang tak boleh terlalu tinggi pre ingin henti harap namun tanpa tak lengkap mungkin tanda mungkin kau canda mungkin aku terlalu asa mungkin kau tak maksud tapi aku lanjur harap lebih bosan sudah dengan teka teki tebak tebak pun ku tak ahli tuk mulai tak ada nyali tuk akhir ku tak ingin kau lalu tanpa milik mungkin tanda mungkin kau canda mungkin aku terlalu asa mungkin kau tak maksud tapi aku lanjur harap lebih rendy pandugo mungkin suatu saat mungkin saat kita lebih dekat kita harus bicara mungkin juga kau hanya saat mungkin kau ada juga pikir hal rupa namun seperti hanya aku saja pre ingin henti harap namun tanpa tak lengkap mungkin tanda mungkin kau canda mungkin aku terlalu asa mungkin kau tak maksud tapi aku lanjur harap lebih rendy pandugo mungkin suatu saat mungkin saat kita lebih dekat kita harus bicara mungkin juga kau hanya saat mungkin kau ada juga pikir hal rupa namun seperti hanya aku saja,https://images.genius.com/f0df66ce587891e40515989290faa668.1000x1000x1.png,https://genius.com/Bernadya-sinyal-sinyal-lyrics
Bernadya,Terlintas,di kepala belum pejam mata akan di masa datang temu yang lama di kepala jelang lelap yang panjang akan semua yang nyawa pisah dan saling lupa lalu bagaimana akhir bagaimana akan kisah akhir bahagia lalu bagaimana ujung bagaimana s moga hanya bahagia yang akan asa di panjang sisa masa di kepala tinggal bintang bulan nyala semua pikir layang dan aku kini sendiri di kepala semua mungkin yang moga bahkan di pikir yang kacau kau tetap jadi bagi lalu bagaimana tanpa bagaimana akan kisah akhir bahagia lalu bagaimana ujung bagaimana s moga hanya bahagia yang akan asa di panjang sisa masa aku bagaimana tanpa bagaimana akan kisah akhir bahagia lalu bagaimana ujung bagaimana s moga hanya bahagia yang akan asa di panjang sisa masa outro di kepala,https://images.genius.com/f0df66ce587891e40515989290faa668.1000x1000x1.png,https://genius.com/Bernadya-terlintas-lyrics
JKT48,Percik Kecil (Theater Version),percik kecil theater version pernah kamu kaca diri mengapa kita bisa sampai jauh ini sudah ulang ribu kali kau kan ubah dulu kau pernah janji pre ada yang hilang tapi ku tak hilang ada yang kurang tapi ku kan biasa percik kecil redup sendiri seperti ada campur tangan semesta bagai bintang hilang tel pagi cerita selesai tanpa kita sadar topik politik paling tarik padahal kita belum bahas sampai habis jangan kau tanya ku juga sedih maaf ku sudah cukup lelah kali ini pre percik kecil redup sendiri seperti ada campur tangan semesta bagai bintang hilang tel pagi cerita pun selesai p rcik kecil redup s ndirinya seperti ada campur tangan semesta bagai bintang hilang tel pagi cerita selesai tanpa kita sadar outro la la la la la la la la la la la la la la la la la la la la la la la la la la la bagai bintang hilang tel pagi cerita selesai tanpa kita sadar,https://images.genius.com/1cc0b5fb65b4a34c97e85363a7a8b5ea.1000x1000x1.png,https://genius.com/Jkt48-percik-kecil-theater-version-lyrics
Bernadya,Apa Mungkin (Demo Version),apa mungkin demo version arung malam jaga kala semua telah benam kaca tanya apa ku buat salah kalaupun iya apa apakah besar itu hingga kau pergi tanpa aba aba bahkan tanpa alas hingga aku harus terka nerka salah di mana apa mungkin cara bicara apa mungkin cara tertawa apa mungkin dengkur saat tidur lelap atau mungkin kamu yang tak lagi cinta sampai sekarang dari ku belum ada yang ubah ku bisa salah maka itu jelas di mana letak yang tak kau suka apa mungkin cara bicara apa mungkin cara tertawa apa mungkin dengkur saat tidur lelap atau mungkin kamu yang tak lagi cinta sejak kapan semua ubah apa sejak kau lihat marah apa kar na lelucon itu itu saja atau memang kamu yang tak lagi cinta,https://images.genius.com/0670b34916daeecb67b813af9b425d1c.1000x1000x1.png,https://genius.com/Bernadya-apa-mungkin-demo-version-lyrics
Adrian Khalif,Sialan,dari ribu jalan di dunia mengapa papas temu dia ingin lari pergi tanpa kata sapa sudut mata hafal rupa pre lupa bahwa lupa tak mudah tapi itu senyum yang suka seperti sama tatap khas mata masih yang lama kau ajak bicara ketika kembali ku jatuh cinta dia sakit dan air mata sia sia juli kaisar dari begitu banyak manusia mengapa lagi lagi dia yang jumpa malam hangat tapi ku jaga rindu diri si pusat kecewa pre juli kaisar lupa bahwa lupa tak mudah tapi sangkut dia ku tak bisa juli kaisar seperti sama tatap khas mata masih yang lama kau ajak bicara ketika kembali ku jatuh cinta dia sakit dan air mata sia sia juli kaisar lesat tepat di titik lemah letak di hati hati ini baik tetap selalu ada singgasana tempat untuk juli kaisar seperti sama tatap khas mata masih yang lama kau ajak bicara ketika kembali ku jatuh cinta dia sakit dan air mata sia sia outro dari begitu banyak manusia mengapa lagi lagi hanya dia malam yang hangat tapi ku jaga hanya dia si pusat kecewa dari begitu banyak manusia mengapa lagi lagi hanya dia malam yang hangat tapi ku jaga hanya dia si pusat kecewa,https://images.genius.com/e16f3c41f9ecd5fad692f2b1197e5592.1000x1000x1.png,https://genius.com/Adrian-khalif-and-juicy-luicy-sialan-lyrics
Juicy Luicy,Tanpa Tergesa,jaga dulu jarak kita jika tak ingin akhir kau menang lagi jangan terlalu kau dekat jangan buat ikat coba kau rasa lagi pre mungkin kau dapat peran tapi hanya bagai bayang bayang saja jangan minta jatuh cinta luka lama ku juga belum reda beri dulu aku waktu untuk sembuh sendiri jangan minta jatuh cinta sakit belum masih rasa beri waktu hingga aku mampu lupa semua jangan terlalu kau dekat jangan buat ikat coba kau rasa lagi pre mungkin kau dapat peran tapi hanya bagai bayang bayang saja jangan minta jatuh cinta jatuh cinta luka lama ku juga belum reda beri dulu aku waktu untuk sembuh sendiri sembuh sendiri jangan minta jatuh cinta sakit belum masih rasa beri waktu hingga aku mampu lupa semua instrumental jangan minta jatuh cinta luka lama ku juga belum reda beri dulu aku waktu untuk sembuh sendiri bukan ku tak jatuh cinta lelah ulang salah yang sama ku ingin kita jalan cinta ku ingin kita ku ingin kita jalan cinta,https://images.genius.com/d8706567a7d5616b147547aaab247e32.300x300x1.jpg,https://genius.com/Juicy-luicy-tanpa-tergesa-lyrics
Juicy Luicy,Mawar Jingga,mengapa kita takdir jumpa padahal kita tak mungkin ke sana ke tuju sama temu di tengah tunggu yang tahu sia sia petik bunga mawar warna jingga hanya semata senyum kau buat tak sadar duri luka di akhir cinta tanpa tahu akibat di sana kau bahkan tak saat ingat ku yang selalu ingat di sana ku bukan yang utama di sana kau lihat bahagia petik bunga mawar warna jingga hanya semata senyum kau buat tak sadar duri luka di akhir cinta tanpa tahu akibat interlude di sana kau bahkan tak saat ingat ku yang selalu ingat di sana ku bukan yang utama di sana kau lihat bahagia outro angin bawa pergi air mata ini coba tahan namun tak henti alir tuk kau yang tak erti,https://images.genius.com/ff54662f80ace642b227772904c0b6e4.1000x1000x1.jpg,https://genius.com/Juicy-luicy-mawar-jingga-lyrics
Juicy Luicy,Malapetaka,intro kemelut di dalam hati tanya kata atau ku simpan baik timpal bila ku taruh semua walau ku hafal di luar kepala perangai mata bibir bibir tapi tetap tak bisa ku baca yang kau rasa pre tentang kita alah atau malah awal kisah bahagia teman s lama lama atau akan jadi bumerang dan kau beda biar lusa ku luka air turun dari mata kata yang benar ku ramal besok pagi kau hilang atau malah kau bilang bangun sayang gantung malam ini putus yang kau rasa pre tentang kita alah atau malah awal kisah bahagia teman s lama lama atau akan jadi bumerang dan kau beda biar lusa ku luka air turun dari mata kata yang benar mi re do re misal dia punya kasih tapi tak ada cincin di jari mi re do re minus dia bisa pergi tapi sampai kapan begini post teman s lama lama atau akan jadi bumerang dan kau ubah alah alih alih kau tak pilih sudah teman s lama lama atau akan jadi bumerang dan kau beda biar lusa ku luka esok juga ku lupa kata yang benar outro apakah kau suka atau kabar duka paling tidak ku lega apakah kau suka atau kabar duka paling tidak ku lega suka atau duka huu uhh apakah kau suka atau kabar duka paling tidak ku lega,https://images.genius.com/c9fcbccc30fec69349196bbadc7f3041.1000x1000x1.png,https://genius.com/Juicy-luicy-malapetaka-lyrics
Juicy Luicy,Lantas,lima hari sudah rindu tak bisa hubung kau sedang dengan diri sedang kita rahasia kapan kau ada waktu sembunyi untuk temu baru kau sapa ku sipu kau puji lupa amarahku karena kau paling tahu cara lemah hati bahwa tak ada yang pasti yang kau beri hanya mimpi mengapa ku masih taruh hati padahal ku tahu kau t lah ikat janji keliru atau bukan tak tahu lupa tapi ku tak mau baru kau sapa ku sipu kau puji lupa amarahku karena kau paling tahu cara lemah hati bahwa tak ada yang pasti yang kau beri hanya mimpi mengapa ku masih taruh hati padahal ku tahu kau t lah ikat janji keliru atau bukan tak tahu lupa tapi ku tak mau pantas aku simpan rasa cemburu padahal bukan aku yang milik sanggup sampai kapan ku tak tahu akan akal sehat sadar instrumental mengapa ku masih taruh hati padahal ku tahu kau t lah ikat janji keliru atau bukan tak tahu lupa tapi ku tak mau pantas aku simpan rasa cemburu padahal bukan aku yang milik sanggup sampai kapan ku tak tahu akan akal sehat sadar,https://images.genius.com/1a912b645879d7a2e86e4957970f458f.1000x1000x1.jpg,https://genius.com/Juicy-luicy-lantas-lyrics
Juicy Luicy,Lampu Kuning,barangkali hujan lebat susah sinyal lagi buat puluh mungkin tak sampai pesan lelah tidur atau memang sengaja kau abai tapi seperti ku lihat tadi dengan kemeja hitam andal benar atau bukan atau hanya dalam pikir rindu tak sampai mengapa ku tancap gas dan laju padahal telah ingat bahaya di depan hati hati kecewa kan tunggu lagu lama yang aku tahu kali ini apa lain dari yang kemarin tak mau dengar ingat benar atau bukan atau hanya dalam pikir benar yang kata orang mengapa ku tancap gas dan laju padahal telah ingat bahaya di depan hati hati kecewa kan tunggu lagu lama yang aku tahu jangan kata acuh belum jatuh tak jera dari dulu gelisah makan iya ku tahu itu mengapa ku tancap gas dan laju padahal telah ingat bahaya di depan hati hati kecewa kan tunggu sudah tahu hanya pihak rindu masih coba lempar dadu untung gegabah nomor satu paling paling menang seperti dulu lagu lama yang aku tahu outro lupa buta atau ku batu,https://images.genius.com/58fd6a70c3aa7feae5ceb6ff165e9eb5.592x592x1.webp,https://genius.com/Juicy-luicy-lampu-kuning-lyrics
Juicy Luicy,Tak Terbaca,telan dulu malam yang penuh rindu bungkam semua dalam hati kecil lewat ku di sela fikiranmu di lamun simpan kau di dalam mimpi indah karena kau tak datang dalam hidup jalan terima nyata kau yang tak sayang dengar cerita kau kini bahagia ku hanya bisa senyum dengar di dalam luka di luar pendam kecewa kau senang di sana simpan kau di dalam mimpi indah karena kau tak datang dalam hidup jalan terima nyata kau yang tak sayang dengar cerita kau kini bahagia walau gusar namun mau bilang apa di dalam luka di luar pendam kecewa kau senang di sana instrumental dengar cerita kau kini bahagia ku hanya bisa senyum dengar dengar cerita kau kini bahagia sayang bukan ku yang buat kau tertawa di dalam luka di luar pendam kecewa kau senang di sana,https://images.genius.com/40969a3afd67de43a3e59bbaa33ae91d.300x300x1.jpg,https://genius.com/Juicy-luicy-tak-terbaca-lyrics
Juicy Luicy,Terlalu Tinggi,ikat pada tali benang panjang agar ku bisa kau terbang jauh yang kamu mau angin kencang bawa senang dapat buat terbang jauh yang kamu mau pre dengan senang kau terbang aku di atas awan ku nikmat dua sisi indah terbang takut jatuh terlalu jauh makin tinggi makin jauh ku lihat apakah engkau genggam erat tarik aku lebih dekat post mohon jangan kau lepas ku angin kencang bawa senang dapat buat terbang jauh yang kamu mau pre dengan senang kau terbang aku di atas awan ku nikmat dua sisi indah terbang takut jatuh terlalu jauh makin tinggi makin jauh ku lihat apakah engkau genggam erat tarik aku lebih dekat post mohon jangan kau lepas ku instrumental oh di atas awan ku nikmat dua sisi indah terbang takut jatuh terlalu jauh makin tinggi makin jauh ku lihat apakah engkau genggam erat tarik aku lebih dekat post mohon jangan kau lepas mohon jangan kau lepas aku outro lepas aku,https://images.genius.com/0e604eb5e86a490df524d43beb71603e.300x300x1.jpg,https://genius.com/Juicy-luicy-terlalu-tinggi-lyrics
Juicy Luicy,Di Balik Layar,hapus semua bedak tak perlu gambar alis tenang ada aku satu gemar yang cinta lepas baju mahal tak perlu merah bibir tenang ada aku satu gemar yang cinta saat datang lelah datang pada dan sandar di bahu kiri di balik layar jika lusa ganti datang kembali sepi sembunyi dengan di balik layar bahkan pantul diri di cermin itu tak tahu tak pernah tahu kau juga luka lihat semua saat datang lelah datang pada dan sandar di bahu kiri di balik layar jika lusa ganti datang kembali sepi sembunyi dengan di balik layar instrumental saat datang lelah datang pada dan sandar di bahu kiri di balik layar jika lusa ganti datang kembali sepi sembunyi dengan di balik layar,https://images.genius.com/40969a3afd67de43a3e59bbaa33ae91d.300x300x1.jpg,https://genius.com/Juicy-luicy-di-balik-layar-lyrics
Juicy Luicy,Bukan Orangnya,lingkar kerap tanya mengapa ku tampak biasa biasa saja jalan hari dan tertawa apa lama ini ku tak benar cinta tak harus ku alir air mata untuk tunjuk derita dia tinggal ku ketika tak perlu ku terus terus tanya apa alas mungkin dia mengapa ku mudah terima apa lama ini ku tak benar cinta tak harus ku alir air mata untuk tunjuk derita dia tinggal ku ketika tak perlu ku terus terus tanya apa alas mungkin dia mungkin memang sudah waktu mungkin memang sudah waktu ooh walau kadangkala rindu sapa ada saat saat tak harus ku alir air mata untuk tunjuk derita dia tinggal ku ketika tak perlu terus terus tanya apa alas mungkin dia dansa bukan tanda ku bahagia kita raya saja sedih kan tak lama mungkin memang sudah waktu mungkin dia,https://images.genius.com/fdb5b93598cdedf9db499f7f2f6d1561.592x592x1.webp,https://genius.com/Juicy-luicy-bukan-orangnya-lyrics
Juicy Luicy,Tampar,entah sudah selasa yang ke berapa masih saja kau ada lekat di kepala hari ini janji esok mesti lupa tetapi hati tak tepat pre aku di pipi biar sadar dan ku erti hujan samar deras tutup air mata teman kecewa yang telah lama dosa kah ku doa minta kau luka dan tinggal diri hari ini janji esok mesti lupa tetapi hati tak tepat pre aku di pipi biar sadar dan ku erti hujan samar deras tutup air mata teman kecewa yang telah lama dosa kah ku doa minta kau luka dan tinggal diri bukan ku tak upaya usaha huu hujan samar deras tutup air mata teman kecewa yang telah lama dosa kah ku doa minta kau luka dan tinggal diri hujan samar deras tutup air mata tiga tahun tak asa masih kau yang ada bodoh yang benar outro aku di pipi sadar kau aku tak jadi,https://images.genius.com/1f16a2a9565a615e8736b4956c2b2fd9.592x592x1.webp,https://genius.com/Juicy-luicy-tampar-lyrics
Juicy Luicy,Elu-elukan,angin tolong tiup lebih kencang karena ku tak ingin mata merah lihat banyak orang siang bisa kan jalan sedikit lebih pelan ku lagi tak ingin rindu datang dan mimpi kau nanti malam pre lagu wangi dan jalan putar balik kenang padahal tahu kau tak ingat di waktu itu saat ku beranta sebab kau tinggal uu kau tak tau dalam hati terus rindu kau tak tau jahat jahat ku tetap selalu elu elu ada yang kurang tanpa ku tak tenang tak tenang apa kau tak ingin aku datang dan jemput nanti malam pre kenang sakit mesti giur padahal ku tau kau enggan dan tak ingat di waktu itu saat ku beranta sebab kau tinggal uu kau tak tau dalam hati terus rindu kau tak tau jahat jahat jahat jahat ku tetap selalu elu elu tangis tak mempan buat kau mau tak buat kau mau terlalu sakit lanjur pahit kata apa harus teriak terus minta maaf minta maaf mu terjang arus sampai ku haus demi buat ingat di waktu itu saat ku b rantakan sebab kau tinggal kau tinggal uu kau tak tau dalam hati terus terus rindu kau tak tau s jahat jahat ku tetap selalu s lalu elu elu outro elu elu,https://cdn.rri.co.id/berita/Palembang/o/1760679889456-%5BARTWORK%5D_Elu-elukan/f4aj80rmalhngrl.jpeg,https://genius.com/Juicy-luicy-elu-elukan-lyrics
Juicy Luicy,Segala-galanya,layak tato di tangan kiri baju lengan panjang buat tutup sampai kapan mau sembunyi dari ibu yang pasti patah hati salah yang terus ulang kunci dalam hati lipat rapi tapi kamu baik sekali ingin jujur tapi nanti kau pergi pre terus terang tak mudah tak bilang ku salah laku tuk jaga asa biar kau dalam gelap apa yang tak kau tahu tak mungkin sakit takut nanti kau tak siap kecewa dari diri yang engkau anggap istimewa tak semua bisa ku bagi ada yang mending hanya untuk sendiri hidup kan aku yang jalan tak semua orang bisa erti pre terus terang tak mudah tak bilang ku salah laku tuk jaga asa biar kau dalam gelap apa yang tak kau tahu tak mungkin sakit takut nanti kau tak siap kecewa dari diri yang engkau anggap istimewa apa kau marah apa tak masalah bila kau tahu biasa saja atau beda apa malah malapetaka ohh uhh ohh biar kau dalam gelap apa yang tak kau tahu tak mungkin sakit takut nanti kau tak siap kecewa dari diri yang kau anggap istim wa outro kau anggap,https://images.genius.com/fdb5b93598cdedf9db499f7f2f6d1561.592x592x1.webp,https://genius.com/Juicy-luicy-segala-galanya-lyrics
Juicy Luicy,Simak,mengapa ku ingat mata dan ucap yang sempat lama teman cerita tak bahas tentang tak arti ku lupa jejak jelas tinggal luka pre walaupun aku tahu tak hak untuk rindu bahagia meski tak sama percaya walau tak sapa erti tanpa harus bicara hidup dari jauh jadi teman saat kau rapuh ku akan ada kapan kau butuh post dan ingat janji kita bahagia tanpa sama tak bahas tentang tak arti ku lupa jejak jelas tinggal luka pre walaupun aku tahu tak hak untuk rindu bahagia meski tak sama percaya walau tak sapa erti tanpa harus bicara hidup dari jauh jadi teman saat kau rapuh ku akan ada kapan kau butuh ku tahu tampak tak mungkin lupa senyum yang kemarin tapi mau apa lagi kan nanti bisa bahagia meski tak sama percaya walau tak sapa erti tanpa harus bicara hidup dari jauh jadi teman jadi kawan saat kau rapuh ku akan ada kapan kau butuh kau butuh post dan ingat janji kita bahagia tanpa sama,https://images.genius.com/fdb5b93598cdedf9db499f7f2f6d1561.592x592x1.webp,https://genius.com/Juicy-luicy-simak-lyrics
Juicy Luicy,Asing,masih ungu muda warna langit yang paling engkau suka masih sering lupa mana letak kau simpan kacamata pre tanpa niat hafal semua masih saja aku ingat dahulu ku kenal paling semua tentang tertawa dengan mengapa kini ubah tak saling sapa lupa ku pernah sana masih kau yang sama guna tertawa buat tutup luka pre lagu yang kau putar tiap hari sekarang nikmat sendiri wo oh dahulu ku kenal paling semua tentang tertawa dengan mengapa kini ubah tak saling sapa lupa ku pernah sana kadang kau hadir lagi tapi di mimpi sedikit obat hati bangun pagi kau nya tak di sini oh ohh dahulu ku kenal paling uhh semua tentang tertawa dengan mengapa uhh mengapa kini ubah tak saling sapa lupa ku pernah sana outro dahulu aku yang paling kenal semua gemar oh mengapa kini ubah tak saling sapa lupa ku pernah sana lupa apa lupa kau benar,https://images.genius.com/71e0f9aa0a843ab5e78a356273ee6d85.592x592x1.webp,https://genius.com/Juicy-luicy-asing-lyrics
Juicy Luicy,Cuma Sama Kamu,aku tak malu dansa ku bisa cerita semua asap bis kota asa warna dan jalan raya serasa milik dua dalam hati kita tahu aku dan kamu tak mungkin bisa lama lama selagi kau di sini pegang yang kencang peluk dari belakang lindung dari angin malam ku tak butuh sandiwara lepas peran yang hari aku jaga lawak tak lucu buat tertawa bahagia bagai di lukis braga dalam hati kita tahu aku dan kamu tak mungkin bisa lama lama selagi kau di sini pegang yang kencang peluk dari belakang lindung dari angin malam instrumental break dalam hati kita tahu aku dan kamu tak mungkin bisa lama lama selagi kau di sini pegang yang kencang peluk dari belakang lindung dari angin malam outro janji jangan lepas kau tahu aku takut pisah,https://images.genius.com/fdb5b93598cdedf9db499f7f2f6d1561.592x592x1.webp,https://genius.com/Juicy-luicy-cuma-sama-kamu-lyrics
Juicy Luicy,Giliranku,sudah sering ku dapat bunga di akhir acara yang di lempar mereka tapi tak juga ada tanda teman teman sudah pada dua semua pre bilang tak apa sendiri saja padahal ku siksa aku ragu kau tahu yang ada di dalam hati kau tak tahu sepi di tengah malam tanya kapan di rumah saja malam minggu akan akan datang hari itu tapi masih ku begini saja teman teman seperti bahagia semua pre peluk yang hangat apa rasa tak tahu bagaimana aku ragu kau tahu yang ada di dalam hati kau tak tahu sepi di tengah malam tanya kapan di rumah saja malam minggu akan akan datang hari itu saat teman teman tengah kencan sungguh sepi malam aku ragu kau tahu yang ada di dalam hati kau tak tahu sepi di tengah malam tanya kapan di rumah saja malam minggu akan akan datang hari outro ada orang yang rindu marah karena cemburu tengkar terus panjang minggu lalu kembali rindu tanpa tamu di malam minggu di rumah saja dengan ibu sampai bosan aku lelah tunggu sampai kapan sampai,https://images.genius.com/fdb5b93598cdedf9db499f7f2f6d1561.592x592x1.webp,https://genius.com/Juicy-luicy-giliranku-lyrics
Juicy Luicy,Kembali Kesepian,ft adrian khalif tangan tak genggam dingin tak teman sudah lama ku sepi pahit lihat hidup sudah tak percaya akhir yang bahagia manusia kata cipta dua hidup di dunia pre lalu kau jadi hujan di musim panas yang panjang tapi kau tak ingin bukan ku yang kau sayang bukan bukan dalam ruang ramai ku diam lalu kembali kembali dalam ruang ramai ku diam lalu kembali kembali yeah say it s crazy adrian khalif pre lalu kau jadi hujan di musim panas yang panjang tapi kau tak ingin bukan ku yang kau sayang bukan oh oh oh dalam ruang ramai ku diam lalu kembali kembali dalam ruang ramai ku diam lalu kembali k mbali,https://images.genius.com/f6d1b7bcc05f0564a17badaf01b84d7b.1000x1000x1.jpg,https://genius.com/Juicy-luicy-kembali-kesepian-lyrics
Juicy Luicy,HAHAHA,saat kau senang ku pasti kau lupa saat tak tenang tebak siapa yang datang rindu kau bilang saat kau sepi lain kemarin lain sekarang pre cerita malam sama dengar walau tahan air mata ku tertawa padahal sakit benar bisa bisa kau anggap ku bahagia tak jelas ku kecewa lebih piawai dari raih piala citra jaga sampai kapan ku bisa pre kata tak ada yang seperti apa kau lupa siapa yang selalu ada ku tertawa padahal sakit benar bisa bisa kau anggap ku bahagia tak jelas ku kecewa pergi ku harus segera pergi tapi kau pikat aku lagi ku tertawa padahal sakit benar bisa bisa kau anggap ku bahagia tak jelas ku kecewa kuat kuat tak mungkin lama toh kita manusia bisa tak bisa ujung ku harus rela biarpun aku kecewa outro hahahahahahaha,https://images.genius.com/412e874df1b09d35ba2946eaaad51d59.592x592x1.webp,https://genius.com/Juicy-luicy-hahaha-lyrics
Juicy Luicy,Lagu Terakhir,ada waktu ku akan tulis lagi selain tentang diri namun sekarang hati masih untuk kau terus di pikir pre perlahan resap coba paham tak semua mimpi kan jadi ku harap lain hari bisa ku jatuh hati dan lepas pergi sudah tulis agar kau erti ribu lagu tentang asa biar biar biar ku nyanyi lagu akhir belum lupa biar lalu cerita tentang diri biar lalu malam malam yang biru sudah tak mau jatuh dalam lingkar tutup buku pre ku harap lain hari bisa ku jatuh hati dan lepas pergi sudah tulis agar kau erti ribu lagu tentang asa biar biar biar ku nyanyi belum ku lupa sudah tulis agar ku erti ribu lagu tentang asa biar biar biar kau nyanyi belum ku lupa sudah tulis agar kau erti ribu lagu tentang asa biar biar biar ku nyanyi belum ku lupa,https://images.genius.com/f6d1b7bcc05f0564a17badaf01b84d7b.1000x1000x1.jpg,https://genius.com/Juicy-luicy-lagu-terakhir-lyrics
Juicy Luicy,Siapa Tahu,mungkin kau masih tanya untuk apa simpan semua buku cerita yang engkau suka masih simpan di sana mungkin kau tak sangka masih nyanyi lagu kita lagu cinta yang pernah kita percaya itu tentang kita jauh jalan masih tunjuk arah pulang ke peluk apa simpan kan ada harap kau datang dulu kau bilang diri si hati sentimental kata sulit lupa jangan salah kau yang buat jauh jalan masih tunjuk arah pulang ke peluk apa simpan kan ada harap kau datang pabila kau lihat bintang yang benderang tanda ku ingat kau jauh jalan masih tunjuk arah pulang ke peluk apa simpan kan ada harap kau datang,https://images.genius.com/f6d1b7bcc05f0564a17badaf01b84d7b.1000x1000x1.jpg,https://genius.com/Juicy-luicy-siapa-tahu-lyrics
Juicy Luicy,Tanggung Jawab,siapa dia senyum di belakang kasih kah atau dar teman apakah ini alas kau hilang sudah bahagia lalu ku kau tinggal masih ingat saat kau menang dan adu sudah lupa saat kau kata hanya ada aku sudah ku jatuh cinta kau pergi nikmat tanggung jawab mana tega atau tak peka sempat atas angin kini kau bilang tak mungkin kau buat sedih ku makin apakah ini alas kau hilang sudah bahagia lalu ku kau tinggal masih ingat saat kau menang dan adu sudah lupa saat kau kata hanya ada aku sudah ku jatuh cinta kau pergi nikmat tanggung jawab mana tega atau tak peka sempat atas angin kini kau bilang tak mungkin kau buat sedih ku makin mana hati mana tanggung jawab mana sudah ku jatuh cinta kau pergi nikmat tanggung jawab mana tega atau tak peka sudah ku jatuh cinta kau pergi nikmat tanggung jawab mana tega atau tak peka sempat atas angin kini kau bilang tak mungkin kau buat sedih ku makin,https://images.genius.com/df350fb4771b3376afd94001390c1a61.1000x1000x1.webp,https://genius.com/Juicy-luicy-tanggung-jawab-lyrics
Juicy Luicy,Lagu Nikah,dari esok sampai lama kita buka mata sama lihat pagi yang beda dari arah terbit yang sama pre dingin malam akan sakit lagi ada teman lihat bintang kini telah sang ibunda kau jadi lanjut yang paksa terima baik buruk dengan tertawa pernah marah sebentar saja tiga hari paling lama tak semua hal sama selera karena beda lengkap kita pre jika luka tetap percaya lagi bukan pertama kita lewat ini telah sang ibunda kau jadi lanjut yang paksa terima baik buruk dengan tertawa telah beri tanda di pangkal jari manis siapa pun yang lena maaf aku dia sudah punya interlude telah sang ibunda kau jadi lanjut yang paksa terima baik buruk dengan tertawa telah beri tanda di pangkal jari manis siapa pun yang lena maaf aku dia sudah punya outro telah sang ibunda dan bapak beri restu,https://images.genius.com/e71d0409af0cc8594a7ce183b8447a3d.300x300x1.jpg,https://genius.com/Juicy-luicy-lagu-nikah-lyrics
Juicy Luicy,Jemari,akhir bahagia masih nanti bukan dar hangat angin harap di tengah mesra kau dan dia ku ada kau enggan janji tapi tak mau pergi ribu kata percuma cinta dalam aksara hadir sangat ku rindu kemari kasih jangan buat ku mimpi lalu hilang dan kau pergi ku tak butuh kata sayang yang hadir hanya lewat di tengah mesra kau dan dia ku ada kau enggan janji tapi tak mau pergi ribu kata percuma cinta dalam aksara hadir sangat ku rindu kemari kasih jangan buat ku mimpi lalu hilang dan kau pergi ku tak butuh kata sayang yang hadir hanya lewat bual tanda tanya bicara mana bukti jangan kata yang tiada kau rasa ribu kata percuma cinta dalam aksara hadir sangat ku rindu kemari kasih jangan buat ku mimpi lalu hilang dan kau pergi ku tak butuh kata sayang yang hadir hanya lewat,https://images.genius.com/f6d1b7bcc05f0564a17badaf01b84d7b.1000x1000x1.jpg,https://genius.com/Juicy-luicy-jemari-lyrics
Juicy Luicy,Sialan,intro dari ribu jalan di dunia mengapa papas temu dia ingin lari pergi tanpa kata sapa sudut mata hafal rupa pre lupa bahwa lupa tak mudah tapi itu senyum yang suka seperti sama tatap khas mata masih yang lama kau ajak bicara ketika kembali jatuh cinta dia sakit dan air mata sia sia dari begitu banyak manusia mengapa lagi lagi dia yang jumpa malam hangat tapi ku jaga rindu diri si pusat kecewa pre lupa bahwa lupa tak mudah tapi sangkut dia ku tak bisa seperti sama tatap khas mata masih yang lama kau ajak bicara ketika kembali ku jatuh cinta dia sakit dan air mata sia sia lesat tepat di titik lemah letak di hati hati ini baik tetap selalu ada singgasana tempat untuk seperti sama tatap khas mata masih yang lama kau ajak bicara ketika kembali ku jatuh cinta dia sakit dan air mata sia sia outro dari begitu banyak manusia mengapa lagi lagi hanya dia malam yang hangat tapi ku jaga hanya dia si pusat kecewa dari begitu banyak manusia mengapa lagi lagi hanya dia malam yang hangat tapi ku jaga rindu dia si pusat kecewa,https://images.genius.com/02e43efa1755e0925c5ac30bbea427d3.1000x1000x1.jpg,https://genius.com/Juicy-luicy-sialan-lyrics
Juicy Luicy,Sayangnya,malam lebih dingin dari biasa apa mungkin karena ku belum dapat terima kata kau utara beda dengan laju kapal yang arah tenggara pre tak lagi wajib kabar bukan bagi lagi hidup sendiri sendiri semua tak jalan sedang tahan bukan satu pilih kita hanya bisa kenang nikmat hujan lebih indah dari nyata kata kau utara beda dengan laju kapal yang arah tenggara uhh uh pre tak lagi wajib kabar bukan bagi lagi hidup sendiri sendiri semua tak jalan sedang tahan bukan satu pilih kita hanya bisa kenang nikmat hujan lebih indah dari nyata ooh tak lagi wajib kabar hidup sendiri sendiri semua tak jalan sedang tahan bukan satu pilih kita hanya bisa m ngenang nikmat hujan lebih indah dari k nyata semua tak jalan sedang tahan bukan satu pilih kita hanya bisa bisa kenang uh uhh nikmat hujan lebih indah dari nyata,https://images.genius.com/f095b210dd63c72ef490597a3f079648.592x592x1.webp,https://genius.com/Juicy-luicy-sayangnya-lyrics
Juicy Luicy,Insya Allah,apa ada cara buat ku cabut jantung hati paling tidak bulan ini biar tak ingat sakit tahun lalu kau tinggal bangun pagi beritahu ku ini semua mimpi tapi sayang ini nonfiksi mau tak mau harus ku hadap tak bisa lari tambah usia tak hilang juga masih asa sakit karena dia sampai kapan tak tahu juga entah apa mau tuhan buat jatuh cinta tak daya hanya mau lihat luas langit di balik jendela malas dansa pergi ke pesta makin keras coba lupa makin tak lupa senyum akhir temu buat makin tak mampu tambah usia tak hilang juga masih asa sakit karena dia sampai kapan tak tahu juga entah apa mau tuhan buat jatuh cinta tambah usia tak hilang juga masih asa sakit karena dia sampai kapan tak tahu juga entah apa mau tuhan buat cinta outro esok lupa tapi tak tahu juga,https://images.genius.com/0eea4bc60681ce5a11b5036036b2a215.592x592x1.webp,https://genius.com/Juicy-luicy-insya-allah-lyrics
Juicy Luicy,H-5,jumpa belum kau ikat cinta dalam lengan kau ikrar lama masih ada akan yang belum selesai cinta yang tengah jalan begitu saja hilang pre kau kata kita tak jalan dan tak bisa lupa aku sayang malam malam kita yang masih kau genggam di hati yang dalam senyum dengan air mata ribu kata bahagia jangan tanya anggap ini air mata bahagia kali lima sedih saat ku tahu dan untuk apa tak ubah semua pre kau kata kita tak jalan dan tak bisa lupa aku sayang malam malam kita yang masih kau genggam di hati yang dalam senyum dengan air mata ribu kata bahagia jangan tanya anggap ini air mata bahagia tak cukup lima hari tak cukup lima hari untuk siap hati ini waktu pergi ini waktu pergi lupa aku sayang malam malam kita yang masih kau genggam di hati yang dalam senyum dengan air mata ribu kata bahagia jangan tanya anggap ini air mata bahagia lupa aku sayang malam malam kita yang masih kau genggam di hati yang dalam s nyum dengan air mata ribu kata bahagia jangan tanya anggap ini air mata bahagia outro b rjumpa belum kau ikat cinta,https://images.genius.com/2e73005e99d96b110dca574b9f5b3435.1000x1000x1.jpg,https://genius.com/Juicy-luicy-h-5-lyrics
Juicy Luicy,Tak Di Tanganku,juli kaisar malam kita sudah beda enam jam lebih cepat bulan ku tiba kau masih senang di luar ku sudah tenang kamar cerita siapa yang dengar rindu kita tengkar pre juli kaisar terang sana cepat sini gelap ku masih tidur lelap hanya bisa harap engkau sana baik baik saja siapa yang jadi bahu saat kau perlu menang luka di payung rindu apa ada yang bisa ambil peran jaga diri yang kini mawar de jongh juli kaisar pagi kita juga beda enam jam lebih lama hangat tiba ku baru buka mata buka mata kau sudah makan dua makan dua gelisah siapa yang tanya rindu kita sama pre juli kaisar mawar de jongh terang sini cepat sana cepat sana gelap sini gelap kau masih tidur dengan lelap lelap hanya bisa harap engkau sana baik baik saja siapa yang jadi bahu saat kau perlu menang luka di payung rindu apa ada yang bisa ambil peran jaga diri yang kini haaaa haaaa aaa tapi tak perlu cemas aku dan tanya tanya siapa yang jadi bahu saat kau perlu menang luka di payung rindu apa ada yang bisa ambil peran jaga diri yang kini aku rindu kamu rindu tapi tak bisa temu aku rindu kamu rindu yang kini tak tang outro mimpi kita temu,https://images.genius.com/cfcd68ba27517ba0c3b0c929eed0622c.554x554x1.jpg,https://genius.com/Juicy-luicy-and-mawar-de-jongh-tak-di-tanganku-lyrics
Juicy Luicy,Aku Cinta Dia Yang Cinta Pacarnya,rambut yang lembut terus belai belai belai belai tangan genggam jalan dua mesra tapi bukan tapi bukan tapi bukan sama aku aku cinta dia aku cinta dia aku cinta dia aku cinta dia satu sisi kata moga kau dan dia tak bahagia sisi lain kata ingat ada karma jika benar benar cinta doa dia bahagia aku cinta dia aku cinta dia aku cinta dia aku cinta dia walau tak dengan dan senyum ini palsu tapi demi cinta sejati ku usaha turut bahagia aku cinta dia aku cinta dia aku cinta dia aku cinta dia jika bahagia jika bahagia jika bahagia tanpa balas tak jadi masalah tak jadi masalah lama kau kuat tahan sakit aku cinta dia aku cinta dia aku cinta dia apa ada apa ada,https://images.genius.com/6b1707a9d37443fc169f45052e446b29.800x800x1.jpg,https://genius.com/Juicy-luicy-aku-cinta-dia-yang-cinta-pacarnya-lyrics
Sheryl Sheinafia,Sweet Talk,when i m up late and lonely when i m just down to hop know what i want to hear from you when the doubt pull me under and i need to recover know what i want to hear from you pre say baby say to me the word that keep me goin yeah i know you know em say baby say to me the word to make me heal i love the way they feel you give me some of that some of that sweet you give me some of that some of that sweet say it again cause i need it sound so good know you mean it some of that some of that sweet to me rizky febian when my conscience be break and it fear that i m face know what i wan na hear from you when the cloud fill the sky up know what i can rely on know what i wan na hear from you pre rizky febian say baby say to me the word that keep me goin yeah i know you know em say baby say to me the word to make me heal i love the way they feel rizky febian you give me some of that some of that sweet you give me some of that some of that sweet say it again cause i need it sound so good know you mean it some of that some of that sweet to me chandra liow i m feelin so stuck gridlock gim me some of that uh i ve be up all night gettin so blue but here come you to the rescue how do you do it imma dead lock get ta figure it out imma be like sherlock wait i don t need to know you don t need to show and just keep em word flow oh i love oh i love that baby gim me some of that oh i love oh i love that no i can t get enough of that baby yeah you know me oh i love oh i love that rizky febian you give me some of that some of that sweet sweet you give me some of that some of that hey sweet say it again cause i need it cause i need it sound so good know you mean it mean it some of that some of that sweet to me give it to me outro rizky febian oh i love oh i love you know that i need it that baby give it to me oh i love oh i love you know that i need it that no i can t get enough of that baby oh i love oh i love that,https://images.genius.com/609187bd025e7d392d2d0d8d67a271cd.600x600x1.jpg,https://genius.com/Sheryl-sheinafia-sweet-talk-lyrics
Rizky Febian,Alamak,ulah siapa yang bisa buat begini gila ini bahagia apa derita langit lagi bagus bagus tapi bagi biasa saja dia buat kesima pre adrian khalif sapa tak berani cium apalagi mata pundak lutut kaki gemetar ku diri kalau sampai milik tak mau tidur lagi alamat malah nanti kau pergi adrian rizky kalau ada sembilan nyawa mau sama saja semua ini dada isi kamu semua ini jatuh cinta adrian apa kamu sayang apa khayal cubit aku sekarang buat mabuk kepayang ketika pingsan mana nafas buat can i see you for a mute boleh aku visit see your mom and dad aku pamit kalau memang naga naga kau kenan berangkat sekarang pre rizky sapa tak berani cium apalagi mata pundak lutut kaki gemetar ku diri kalau sampai milik tak mau tidur lagi alamat malah nanti kau pergi adrian rizky rizky kalau ada sembilan nyawa jatuh cinta mau sama saja semua ini dada isi kamu semua tanda tanda di dada tanda tanda di dada ini jatuh cinta adrian rizky adrian rizky minimal kau bilang bila kau tak sayang hm biar tahan asa jadi henti kau tatap kar na ku tak kuat tak kuat tak kuat tak kuat harap adrian rizky adrian kalau ada sembilan nyawa mau sama saja s mua coba buka isi kamu semua oh gawat ini jatuh cinta kalau ada sembilan nyawa mau sama saja semua langit kalah m mpesona tak mau yang lain lain ini dada isi kamu semua ini jatuh cinta outro gila naga naga ku telah jatuh cinta ini jatuh cinta,https://images.genius.com/740abf57b35a713f85fa689684f1209f.1000x1000x1.png,https://genius.com/Rizky-febian-and-adrian-khalif-alamak-lyrics
Rizky Febian,Cukup Tau,sungguh percuma saja ku cinta tapi tak cinta gerak tubuh olah kata tak cinta pada dan tak suka pada aku pun mulai pikir ku sakit hati dan mulai ku rasa tanam dalam diri tak usah ku dekat lagi ku tak mau lagi tak mau lagi sama kasih tanam dalam diri tak usah ku ganggu kamu lagi ku tak mau lagi tak mau lagi sayang gerak tubuh olah kata tak cinta pada dan tak suka pada aku pun mulai pikir ku sakit hati dan mulai ku rasa tanam dalam diri tak usah ku dekat lagi ku tak mau lagi tak mau lagi sama kasih tanam dalam diri tak usah ku ganggu kamu lagi ku tak mau lagi tak mau lagi sayang interlude tanam dalam diri tak usah ku dekat lagi ku tak mau lagi tak mau lagi sama kasih tanam dalam diri tak usah ku ganggu kamu lagi ku tak mau lagi tak mau lagi sayang tanam dalam diri tak usah ku dekat lagi ku tak mau lagi tak mau lagi sama kasih tanam dalam diri tak usah ku ganggu kamu lagi ku tak mau lagi tak mau lagi sayang,https://images.genius.com/2ed87ed7411d9a30acc50da9329a53eb.170x170x1.jpg,https://genius.com/Rizky-febian-cukup-tau-lyrics
Rizky Febian,Berpisah Itu Mudah,rizky febrian makan di resto enak baca di sudut paling tenang tonton tunjuk musik telurusuri jalan dari malam hingga pagi mikha tambayong kita pernah lama sama semua titik di kota ini adalah kita walau kau putus untuk pergi cerita kita tetap kan abadi rizky febrian mikha tambayong percaya sayang tak ada kamu hidup aku mampu namun hapus semua kenang kita adalah hal yang paling sulit untuk rizky febrian mikha tambayong simpan baju sayang tutup album foto ku rapat rapat buang buku buku puisi ganti semua dekorasi rizky febrian mikha tambayong semua hal yang coba lupa selalu ujung pada semua tempat yang aku datang selalu ada kamu rizky febrian mikha tambayong kamu lagi kamu kamu lagi kamu lagi rizky febrian mikha tambayong percaya sayang tak ada kamu hidup aku mampu namun hapus semua kenang kita adalah hal yang paling sulit untuk rizky febrian mikha tambayong percaya sayang tak ada kamu hidup aku mampu namun hapus semua kenang kita adalah hal yang paling sulit adalah hal yang paling sebal adalah hal yang paling susah untuk,https://images.genius.com/295ba3dd019843dc30b33cfd8c34be4e.600x600x1.png,https://genius.com/Rizky-febian-berpisah-itu-mudah-lyrics
Rizky Febian,Indah Pada Waktunya,dalam harap dan ingin kau ada di sana di tiap langkah dan mimpi kau ada di sana mungkin suatu saat nanti kau dan aku sama dua kita jalin kasih dalam satu ikat cinta oh tuhan tolong jaga diri di sana aku sini kan tunggu hingga diri dan diri oh tuhan tolong jaga diri di sana aku sini kan tunggu hingga diri dan diri aisyah aziz kau hasrat dan cinta kau segala izin diri sama kerna sungguh rindu dekap janji setia dua kita jalin kasih dalam satu ikat cinta aisyah aziz oh tuhan tolong jaga diri di sana aku sini kan tunggu hingga diri dan diri oh tuhan tolong jaga diri di sana aku sini kan tunggu hingga diri dan diri meski ku dan diri pisah jarak dan waktu namun yakin diri hanya untuk aisyah aziz tak perlu kau ragu kasih yakin cinta kita kan abadi dan aisyah aziz oh tuhan tolong jaga diri sana aku sini kan tunggu hingga diri dan diri indah pda waktu oh tuhan tolong jaga diri sana aku sini kan tunggu hingga diri dan diri hingga diri dan diri,https://images.genius.com/a7fcd65db1986785ac508bbf88430e09.1000x1000x1.jpg,https://genius.com/Rizky-febian-indah-pada-waktunya-lyrics
Rizky Febian,Ragu,kau tanya dengan rasa berapa besar cinta pada akan selalu jawab semua ragu kan bukti semua pada pre tak perlu kau lagi cukup jalan dan rasa oh oh my lady cukup kau di samping sempurna langkah tuk susur waktu cukup kau di samping jalan sama pasti kau bahagia kau tanya dengan rasa berapa besar cinta pada akan selalu jawab semua ragu kan bukti semua pada pre tak perlu kau lagi cukup jalan dan rasa oh oh my lady cukup kau di samping sempurna langkah tuk susur waktu cukup kau di samping jalan sama pasti kau bahagia don t you know i love you lady don t you know you make me crazy oh my lady you re my lady don t you know don t you know you re the part of my life baby oh my lady cukup kau di samping sempurna langkah tuk susur waktu cukup kau di samping jalan sama pasti kau bahagia outro baby don t you know my lady don t you know how much i love you don t you know my lady don t you know my lady don t you know how much i love you,https://images.genius.com/0513e4e6a584108333f512b15aaed0b1.1000x1000x1.jpg,https://genius.com/Rizky-febian-ragu-lyrics
Rizky Febian,Penantian Berharga,dahulu kita biasa selalu tunggu terus tunggu harap datang orang untuk lengkap kisah hidup ini terlalu sulit lang tuk temu yang selalu nanti hingga kita pun jumpa tiada lagi alas untuk tunda akhir kita sama telah nanti lama moga selalu jaga waktu telah bicara nanti tak sia sia karena kau yang kini ada sangat harga tahan di sendiri telah tuntun temu tanpa ragu aku ikan semua rasa cinta yang simpan lama nanti lama ini tak buat jera tetap harap ku yakin orang kan datang kepada genggam tangan akhir kita sama telah nanti lama moga selalu jaga waktu telah bicara nanti tak sia sia karena kau yang kini ada sangat harga harga nanti sangat harga nanti akhir kita sama telah nanti lama moga selalu jaga waktu telah bicara nanti tak sia sia karena kau yang kini ada sangat harga,https://images.genius.com/054d335382e14f653744e8271d71134c.1000x1000x1.png,https://genius.com/Rizky-febian-penantian-berharga-lyrics
Marion Jola,Tak Ingin Pisah Lagi,marion rizky kata bila kau ragu pada genggam jemari lang sama lagi lupa saja semua yang t lah lalu cinta hari ini bukan cinta yang dulu lagi both sanggup kau dan aku mulai kembali rangkai hati yang hancur keping keping sanggup kau janji tuk tetap sini jaga hati bila kembali maaf bila sempat kau kecewa kepada perih yang kita rasa kini dewasa hati both sanggup kau dan aku mulai kembali rangkai hati yang hancur keping keping sanggup kau janji tuk tetap sini jaga hati bila kembali marion both wahai pintu hati buka lagi dengar janji andai badai datang lagi dan apa pun yang jadi tak ingin pisah both sanggup kau dan aku mulai kembali rangkai hati yang hancur keping keping sanggup kau janji tuk tetap sini jaga hati bila kembali tak ingin pisah bila kembali tak ingin pisah bila kembali tak ingin pisah bila kembali,https://images.genius.com/0cc82fc094191454d1f8b9b54316e16e.1000x1000x1.png,https://genius.com/Marion-jola-tak-ingin-pisah-lagi-lyrics
Rizky Febian,Cuek,kadang ku kesal dengan sikap yang s lalu tanya mana perhati mungkin kau tak pernah rasa apa yang laku di tiap korban pre s lalu jadi yang kau mau jaga di tiap saat tapi kau tak lihat mana ada aku apalagi tidak mikirin kamu tiap pagi malam ku s lalu pikir kamu buka pintu hati agar kau tau isi hati semua juang tuju pada mungkin kau tak pernah rasa apa yang laku di tiap korban pre s lalu jadi yang kau mau jaga di tiap saat tapi kau tak lihat mana ada aku apalagi tidak mikirin kamu tiap pagi malam ku s lalu pikir kamu buka pintu hati agar kau tau isi hati semua juang tuju pada post oh oh oh oh oh oh oh oh oh oh oh oh oh oh oh oh mungkin kau tak rasa yang t lah ku lihat rasa ingin ku milik jangan kau rasa bahwa ku hanya main main tolong dengar mana ada aku apalagi tidak mikirin kamu tiap pagi malam ku slalu pikir kamu buka pintu hati agar kau tau isi hati semua juang tuju pada buka pintu hati izin ku rayu buka pintu hati jangan ragu buka pintu hati izin ku rayu buka pintu hati jangan ragu mana ada aku apalagi tidak mikirin kamu tiap pagi malam ku slalu pikir kamu buka pintu hati agar kau tau isi hati semua juang tuju pada,https://images.genius.com/5c204758e6550d917575fa6ed46b8764.544x544x1.jpg,https://genius.com/Rizky-febian-cuek-lyrics
Rizky Febian,Kesempurnaan Cinta,kau dan aku cipta oleh waktu hanya untuk saling cinta mungkin kita takdir sama rajut kasih jalin cinta ada peluk ajar apa arti nyaman dua sama ajar apa arti nyaman kau dan aku cipta oleh waktu hanya untuk saling cinta mungkin kita takdir bersamame rajut kasih jalin cinta ada peluk ajar apa arti nyaman dua sama ajar apa arti nyaman tak pernah bayang oleh bila kau tinggal aku hancur hati musnah harap sayang ada peluk ajar apa arti nyaman ada peluk ajar apa arti nyaman dua sama ajar apa arti nyaman,https://images.genius.com/d7083c1eaa88040a1aa803b98322dedb.1000x1000x1.jpg,https://genius.com/Rizky-febian-kesempurnaan-cinta-lyrics
Rizky Febian,Menari,salah bila ku cinta salah bila semua selalu tentang izin agar sampai tahu walau kau dengan pre harus diam tahan semua rasa ingin kau dengar apa yang rasa sama teman hingga akhir waktu jalan sama kau pasti kan bahagia teman diri di tiap jalan cinta sama teman hingga akhir waktu jalan sama tak ada yang lama tapi aku kan ada di tiap jalan cinta lihat diri ini untuk kali ini tak bisa milik rela semua mohon kepada di hidup baru izin ku jadi takdir sama teman hingga akhir waktu jalan sama kau pasti kan bahagia teman diri sama teman hingga akhir waktu jalan sama tak ada yang lama tapi aku kan ada di tiap jalan cinta vocalizing sama teman hingga akhir waktu jalan sama di hidup baru izin ku jadi takdir,https://images.genius.com/0513e4e6a584108333f512b15aaed0b1.1000x1000x1.jpg,https://genius.com/Rizky-febian-menari-lyrics
Rizky Febian,Malam Rawan,di malam hangat langit pun kelabu samar rasa tanpa hadir enggan rasa tuk coba hubung mu takut hati makin rindu diam dan tak bisa kata hati dan rasa tak sama di sadar diri indah tak cukup sekali pikir salah meski kau banyak hati yang puja sadar tak begitu mudah kau bintang di tiap mata apakah milik hanya angan semata angin bisik antar senyum mu lepas kendali ku sipu diam dan tak bisa kata hati dan rasa tak sama di sadar diri indah tak cukup sekali pikir salah meski kau banyak hati yang puja sadar tak begitu mudah kau bintang di tiap mata apakah milik hanya angan semata sadar diri indah tak cukup sekali pikir salah meski kau banyak hati yang puja sadar tak begitu mudah kau bintang di tiap mata apakah milik hanya angan semata sadar diri indah tak cukup sekali pikir salah meski kau banyak hati yang puja sadar tak begitu mudah kau bintang di tiap mata apakah milik hanya angan semata malam malam di jam rawan malam malam di jam rawan malam malam di jam rawan malam malam di jam rawan malam malam di jam rawan malam malam di jam rawan,https://images.genius.com/769d679a9662346bc11bcb66226fbfd3.640x640x1.jpg,https://genius.com/Rizky-febian-malam-rawan-lyrics
Rizky Febian,Nona,intro jangan tunggu lama lama tuk bisa ungkap semua yang tunggu adalah jawab paras alih perhati pada hanya diri yang buat tanya tanya ingin dekat hanya pada jangan tunggu lama lama tuk bisa ungkap semua yang tunggu adalah jawab jujur selalu nanti jawab dari diri hanya satu kata iya iya hanya pada yang buat tanya tanya ingin dekat hanya pada jangan tunggu lama lama tuk bisa ungkap semua yang tunggu adalah jawab jujur selalu nanti jawab dari diri hanya satu kata iya iya sungguh hanya diri buat terpana hanya kau damba hanya kau yang tunggu kan selalu tunggu jangan tunggu lama lama tuk bisa ungkap semua yang tunggu adalah jawab jujur selalu nanti jawab dari diri hanya satu kata iya iya outro jangan tunggu lama lama hanya satu kata iya jangan tunggu lama lama hanya satu kata iya,https://images.genius.com/0513e4e6a584108333f512b15aaed0b1.1000x1000x1.jpg,https://genius.com/Rizky-febian-nona-lyrics
Rizky Febian,Terlukis Indah,semenjak pertama ku jumpa dengan ada rasa yang beda tatap wajah tanpa ragu ragu ku mulai sipu oh oh ini cinta pertama bagi diri ini wu wu uh tak ada yang bisa ganti semua rasa ini pada ku mulai rasa rasa cinta cinta yang tumbuh di tiap saat kuluk buah kisah yang nyata agar semua tak akhir kini kita sama dan mulai semua dan yakin hati kita dua oh ini cinta pertama bagi diri ini wu uh uh tak ada yang bisa ganti semua rasa ini pada ku mulai rasa rasa cinta cinta yang tumbuh di tiap saat kuluk buah kisah yang nyata agar semua tak akhir ku mulai rasa rasa cinta cinta yang tumbuh di tiap saat kuluk semua kisah yang nyata agar semua tak akhir ku yakin kau tahu bahwa kau s gala ku pun rasa janji janji pada diri tuk s lama s lama rasa cinta cinta yang tumbuh di tiap saat kuluk buah kisah yang nyata agar semua tak akhir semua kisah kau dan aku akan s lalu satu dan yakin hati kita dua semua kisah kau dan aku akan s lalu satu dan yakin hati kita dua,https://images.genius.com/d116f0b9f088af24f9947f4320f6bec9.1000x1000x1.jpg,https://genius.com/Rizky-febian-and-ziva-magnolya-terlukis-indah-lyrics
Rizky Febian,Makna Cinta,pagi hari sapa dengan indah ku senyum lihat kau masih lelah sudah dengan bagai cara agar tak lewat hari yang indah pre banyak hal yang tlah kita lewat di tiap hari dengan ku erti arti cinta arti cinta sungguh tumbuh di tiap saat dan erti yang abadi kan jaga cinta ini sudah dengan bagai cara agar tak lewat hari yang indah pre banyak hal yang tlah kita lewat di tiap hari dengan ku erti arti cinta arti cinta sungguh tumbuh di tiap saat dan erti yang abadi kan jaga cinta ini kita di temu oleh cinta kita tak saling ingkar janji kita saling lengkap hingga tua nanti dengan ku erti arti cinta arti cinta sungguh tumbuh di tiap saat dan m ngerti yang abadi kan jaga cinta ini dengan ku meng rti arti cinta arti cinta sungguh tumbuh di tiap saat dan erti yang abadi kan jaga cinta ini,https://images.genius.com/67f5f6fe209ace751f622e975fc11315.1000x1000x1.jpg,https://genius.com/Rizky-febian-makna-cinta-lyrics
Rizky Febian,Mantra Cinta,sama sama saja mantra cinta tak kerja hati ini juga ingin cinta yang bisa puja diri u u u agung hidup u u u rekah senyum u u u sama sama saja mantra cinta tak kerja hati ini juga ingin cinta yang bisa puja diri u u u agung hidup u u u rekah senyum u u u interlude na na na na na na na na na nana oh na na na na na na nana oh na na na na na na na na na nana oh na na na na na na nana oh ulang ulang aku coba ku gagal lagi ku gagal lagi terus terus aku cari tapi i i i sama sama saja mantra cinta tak kerja hati ini juga ingin cinta yang bisa puja diri u u u agung hidup u u u rekah senyum u u u mana dia agung hidup diri u u u ingin cinta yang bisa puja diri agung hidup u u u rekah senyum u u u mana dia agung hidup diri u u u ingin cinta yang bisa puja diri agung hidup u u u rekah senyum u u u mana dia,https://images.genius.com/4753154645657dabc803e83d13c4d9df.1000x1000x1.jpg,https://genius.com/Rizky-febian-mantra-cinta-lyrics
Rizky Febian,Hargai Cinta,harga apa yang kau milik saat ini detik ini lihat semua pada sepenuh jangan ragu bukan sekadar milik atau dar jalan bukti kepada sayang laku itu sekarang jangan sampai kau lambat jadi sia sia sayang laku itu sekarang jangan sampai kau lambat jadi sia sia temu cinta hati temu tunjuk bukan dar milik atau dar jalan bukti kepada sayang laku itu sekarang jangan sampai kau lambat jadi sia sia sayang laku itu sekarang jangan sampai kau lambat jadi sia sia tak banyak hal yang aku minta cukup yakin di hati aku milik jaga cinta ini dan tahan cinta untuk laku itu sekarang sayang laku itu sekarang jangan sampai kau lambat jadi sia sia jadi sia sia sayang laku itu sekarang laku itu jangan sampai kau lambat jadi sia sia sayang laku itu sekarang laku sekarang jangan sampai kau lambat jangan sampai kau lambat jadi sia sia sayang laku itu sekarang laku sekarang jangan sampai kau lambat kau sepenuh untuk,https://images.genius.com/30b3adca541e7fb8938e7f49c3a31077.1000x1000x1.png,https://genius.com/Rizky-febian-hargai-cinta-lyrics
Rizky Febian,I’m Not Ready For Another Love,intro i m not ready for another love not ready for another love yang lalu terkadang renung rindu masa lalu selalu ikut kenang pre cukup jauh ku bawa bawa oleh cinta ingin ku rasa yang dulu pernah ada ku rindu ku rindu ku rindu semua tentang kamu yang mau yang mau yang mau untuk putar kembali ingin lupa tapi hati kata tak bisa kenang selalu sama t rus ikut pre cukup jauh ku bawa bawa oleh cinta ingin ku rasa yang dulu pernah ada ku rindu ku rindu ku rindu semua tentang kamu yang mau yang mau yang mau untuk putar kembali semua tentang yang buat rindu semua tentang yang buat rindu yang buat rindu tak bisa lupa ku rindu ku rindu i m not ready ku rindu semua tentang kamu for another love yang mau yang mau yang mau yang mau untuk putar kembali vocalizing,https://images.genius.com/0513e4e6a584108333f512b15aaed0b1.1000x1000x1.jpg,https://genius.com/Rizky-febian-im-not-ready-for-another-love-lyrics
Rizky Febian,Keseriusan,intro untuk apa bilang cinta bila tiada ketika mula percaya akan cinta kau tega dan acuh ku pun mulai rasa arti nyaman kau pergi dan tinggal pre tapi mengapa hati ini selalu sedih ku rasa cinta ini sia sia ku tak lihat di hati cinta yang tulus kepada sungguh sedih ku tak lihat ada wajah di mimpi saat kau mulai sapa sungguh sedih ketika mula percaya akan cinta kau pergi dan tinggal pre tapi mengapa hati ini selalu sedih ku rasa cinta ini sia sia ku tak lihat di hati cinta yang tulus kepada sungguh sedih ku tak lihat ada wajah di mimpi saat kau mulai sapa sungguh sedih kata kata bila pabila kau tak cinta jangan jangan buat harap harap cinta ku tak lihat ku tak lihat di hati cinta yang tulus kepada sungguh sedih ku tak lihat ku tak lihat ada wajah di mimpi ada bayang saat kau mulai sapa sungguh sedih ku tak lihat ku tak lihat ada di hati sungguh sedih ku tak lihat ku tak lihat ada bayang di mimpi sungguh sedih outro sedih sungguh aku sedih untuk apa bilang cinta bila tiada untuk apa bilang cinta bila tiada,https://images.genius.com/0513e4e6a584108333f512b15aaed0b1.1000x1000x1.jpg,https://genius.com/Rizky-febian-keseriusan-lyrics
Rizky Febian,Senandung Bahagia,senandung kata yang ucap mulai bicara lewat nada ingat ke masa masa di sudut kota penuh harap kita sua rakit kisah yang indah jalan dua jenak lupa bising dunia kau beri irama bahagia tak mau tahu orang kata apa dunia dan isi milik kita ingat ke masa masa di sudut kota penuh harap kita sua luk cinta jalan dua jenak lupa bising dunia kau beri irama bahagia tak mau tahu orang kata apa dunia dan isi milik kita oh gambar semua pun hitam dunia putih hati di jiwa yang ku lihat jenak lupa bising dunia kau beri irama bahagia tak mau tahu orang kata apa dunia dan isi milik kita outro hati gumam irama dan bahagia rakit indah kisah kita lama,https://images.genius.com/58fd1f6ea3e0f51bdaf1179a27c91648.1000x1000x1.png,https://genius.com/Rizky-febian-senandung-bahagia-lyrics
Rizky Febian,Bahasa Cinta,intro di dalam kamus cinta tak pernah butuh kata kata cinta tutup saja dua telinga biar hati rasa tak perlu kau layang kata tuk bisa jelas juta makna guna hati untuk bicara dan gambar getar getar yang ada kasih di dalam kamus cinta tak pernah butuh kata kata cinta tutup saja dua telinga biar hati rasa buat apa bibir paksa kata apa yang tak kau rasa biar asmara ada tak ketika dan buat kau tak daya serta selalu harus antar oleh kata kata kasih di dalam kamus cinta tak pernah butuh kata kata cinta tutup saja dua telinga biar hati rasa percaya pada bahwa jatuh tenggelam sama larut dalam indah cinta tanpa ada sirat jiwa kau rangkai mahligai cinta kasih di dalam kamus cinta tak pernah butuh kata kata cinta tutup saja dua telinga biar hati rasa kasih di dalam kamus cinta tak pernah butuh kata kata cinta tutup saja dua telinga biar hati rasa outro bukti bila cinta bukan sekadar kata larut dalam indah cinta bukti bila cinta bukan sekadar kata biar hati rasa bukti bila cinta bukan sekadar kata dalam kamus kita bicara bahasa,https://images.genius.com/0513e4e6a584108333f512b15aaed0b1.1000x1000x1.jpg,https://genius.com/Rizky-febian-bahasa-cinta-lyrics
Rizky Febian,Reuni,telah kita pisah tuk sekian lama akhir bisa temu kembali walau ku lihat engkau sipu malu untuk dekat pada pre ingin ulang kenang itu indah saat sama apa daya kau sudah sama mungkin hanya buah bagi namun bagi hanya awal saja untuk mulai cerita kita yang baru temu kembali walau hanya sebentar kita sama namun jujur bagi sangat arti pre ingin ulang kenang itu indah saat sama apa daya kau sudah sama mungkin hanya buah bagi namun bagi hanya awal saja untuk mulai cerita kita yang baru mungkin hanya buah bagi namun bagi hanya awal saja untuk mulai cerita kita yang baru tak mungkin lupa cerita indah dua sudah simpan itu semua tuk kenang lama mungkin hanya buah bagi namun bagi hanya awal saja untuk mulai cerita kita yang baru mungkin hanya buah bagi namun bagi hanya awal saja untuk mulai cerita kita yang baru mungkin hanya buah bagi namun bagi hanya awal saja untuk mulai cerita kita yang baru,https://images.genius.com/0513e4e6a584108333f512b15aaed0b1.1000x1000x1.jpg,https://genius.com/Rizky-febian-reuni-lyrics
Rizky Febian,Tak Lagi Sama,ketika rasa cinta tak lagi sempurna kadang hilang arah ingin ku tetap tahan dan tetap jalan hari demi hari pre apa yang kau rasa bagaimana kau tolak rasa ini akan tetap sama aku kan tahan cinta bukan tentang asa tapi janji yang ucap ucap makna cinta aku kan tahan cinta bukan tentang asa tapi janji yang ucap ucap makna cinta ingin ku tetap tahan dan tetap jalan hari demi hari pre apa yang kan kau rasa bagaimana kau tolak rasa ini akan tetap sama aku kan tahan cinta bukan tentang asa tapi janji yang ucap tapi janji yang ucap ucap makna cinta aku kan tahan bukan tentang asa cinta bukan tentang asa tapi janji yang ucap tapi janji yang ucap ucap makna cinta hari demi hari rasa kan tetap sama aku kan tahan cinta bukan tentang asa tapi janji yang ucap ucap makna cinta aku kan tahan cinta bukan tentang asa tapi janji yang ucap janji yang tak ucap ucap makna cinta ucap makna cinta aku kan tahan cinta bukan tentang asa tapi janji yang ucap ucap makna cinta janji yang tak ucap ucap makna cinta ucap makna cinta,https://images.genius.com/1030d2bfaa9b2ed745574663274b4abf.640x640x1.jpg,https://genius.com/Rizky-febian-tak-lagi-sama-lyrics
Rizky Febian,Pergi Menjauh,terkadang ingin rayu ingin rindu tapi asa ku akan tinggal ku hilang tuk jauh pre rasa ini telah hilang rindu ini telah hilang dan kau pun jauh hapus segala yang telah engkau janji dan kau pun jauh hapus segala yang telah engkau janji tapi nyata kau pergi tinggal ku hilang tuk jauh pre rasa ini telah hilang rindu ini telah hilang terus hilang dan jauh dan kau pun jauh hapus segala yang telah engkau janji dan kau pun jauh hapus segala yang telah engkau janji mengapa kau tega campak diri mengapa kau tega campak diri kau pun jauh hapus segala yang telah engkau janji dan kau pun jauh hapus segala yang telah engkau janji outro kau akan tinggal kau akan tinggal hapus segala yang telah engkau janji hilang kau pergi tinggal mengapa kau tega hilang kau pergi tinggal mengapa kau tega,https://images.genius.com/0513e4e6a584108333f512b15aaed0b1.1000x1000x1.jpg,https://genius.com/Rizky-febian-pergi-menjauh-lyrics
Rizky Febian,Hanya Engkau,semenjak kita jumpa hati bunga harum yang telah lama ku nanti ada pre dari semua yang pernah ada hanya kau yang jadi segala yang sayang yang kan jaga lama hanya kau yang cinta jangan engkau pergi sayang jangan engkau pernah tinggal diri hanya kau yang buat jatuh cinta sekian lama sama ku masih bunga dari semua yang pernah ada hanya kau yang jadi segala yang sayang yang kan jaga lama hanya kau yang cinta jangan engkau pergi sayang jangan engkau pernah tinggal diri hanya kau yang buat temu cinta tetap kau di sini tuk teman teman hingga akhir waktu nanti ingin kau ada di hati yang sayang yang kan jaga lama hanya kau yang cinta yang sayang yang kan jaga lama hanya kau yang cinta jangan engkau pergi sayang jangan engkau pernah tinggal diri hanya kau yang buat hanya kau yang buat diri hanya kau yang buat jatuh cinta,https://images.genius.com/0513e4e6a584108333f512b15aaed0b1.1000x1000x1.jpg,https://genius.com/Rizky-febian-hanya-engkau-lyrics
Lyon,Delusi,ft rizky febian onadio leonardo bawa ku di sini hanyut ke dalam sepi terpana oleh cinta entah sampai kapan mampu ku tahan harapakan diri paling lagi pada ego di antara dua manusia biasa onad rizky febian lama waktu masih ada ku tetap jaga rasa yang telah nyata bagai pelita di jiwa dan bahkan akhir fana tari ku di dalam mimpi hingga akhir nanti dua kan sama saat biar ku nikmat rizky purnama lewat kau tak kunjung kembali terpa dalam memori hilang rizky still i m longing still i m waiting still i m hoping for the warm you give me still i m yearning still i m living still i m dreaming for your arms to hold me onad rizky lama waktu masih ada ku tetap jaga rasa yang telah nyata bagai pelita di jiwa dan bahkan akhir fana tari ku di dalam mimpi hingga akhir nanti dua kan sama saat biar ku nikmat,https://images.genius.com/13673733430034da7f91e047fcb68b1c.1000x1000x1.jpg,https://genius.com/Lyon-delusi-lyrics
Rizky Febian,Aminlah Bersamaku,alas pilih bukan karena cinta semata lain ku ikut hati ini ku sadar akan hadir sembuh sepi hati yakin kau sama hanya diri tuju akhir ku yakin kau jalan akhir ku akan janji kepada dan aku akan buat bahagia lama sedih sirna setia sama jalan kisah dua ingat janji ku sadar akan hadir sembuh sepi dihatiu ku yakin kan sama hanya diri tuju akhir ku yakin kau jalan akhir ku akan janji kepada dan aku akan buat bahagia lama sedih sirna setia sama jalan kisah dua ingat janji aku akan janji kepada dan aku akan buat bahagia lama sedih sirna setia sama jalan kisah dua ingat janji amin b rsamaku,https://images.genius.com/e1b9d41946b6ceb983da14b82584ceb4.1000x1000x1.jpg,https://genius.com/Rizky-febian-aminlah-bersamaku-lyrics
Rizky Febian,You’re Mine,ku tak sangka akan hadir kini tuk lengkap kisah indah yang kan ukir begitu juga yang rasa kini hilang sepi yang tlah lama nanti nanti akan kah diri untuk ku akan kah diri untuk dua kita kan satu takdir cinta akan tuntun i just wanna you be mine just to be the one oohhh hold my hand until i close my eyes i wanna be in your life always by my side till that i die ku tak sangka akan hadir kini hilang sepi yang tlah lama nanti nanti akan kah diri untuk ku akan kah diri untuk dua kita kan satu takdir cinta akan tuntun i just wanna you be mine just to be the one you re mine oohhh hold my hand until i close my eyes i wanna be in your life always by my side till that i die bukti semua pada kan bukti semua pada genggam janji kan jaga hati untumu hoooo i just wanna you be mine just to be the one you re mine oohhh hold my hand until i close my eyes i wanna be in your life always by my side till that i die i wanna be in your life by my side till that i die you re mine,https://images.genius.com/a2deb2c33fd7327b589f68fe0cbcfa84.1000x1000x1.jpg,https://genius.com/Rizky-febian-youre-mine-lyrics
Rizky Febian,Hingga Tua Bersama,ini kisah cinta yang aku sesal kini kau tinggal diri ku tahu ini semua salah yang slalu buat luka maaf sayang dengar janji lama jantung ini detak ku akan slalu jaga hingga akhir waktu lama nafas ini hembus tak akan ada cinta yang lain ku mohon kembali dalam peluk lihat diri tanpa maaf sayang dengar janji lama jantung ini detak ku akan slalu jaga hingga akhir waktu lama nafas ini hembus tak akan ada cinta yang lain hati ini tak mungkin tanpa cinta yang begitu tulus cinta lama jantung ini detak ku akan slalu jaga hingga akhir waktu lama nafas ini hembus tak akan ada cinta yang lain ku akan slalu jaga hingga akhir waktu lama nafas ini hembus tak akan ada cinta yang lain tak akan ada cinta yang lain,https://images.genius.com/769d679a9662346bc11bcb66226fbfd3.640x640x1.jpg,https://genius.com/Rizky-febian-hingga-tua-bersama-lyrics
Rizky Febian,Ribuan Hati,telah aku singgah yang masih saja sulit tuk ku temu hingga hati lelah dengan semua karna sulit ku temu untung nya hati ini kau datang isi di saat gundah saat tak tentu arah gelisah yang rasa sulit tuk menalani hari hari lewat hingga sadar rasa sepi lalu kau datang goda dan goda akan tau lemah dan ku jatuh luluh tak daya kau lempar senyum dan ubah semua jadi lebih indah ku jatuh di peluk,https://images.genius.com/0fd82b37b52d37f990cbf233244b55d9.1000x1000x1.jpg,https://genius.com/Rizky-febian-ribuan-hati-lyrics
Rizky Febian,Romansa,intro pagi sambut mentari ku kena baju favorit siap tuk jalan hari hangat senyum yang tunggu tak sabar diri basboi basboi here bro lekas aku gegas gigi satu tancap gas pake mobil atau motor let you know girl ku berangkat kantor bolak balik liat arloji waktu asa lambat omg tak sabar aku pulang tak sabar aku sayang tak akan lama lagi kita akan sulang yeeeaa kita dua kan jadi cerita kala kita tua tak lupa lampu lampu di kota jadi saksi kita tak pernah dua tak dusta basboi aku tak bisa lupa aku ingat semua seluruh detail bahkan sampai hal kecil pesan makan malam jumlah bintang malam itu semua bait tiap lagu everything that we listen to now i hope that you listen to me bae bae ini tak mudah you will fight fight dari manis manis sampai nanti pait pait let s go kita b rdua kan jadi cerita kala kita tua tak t rlupa lampu lampu di kota jadi saksi kita tak pernah dua tak dusta outro basboi tak lupa tak dusta,https://images.genius.com/5aaf7a4d499d5f71ac9a38a430739a66.640x640x1.jpg,https://genius.com/Rizky-febian-romansa-lyrics
Rizky Febian,Melawan Demi Dunia,mungkin tak banyak bicara cukup kita laku wujud semua harap kita kita tak ingin ini semua jadi dan dampak besar kepada kita pre sungguh menang iring dengan sabar mari kita semua saling peduli demi negeri kita percaya kita kan bukti percaya kita kan takluk dunia harap jadi nyata impi kan wujud karena kita bisa percaya kita kan bukti percaya kita kan takluk dunia harap jadi nyata impi kan wujud karena kita bisa kita kuat hadap semua tegar ketika jatuh kita bisa lawan dunia hilang dari dunia percaya kita kan bukti percaya kita kan takluk dunia harap jadi nyata impi kan wujud percaya kita kan bukti percaya kita kan takluk dunia harap jadi nyata impi kan wujud karena kita bisa percaya kita kan bukti percaya kita kan takluk dunia harap jadi nyata impi kan wujud karena kita bisa outro kita bisa lawan demi dunia kita bisa hilang dari dunia,https://images.genius.com/19b26773b19aaa26aa8cd989100210bf.300x300x1.jpg,https://genius.com/Rizky-febian-melawan-demi-dunia-lyrics
Mahalini,Buru-Buru,antara mentari pagi hari ini sanding dilema di hati kau hantu dengan rayu pre kau puja pesona yang kan pudar iring waktu jangan kan pikir dulu tuk hidup jadi milik nanti kan ada waktu sayang kata iya pada akan diri terima ada ketika mula mutih rambut masih kau hantu dengan rayu pre kau puja pesona yang kan pudar iring waktu jangan kan pikir dulu tuk hidup jadi milik nanti kan ada waktu sayang kata iya pada jangan buang waktu bila kau masih masih ragu yakin kau yang aku mau cinta untuk lama jangan kan pikir dulu tuk hidup jadi milik nanti kan ada waktu sayang kata iya jangan kau kan pikir dulu tuk hidup jadi milik nanti kan ada waktu sayang kata iya pada,https://images.genius.com/f1a1dccdf21902e33f97014edf4a20e7.1000x1000x1.png,https://genius.com/Mahalini-buru-buru-lyrics
Rizky Febian,Pepatah,sekian lama ku sendiri hampa hati pun asa ingin hati milik ku ingat kata cinta sejati kan datang di waktu yang tidak tepat lalu kau datang pada lempar senyum manis buat hati ku pikat pesona ku buat slalu kan ku bukti semua pada dengar isi hati aku tak minta apa apa ku ingin kau slalu tani teman lah dan lengkap ruang waktu yang kan jadi saksi ku ingat kata cinta sejati kan datang di waktu yang tidak tepat lalu kau datang pada lempar senyum manis buat hati ku pikat pesona ku buat slalu kan bukti semua pada dengar isi hati aku tak minta apa apa ku ingin kau slalu tani teman lah dan lengkap ruang waktu yang kan jadi saksi aku tak minta apa apa ku ingin kau slalu tani teman lah dan lengkap ruang waktu yang kan jadi saksi,https://images.genius.com/7d32eeff7947890570274718b7b64c50.1000x1000x1.jpg,https://genius.com/Rizky-febian-pepatah-lyrics
Rizky Febian,Bermuara,mm m mm bagai derai hujan hapus semua jejak seluruh hal kelam yang sedih kau ganti senyum lukis khayal susun cerita masa depan bisik rayu rayu raya bahagia sayang jalan kita kan layar labuh tuju yang sama di abadi bagai derai hujan hapus semua jejak seluruh hal kelam yang sedih kau ganti senyum lukis khayal susun cerita masa depan bisik rayu rayu raya bahagia sayang jalan kita kan layar labuh tuju yang sama di abadi sayang jalan kita kan layar labuh tuju yang sama tenang peluk tempat pulang sayang jalan kita kan layar labuh tuju yang sama di k abadi sayang jalan kita kan layar labuh tuju yang sama p luk tempat pulang,https://images.genius.com/769d679a9662346bc11bcb66226fbfd3.640x640x1.jpg,https://genius.com/Rizky-febian-and-mahalini-bermuara-lyrics
Rizky Febian (feat. Ost. Kata),Merelakan,hal sulit ketika kau ucap selamat tinggal di hadap ku pun ragu akan asa sanggup ka diri ini tak lagi dengan kau harus terima semua karena ada dan kau hak bahagia coba pergi kali ini meski kita tak lagi sama tapi kita selalu bahagia oh oh kau harus terima semua karena ada dan kau hak bahagia coba pergi kali ini meski kita tak lagi sama tapi kita selalu bahagia coba pergi kali ini meski kita tak lagi sama tapi kita selalu bahagia oh oh woah,https://images.genius.com/44098a84b9278f1901796423b3ff3c9f.640x640x1.jpg,https://genius.com/Rizky-febian-feat-ost-kata-merelakan-lyrics
Rizky Febian,Kata,na na na na na na na na na na na na na na na na na na na na na na na saat pagi datang senyum mu rebut pikir saat siang tiba bayang bagai teduh jiwa tumpuk hanya bisa ku urai dalam serpih kertas yang pana yakin rasa dan percaya hadap dengan sepenuh hati tuhan tak pernah keliru beri anugerah cinta pada hamba karena buah cinta pasti datang ada makna dan tuju na na na na na na na na na na na na na na na na na na na na na na tumpuk hanya bisa ku urai dalam serpih kertas yang pena yakin rasa dan percaya hadap dengan sepenuh hati tuhan tak pernah keliru beri anugerah cinta pada hamba karena buah cinta pasti datang ada makna dan tuju tuhan tak pernah keliru m mberikan anugerah cinta pada hamba karena s buah cinta datang pasti ada makna dan tuju na na na na na na na na na na na na na na na na na na na na na na,https://images.genius.com/769d679a9662346bc11bcb66226fbfd3.640x640x1.jpg,https://genius.com/Rizky-febian-kata-lyrics
