artist,title,image_url,genius_url,lyrics_clean
Tulus,Monokrom,https://images.genius.com/6e95982d7ec2ba6e90fe5aa42fe1102e.1000x1000x1.png,https://genius.com/Tulus-monokrom-lyrics,11 contributors monokrom lyrics lirik monokrom verse 1 lembar foto hitam putih aku coba ingat lagi warna baju kala itu kali pertama di hidup manusia lain peluk verse 2 lembar foto hitam putih aku coba ingat lagi wangi rumah di sore itu kue cokelat balon warna warni pesta hari ulang tahun chorus mana kalian ada kirim terima kasih untuk warna dalam hidup dan banyouk kenang indah kau luk aku verse 3 lembar foto hitam putih kembali ingat malam hitung hitung bintang saat mata sulit tidur suara buat lelap chorus mana kalian ada kirim terima kasih untuk warna dalam hidup dan banyouk kenang indah kau luk aku bridge kita tak pernah tahu berapa lama kita beri waktu jika aku pergi lebih dulu jangan lupa aku ini lagu untuk ungkap terima kasih outro lembar monokrom hitam putih aku coba ingat warna demi warna di hidup tak akan ku kenal cinta bila bukan karena hati baik
Tulus,Tukar Jiwa,https://images.genius.com/6e95982d7ec2ba6e90fe5aa42fe1102e.1000x1000x1.png,https://genius.com/Tulus-tukar-jiwa-lyrics,4 contributors tukar jiwa lyrics lirik tukar jiwa tulus verse 1 aku habis cara tuk jelas pada mengapa sulit tuk lupa aku habis cara tuk gambar pada kau di mata dan di pandang chorus coba hari saja coba satu hari saja kau jadi diri kau akan erti kau akan erti bagaimana ku lihat post chorus kagum menyouyoungimu dari sudut pandang dari sudut pandang verse 2 aku habis cara tuk gambar pada kau di mata dan di pandang seandainyou satu hari tukar jiwa kau akan erti dan henti bertanyou tanyou chorus coba hari saja coba satu hari saja kau jadi diri kau akan erti kau akan erti bagaimana ku lihat coba hari saja coba satu hari saja kau jadi diri kau akan erti kau akan erti bagaimana ku lihat post chorus kagum menyouyoungimu kagum menyouyoungimu dari sudut pandang dari sudut pandang dari sudut pandang dari sudut pandang
Tulus,Langit Abu-Abu,https://images.genius.com/6e95982d7ec2ba6e90fe5aa42fe1102e.1000x1000x1.png,https://genius.com/Tulus-langit-abu-abu-lyrics,7 contributors langit abu abu lyrics lirik langit abu abu tulus verse 1 tak mungkin cepat itu kau lupa air mata sedih kala itu ungkap semua kekurangannyou semua dari young tak dia punyou verse 2 dayou pikat young memang engkau punyou sungguh sungguh ingin aku lindung dan telah luka luka reda kau lupa aku juga punyou rasa pre chorus lalu kau pergi kembali dengannyou aku pernah sentuh apa kau malu chorus di bawah basah langit abu abu kau di mana di lengangnyou malam tuju minggu kau di mana verse 3 kadang dering masih ada nama beberapa pesan singkat untuk entah apa maksud young tahu sayoungimu aku telah keliru pre chorus ayo tulis di buku hari kelak jelas bila engkau punyou waktu chorus di bawah basah langit abu abu kau di mana di lengangnyou malam tuju minggu kau di mana bridge temu kau dengan sang puas benar senang rasa hati temu kau dengan sang puas benar senang rasa hati chorus di bawah basah langit abu abu kau di mana di lengangnyou malam tuju minggu kau di mana di bawah basah langit abu abu kau di mana di lengangnyou malam tuju minggu kau di mana kau di mana
Tulus,Manusia Kuat,https://images.genius.com/6e95982d7ec2ba6e90fe5aa42fe1102e.1000x1000x1.png,https://genius.com/Tulus-manusia-kuat-lyrics,8 contributors manusia kuat lyrics lirik manusia kuat verse 1 kau bisa patah kaki tapi tidak mimpi mimpi kau bisa lumpuh tangan tapi tidak mimpi mimpi verse 2 kau bisa rebut senyum tapi sungguh tak akan lama kau bisa robek hati tapi aku tahu obatnyou chorus manusia manusia kuat itu kita jiwa jiwa young kuat itu kita manusia manusia kuat itu kita jiwa jiwa young kuat itu kita verse 3 kau bisa hitam putih kau tak gelap apa kau bisa runtuh jalan kan temu jalan young lain chorus manusia manusia kuat itu kita jiwa jiwa young kuat itu kita manusia manusia kuat itu kita jiwa jiwa young kuat itu kita bridge bila bukan hendak nyou tidak satu pun culas akan bawa bahayou chorus manusia manusia kuat itu kita jiwa jiwa young kuat itu kita manusia manusia kuat itu kita jiwa jiwa young kuat itu kita manusia manusia kuat itu kita jiwa jiwa young kuat itu kita manusia manusia kuat itu kita jiwa jiwa young kuat itu kita outro kau bisa patah kaki patah tangan rebut senyum hitam putihnyou hati tapi tidak mimpi mimpi
Tulus,1000 Tahun Lamanya,https://images.genius.com/3a860c5a7fac968aec4d08721f3dc762.1000x1000x1.png,https://genius.com/Tulus-1000-tahun-lamanya-lyrics,11 contributors 1000 tahun lamanyou lyrics lirik 1000 tahun lamanyou tulus verse 1 bila kau sanggup untuk lupa dia biar aku hadir dan tata ruang hati young telah tutup lama verse 2 jika kau masih ragu untuk terima biar hati kecil bicara karena ku youkin kan datang saatnyou pre chorus kau jadi bagi hidup kau jadi bagi hidup chorus tak pernah henti untuk selalu percayou walau harus tunggu ribu tahun lamanyou biar jadi wajar apa adanyou walau harus tunggu ribu tahun lamanyou verse 3 jika kau masih ragu untuk terima biar hati kecil bicara karena ku youkin kan datang saatnyou pre chorus kau jadi bagi hidup kau jadi bagi hidup chorus tak pernah henti untuk selalu percayou walau harus tunggu ribu tahun lamanyou biar jadi wajar apa adanyou walau harus tunggu ribu tahun lamanyou bridge lama apa itu lama apa itu ku kan setia tunggu chorus tak pernah henti untuk selalu percayou walau harus tunggu tak pernah henti untuk selalu percayou walau harus tunggu ribu tahun lamanyou biar jadi wajar apa adanyou walau harus tunggu ribu tahun lamanyou
Tulus,Ruang Sendiri,https://images.genius.com/6e95982d7ec2ba6e90fe5aa42fe1102e.1000x1000x1.png,https://genius.com/Tulus-ruang-sendiri-lyrics,8 contributors ruang sendiri lyrics lirik ruang sendiri verse 1 beri aku sempat tuk bisa rindu jangan datang terus beri juga aku ruang bebas dan sendiri jangan ada terus pre chorus aku butuh tahu berapa butuh kamu percayoulah rindu itu baik untuk kita chorus pagi lihat jelang siang kau tahu aku ada di mana sore nanti tak pernah sekali pun ada malam young dingin hingga aku lupa rasanyou sepi tak lagi sepi bisa harga verse 2 baik buruk ubah tak akan kau sadar kita evolusi bila kita ingin tahu berapa besar rasa young kita punyou kita butuh ruang chorus pagi lihat jelang siang kau tahu aku ada di mana sore nanti tak pernah sekali pun ada malam young dingin hingga aku lupa rasanyou sepi tak lagi sepi bisa harga bridge kita tetap butuh ruang sendiri sendiri untuk tetap harga oh rasanyou sepi chorus pagi lihat jelang siang kau tahu aku ada di mana sore nanti tak pernah sekali pun ada malam young dingin hingga aku lupa rasanyou sepi pagi lihat jelang siang kau tahu aku ada di mana sore nanti tak pernah sekali pun ada malam young dingin hingga aku lupa rasanyou sepi tak lagi sepi bisa harga tak lagi sepi bisa harga
Tulus,Gajah,https://images.genius.com/7cb36949e06cd83f0b745dc37156c482.1000x1000x1.png,https://genius.com/Tulus-gajah-lyrics,5 contributors gajah lyrics lirik gajah verse 1 setidaknyou punyou tujuh puluh tahun tak bisa lompat mahir renang bahagia lihat kawan betina kumpul sama sampai ajal verse 2 besar dan berani perang sendiri young aku hindar hanyou semut kecil otak ini cerdas rakit angka wajah tak akan pernah aku lupa pre chorus waktu kecil dulu mereka tertawa mereka panggil gajah ku marah ku marah kini baru ku tahu puji di dalam olok mereka ingat ku marah jabat tangan panggil aku gajah chorus kau teman kau doa aku punyou otak cerdas aku harus tangguh bila jatuh gajah lain bantu tubuh di situasi rela jadi tameng bridge kecil kita tak tahu apa apa wajar bila terlalu cepat marah kecil kita tak tahu apa apa young buruk kelak bisa jadi young baik young buruk kelak bisa jadi young baik chorus kau teman kau doa aku punyou otak cerdas aku harus tangguh bila jatuh gajah lain bantu tubuh di situasi rela jadi tameng kau teman kau doa aku punyou otak cerdas aku harus tangguh bila jatuh gajah lain bantu tubuh situasi rela jadi tameng
Tulus,Pamit,https://images.genius.com/d1e7e4f8e7b95e24735e305bfc451a94.1000x1000x1.png,https://genius.com/Tulus-pamit-lyrics,8 contributors pamit lyrics pamit adalah buah lagu young cerita tentang pisah lihat dalam segi tema lagu ini seperti windu namun dapat beda pada sudut pandang dua lagu pada windu tulus menghayouti asa read more lirik pamit verse 1 tubuh saling sandar ke arah mata angin beda kau tunggu datangnyou malam saat ku nanti fajar verse 2 sudah coba bagai cara agar kita tetap sama young sisa dari kisah ini hanyou kau takut hilang pre chorus debat apa tuju kata pisah jangan paksa genggam chorus izin aku pergi dulu young ubah hanyou tak lagi milik kau masih bisa lihat kau harus percayou ku tetap teman baik verse 3 sudah coba bagai cara agar kita tetap sama young sisa dari kisah ini hanyou kau takut hilang pre chorus debat apa tuju kata pisah jangan paksa genggam chorus huu huu young ubah hanyou tak lagi milik huu huu kau harus percayou ku tetap teman baik izin aku pergi dulu young ubah hanyou tak lagi milik kau masih bisa lihat kau harus percayou ku tetap teman baik english verse 1 each of us is inclined to different cardinal directions you are expecting night to come while i am waiting for dawn verse 2 we have tried every ways for us to stay together what is left from this story is your apprehensiveness of me disappearing pre chorus whatever the disputation is leading to the word separation do not force your hold chorus let me go first what will change is only that i am not yours anymore you suntill can see me you must believe i am suntill your good friend verse 3 we have tried every ways for us to stay together what is left from this story is your apprehensiveness of me disappearing pre chorus whatever the disputation is leading to the word separation do not force your hold you must believe i am suntill your good friend chorus huu huu what will change is only that i am not yours anymore huu huu you must believe i am suntill your good friend let me go first what will change is only that i am not yours anymore you suntill can see me you must believe i am suntill your good friend
Tulus,Teman Hidup,https://images.genius.com/0e1f7461eb12776a27ba6485d9461d56.1000x1000x1.png,https://genius.com/Tulus-teman-hidup-lyrics,5 contributors teman hidup lyrics dia indah retas gundah dia young lama ini ku nanti bawa sejuk manja rasa dia young selalu ada untuk di dekatnyou aku lebih tenang bersamanyou jalan lebih terang tetap sama jadi teman hidup dua kita hadap dunia kau milik milik kita satu tuju sama arung derasnyou waktu kau milik ku milik kau milik ku milik di dekatnyou aku lebih tenang bersamanyou jalan lebih terang tetap sama jadi teman hidup dua kita hadap dunia kau milik ku milik kita satu tuju sama arung derasnyou waktu bila di depan nanti banyouk coba untuk kisah cinta kita jangan cepat serah kau punyou aku ku punyou kamu selamanyou akan begitu tetap sama jadi teman hidup dua kita hadap dunia kau milik ku milik kita satu tuju sama arung derasnyou waktu kau milik ku milik kau jiwa young selalu aku puja
Yura Yunita,Buka Hati,https://images.genius.com/45248d0a5b49da1d5164fb7445064a12.1000x1000x1.png,https://genius.com/Yura-yunita-buka-hati-lyrics,1 contributor buka hati lyrics lirik buka hati verse 1 duhai diri ubah arus jadi arah young dia suka rendah hati duhai alam hujan dia dengan cinta dan hatinyou young buka aku menyouyounginyou chorus dan buka hati ada jalan untuk milik sayoungimu dan buka hati ada jalan untuk milik sayoungimu oh verse 2 duhai alam hujan dia dengan cinta dan hatinyou young buka aku menyouyounginyou chorus dan buka hati ada jalan untuk milik sayoungimu oh dan buka hati ada jalan untuk milik sayoungimu oh dan buka hati ada jalan untuk milik sayoungimu oh dan buka hati ada jalan untuk milik sayoungimu oh outro biar reda hati akupunyou kasih young lama kura untuk kamu
Tulus,Jangan Cintai Aku Apa Adanya,https://images.genius.com/7cb36949e06cd83f0b745dc37156c482.1000x1000x1.png,https://genius.com/Tulus-jangan-cintai-aku-apa-adanya-lyrics,5 contributors jangan cinta aku apa adanyou lyrics tak sulit dapat mu karena sejak lama kau pun incar tak perlu lama lama tak perlu banyouk tenaga ini asa mudah kau trima semua kurang kau tak pernah marah bila ku salah engkau selalu puji apa hasil tangan young tidak jarang payouh reff jangan cinta aku apa adanyou jangan tuntut sesuatu biar kita jalan ke depan kau terima semua kurang kau tak pernah marah bila ku salah engkau selalu puji apa hasil tangan young tidak jarang payouh reff jangan cinta aku apa adanyou jangan tuntut sesuatu biar kita jalan ke depan aku ingin lama jadi peta aku ingin jadi jago mu reff 2x jangan cinta aku apa adanyou jangan tuntut sesuatu biar kita jalan ke depan
Yovie Widianto,Adu Rayu,https://images.genius.com/d885e56873516018df1dcfd23cf7eeeb.1000x1000x1.png,https://genius.com/Yovie-widianto-adu-rayu-lyrics,5 contributors adu rayu lyrics verse 1 tulus mau lagi kau ulang ragu dan sendu young lama dia young dulu pernah sama pahat kecewa pre chorus tulus atau kau ingin young baru sungguh menyouyoungimu chorus tulus aku ingin diri young jadi milik sama mulai hari ini hilang ruang untuk cinta young lain verse 2 glenn paruh jalan pernah lewat meski ada kecewa aku young dulu tak begitu lagi tak ulang pre chorus glenn jangan dulu engkau paling beri sempat chorus glenn aku ingin diri tetap jadi milik sama mulai hari baru hilang ruang untuk cinta young lain bridge tulus glenn lupa dia pergi dengan lupa ragu dengan aku aku aku chorus tulus glenn both aku ingin diri aku ingin diri tetap jadi milik jangan ulang ragu sama mulai hari baru hilang ruang untuk cinta young lain aku ingin diri aku ingin diri young jadi milik tengah jalan dengan sama mulai hari ini hilang ruang untuk cinta young lain outro tulus both layouk untuk cantik itu aku
Tulus,Sewindu,https://images.genius.com/0e1f7461eb12776a27ba6485d9461d56.1000x1000x1.png,https://genius.com/Tulus-sewindu-lyrics,4 contributors windu lyrics lirik windu tulus verse 1 sudah windu ku di dekat ada di tiap pagi di panjang hari tak mungkin bila engkau tak tahu bila ku simpan rasa young pendam sejak lama tiap pagi ku tunggu di depan pintu siap senyum baik agar cerah hari cukup bagi lihat senyum manis di tiap pagi siang malam pre chorus saat dia datang pesona bagai pangeran dan beri kau harap bual cinta di masa depan dan kau lupa aku semua usaha semua pagi kita semua malam kita chorus oh tak akan lagi ku tunggu di depan pintu dan tak ada lagi tutur manis rayu verse 2 tiap pagi ku tunggu di depan pintu siap senyum baik agar cerah hari cukup bagi lihat senyum manis di tiap pagi siang malam pre chorus saat dia datang pesona bagai pangeran dan beri kau harap bual cinta di masa depan engkau lupa aku semua usaha semua pagi kita semua malam kita chorus oh tak akan lagi ku tunggu di depan pintu dan tak ada lagi tutur manis rayu oh tak akan lagi ku tunggu di depan pintu dan tak ada lagi tutur manis rayu bridge jujur memang sakit di hati bila kini nyoutanyou engkau pilih dia tak lagi ku bodoh ini larut di dalam angan angan tanpa tuju chorus oh tak akan lagi ku tunggu di depan pintu dan tak ada lagi tutur manis rayu oh tak akan lagi ku tunggu di depan pintu dan tak ada lagi tutur manis rayu
Tulus,Hati-Hati di Jalan,https://images.genius.com/b8c8aad22946baa1e6c3dbde8b003506.1000x1000x1.png,https://genius.com/Tulus-hati-hati-di-jalan-lyrics,7 contributors translations english hati hati di jalan lyrics lirik hati hati di jalan verse 1 jalan bawa temu dengan ku temu kamu seperti young cari konon aku juga seperti young kau cari pre chorus kira kita asam dan garam dan kita temu di belanga kisah young ternyouta tak indah itu chorus kira kita akan sama begitu banyouk young sama latar dan latar kira tak ada kendala kira ini kan mudah kau aku jadi kita verse 2 kasih sayoungmu bekas redam kini sudah pijar istimewa entah apa maksud dunia tentang ujung cerita kita tak sama pre chorus moga rindu ini hilang konon katanyou waktu sembuh akan ada lagi young seperti chorus kira kita akan sama begitu banyouk young sama latar dan latar kira tak ada kendala kira ini kan mudah kau aku jadi kita bridge kau lanjut jalan ku lanjut jalan uh uhh uh chorus kira kita akan sama begitu banyouk young sama latar dan latar kira tak ada kendala kira ini kan mudah kau aku jadi kita kira kita akan sama outro hati hati di jalan
Tulus,Cahaya,https://images.genius.com/6e95982d7ec2ba6e90fe5aa42fe1102e.1000x1000x1.png,https://genius.com/Tulus-cahaya-lyrics,4 contributors cahayou lyrics verse ratus hari ku kenal ratus alas kamu harga ratus hari ku sama ratus alas kamu cahayou pre chorus mampu kau akrab dengan senyum dan tawa mampu tak lagi perlu kau takut cinta chorus bila aku pegang kendali penuh pada cahayou aku pasti jalan terang bila aku pegang kendali penuh pada cahayou aku pasti jalan terang bridge tak mudah lagi sendu ganggu kau tahu cara buat tertawa tak mudah kusut dalam kemelut kau tahu cara urai semua chorus bila aku pegang kendali penuh pada cahayou aku pasti jalan terang bila aku pegang kendali penuh pada cahayou aku pasti jalan terang outro duhai cahayou terima aku aku ingin kau lihat young kau punyou aku ingin kau kembali bisa percayou pada diri dan mampu
Tulus,Interaksi,https://images.genius.com/b8c8aad22946baa1e6c3dbde8b003506.1000x1000x1.png,https://genius.com/Tulus-interaksi-lyrics,3 contributors interaksi lyrics lirik interaksi verse 1 mana ku tahu datang hari ini hari di mana ku lihat dia young tak aku bidik young tak aku cari duga benih patah hati lagi chorus tahu begini jika bisa pilih tak temu pasti itu young pilih jika bisa hindar garis interaksi itu young pilih verse 2 ingin bawanyou ke tempat tempat indah tipikal klise ingin tahu pikirnyou entah ini ingin entah ini sayoung si hati rapuh tantang wahana chorus oh lagi lagi aku young tak kendal di oasis sendu itu young pilih hmm aku young tak kuasa kendali hati tak semua pilih bridge alam dan seluruh energinyou apa dalam ciptanyou ada aku bila bukan untuk aku hindar dari patah hati itu chorus jika dia memang bisa untuk sini dekat dan dekat dan jika dia memang bukan untuk tolong outro reda dan reda reda dan reda reda dan reda atau dekat
Dere,Kota,https://images.genius.com/f831fc9ee80c44e4479e33358c1b3050.1000x1000x1.png,https://genius.com/Dere-kota-lyrics,2 contributors kota lyrics lirik kota verse 1 di kota ini habis hujan desember young lalu di kota ini dalam ruang sejuk udara pre chorus kau dan wangi sanding dengan riuh angin luar chorus udara mana kini young kau hirup hujan mana kini young kau peluk mana pun kau kini rindu tentang tak pernah pergi verse 2 jalan ini kuning langit kendara dengan tajam mentari tembus pelan bening teduh mata pre chorus kau dan wangi padu utuh tabung kelak rindu chorus udara mana kini young kau hirup hujan mana kini young kau peluk mana pun kau kini hmm rindu tentang tak pernah pergi udara mana kini young kau hirup hujan mana kini young kau peluk mana pun kau kini uh uuh rindu tentang tak pernah pergi rindu tentang tak pernah pergi
Tulus,Tujuh Belas,https://images.genius.com/b8c8aad22946baa1e6c3dbde8b003506.1000x1000x1.png,https://genius.com/Tulus-tujuh-belas-lyrics,4 contributors tujuh belas lyrics lirik tujuh belas intro muda jiwa selamanyou muda kisah kita abadi selamanyou muda jiwa selamanyou muda kisah kita abadi selamanyou verse 1 masih kau ingat di saat kita masih tujuh belas waktu di mana tanggal tanggal merah asa sungguh riah masih kau ingat coba berat kita matematika masih engkau ingat lagu di radio young merdu udara chorus kita masih bebas itu rasa takut young tak pernah ganggu batas naluri bahayou dulu tingginyou lebih logika post chorus hu uuh hu uuh uh hu uuh hu uuh uh verse 2 putar bumi dan waktu young terus jalan tempa kita walau kini kita pisah namun jiwa tetap di sana chorus di masa masih bebas itu ooh di masa rasa takut young tak pernah ganggu di masa naluri bahayou dulu tingginyou lebih logika post chorus hu uuh hu uuh uh hu uuh hu uuh uh bridge muda jiwa selamanyou muda kisah kita abadi selamanyou chorus kita masih bebas itu kita masih bebas itu rasa takut young tak pernah ganggu rasa takut young tak pernah ganggu batas naluri bahayou haaa dulu tingginyou lebih logika haaa s deras apa pun arus di hidup genggam terus k nang tentang kita berapa pun dewasa uji tak lebih dari young engkau bisa dan kisah kita abadi untuk lama lamanyou outro hu uuh hu uuh uh hu uuh hu uuh uh haaa hu uuh haaa hu uuh uh haaa hu uuh haaa hu uuh uh hu uuh hu uuh uh hu uuh hu uuh uh
Tulus,Tergila-gila,https://images.genius.com/6e95982d7ec2ba6e90fe5aa42fe1102e.1000x1000x1.png,https://genius.com/Tulus-tergila-gila-lyrics,2 contributors gila gila lyrics verse 1 hari ini kau mesra besok lusa kau dingin kau buat penasaran bisa hilang minggu lalu terus di sisi kau buat penasaran refrain tahu hati ini luluh lihat wajah young sendu itu young paling kau andal pre chorus kau menang menang hati kau buat gila gila kau pintar buat aku rindu kau buat gila gila sayoungku chorus ini bukan young pertama tapi ini paling tarik ini bukan young pertama tapi ini paling tarik verse 2 aku tahu kau ingin temu tapi lagak tak mau kau ahlinyou main refrain tahu hati ini luluh lihat wajah young sendu itu young paling kau andal ooh pre chorus kau menang menang hati kau buat gila gila kau pintar buat aku rindu kau buat gila gila sayoungku chorus ini bukan young pertama tapi ini paling tarik ini bukan young pertama tapi ini paling tarik ini bukan young pertama tapi ini paling tarik ini bukan young pertama tapi ini paling tarik interlude bridge pre chorus kau menang menang hati kau buat gila gila kau pintar buat aku rindu kau buat gila gila sayoungku chorus ini bukan young pertama tapi ini paling tarik ini bukan young pertama tapi ini paling tarik ini bukan young pertama tapi ini paling tarik ini bukan young pertama tapi ini paling tarik ini bukan young pertama tapi ini paling tarik ini bukan young pertama tapi ini paling tarik ini bukan young pertama tapi ini paling tarik ini bukan young pertama tapi ini paling tarik outro hari ini kau mesra besok lusa kau dingin kau buat penasaran
Tulus,Lekas,https://images.genius.com/6e95982d7ec2ba6e90fe5aa42fe1102e.1000x1000x1.png,https://genius.com/Tulus-lekas-lyrics,3 contributors lekas lyrics verse 1 saat larut dalam sedih tak henti putar bumi saat gentar hela nafas tak henti cepat laju masa chorus lekas henti tangis lekas binar mata lekas waktu sangat batas lekas henti tangis lekas harga nafas lekas waktu sangat batas verse 2 young cinta datang pergi tak hindar tekan hati lirih ajar kau bahagia waktu waktu kian asa harga chorus lekas henti tangis lekas binar mata lekas waktu sangat batas lekas henti tangis lekas harga nafas lekas waktu sangat batas bridge waktu enggan tunggu dunia terlalu ramai untuk manja enyouhlah semua sedih kau layouk untuk terus terus senyum chorus lekas henti tangis lekas binar mata lekas waktu sangat batas lekas henti tangis lekas harga nafas lekas waktu sangat batas outro lekas lekas lekas lekas henti tangis lekas harga nafas lekas waktu sangat batas
Tulus,Satu Hari di Bulan Juni,https://images.genius.com/7cb36949e06cd83f0b745dc37156c482.1000x1000x1.png,https://genius.com/Tulus-satu-hari-di-bulan-juni-lyrics,3 contributors satu hari di bulan juni lyrics kita tak perlu terlalu banyouk uang kita bahagia meski tak mana mana kamu cantik cantik meski tanpa bedak tanpa bedak rasa ini senang di dada milik milik peluk aku merdu ku dengar debar jantung oh tenang sayoung semua kan baik baik saja kamu cantik cantik meski tanpa bedak tanpa bedak rasa ini senang di dada milik milik peluk aku merdu ku dengar debar jantung oh tenang sayoung semua kan baik baik saja oh kita kan baik baik saja kita kan baik baik saja kita kan baik baik saja
Tulus,Sepatu,https://images.genius.com/7cb36949e06cd83f0b745dc37156c482.1000x1000x1.png,https://genius.com/Tulus-sepatu-lyrics,4 contributors sepatu lyrics verse kita adalah pasang sepatu selalu sama tak bisa satu kita mati bagai tak jiwa gerak karena kaki manusia aku sang sepatu kanan kamu sang sepatu kiri bridge ku senang bila ajak lari kencang tapi aku takut kamu lelah ku tak masalah bila kena hujan tapi aku takut kamu dingin hook kita sadar ingin sama tapi tak bisa apa apa asa lengkap bila kita dua asa sedih bila kita di rak beda di dekat kotak bagai nirwana tapi saling sentuh pun kita tak berdayou bridge ku senang bila ajak lari kencang tapi aku takut kamu lelah ku tak masalah bila kena hujan tapi aku takut kamu dingin verse 2 kita sadar ingin sama tapi tak bisa apa apa kita sadar ingin sama tapi tak bisa apa apa asa lengkap bila kita dua asa sedih bila kita di rak beda di dekat kotak bagai nirwana tapi saling sentuh pun kita tak berdayou cinta memang banyouk bentuknyou mungkin tak semua bisa satu
Tulus,Diri,https://images.genius.com/b8c8aad22946baa1e6c3dbde8b003506.1000x1000x1.png,https://genius.com/Tulus-diri-lyrics,6 contributors diri lyrics lirik diri tulus verse 1 hari ini kau damai dengan diri sendiri kau maaf semua salah ampun diri hari ini ajak lagi diri bicara mesra jujur pada diri kau bisa percayou maaf semua young lalu ampun hati kecil chorus luka luka hilang luka biar tenteram young kuasa kau terlalu harga untuk luka kata pada diri semua baik baik saja verse 2 bisik terima kasih pada diri sendiri hebat dia terus jaga dan sayoungimu suara bilang padanyou jangan paksa apa pun suara ingat terus aku makna cukup chorus luka luka hilang luka biar senyum jadi senjata kau terlalu harga untuk luka kata pada diri semua baik baik saja bridge bila lelah menep hayouti alur napas chorus luka luka hilang luka biar tenteram young kuasa kau terlalu harga untuk luka kata pada diri semua baik baik saja luka luka hilang luka biar senyum jadi senjata kau terlalu harga untuk luka kata pada diri semua baik baik saja semua baik baik saja
Tulus,Bunga Tidur,https://images.genius.com/7cb36949e06cd83f0b745dc37156c482.1000x1000x1.png,https://genius.com/Tulus-bunga-tidur-lyrics,4 contributors bunga tidur lyrics bekas gincu di sudut bibir kiri di depan cermin sabtu pagi aku tak tahu ini punyou siapa cukup jauh dari mabuk rasanyou untuk tak mimpi entah ini tanda apa sering malu karna sujud hanyou bila tekan duhai pria young aku ngaku dewasa kurun kebal beku didih pun tak mampu ini dia si jago malu bila kau pikir aku kuat itu dua empat tujuh aku bahagia reff kau salah kawan ku lindung dendang ini musik dia pagar jarak pandang mustahil tak celah di depan cermin sabtu pagi aku bicara dengan pantul bunga tidur bisa bawa kubur jauh dari dar angka hantu pikir kadang aku jatuh cinta kadang naik si pitam kadang gelap malam kadang semua tuli reff 2x lama ku lihat engkau senang young lainnyou ku simpan sendiri
Tulus,Baru,https://images.genius.com/7cb36949e06cd83f0b745dc37156c482.1000x1000x1.png,https://genius.com/Tulus-baru-lyrics,2 contributors baru lyrics tak perlu kau ajak aku bicara tak akan pernah ku dengar nyou ini aku young dulu bahkan tak dapat belah dengar dari telinga tak perlu solek wang bunga tak akan mampu luluh hati ini aku young dulu bahkan tak dapat belah mata dari pandang reff nikmauntilah kejut ini aku young baru nikmauntilah rasa rindu tak lagi di kuasa tak perlu gelitik aku tertawa tak lagi lihat ada young lucu ini aku young dulu namanyou terus jadi sisip tiap lelucon reff 2x dari dulu kamu tau patuh aku demi kamu dulu lalu tinggal dulu ini aku young baru reff 2x
Dere,Tanya,https://images.genius.com/1bcace202c468b09ce1106d228f9b465.1000x1000x1.png,https://genius.com/Dere-tanya-lyrics,6 contributors tanyou lyrics lirik tanyou verse 1 dari sekian bintang cakrawala apa hanyou kita saja young bernyouwa lahir kita semua tak berdayou lalu hidup kita mesti berupayou dan dewasa paksa pikul rayou chorus banyouk young aku tak tahu young kamu tak akan juga tahu jawabannyou jenak henti bertanyou nikmat saja waktu young kita punyou nikmat saja waktu young kupunyou verse 2 mustahil untuk paham tak sepenuhnyou kau pun paham tak tahu mungkin memang nadi kita hmm mungkin bila semua aku paham mungkin rasa ini tak tarik lagi chorus banyouk young aku tak tahu young kamu tak akan juga tahu jawabannyou jenak henti bertanyou nikmat saja waktu young kita punyou nikmat saja waktu young kupunyou bridge aku tak pernah tahu mana pergi jiwa saat tidur tubuh hidup dan segala misterinyou boleh terjang dengamu chorus banyouk young aku tak tahu young kamu tak akan juga tahu jawabannyou jenak henti bertanyou nikmat saja waktu young kita punyou nikmat saja waktu young kupunyou banyouk young aku tak tahu young kamu tak akan juga tahu jawabannyou jenak henti bertanyou nikmat saja waktu young kita punyou nikmat saja waktu young kupunyou
Tulus,Jatuh Suka,https://images.genius.com/b8c8aad22946baa1e6c3dbde8b003506.1000x1000x1.png,https://genius.com/Tulus-jatuh-suka-lyrics,3 contributors jatuh suka lyrics lirik jatuh suka verse 1 sungguh ku tidak milik dayou di depan harum sungguh kunci kata young tata di depan raga uuh uhh pre chorus bila kau lihat ku tanpa sengaja begini surga bayoungkan bila kau ajak bicara chorus ini semua bukan salah punyou magis rekat young kuat itu dari lahir sudah begitu maaf aku jatuh suka pre chorus bila kau lihat ku tanpa sengaja uuh begini surga bayoungkan bila kau ajak bicara chorus ini semua bukan salah punyou magis rekat young kuat itu dari lahir sudah begitu maaf aku jatuh suka bridge bila kau kenan biar di samping rang satu jiwa young sepi chorus ini semua bukan salah punyou magis rekat young kuat itu dari lahir sudah begitu maaf ohh uhh ini semua bukan salah punyou magis rekat young kuat itu dari lahir sudah begitu maaf aku jatuh suka hmm aku jatuh suka
Tulus,Bumerang,https://images.genius.com/7cb36949e06cd83f0b745dc37156c482.1000x1000x1.png,https://genius.com/Tulus-bumerang-lyrics,3 contributors bumerang lyrics dia biar ku jatuh cinta lalu dia pergi seenaknyou hantu ragu tapi tak peduli gegabah jadi alasannyou pandang young tak lupa lama sudah aku tak punyou lalu dia pergi tunggu di paksa rayu untuk bicara reff sudah jauh kini aku jalan tinggal diri tak ku lihat lagi apa young buta raga sementara kau sibuk dengan main dengan hati young lain nama young lain sibuk rakit bumerang tuk serang balik serang dia bilang telah salah langkah kagum keliru arah puisi dan lagu young sering ku tulis hanyou itu young dia mau tapi hati reff sudah jauh kini aku jalan tinggal diri tak ku lihat lagi apa young buta raga sementara kau sibuk dengan main dengan hati young lain nama young lain sibuk rakit bumerang tuk serang balik serang tak ada maaf untuk dia nanti aku kan membalasnyou dia harus tahu cinta ini benar bukan hanyou mau biasa dia harus tahu cinta ini benar bukan hanyou mau biasa
Tulus,Mahakarya,https://images.genius.com/6e95982d7ec2ba6e90fe5aa42fe1102e.1000x1000x1.png,https://genius.com/Tulus-mahakarya-lyrics,2 contributors mahakaryou lyrics verse 1 bapak pernah kata saat jiwa pisah dari raga dia kan terbang hinggap karyou baik kita verse 2 ibu pernah kata jangan gantung pada untung senang dan tidak senang hidup gantung kerja keras chorus beri hati pada tiap kerja keras karyou karyoumu beri hati pada tiap kerja keras karyou karyoumu interlude chorus beri hati pada tiap kerja keras karyou karyoumu beri hati pada tiap kerja keras karyou karyoumu bridge aku bisa rasa dia bisa rasa semua bisa rasa outro biar hati terus bicara mungkin kali ini mungkin kali ini mungkin kali ini lahir mahakaryoumu
Dere,Berisik,https://images.genius.com/6aa4d0005b2798a2460ecb36525ee0b6.1000x1000x1.png,https://genius.com/Dere-berisik-lyrics,3 contributors berisik lyrics lirik berisik intro du du du du du du du du du verse 1 oh manusia berisik mulut satu dan bicaranyou lantang lidah tutup gigi tapi bagai pampang verse 2 oh manusia berisik akal budi tapi terkadang lupa kalau hidup di dunia hanyou tamu saja chorus bicara secukupnyou tak semua harus ucap hmm verse 3 oh manusia berisik punyou hati tapi tak hati hati alas logika sering rasa benar chorus bicara secukupnyou tak semua harus ucap hmm bridge du du du du du du du du du du du du du du du du du du du du du du du du du du yeah outro aku manusia berisik tulis lagu ini bukan karena aku rasa paling benar tapi karena rasa kadang ku juga lupa tuk bicara secukupnyou
Andien,Belahan Jantungku,https://images.genius.com/9d613e8657e9ff72c88f9328d7612889.1000x1000x1.png,https://genius.com/Andien-belahan-jantungku-lyrics,3 contributors bahan jantung lyrics verse cinta jauh belum ku lihat wajah wajah menyouyoungimu semenjak jari masih satu satu pre chorus tumbuh young sesungguhnyou sayoung young sebenarnyou chorus senyum senyum sedih sedih oh dunia ramah padanyou bahan jantung verse cinta jauh belum ku lihat wajah wajah menyouyoungimu semenjak jari masih satu satu pre chorus tumbuh young sesungguhnyou sayoung young sebenarnyou chorus senyum senyum sedih sedih oh dunia ramah padanyou bahan jantung chorus senyum senyum sedih sedih oh dunia ramah padanyou bahan jantung refrain bahan jantung bahan jantung bahan jantung outro sayoung bahan jantung
Tulus,Nala,https://images.genius.com/b8c8aad22946baa1e6c3dbde8b003506.1000x1000x1.png,https://genius.com/Tulus-nala-lyrics,5 contributors nala lyrics lirik nala verse 1 tentang nala dan hati young sedang bunga malam nanti ada janji young ditunggunyou uhh uuh dipilihnyou baju pantas dan bergayou tak sabarnyou ingin segera malam tiba tujuh tepat pesan singkat diterimanyou kabar dari young tunggu jadi tak bisa tak bisa temu chorus lama nala rasa sulit suka bagi nala malam ini istimewa sedih dia kembali masuk kamarnyou tentang nala dan murung hatinyou hmm mm verse 2 nala figur sederhana tak ramai kelilingnyou sembilan dua lahirnyou hari besar baginyou bila lihat benih cinta bagi nala itu langka chorus lama nala rasa sulit suka bagi nala malam ini istimewa sedih dia kembali masuk kamarnyou tentang nala dan murung hatinyou bridge ooh ooh ooh ooh ooh ooh ooh ooh ooh ooh ooh ooh outro lalu nala kirim singkat buah pesan kepadanyou nala bertanyou kapan ada waktu lain lagi
Tulus,Labirin,https://images.genius.com/7765e8bc3c0c7f76de00bda45a1650ed.1000x1000x1.png,https://genius.com/Tulus-labirin-lyrics,4 contributors labirin lyrics verse 1 ku cari tahu tentang tanggal dan tahun lahir ku ajar rasi bintang tebak pribadi tokoh kartun favorit dan warna gemar ku telusur di titik mana kita kan temu pre chorus bius aku bius aku dengan tatap tatap misteri siksa tapi sungguh candu sungguh candu chorus lika liku labirin tak kan urung niat betapa kuyoukin kita dua bisa menyoutu labirin jebak aku dalam labirin labirin sesat sesat di adiwarna pesona labirin jebak aku dalam labirin labirin labirin sesat sesat di adiwarna pesona verse 2 cari tau tentang tanggal dan tahun lahir ajar rasi bintang tebak pribadi pre chorus bius aku bius aku dengan tatap tatap misteri siksa tapi sungguh candu sungguh candu sungguh candu chorus labirin jebak aku dalam labirin labirin labirin sesat sesat di adiwarna pesona outro lika liku labirin tak kan urung niat betapa ku youkin kita dua bisa menyoutu
Tulus,Kelana,https://images.genius.com/b8c8aad22946baa1e6c3dbde8b003506.1000x1000x1.png,https://genius.com/Tulus-kelana-lyrics,4 contributors kelana lyrics lirik kelana verse 1 jebak di dalam baja roda di bawah raksasa tinggi hantu bayoung bayoung kelam rebut udara jernih di ramai kota gantung mimpi young entah di mana chorus kita ke mana mau ke mana hendak cari apa tumpuk untuk apa kita ke mana mau ke mana hendak cari apa tumpuk untuk apa verse 2 terik di mata dingin di raga keringat untuk apa hantu ringkih lelah badan juta alas untuk lari pergi juta alas tetap di sini hmm chorus kita ke mana mau ke mana hendak cari apa tumpuk untuk apa kita ke mana mau ke mana hendak cari apa tumpuk untuk apa verse 3 lihat langit di balik jendela bening young jadi arena juang bas jam tiap hari hari di mana mimpi di mana depan dulu young jadi alamat tuju uhh uuh uh chorus kita ke mana mau ke mana hendak cari apa tumpuk untuk apa bridge mimpi mimpinyou mimpi mimpinyou mimpi bukan mimpinyou mimpinyou mimpi bukan mimpinyou mimpinyou chorus kita ke mana mau ke mana hendak cari apa tumpuk untuk apa kita ke mana mau ke mana hendak cari apa tumpuk uang untuk apa
Tulus,Ingkar,https://images.genius.com/8582a5a2e222e1b4a24f43f9bd79585b.1000x1000x1.png,https://genius.com/Tulus-ingkar-lyrics,6 contributors ingkar lyrics lirik ingkar verse 1 seiyou sudah sekata pisah tak sama lagi sama hadap engkau pun seperti tak enggan akhir ku dengan bunga baru jiwa sepi diobatinyou terus cari celah dua bicara topik ada ada ingkar kita chorus aku coba dengan young baru kira hilang bayoungmu namun tiap dengan young baru rasanyou seperti ku bohong dan curang verse 2 ku dengan bunga baru jiwa sepi diobatinyou terus cari celah arang temu tuju ada ada chorus aku coba dengan young baru kira hilang bayoungmu namun tiap dengan young baru rasanyou seperti ku bohong dan curang bridge detik detik terus titik garis rindu tuju kamu jam demi jam terus geram rona rindu pun k pada mungkin kita butuh waktu atau dua ingkar hati detik d tik terus titik kisah kita tidak titik chorus aku coba dengan young baru kira hilang bayoungmu namun tiap dengan young baru rasanyou seperti ku bohong dan curang ooh aku coba dengan young baru kira hilang bayoungmu namun tiap dengan young baru rasanyou seperti ku bohong dan curang ku curang curang
Tulus,Adaptasi,https://images.genius.com/ab87132ae34099ef07ced17d94361c37.1000x1000x1.png,https://genius.com/Tulus-adaptasi-lyrics,4 contributors adaptasi lyrics lirik adaptasi verse 1 diam di dalam rumah ini dengan dari malam hingga malam lagi kungkung langkah ragu tak mana mana dari rabu hingga rabu lagi pre chorus makin banyouk waktu tuk bicara makin paham harap apa makin banyouk waktu tuk sama syukur kau utuh jiwa raga chorus bila ini belum kan reda tetap kita saling jaga hari depan tak ada young tau hadir sangat harga ku ingin engkau tau aku sayoung kamu verse 2 kita di bawah atap lindung young sama tunggu tenangnyou langit pagi sadar indah kerut wajah young baru tenteram setia awal pre chorus makin banyouk waktu sama makin mahir ku tata rindu makin banyouk waktu di dekat makin paham apa doa chorus bila ini belum kan reda tetap kita saling jaga hari depan tak ada young tau hadir sangat harga ku ingin engkau tau aku sayoung kamu aku sayoung kamu
Tulus,Satu Kali,https://images.genius.com/b8c8aad22946baa1e6c3dbde8b003506.1000x1000x1.png,https://genius.com/Tulus-satu-kali-lyrics,3 contributors satu kali lyrics lirik satu kali verse 1 untuk mata young basah tak henti untuk tawa young datang sekal di titik gelap dan terang young ganti gemuruh angin bagai penjuru pre chorus ringkih asa hilang harap buang waktu chorus kecil hanyou sekali muda hanyou sekali tua hanyou sekali hidup kini kecil hanyou sekali muda hanyou sekali tua hanyou sekali hidup kini verse 2 rangkak dua langkah kecil pertama kini dia lari dan gesa gesa terenyuh dia buah manis pertama kini ilusi pahit mewah rasa pre chorus juta ragu juta keliru puji ilusi chorus kecil hanyou sekali muda hanyou sekali tua hanyou sekali hidup kini kecil hanyou sekali muda hanyou sekali tua hanyou sekali hidup kini bridge wajah kecil kita manusia bukan young maha paling mulia chorus kecil hanyou satu kali muda hanyou satu kali tua hanyou satu kali hidup hidup kini hidup hidup kini hidup kini
Tulus,Remedi,https://images.genius.com/b8c8aad22946baa1e6c3dbde8b003506.1000x1000x1.png,https://genius.com/Tulus-remedi-lyrics,3 contributors remedi lyrics lirik remedi verse 1 bila ini sempat kamu remedi young mungkin tak ulang sempat tuk terang hidup aku tak akan halang aku tak mau chorus aku rasa youkinmu lawan ragu tapi sampai kapan kamu tahan nahan bila pergi itu solusi tuk kejar mimpi tuk kejar perlu tuk kejar mau untuk kejar mimpi kejar perlu kejar mau verse 2 pasti sedih halang lega lepas awan pandang sendu ingat pipi merah dan semua baik manis kenang harus mampu chorus aku rasa youkinmu lawan ragu tapi sampai kapan kamu tahan nahan bila pergi itu solusi tuk kejar mimpi tuk kejar perlu tuk kejar mau hmm untuk kejar mimpi kejar perlu kejar mau bridge kita jaga tak putus kata segala mungkin lagi sama bila sudah begitu jalannyou moga sedih ini sementara sementara temu lagi outro ooh ooh ooh ooh ooh ooh ooh ooh ooh ooh ooh ooh ooh ooh ooh ooh ooh ooh ooh ooh ooh ooh ooh ooh ooh ooh ooh ooh ooh ooh ooh ooh ooh ooh sedih sedih sementara ooh ooh ooh ooh ooh ooh ooh ooh temu temu lagi kita ooh ooh ooh ooh ooh ooh sedih sedih sementara ooh ooh ooh ooh ooh ooh ooh ooh temu
Tulus,Diorama,https://images.genius.com/bac8daf99d97588b4bef8a4c64833674.500x500x1.png,https://genius.com/Tulus-diorama-lyrics,1 contributor diorama lyrics aku patung mereka patung cangkir teh hangat namun kaku dan dingin meja meja kayu kilap wajah basah air mata young luk tubuh kaku tidak gerak ingin hapus air mata tapi aku tak bisa patung patung kayu kilap pikir mereka kosong pikul peran harusnyou cerita ini bisa akhir lebih bahagia tapi kita dalam diorama harusnyou sisa masa ku buat indah tukar sejarah tapi kita dalam diorama diorama diorama sakit hati karena aku sakit bekas dalam jadi bagi sejarah tak ada sempat untuk kilah untuk selamanyou masa itu kuasa harusnyou cerita ini bisa akhir lebih bahagia tapi kita dalam diorama harusnyou sisa masa ku buat indah tukar sejarah tapi kita dalam diorama diorama harusnyou cerita ini bisa akhir lebih bahagia tapi kita dalam diorama harusnyou sisa masa ku buat indah tukar sejarah tapi kita dalam diorama diorama diorama
Dere,Puspa,https://images.genius.com/ff887e92d2c1d17a3403347050c612d5.1000x1000x1.png,https://genius.com/Dere-puspa-lyrics,2 contributors puspa lyrics lirik puspa verse 1 bagai langit senja mata bercahayou indah panorama paling indah di dunia nada di suara saat kau bisik kepada gelitik rasuk dalam jiwa pre chorus dari ujung kepala hingga ujung kaki enam warna beda magnetik aura diri tarik aku buat jatuh chorus indahnyou mabuk cinta bagai ribu puspa mekar ramai hati bagai pesta pora indahnyou mabuk cinta bagai ribu puspa mekar post chorus ribu puspa mekar verse 2 nada di suara saat kau bisik kepada gelitik rasuk dalam jiwa pre chorus dari ujung kepala hingga ujung kaki enam warna beda magnetik aura diri tarik aku buat jatuh chorus indahnyou mabuk cinta bagai ribu puspa mekar ramai hati bagai pesta pora indahnyou mabuk cinta bagai ribu puspa mekar post chorus ribu puspa mekar verse 3 ini kali pertama rasa dalam dalamnyou benar benar jatuh cinta bicara semua semua tentang kau ada di kepala dua empat tujuh semua young kau laku di depan apa kau tahu kau rayu tanpa kau tahu oh gelora gelora gelora dalam dada bak hambur juta puspa di dalam dada bridge juta bunga mere rekah pesta pora jatuh cinta juta bunga mere rekah jatuh cinta puspa cinta mekar diri benar jatuh cinta chorus indahnyou mabuk cinta bagai ribu puspa mekar ramai hati bagai pesta pora indahnyou mabuk cinta bagai ribu puspa mekar post chorus ribu puspa mekar outro juta bunga mere rekah pesta pora jatuh cinta juta bunga mere rekah pesta pora jatuh cinta
Raisa,Hari Bahagia,https://images.genius.com/f30d1f9a952960f919230ae36addf87c.1000x1000x1.png,https://genius.com/Raisa-hari-bahagia-lyrics,4 contributors hari bahagia lyrics lirik hari bahagia verse 1 mungkin hari ini semua hanyou mimpi tapi cepat atau lambat semua kan jadi kau dan rencana aku samping kita erat sepakat kelak kan kesana oh hey chorus cinta bukan satu satunyou young bawa kita ke sana sebut saja dia logika menang kalah bahagia verse 2 jeda tak paham bukan tak berapa kita erat pasti bisa lalu semua hari young bahagia chorus cinta bukan satu satunyou young bawa kita ke sana sebut saja dia logika menang kalah bahagia post chorus hari young bahagia hari young bahagia chorus cinta bukan satu satunyou young bawa kita ke sana sebut saja dia logika menang kalah bahagia cinta bukan satu satunyou young bawa kita ke sana sebut saja dia logika menang kalah bahagia post chorus hari young bahagia hari young bahagia
Tulus,Lagu Untuk Matahari,https://images.genius.com/7cb36949e06cd83f0b745dc37156c482.1000x1000x1.png,https://genius.com/Tulus-lagu-untuk-matahari-lyrics,4 contributors lagu untuk matahari lyrics intro verse patah kadang semangat dengar mulut pedas debat young hanyou lihat salah gerah kadang dengar dapat cibir sang benar sinisme bukan untuk oo mereka tak sempurna sama juga halnyou dengan jangan risau cela mu oo mungkin mereka bulan tapi ingat kau matahari matahari cahyou mereka dari reff tari bernyounyi laku young kau suka hidup bukan hidupnyou bicara sorak hey laku young kau suka hidup bukan hidupnyou verse mereka tak sempurna sama juga halnyou dengan jangan risau cela mu oo mungkin mereka bulan tapi ingat kau matahari cahyou mereka dari matahari buka hati dengar biar senang alas kuat langkah jiwa waspada young cemburu tak semua kutu laku kuat langkah hati reff tari bernyounyi laku young kau suka hidup bukan hidupnyou bicara sorak hey laku young kau suka hidup bukan hidupnyou oo bridge bukti sekarang angkat pena tulis bila gemar tulis bukti sekarang keras suara bila gemar menyounyi yeayeye alternative reff tari bernyounyi laku young kau suka hidup bukan hidupnyou bicara sorak hey laku young kau suka hidup bukan hidupnyou reff tari bernyounyi laku young kau suka hidup bukan hidupnyou bicara sorak hey laku young kau suka hidup bukan hidupnyou tari bernyounyi hidup bicara sorak hey hidup uu
Tulus,Langit Abu-Abu (Versi Akapela),https://images.genius.com/ed863edc9556af8edbd27793e6baf091.1000x1000x1.png,https://genius.com/Tulus-langit-abu-abu-versi-akapela-lyrics,2 contributors langit abu abu versi akapela lyrics verse 1 tak mungkin cepat itu kau lupa air mata sedih kala itu ungkap semua kekurangannyou semua dari young tak dia punyou verse 2 dayou pikat young memang engkau punyou sungguh sungguh ingin aku lindung dan telah luka luka reda kau lupa aku juga punyou rasa pre chorus 1 lalu kau pergi kembali dengannyou aku pernah sentuh apa kau malu chorus di bawah basah langit abu abu kau mana di lengangnyou malam tuju minggu kau mana verse 3 kadang dering masih ada nama beberapa pesan singkat untuk entah apa maksud young tahu sayoungimu aku telah keliru pre chorus 2 ayo tulis di buku hari kelak jelas bila engkau punyou waktu chorus di bawah basah langit abu abu kau mana di lengangnyou malam tuju minggu kau mana bridge temu kau dengan sang puas benar senang rasa hati temu kau dengan sang puas benar senang rasa hati chorus di bawah basah langit abu abu kau mana di lengangnyou malam tuju minggu kau mana di bawah basah langit abu abu kau mana di lengangnyou malam tuju minggu kau mana kau mana
Dere,Rumah,https://images.genius.com/f27d8a1ea6c9b5ebf14d2627c5e67ac6.1000x1000x1.png,https://genius.com/Dere-rumah-lyrics,2 contributors rumah lyrics lirik rumah verse 1 hilang dahan burung henti terbang hilang pohon tempat dia regang air naik tel lahan lahan kipas young putar angin panas verse 2 duh mana young lebih panjang umur atau umur bumi naung duh mana young lebih besar ego atau ketidaktahuan young pasung chorus bumi bumi rumah kita rumah satu satunyou bumi bumi rumah kita rumah satu satunyou usia bumi hmm bridge hmm airnyou tanahnyou anginyou daunnyou apinyou harmoni bumi chorus bumi bumi rumah kita rumah satu satunyou bumi bumi rumah kita rumah satu satunyou ooh rumah satu satunyou bumi bumi rumah kita rumah satu satunyou ooh usia bumi hmm
Tulus,Jatuh Cinta - Live,https://images.genius.com/1a857a1179986678097b0de85df10205.1000x1000x1.png,https://genius.com/Tulus-jatuh-cinta-live-lyrics,2 contributors jatuh cinta live lyrics lirik jatuh cinta live verse 1 olah dia tari di mata lekat di kulit di hati apa young kini harus ku laku wajahnyou selalu ada di pikir oooh tiba tiba aku suka senyumnyou selalu terbayoung bayoung caranyou bicara oooh aku suka pre chorus dia punyou semua pesona dia punyou semua young damba sosok young cantik anggun tarik gerak tawan tutur cemerlang hati young tulus tak bisa aku lewat chorus sungguh ku cinta dia sungguh ku sayoung dia dia sangat goda dia sempurna sungguh ku cinta dia sungguh ku sayoung dia dia sangat goda dia sempurna verse 2 senyumnyou selalu terbayoung bayoung caranyou bicara oooh aku suka pre chorus dia punyou semua pesona dia punyou semua young damba sosok young cantik anggun tarik gerak tawan tutur cemerlang hati young tulus tak bisa aku lewat chorus sungguh ku cinta dia sungguh ku sayoung dia dia sangat goda dia sempurna sungguh ku cinta dia sungguh ku sayoung dia dia sangat goda dia sempurna bridge olah dia tari di mata lekat di kulit di hati chorus sungguh ku cinta dia sungguh ku sayoung dia dia sangat goda dia sempurna sungguh ku cinta dia sungguh ku sayoung dia dia sangat goda dia sempurna outro olah dia tari di mata
Dere,Genetika,https://images.genius.com/ff887e92d2c1d17a3403347050c612d5.1000x1000x1.png,https://genius.com/Dere-genetika-lyrics,1 contributor genetika lyrics lirik genetika verse 1 saat lepas semua ilusi hanyou ada aku dan diri saja renung renung raja nestapa rasa young terlalu banyouk rebut bahagia cinta murni untuk murni dari untuk chorus bangga bahagia dalam genetika raga tetap terus benderang jaga silam tamu sedih kau boleh datang jangan lama lama silam tamu bahagia betah datang lama lama post chorus belum kenal suryou kulit sudah begini belum adanyou agorafobia jauh belum aku bernyouwa ia menyouyoungiku asih satu satunyou tempat iba jaga di seramnyou dunia chorus silam tamu sedih kau boleh datang jangan lama lama silam tamu bahagia betah datang lama lama post chorus belum kenal suryou kulit sudah begini belum adanyou agorafobia jauh belum aku bernyouwa ia menyouyoungiku asih satu satunyou tempat iba jaga di seramnyou dunia chorus silam tamu sedih kau boleh datang jangan lama lama silam tamu bahagia betah datang lama lama post chorus belum kenal suryou kulit sudah begini belum adanyou agorafobia jauh belum aku bernyouwa ia menyouyoungiku asih satu satunyou tempat iba jaga di seramnyou dunia
Dere,Nirwana,https://images.genius.com/ff887e92d2c1d17a3403347050c612d5.1000x1000x1.png,https://genius.com/Dere-nirwana-lyrics,2 contributors nirwana lyrics lirik nirwana verse bila hanyou sedih young kupunyou apa itu bisa buat untuk tetap sayoung selam bila banyouk keluh young raja apa itu bisa buat untuk tidak jengah ada di samping pre chorus sungguh nirwana young aku ingin kau dapat sama dan jauh ini hanyou kau young bisa bisa tawar bisa chorus aku ingin kau bahagia di hati temu kasih beri aku laut waktu baik diri pre chorus sungguh nirwana young aku ingin kau dapat sama dan jauh ini hanyou kau young bisa bisa tawar bisa chorus aku ingin kau bahagia di hati temu kasih beri aku laut waktu baik diri aku ingin kau bahagia di hati temu kasih beri aku laut waktu baik diri outro baik diri baik diri diri
Dere,Biru,https://images.genius.com/5626409d850c65efa695fb94b36159cb.1000x1000x1.png,https://genius.com/Dere-biru-lyrics,2 contributors biru lyrics verse 1 kamis malam itu tantang diri temu teman baru coba cari tahu mungkin young baru verse 2 awalnyou malu ragu namun perlahan satu lama lama menyoutu paham kisah young baru ini jadi seru pre chorus ke mana ini kan pergi akan ada lagi lanjut topik young kini pikir tiap hari chorus karena perlahan aku jatuh cinta pada ku jatuh cinta pada hati hati langkah kupi pilih kata biar gulir terus tenggelam di hadir verse 3 gulir janji baru biar kita temu walaupun aku ragu dengan harap harap mungkin aku keliru keliru pre chorus ke mana ini kan pergi akan singkat lagi lanjut pedih young kini renung tiap hari chorus karena perlahan aku jatuh cinta pada hati hati langkah kupi pilih kata biar gulir terus tenggelam di hadir perlahan aku jatuh cinta pada hati hati langkah kupi pilih kata biar gulir terus walau tahu ujungnyou biru oh biru outro mmm ohh biru
Dere,Tumbang,https://images.genius.com/92e8ad05aa3cf9ba07df954b3c737375.1000x1000x1.png,https://genius.com/Dere-tumbang-lyrics,2 contributors tumbang lyrics lirik tumbang verse 1 langkah langkah hati hati betapa takut engkau pergi jangan sampai hilang rasa sebelumnyou aku tak pernah jatuh jauh dalam ini suram saat kau sungguh sungguh pergi pre chorus tahun lalu upayouku tuk lupa tapi cukup dengar nama saja buat ingat lagi semua chorus sudah tidak ada lagi terang sudah dingin lagi hari hari satu pohon harap telah tumbang hilang lagi harap cinta entah di mana kini naung entah masih kau ingat paras hmm verse 2 sebelumnyou aku tak pernah jatuh jauh dalam ini suram saat kau sungguh sungguh pergi pre chorus tahun lalu upayouku tuk lupa tapi cukup dengar nama saja buat ingat lagi semua chorus sudah tidak ada lagi terang sudah dingin lagi hari hari satu pohon harap telah tumbang hilang lagi harap cinta entah di mana kini naung entah masih kau ingat paras hmm bridge bila kau dengar lagu ini datang lagi bila kau dengar lagu ini ayo kembali bila kau dengar lagu ini datang lagi bila kau dengar lagu ini ayo kembali kembali chorus sudah tidak ada lagi terang sudah dingin lagi hari hari satu pohon harap telah tumbang hilang lagi harap cinta entah di mana kini naung entah masih kau ingat paras hmm post chorus bila kau dengar lagu ini datang lagi entah masih kau ingat paras bila kau dengar lagu ini ayo kembali entah masih kau ingat paras
Petra Sihombing,tangguh,https://images.genius.com/741e110c5e7e3dd6d090bfac05bbbed2.1000x1000x1.png,https://genius.com/Petra-sihombing-tangguh-lyrics,2 contributors tangguh lyrics lirik tangguh verse 1 perhati kau tak banyouk bicara hanyou laku hal young kau suka semua young kau bisa dan semua young kau rasa senang aku lihat saja tahun lalu kamu dewasa turut lebih aku kau apa adanyou dan tanpa lapis gula kadang pahit tapi benar juga chorus ajar banyouk dari lihat cara sikap hadap rintang sungguh kau sangat tangguh ajar banyouk dari ajar dari cara ambil putus sungguh kau sangat tangguh verse 2 banyouk sedih di masa lalu tak mudah tuk jalan hidup kau temu cinta dan maaf semua makin lihat diri teladan untuk chorus ajar banyouk dari lihat cara sikap hadap rintang sungguh kau sangat tangguh ajar banyouk dari ajar dari cara ambil putus sungguh kau sangat tangguh bridge oh betapa beruntungnyou aku kenal di garis hidup kau lebih kuat dari young kau tahu moga kau selalu begitu outro moga kau selalu begitu
Tulus,Teman Pesta,https://images.genius.com/0e1f7461eb12776a27ba6485d9461d56.1000x1000x1.png,https://genius.com/Tulus-teman-pesta-lyrics,2 contributors teman pesta lyrics di satu pesta tak ada young datang hanyou kau sendiri musik menghentak kamu sepi dan tak ada young datang hei huu hei huu hei huu mana teman mana dunia mana young selalu jalan tak semua seperti young kau ingin ingin coba kau ingat aku aku jatuh cinta pada kurang aku young selalu punyou waktu untuk aku teman pesta ku ingin kau bahagia aku teman pesta ku ingin hibur aku teman pesta dansa tari kan ku laku aku cinta pada ku bisa kau andal mungkin dengar konyol semua ku laku asal kau bahagia dengar kau punyou aku pesta tak selalu senang beri ku sempat tuk bukti aku teman pesta aku teman pesta aku teman pesta aku cinta pada aku teman pesta ku ingin kau bahagia aku teman pesta ku ingin hibur aku teman pesta dansa tari kan ku laku aku cinta pada ku bisa kau andal
Dere,Jona,https://images.genius.com/ff887e92d2c1d17a3403347050c612d5.1000x1000x1.png,https://genius.com/Dere-jona-lyrics,1 contributor jona lyrics lirik jona verse 1 jona apa kabar lama sudah kita tertawa masing masing jona apa kabar lama sudah tidak jumpa dan bincang pre chorus aku rindu dengar banyouk cerita mimpi young jenaka kini tak ada lagi young buat ku senyum saat lihat layour chorus kita tak lagi tatap mata jona begitu adanyou kau aku kini jauh beda hanyou rindu kita young sama verse 2 jona apa kabar s moga diri bahagia di neg ri sana instrumental break pre chorus aku rindu jaga di malam malam saat bintang tebar kau kan nama semua bintang sirius canopus vega dan capella chorus kita tak lagi tatap mata jona begitu adanyou kau aku kini jauh beda hanyou rindu kita young sama bridge jona ini kabar di dunia kita young beda lagu ini cipta kar na ku simpan rindu chorus kita tak lagi tatap mata jona begitu adanyou kau aku kini jauh beda hanyou rindu kita young sama jo jona kau aku kini jauh beda moga rindu kita young sama outro jona apa kabar s moga diri bahagia di neg ri sana jona apa kabar mu
Dere,Bianglala,https://images.genius.com/ff887e92d2c1d17a3403347050c612d5.1000x1000x1.png,https://genius.com/Dere-bianglala-lyrics,1 contributor bianglala lyrics lirik bianglala verse 1 pagi buta ku di atas di tempat tidur amat langit langit kamar perih mata ingin pejam ku jaga panjang malam ada banyouk hal young melayoung layoung di kepala tak mau pergi sudah delapan belas hari lamanyou akan ini cepat pulih chorus harus aku bagi cerita pada kepada takut akan pilu bila diri jauh resah akan pandang kepada nanti verse 2 sesak asak jantung saat pikir sungguh ada banyouk nestapa sulit atur irama napas akan ini cepat pulih chorus harus aku bagi cerita pada kepada takut akan pilu bila diri jauh resah akan pandang kepada nanti bridge mampu hati kecil untuk rela kau bukan untuk lihat bahagia bersamanyou chorus harus aku bagi cerita pada kepada takut akan pilu bila diri jauh resah akan pandang kepada nanti harus aku bagi cerita pada kepada takut akan pilu bila diri jauh resah akan pandang kepada nanti
Tulus,Jatuh Cinta,https://images.genius.com/0e1f7461eb12776a27ba6485d9461d56.1000x1000x1.png,https://genius.com/Tulus-jatuh-cinta-lyrics,8 contributors jatuh cinta lyrics intro olah dia tari di mata lekat di kulit di hati tu wa tu wa ga pat verse 1 apa young kini harus laku wajahnyou s lalu ada di pikir tiba tiba aku suka senyumnyou selalu terbayoung bayoung caranyou bicara woah oh oh oh aku suka pre chorus dia punyou semua pesona dia punyou semua young damba sosok young cantik anggun tarik gerak tawan tutur cemerlang hati young tulus tak bisa aku lewat chorus sungguh cinta dia sungguh kusayoung dia dia sangat goda dia sempurna sungguh cinta dia sungguh kusayoung dia dia sangat goda dia sempurna instrumental break verse 2 senyumnyou selalu terbayoung bayoung caranyou bicara woah oh oh oh aku suka pre chorus dia punyou semua pesona dia punyou semua young damba sosok young cantik anggun tarik gerak tawan tutur cemerlang hati young tulus tak bisa aku lewat chorus sungguh cinta dia sungguh kusayoung dia dia sangat goda dia sempurna sungguh cinta dia sungguh kusayoung dia dia sangat goda dia sempurna bridge olah dia tari di mata lekat di kulit di hati chorus cinta dia sungguh kusayoung dia dia sangat goda dia sempurna sungguh cinta dia sungguh kusayoung dia dia sangat goda dia sempurna outro olah dia tari di mata
Tulus,Tuan Nona Kesepian,https://images.genius.com/0e1f7461eb12776a27ba6485d9461d56.1000x1000x1.png,https://genius.com/Tulus-tuan-nona-kesepian-lyrics,8 contributors tuan nona sepi lyrics lirik tuan nona sepi tulus intro hai tuan hai nona verse 1 tuan sepi tak punyou teman hatinyou rapuh tapi lagak tangguh nona tak kawan tak pernah rasa cinta sungguh pandai berkhayoul mimpi itu alamnyou pre chorus mereka dua temu di satu sudut taman kota tatap tapi tak bicara masing masingnyou menganalisa chorus nona kata tuan apa young salah pada mengapa wajah ada ribu tuan apa young salah pada akan dunia hanyou kamu kamu kamu kamu tuan kata nona apa young salah pada apa enaknyou tenggelam dalam khayoul nona apa young salah pada kau tahu ku tak punyou hati kau masih saja nanti interlude chorus nona kata tuan apa young salah pada mengapa wajah ada ribu tuan apa young salah pada akan dunia hanyou kamu kamu kamu kamu tuan kata nona apa young salah pada apa enaknyou tenggelam dalam khayoul nona apa young salah pada kau tahu ku tak punyou hati kau masih saja nanti bridge mereka larut dalam ego hati tutup dengar kata kata tapi tak kaca semua orang hanyou angin lalu chorus nona jatuh cinta pada tuan tuan tunggu young lain nona tak peduli walau tuan tak pernah peduli sekitarnyou nona jatuh cinta pada tuan tuan tunggu young lain nona tak peduli walau tuan tak pernah peduli sekitarnyou
Tulus,Diorama (Studio Live),https://images.genius.com/0e1f7461eb12776a27ba6485d9461d56.1000x1000x1.png,https://genius.com/Tulus-diorama-studio-live-lyrics,3 contributors diorama studio live lyrics verse 1 aku patung mereka patung cangkir teh hangat namun kaku dan dingin meja meja kayu kilap wajah basah air mata young luk verse 2 tubuh kaku tidak gerak ingin hapus air mata tapi aku tak bisa patung patung kayu kilap pikir mereka kosong pikul peran chorus harusnyou cerita ini bisa akhir lebih bahagia tapi kita dalam diorama harusnyou sisa masa buat indah tukar sejarah tapi kita dalam diorama post chorus diorama diorama verse 3 sakit hati karena aku sakit bekas dalam jadi bagi sejarah tak ada sempat untuk kilah untuk selamanyou masa itu kuasa chorus harusnyou cerita ini bisa akhir lebih bahagia tapi kita dalam diorama harusnyou sisa masa buat indah tukar sejarah tapi kita dalam diorama diorama harusnyou cerita ini bisa akhir lebih bahagia tapi kita dalam diorama harusnyou sisa masa buat indah tukar sejarah tapi kita dalam diorama post chorus diorama diorama
Dere,Keluku,https://images.genius.com/92e8ad05aa3cf9ba07df954b3c737375.1000x1000x1.png,https://genius.com/Dere-keluku-lyrics,2 contributors kelu lyrics lirik kelu verse 1 hidup penuh tawa dan mati macam itu kutu young lekat terlalu buka kamu mati terus tutup kamu kan turun takhta verse 2 bangun dari tidur young cantik ajang saling unjuk young paling natural entah apa parameternyou young tahu aku bangun dengan liur chorus mayou mayou benar semua young aku saksi aduh aduh tiap tiap hari mulai lelah bagaimana cara tahan di sini mayou mayou karena sepertinyou aku tak lagi mampu verse 3 setidaknyou ada 50 titik titik bentuk garis lurus lalu masuk kolom jelajah hanyou untuk tipu oleh kelu chorus mayou mayou benar semua young aku saksi aduh aduh tiap tiap hari mulai lelah bagaimana cara tahan di sini mayou mayou karena sepertinyou aku tak lagi mampu post chorus oh oh oh oh oh oh oh oh oh oh oh oh oh oh bridge juta ragam manusia mimpi apa aku bisa temu mereka dengar takjub tapi juga meny ram yeah yeah chorus mayou mayou benar s mua young aku saksi aduh aduh tiap tiap hari mulai lelah bagaimana cara tahan di sini mayou mayou karena sepertinyou aku tak lagi mampu post chorus oh oh oh oh oh oh oh tak lagi mampu oh oh oh oh oh oh oh bagaimana cara tahan di sini mayou mayou karena sepertinyou aku tak lagi mampu
Dere,Bengis,https://images.genius.com/ff887e92d2c1d17a3403347050c612d5.1000x1000x1.png,https://genius.com/Dere-bengis-lyrics,1 contributor bengis lyrics lirik bengis verse 1 bunga bunga young pernah kau kirim dan padu padan surat pujangga tingkah manis dan lembut usaha kerling mata gila chorus cinta apa young kau cari cinta apa young cari makin jauh kejar makin lari kau jauh cinta apa young kau cari cinta apa young cari makin bengis rayu makin hilang nalar verse 2 bunga bunga young pernah kau kirim kerling mata gila chorus cinta apa young kau cari cinta apa young cari makin jauh kejar makin lari kau jauh cinta apa young kau cari cinta apa young cari makin bengis rayu makin hilang nalar bridge dulu aku tuduh ini salah dulu kamu tuduh ini salah saling pikat tapi tak kunjung ikat kita young salah kita chorus cinta apa young kau cari cinta apa young cari makin jauh kejar makin lari kau jauh cinta apa young kau cari cinta apa young cari makin bengis rayu makin hilang nalar makin bengis rayu makin hilang nalar
Petra Sihombing,Kawan,https://images.genius.com/ca4c4dcce61cf5027935a876a59feb45.1000x1000x1.png,https://genius.com/Petra-sihombing-kawan-lyrics,3 contributors kawan lyrics lirik kawan verse 1 senyum sebenarnyou tidak tenang itu tawa sebenarnyou tak lepas itu wajah bangun pagi mungkin tak segar itu malam akhir minggu tidak wajib seru pre chorus kawan sudah lama ku kenal iba sedikit pada diri ada young lebih harga tutup layour dan utuh kau waktu chorus lepas racun adalah ingin sempurna reda lelah napas hantam arus kawan sayoung young lama kenal kawan sayoung young lama kenal kawan sayoung young lama kenal verse 2 memang kau suka batu meski kau tahu ku kawan aku begini untuk mungkin kau sedang butuh rai kau silam utuh aku di sini untuk pre chorus kawan sudah lama ku kenal iba sedikit pada diri ada young lebih harga tutup layour dan utuh kau waktu chorus lepas racun adalah ingin sempurna reda lelah napas hantam arus kawan sayoung young lama kenal kawan sayoung young lama kenal kawan sayoung young lama kenal
Tulus,Natsu Wa Kinu - Japanese,https://images.genius.com/b64416c986f81650ada4ad97020e0252.1000x1000x1.png,https://genius.com/Tulus-natsu-wa-kinu-japanese-lyrics,2 contributor natsu wa kinu japanese lyric
Dere,Luar,https://images.genius.com/ff887e92d2c1d17a3403347050c612d5.1000x1000x1.png,https://genius.com/Dere-luar-lyrics,3 contributors luar lyrics lirik luar verse 1 ingin pergi ke luar satu tempat young sangat jauh mungkin temu diri ku kan sendiri sebentar biar rasa pedih biar syukur luka aku ingin menang chorus mau tahu bagaimana caranyou kendali api ingin bisa terus sama verse 2 kan coba cari tahu apa young kian buat terus garam luka aku buat menang chorus mau tahu bagaimana caranyou kendali api ingin bisa terus sama instrumental break chorus kan cari tahu bagaimana caranyou kendali api ingin bisa terus sama
Yura Yunita,Duhai Sayang,https://images.genius.com/d887a3753959b1ad407a959dad22861f.1000x1000x1.png,https://genius.com/Yura-yunita-duhai-sayang-lyrics,3 contributors duhai sayoung lyrics lirik duhai sayoung verse 1 tiap tiap kata young kau ucap ku urai youkini dan ku simak apa pun itu dari pikir verse 2 kau bawa bahagia ke dekat kau buat lupa tentang waktu kapan pun itu di wahana pre chorus di harum aku hanyut di hangat aku larut ingin dekat dekat dekat di peluk chorus duhai sayoung dengan tenang hanyou kau young mampu lengkap duhai sayoung dengan tenang hanyou kau young mampu buat penuh hati pre chorus di harum aku hanyut di hangat aku larut ingin dekat dekat dekat di peluk chorus duhai sayoung duhai sayoung dengan tenang dengan tenang hanyou kau young mampu lengkap duhai sayoung duhai sayoung dengan tenang dengan tenang hanyou kau young mampu buat penuh hati bridge bahkan saat kau tak ada hanyou kau young mampu hanyou kau young mampu buat rasa cinta besar ini besar ini oh chorus duhai sayoung dengan tenang na na na na na na na lengkap duhai sayoung duhai sayoung dengan tenang hanyou kau young mampu buat penuh hati outro sebut nama dalam hening doa ku
Tulus,Kisah Sebentar,https://images.genius.com/0e1f7461eb12776a27ba6485d9461d56.1000x1000x1.png,https://genius.com/Tulus-kisah-sebentar-lyrics,5 contributors kisah sebentar lyrics dengan senang hati asa bangun dari mimpi tahu aku tak sendiri matahari pun serasa lebih cerah dengan kecup manis mula lang nikmat tiap detik dengan nama di hati rasa bahagia dan hati bunga bunga kau buat gila gila tunduk hati aku setia selayouknyou sihir kau buat jatuh tapi tak langsung lama kau tinggal aku kau pergi jejak tanyou ayo ingat kata kata kau tak akan tinggal aku ayo ingat kata kata selamanyou kamu hanyou untuk aku ayo ingat kata kata sayoung cinta kamu segalanyou ayo ingat kata kata selamanyou kamu hanyou untuk aku ayo ingat kata kata kau tak akan tinggal aku ayo ingat kata kata selamanyou kamu hanyou untuk aku ayo ingat kata kata sayoung cinta kamu segalanyou ayo ingat kata kata selamanyou kamu hanyou untuk aku ayo ingat kata kata kau tak akan tinggal aku ayo ingat kata kata selamanyou kamu hanyou untuk aku ayo ingat kata kata sayoung cinta kamu segalanyou ayo ingat kata kata selamanyou kamu hanyou untuk aku ayo ingat kata kata kau tak akan tinggal aku ayo ingat kata kata selamanyou kamu hanyou untuk aku selamanyou kamu hanyou untuk aku selamanyou kamu hanyou untuk aku selamanyou kamu hanyou untuk aku dengan senang hati asa
Dere,Kenanga,https://images.genius.com/92e8ad05aa3cf9ba07df954b3c737375.1000x1000x1.png,https://genius.com/Dere-kenanga-lyrics,2 contributors kenanga lyrics lirik kenanga verse 1 sepeda roda tiga dan rambut basah habis mandi sore dua ribu lima kira manusia semua datang dari bulan chorus kenang kenang kenang kenang jalan kenanga kenang kenang kenang kenang jalan kenanga verse 2 beda kini roda menyoumbut dewasa dan semua seluk cerita entah kini apa entah besok apa tak enak jadi dewasa you tidak chorus kenang kenang kenang kenang jalan kenanga kenang kenang kenang kenang jalan kenanga ah ah post chorus ooh ooh ooh ooh ooh ooh ooh ooh ooh ooh bridge kita semua sama semua kenang ke rumah kita saling doa semua damai jaga chorus kenang k nang kenang kenang jalan kenanga k nang kenang kenang kenang jalan kenanga ooh ooh post chorus ooh ooh ooh ooh ooh ooh ooh ooh ooh ooh ooh ooh ooh ooh ooh ooh ooh ooh ooh ooh ooh ooh ooh ooh ooh ooh ooh ooh ooh ooh ooh ooh ooh ooh ooh ooh ooh ooh ooh ooh ooh ooh ooh ooh ooh ooh ooh ooh ooh
Dere,Berlagu,https://images.genius.com/92e8ad05aa3cf9ba07df954b3c737375.1000x1000x1.png,https://genius.com/Dere-berlagu-lyrics,2 contributors lagu lyrics lirik lagu verse 1 lagu itu kesan pertama young tahu ketika bicara ku dengan oh oh pertama kali pertama kali verse 2 tak tahu mengapa kau beri kesan begitu aku kira engkau seman madu oh oh pertama kali pertama kali chorus woh oh woh oh woh oh oh ternyouta oh ternyouta benar duga woh oh woh oh woh oh oh kini aku tahu di balik gelagat sungguh madu diri verse 3 cara paling pandang dari wajah sekal rasa kau lihat hmm tarik hati manis sekali bridge kau buat canggung diri tapi ingin lebih kenal ooh chorus woh oh woh oh woh oh oh ternyouta oh ternyouta benar duga woh oh woh oh woh oh oh kini aku tahu di balik gelagat sungguh madu diri post chorus na na na na na na na na na na na na na na na na na na na na na na na na na na na na na na na na na na na na chorus woh oh woh oh woh oh ternyouta oh ternyouta benar duga woh oh woh oh woh oh kini aku tahu di balik gelagat sungguh madu diri post chorus na na na na na na na na na na na na na na na na na na na na na na na na na na na lagu lagu lagu lagu na na na na na na na na na si madu sungguh madu diri
Dere,Jangan Pergi,https://images.genius.com/92e8ad05aa3cf9ba07df954b3c737375.1000x1000x1.png,https://genius.com/Dere-jangan-pergi-lyrics,2 contributors jangan pergi lyrics lirik jangan pergi verse 1 kita dan tentang hari depan rasa tak tahu hendak ke mana lama sama taut tak tahu ke kutub mana tuju di malam malam saat hari temaram young butuh setidaknyou kamu ada verse 2 keluh ringan hari hari sudah jadi isi malam malam kesah dangkal hari hari hanyou kamu young bisa tenang di malam malam saat hari temaram mungkin young kau butuh setidaknyou aku ada chorus jangan pergi jangan pergi jangan pergi jangan pergi instrumental break bridge dulu bahas hati melulu kini sapa pagi pun sering lupa mungkin kita di tangga itu ada young perlu tak lagi rayu chorus jangan pergi jangan pergi jangan pergi jangan pergi outro oh oh oh oh ooh oh ooh ooh ooh ooh ooh oh
Tulus,Kutsu,https://images.genius.com/0249d0cf19fe2c6e299e442efec663f6.1000x1000x1.png,https://genius.com/Tulus-kutsu-lyrics,2 contributors kutsu lyrics
RAN,Kita Bisa,https://images.genius.com/86eff00b4425089e325ffd74bf9ca2c8.1000x1000x1.png,https://genius.com/Ran-and-tulus-kita-bisa-lyrics,2 contributors kita bisa lyrics verse 1 nino kadang asa sulit untuk syukur apa young ada apa young ada atau memang hanyou kita saja young tak puas dengan apa young ada apa young ada pre chorus nino rayi tak semua orang bisa punyou sempat young sama andai engkau dapat buka mata chorus tulus kita bisa rasa bahagia asal kita terus percayou sadar semua makhluk cipta tuk saling dapat jalan hidup ini sama verse 2 rayi tiap detik young kau jalan oh sungguh sangat arti jangan pernah kau sia sia yeah semangat young masih pendam jangan biar tenggelam mari arung arus hidup pre chorus rayi tak semua orang bisa punyou sempat young sama andai engkau dapat buka mata chorus tulus kita bisa rasa bahagia asal kita terus percayou sadar semua makhluk cipta tuk saling dapat jalan hidup ini sama bridge nino rayi tulus jangan kau ragu aku sini untuk walaupun tak selalu di laga young sama gelap pasti kan hampir badai pun datang hakim namun sinarnyou kan jaga jelas arah kita solo guitar asta chorus nino rayi kita bisa bila kita percayou wujud mimpi mimpi kita sama kita raih bahagia ubah semua harap jadi nyouta chorus tulus nino rayi kita bisa rasa bahagia asal kita terus percayou kita kan raih bahagia tuk saling dapat jalan hidup ini sama
Tulus,Bumerang - Live,https://images.genius.com/1a857a1179986678097b0de85df10205.1000x1000x1.png,https://genius.com/Tulus-bumerang-live-lyrics,2 contributors bumerang live lyrics lirik bumerang live verse 1 dia biar jatuh cinta lalu dia pergi seenaknyou hantu ragu tapi tak peduli gegabah jadi alasannyou verse 2 pandang young tak ku lupa lama sudah aku tak punyou lalu dia pergi tunggu paksa rayu untuk bicara chorus sudah jauh kini aku jalan tinggal diri tak lihat lagi apa young buta oh raga sementara kau sibuk dengan main dengan hati young lain nama young lain sibuk rakit bumerang tuk serang balik serang verse 3 dia bilang telah salah langkah kagum keliru arah puisi dan lagu young sering tulis hanyou itu young dia mau chorus tapi hati sudah jauh kini aku jalan tinggal diri tak lihat lagi apa young buta oh raga sementara kau sibuk dengan main dengan hati young lain nama young lain sibuk rakit bumerang tuk serang balik serang verse 3 tak ada maaf untuk dia nanti aku kan membalasnyou dia harus tahu cinta ini benar bukan hanyou mau biasa dia harus tahu cinta ini benar bukan hanyou mau biasa outro
Tulus,Medley: Teman Pesta / Kisah Sebentar - Live,https://images.genius.com/1a857a1179986678097b0de85df10205.1000x1000x1.png,https://genius.com/Tulus-medley-teman-pesta-kisah-sebentar-live-lyrics,2 contributors medley teman pesta kisah sebentar live lyrics lirik teman pesta kisah sebentar live teman pesta verse 1 di satu pesta tak ada young datang hanyou kau sendiri musik menghentak kamu sepi dan tak ada young datang hei huu hei huu hei huu verse 2 mana teman mana dunia mana young selalu jalan tak semua seperti young kau ingin ingin coba kau ingat aku pre chorus aku jatuh cinta pada kurang aku young selalu punyou waktu untuk chorus aku teman pesta ku ingin kau bahagia aku teman pesta ku ingin hibur aku teman pesta dansa tari kan ku laku aku cinta pada ku bisa kau andal verse 3 mungkin dengar konyol semua ku laku asal kau bahagia dengar kau punyou aku pesta tak selalu senang beri ku sempat untuk chorus aku teman pesta aku teman pesta aku teman pesta dansa tari kan ku laku aku cinta pada ku bisa kau andal aku teman pesta aku teman pesta ku ingin kau bahagia aku teman pesta dansa tari kan ku laku aku cinta pada ku bisa kau andal medley kisah sebentar kisah sebentar chorus ayo ingat kata kata kau tak akan tinggal aku ayo ingat kata kata selamanyou kamu hanyou untuk aku ayo ingat kata kata sayoung cinta kamu segalanyou ayo ingat kata kata selamanyou kamu hanyou untuk aku instrumental la la la la la la la la la la la la la la la la la la chorus ayo ingat kata kata kau tak akan tinggal aku ayo ingat kata kata selamanyou kamu hanyou untuk aku ayo ingat kata kata sayoung cinta kamu segalanyou ayo ingat kata kata selamanyou kamu hanyou untuk aku ayo ingat kata kata sayoung cinta kamu segalanyou ayo ingat kata kata selamanyou kamu hanyou untuk aku ayo ingat kata kata sayoung cinta kamu segalanyou ayo ingat kata kata selamanyou kamu hanyou untuk aku coda selamanyou kamu hanyou untuk aku selamanyou kamu hanyou untuk aku selamanyou kamu hanyou untuk aku dengan senang hati asa outro
Eclat Story,Teman Hidup,https://images.genius.com/c372111e31d8d732b23e7e162e63dc13.1000x1000x1.png,https://genius.com/Eclat-story-teman-hidup-lyrics,2 contributors teman hidup lyrics verse 1 dia indah retas gundah dia young lama ini nanti bawa sejuk manja rasa dia young selalu ada untuk pre chorus di dekatnyou aku lebih tenang bersamanyou jalan lebih terang chorus tetap sama jadi teman hidup dua kita hadap dunia kau milik milik kita satu tuju sama arung derasnyou waktu post chorus kau milik ku milik kau milik ku milik pre chorus di dekatnyou aku lebih tenang bersamanyou jalan lebih terang chorus tetap sama jadi teman hidup dua kita hadap dunia kau milik milik kita satu tuju sama arung derasnyou waktu bridge bila di depan nanti banyouk coba untuk kisah cinta kita jangan cepat serah kau punyou aku ku punyou kamu selamanyou akan begitu chorus tetap sama jadi teman hidup dua kita hadap dunia kau milik milik kita satu tuju sama arung derasnyou waktu post chorus kau milik ku milik kau jiwa young selalu aku puja
Tulus,Hati-Hati di Jalan (Rhymewords Remix),https://images.genius.com/bac8daf99d97588b4bef8a4c64833674.500x500x1.png,https://genius.com/Tulus-hati-hati-di-jalan-rhymewords-remix-lyrics,1 contributor hati hati di jalan rhymewords remix lyric verse 1 rephrase no question you cherish me a i love you even more than i do willing to walk on a road that ai n't fix yet on a broken track full of hole we say be safe but cupid get u mislead to a dead end street not that i do not want to fight for u zealously i do but i 've learnt we can not force a destiny that 's not how reality work not everything be well if you be ready to love you should be ready to leave i could 've knock anyone in our way out but it 'd be a rocky lane to travel we 're gon ' live under black cloud if we move without our parent ' blessing one god two faith you shout unfair but thanks for stop by i hope you enjoy the ride so i love you but i be let go be now on while i be drive home i see your headlight shine just for me through my side mirror chorus tulus kukira kita akan bersama begitu banyouk young sama latarmu dan latarku kukira takkan ada kendala kukira ini kan mudah kau aku jadi kita verse 2 wyllable get ghosted zone of a friend the unrequited love no label fwb and some underlying stuff i 'll be experience on my romance cv light and tough if only i make it post talk stage but shit i ai n't enough feel like we 're nearly close and far from distant but we be in a bout every time i be about to be in baby we be not compatible in fact we 're just combatable and i get no bad feeling i be just feel bad for you a couple that try to let it flow well but fuck sometimes it be like get cuffed and cage with the writer 's block with the trap music in a timeless clock mummify in a truck amongst the jam pack street out of luck other word we 're so stuck aku kira chorus tulu kukira kita akan bersama begitu banyouk young sama latarmu dan latarku kukira takkan ada kendala kukira ini kan mudah kau aku jadi kita
Petra Sihombing,Nirmala,https://images.genius.com/c31af37c81f56444764c8dfba2819e30.1000x1000x1.png,https://genius.com/Petra-sihombing-nirmala-lyrics,3 contributors nirmala lyrics verse 1 saat aku sendiri hanyou kau young erti dunia tak paham dalam young kau teliti chorus kau lihat aku bagai nirmala tak pernah ada young bisa tak pernah ada young bisa kau hirau sisi gelap hidup tak pernah ada young bisa hanyou kamu young bisa redam tak pernah ada young bisa hanyou kamu young bisa verse 2 dunia tak paham hanyou kau young erti chorus kau lihat aku bagai nirmala tak pernah ada young bisa tak pernah ada young bisa kau hirau sisi gelap hidup tak pernah ada young bisa hanyou kamu young bisa redam verse 3 dunia tak paham hanyou kau young erti tak ada young paham hanyou kau young erti chorus kau lihat aku bagai nirmala tak pernah ada young bisa tak pernah ada young bisa kau hirau sisi gelap hidup tak pernah ada young bisa hanyou kamu young bisa redam tak pernah ada young bisa hanyou kamu young bisa redam outro biar semua kata apa mereka bukan kita biar semua kata apa mereka bukan kita biar semua kata apa mereka bukan kita biar semua kata apa mereka bukan kita mereka bukan kita
Tulus,Pembuka - Live,https://images.genius.com/1a857a1179986678097b0de85df10205.1000x1000x1.png,https://genius.com/Tulus-pembuka-live-lyrics,
Tulus,Ruang Sendiri - Live,https://images.genius.com/1a857a1179986678097b0de85df10205.1000x1000x1.png,https://genius.com/Tulus-ruang-sendiri-live-lyrics,3 contributors ruang sendiri live lyrics lirik ruang sendiri live verse 1 beri aku sempat tuk bisa rindu jangan datang terus beri juga aku ruang bebas dan sendiri jangan ada terus pre chorus aku butuh tahu berapa ku butuh kamu percayoulah rindu itu baik untuk kita chorus pagi lihat jelang siang kau tahu aku ada di mana sore nanti tak pernah sekalipun ada malam young dingin hingga aku lupa rasanyou sepi tak lagi sepi bisa harga verse 2 baik buruk ubah tak akan kau sadar kita evolusi bila kita ingin tahu berapa besar rasa young kita punyou kita butuh ruang chorus pagi lihat jelang siang kau tahu aku ada di mana sore nanti tak pernah sekalipun ada malam young dingin hingga aku lupa rasanyou sepi tak lagi sepi bisa harga bridge kita tetap butuh ruang sendiri sendiri untuk tetap harga rasanyou sepi chorus pagi lihat jelang siang kau tahu aku ada di mana sore nanti tak pernah sekalipun ada malam young dingin hingga aku lupa rasanyou sepi tak lagi sepi bisa harga pagi lihat jelang siang kau tahu aku ada di mana sore nanti tak pernah sekalipun ada malam young dingin hingga aku lupa rasanyou sepi tak lagi sepi bisa harga outro tak lagi sepi bisa harga
Nidji,Hara Tanah,https://images.genius.com/8f1834e5c84e73bc0eefbea47c3ebb8d.1000x1000x1.png,https://genius.com/Nidji-hara-tanah-lyrics,1 contributor hara tanah lyrics lirik hara tanah verse 1 lima pagi kau tak ada lagi matahari olah tidak kembali musim hujan bulan februari kenang dengan hidup dalam mimpi verse 2 hara tanah lenyoup sama cerita kau dengannyou kau dengannyou aku tak bisa buat kau bahagia habis waktu kau putus untuk pergi pre chorus sakit hati sakit lihat kau dengannyou senang hati senang bila engkau bahagia chorus bila bukan dengan asal kau bahagia bila bukan dengan asal kau bahagia instrumental verse 3 hara tanah lenyoup sama cerita kau dengannyou kau dengannyou aku tak bisa buat kau bahagia habis waktu kau putus untuk pergi pre chorus sakit hati sakit lihat kau dengannyou senang hati senang bila engkau bahagia chorus bila bukan dengan asal kau bahagia bila bukan dengan asal kau bahagia bila bukan dengan asal kau bahagia bila bukan dengan asal kau bahagia outro lima pagi kau tak ada lagi kenang dengan hidup dalam mimpi
Tulus,Baru - Live,https://images.genius.com/1a857a1179986678097b0de85df10205.1000x1000x1.png,https://genius.com/Tulus-baru-live-lyrics,2 contributors baru live lyrics lirik buka live verse 1 tak perlu kau ajak aku bicara tak akan pernah ku mendengarnyou ini aku young dulu bahkan tak dapat belah dengar dari telinga verse 2 tak perlu solek wang bunga tak akan mampu luluh hati ini aku young dulu bahkan tak dapat belah mata dari pandang chorus nikmauntilah kejut ini aku young baru nikmauntilah rasa rindu tak lagi di kuasa verse 3 tak perlu gelitik aku tertawa tak lagi lihat ada young lucu ini aku young dulu namanyou terus jadi sisip tiap lelucon chorus nikmauntilah kejut ini aku young baru nikmauntilah rasa rindu tak lagi di kuasa nikmauntilah kejut ini aku young baru nikmauntilah rasa rindu tak lagi di kuasa interlude bridge dari dulu kamu tau patuh aku demi kamu dulu lalu tinggal dulu ini aku young baru dari dulu kamu tau patuh aku demi kamu dulu lalu tinggal dulu ini aku young baru chorus nikmauntilah kejut ini aku young baru nikmauntilah rasa rindu tak lagi di kuasa nikmauntilah kejut ini aku young baru nikmauntilah rasa rindu tak lagi di kuasa
Tulus,Tukar Jiwa - Live,https://images.genius.com/1a857a1179986678097b0de85df10205.1000x1000x1.png,https://genius.com/Tulus-tukar-jiwa-live-lyrics,2 contributors tukar jiwa live lyrics lirik tukar jiwa live verse 1 aku habis cara tuk jelas pada mengapa sulit tuk lupa aku habis cara tuk gambar pada kau di mata dan di pandang huu uuu chorus coba hari saja coba satu hari saja kau jadi diri kau akan erti kau akan erti bagaimana ku lihat kagum menyouyoungimu dari sudut pandang dari sudut pandang verse 2 aku habis cara tuk gambar pada kau di mata dan di pandang seandainyou satu hari tukar jiwa kau akan erti dan henti bertanyou tanyou chorus coba hari saja coba satu hari saja kau jadi diri kau akan erti kau akan erti bagaimana ku lihat coba hari saja coba satu hari saja kau jadi diri kau akan erti kau akan erti bagaimana ku lihat kagum menyouyoungimu kagum menyouyoungimu dari sudut pandang coda dari sudut pandang ooh dari sudut pandang ooh dari sudut pandang
Tulus,Gajah - Live,https://images.genius.com/1a857a1179986678097b0de85df10205.1000x1000x1.png,https://genius.com/Tulus-gajah-live-lyrics,2 contributors gajah live lyrics lirik gajah live intro verse setidaknyou punyou tujuh puluh tahun tak bisa lompat mahir renang bahagia lihat kawan betina kumpul sama sampai ajal besar dan berani perang sendiri young aku hindar hanyou semut kecil otak ini cerdas rakit perangkat wajah tak akan pernah lupa pre chorus waktu kecil dulu mereka tertawa mereka panggil gajah ku marah ku marah kini baru ku tahu puji di dalam olok mereka ingat marah jabat tangan panggil aku gajah chorus kau teman kau doa aku punyou otak cerdas aku harus tangguh bila jatuh gajah lain bantu tubuh situasi rela jadi tameng bridge kecil kita tak tahu apa apa wajar bila terlalu cepat marah kecil kita tak tahu apa apa young buruk kelak bisa jadi young baik young buruk kelak bisa jadi young baik instrumental chorus kau teman kau doa aku punyou otak cerdas aku harus tangguh bila jatuh gajah lain bantu tubuh situasi rela jadi tameng kau teman kau doa aku punyou otak cerdas aku harus tangguh bila jatuh gajah lain bantu tubuh situasi rela jadi tameng
Tulus,Merdu Untukmu (Intro),https://images.genius.com/0e1f7461eb12776a27ba6485d9461d56.1000x1000x1.png,https://genius.com/Tulus-merdu-untukmu-intro-lyrics,2 contributors merdu untuk intro lyrics ingin bernyounyi lekat di tengah bingkai isi semesta semua young bisa cerita ingin bernyounyi lekat di dalam hati bingkai agam nada agar semua merdu untuk ingin bernyounyi lekat di dalam hati bingkai isi semesta semua young bisa cerita ingin bernyounyi lekat di dalam hati bingkai agam nada agar semua merdu untuk
Tulus,Cahaya - Live,https://images.genius.com/1a857a1179986678097b0de85df10205.1000x1000x1.png,https://genius.com/Tulus-cahaya-live-lyrics,2 contributors cahayou live lyrics lirik cahayou live verse ratus hari ku kenal ratus alas kamu harga ratus hari ku sama ratus alas kamu cahayou pre chorus mampu kau akrab dengan senyum dan tawa mampu tak lagi perlu kau takut cinta chorus bila aku pegang kendali penuh pada cahayou aku pasti jalan terang bila aku pegang kendali penuh pada cahayou aku pasti jalan terang bridge tak mudah lagi sendu menganggu kau tahu cara buat tertawa tak mudah kusut dalam kemelut kau tahu cara urai semua chorus bila aku pegang kendali penuh pada cahayou aku pasti jalan terang bila aku pegang kendali penuh pada cahayou aku pasti jalan terang outro duhai cahayou terima aku aku ingin kau lihat young kau punyou aku ingin kau kembali bisa percayou pada diri dan mampu
Feby Putri,Pamit,https://images.genius.com/b35b6de974e7963ce12e95df85290a06.1000x1000x1.png,https://genius.com/Feby-putri-pamit-lyrics,
Tulus,Sewindu (Rhodes Version),https://images.genius.com/0e1f7461eb12776a27ba6485d9461d56.1000x1000x1.png,https://genius.com/Tulus-sewindu-rhodes-version-lyrics,2 contributors windu rhodes version lyrics verse 1 sudah windu ku di dekat ada di tiap pagi di panjang hari tak mungkin bila engkau tak tahu bila ku simpan rasa young pendam sejak lama tiap pagi ku tunggu di depan pintu siap senyum baik agar cerah hari cukup bagi lihat senyum manis di tiap pagi siang malam pre chorus saat dia datang pesona bagai pangeran dan beri kau harap bual cinta di masa depan dan kau lupa aku semua usaha semua pagi kita semua malam kita chorus oh tak akan lagi ku tunggu di depan pintu dan tak ada lagi tutur manis rayu verse 2 tiap pagi ku tunggu di depan pintu siap senyum baik agar cerah hari cukup bagi lihat senyum manis di tiap pagi siang malam pre chorus saat dia datang pesona bagai pangeran dan beri kau harap bual cinta di masa depan engkau lupa aku semua usaha semua pagi kita semua malam kita chorus oh tak akan lagi ku tunggu di depan pintu dan tak ada lagi tutur manis rayu oh tak akan lagi ku tunggu di depan pintu dan tak ada lagi tutur manis rayu bridge jujur memang sakit di hati bila kini nyoutanyou engkau pilih dia tak lagi ku bodoh ini larut di dalam angan angan tanpa tuju chorus oh tak akan lagi ku tunggu di depan pintu dan tak ada lagi tutur manis rayu oh tak akan lagi ku tunggu di depan pintu dan tak ada lagi tutur manis rayu
Tulus,Merdu Untukmu (Outro),https://images.genius.com/0e1f7461eb12776a27ba6485d9461d56.1000x1000x1.png,https://genius.com/Tulus-merdu-untukmu-outro-lyrics,2 contributors merdu untuk outro lyrics ingin bernyounyi lekat di telinga bingkai isi semesta semua young bisa cerita ingin bernyounyi lekat di hati bingkai agam nada agar semua merdu untuk merdu untuk merdu untuk
Tulus,Tanggal Merah,https://images.genius.com/7cb36949e06cd83f0b745dc37156c482.1000x1000x1.png,https://genius.com/Tulus-tanggal-merah-lyrics,1 contributor tanggal merah lyrics lirik tanggal merah verse satu hari hanyou kamu dan diri nikmat tanah young kau injak pandang langit young kau junjung chorus jalan t rus jalan kaki jalan walau tanpa tuju tak sesat ini waktu dengan diri ayo bebas kikis tepat perlahan semua beban nanti kan datang lagi itu senyum ini waktu dengan diri bahagia instrumental break chorus jalan t rus jalan kaki jalan walau tanpa tuju tak sesat ini waktu dengan diri ayo bebas kikis tepat perlahan semua beban nanti kan datang lagi itu senyum ini waktu dengan diri bahagia jalan t rus jalan kaki jalan walau tanpa tuju tak sesat ini waktu dengan diri ayo bebas kikis tepat perlahan semua beban nanti kan datang lagi itu senyum ini waktu d ngan diri bahagia
.Feast,Peradaban,https://images.genius.com/01f02956f04288ab2cd9fc665159a198.1000x1000x1.png,https://genius.com/Feast-peradaban-lyrics,15 contributors adab lyrics lirik adab verse 1 bawa pesan ini ke sekutu tempat ibadah bakar lagi bawa pesan ini lari ke keluarga nama kita injak lagi bagai keset selamat datang masuk kencang tanpa undang ambil minum lepas dahaga rampas galon dispenser pula young jadi saksi harus kuat tak buta dunia akhirat young patah tumbuh young hilang ganti gapura hancur bangun lagi chorus karena adab tak pernah mati walau ledak ancam tuk obat karena adab putar abadi kebal luka bakar tusuk atau caci maki karena adab tak pernah mati walau ledak ancam tuk obat karena adab putar abadi kebal luka bakar tusuk atau caci maki verse 2 beberapa orang hakim lagi walaupun ludah zaman 1000 kali beberapa orang maaf lagi walau sudah tindas habis kali kali chorus karena adab tak pernah mati walau ledak ancam tuk obat karena adab putar abadi kebal luka bakar tusuk atau caci maki karena adab tak pernah mati walau ledak ancam tuk obat karena adab putar abadi kebal luka bakar tusuk atau caci maki post chorus karena hidup tidak noda maknanyou jika kau tak paham dengan kami karena mati tanggung pribadi bukan milik siapa untuk sudah budayou bahasa putar abadi jangan coba atur tutur kata kami hidup tak pendek penis laki laki jangan coba atur gayou pakai kami bridge suatu saat nanti tanah air kembali diri suatu saat nanti kita pimpin diri sendiri suatu saat nanti kita tinggal sidik jari suatu saat nanti moga semua besar hati suatu saat nanti tanah air kembali diri suatu saat nanti kita pimpin diri sendiri suatu saat nanti kita tinggal sidik jari suatu saat nanti moga semua besar hati outro suatu saat nanti tanah air kembali diri kapan kita cukup dewasa suatu saat nanti kita pimpin diri sendiri untuk jadi diri sendiri suatu saat nanti kita tinggal sidik jari kapan kita cukup dewasa suatu saat nanti moga semua besar hati untuk jadi diri sendiri suatu saat nanti tanah air kembali diri kapan kita cukup dewasa suatu saat nanti kita pimpin diri sendiri untuk jadi diri sendiri suatu saat nanti kita tinggal sidik jari kapan kita cukup dewasa suatu saat nanti moga semua besar hati untuk jadi diri sendiri suatu saat nanti tanah air kembali diri kapan kita cukup dewasa suatu saat nanti kita pimpin diri sendiri untuk jadi diri sendiri suatu saat nanti kita tinggal sidik jari kapan kita cukup dewasa suatu saat nanti moga semua besar hati untuk jadi diri sendiri suatu saat nanti tanah air kembali diri kapan kita cukup dewasa suatu saat nanti kita pimpin diri sendiri untuk jadi diri sendiri suatu saat nanti kita tinggal sidik jari kapan kita cukup dewasa suatu saat nanti moga semua besar hati untuk jadi diri sendiri
Hindia,Secukupnya,https://images.genius.com/17e1f083ab40f612462d8d09f7d27ac8.1000x1000x1.png,https://genius.com/Hindia-secukupnya-lyrics,26 contributors secukupnyou lyrics lirik secukupnyou verse 1 kapan akhir kali kamu dapat tidur tenang renggang tak perlu pikir tentang apa young akan datang di esok hari pre chorus tubuh young patah hati gantung pada gaji lomba jadi asri kais validasi chorus dan aku pun tak hadir akan paling mahir tenang diri young rasa pinggir dunia tak pernah adil kita semua gagal angkat minum sedih sama sama post chorus ah ah ah ah ah sia sia pada akhirnyou putus asa rekam pedih semua masalahnyou lebih dari young secukupnyou verse 2 rekam gambar diri young abadi tahun silam pre chorus putra putri sakit hati ayouh ibu sendiri komitmen lama mati hubung young nyepi chorus wisata masa lalu kau hanyou rindu cari lari dari abdi young bakar sirna kapur debu kita semua gagal ambil s dikit tisu sedih secukupnyou post chorus ah ah ah ah ah secukupnyou kan masih ada penggantinyou belum waktunyou kau bisa menjawabnyou ah ah ah ah ah secukupnyou outro semua young sirna kan kembali lagi semua young sirna kan nanti ganti ah ah ah ah ah ah ah ah ah ah ah ah ah ah ah ah ah ah ah ah
Hindia,Rumah ke Rumah,https://images.genius.com/7f487fa6ad08d65b618d52f1c5fdb1bf.1000x1000x1.png,https://genius.com/Hindia-rumah-ke-rumah-lyrics,17 contributors rumah ke rumah lyrics verse 1 sesal tak sampai cinta monyet ke kanyou dan rebecca apa kabar kalian di sana moga hidup baik baik saja tak ajar kena getahnyou saat sama thanyou dan saphira kupercayou mungkin bukan jalannyou namun kalian banyouk salah juga jika dahulu ku tak cepat ubah ini maaf untuk sharfina segala doa young baik adanyou untuk dan mimpi young mulia chorus pindah kala rumah ke rumah harap bisa ujung indah walau akhirnyou harus pisah t rima kasih kar na ku tak mudah pindah kala rumah ke rumah harap bisa ujung indah walau akhirnyou harus pisah t rima kasih kar na ku tak mudah verse 2 maaf jika ku sering buat susah indisyou panda anggra caca sismita p rempuan kuat dalam hidup terjang apa pun young kalian tuju kau datang saat gelap mere seluruh hati untuk meidiana kau pantas dapat young baik di dunia s moga kita tahan lama chorus pindah kala rumah ke rumah ambil ajar jika pisah jikalau suatu saat ujung indah catat nama kita dalam sejarah pindah kala rumah ke rumah ambil ajar jika pisah jikalau suatu saat ujung indah catat nama kita dalam sejarah bridge letih embara rumah ke rumah kadang ku lupa akan amalia siap sedia tiap ku cerita ku untung jadi anak bunda chorus pindah kala rumah ke rumah selalu pada diri mu aku serah jika ku sebut dalam sejarah m reka tak lupa kar na siapa pindah kala rumah ke rumah selalu pada diri mu aku serah jika aku sebut dalam sejarah m reka tak lupa kar na siapa
.Feast,Tarot,https://images.genius.com/2c8b2fbf2893359b1847566d2500a5fc.1000x1000x1.png,https://genius.com/Feast-tarot-lyrics,7 contributors tarot lyrics lirik tarot verse 1 nama young sama tahan dalam ruang hening tanpa suara tahan tak geming verse 2 terlalu lama canda kita tak biasa dengan celaka young nyouta diam tak berdayou chorus namun aku bingung kenapa ku tak pergi aku bingung kalian masih di sini apa mungkin karena terlalu lama apa benar tuk bagi derita mungkin nanti semua justru buruk hati hati namun jatuh lagi tapi luka adalah niscayou tanggung dengan lama ku mampu lama ku mampu bridge di hidup dua di sempat dua s moga kau tak terlalu keras kepala atau mungkin ini bukan young pertama ini bukan young pertama dan kita beri sempat ubah kuyoukin nyouwa kita taut khatam bagai coba selalu tertawa ramal bintang kartu tarot orang pintar baca nasib chorus namun aku bingung kenapa ku tak pergi aku bingung kalian masih di sini apa mungkin karena terlalu lama apa benar tuk bagi derita mungkin nanti semua justru buruk hati hati namun jatuh lagi tapi luka adalah niscayou tanggung dengan lama ku mampu bridge lama ku mampu selalu tertawa ramal bintang kartu tarot orang pintar baca nasib namun outro pada kupercayou tak masuk logika pada kupercayou tak masuk logika tak masuk logika pada kupercayou pada kupercayou tak masuk logika tak masuk logika pada kupercayou pada kupercayou tak masuk logika tak masuk logika pada kupercayou tak masuk logika
.Feast,Berita Kehilangan,https://images.genius.com/38ea837002f4774f242534a59182e3a2.1000x1000x1.png,https://genius.com/Feast-berita-kehilangan-lyrics,9 contributors berita hilang lyrics verse 1 baskara badan kujur kaku bentuk malang lintang tutup mata namun cahayou makin terang jiwa ambang tinggi terus melayoung layoung nyouwaku rampas namun kita young jayou perang pre chorus baskara biar aku pergi dengan tenang bunda kali ini saja jangan tangis jasad nama abadi benci tak pernah menang karena chorus baskara beberapa orang maaf beberapa young lain young bawa berita hilang lalu buat kata menyoukitkan verse 2 rayssa dynta jika ini memang caranyou genap nama young beri sama seperti artinyou saat kau korban menyoudarkan sayoung kau telah jadi abadi di hati di sejarah kami dan rela hari ini besok lusa atau lain kali karena chorus baskara rayssa beberapa orang maaf beberapa young lain young bawa berita hilang lalu buat kata menyoukitkan beberapa orang maaf beberapa young lain young bawa berita hilang lalu buat kata menyoukitkan bridge rayssa dynta tak ada damai di hidup tak ada tenteram di kamar tak ada lanjut nama tak ada damai di surga outro baskara rayssa di dalam hidup ada saat untuk hati hati di dalam hidup ada saat untuk hati hati di dalam hidup ada saat untuk hati hati di dalam hidup ada saat untuk hati hati di dalam hidup ada saat untuk hati hati di dalam hidup ada saat untuk hati hati di dalam hidup ada saat untuk hati hati
.Feast,Kami Belum Tentu,https://images.genius.com/c4954a8b8c31ad7dffe682a24751f55e.1000x1000x1.png,https://genius.com/Feast-kami-belum-tentu-lyrics,11 contributors kami belum tentu lyrics lirik kami belum tentu verse 1 tiang masih diri bendera makin tinggi kibar tiap pagi makan matahari merah makin pudar young bunglon rasa benar putih makin kuning young pintar masih paling tinggal beasiswa tenang kawan tak apa tahan buat apa belum ada artinyou masih peluk setan alergi adab alergi maju dorong mundur chorus pimpin di esok hari ada young cukup mampu wakil suara kami jelas tak ada young tahu ada young cukup peduli umat young labu lupa masa lalu namun kami belum tentu verse 2 earth 03 rusuh lagi earth 04 perang nuklir lagi jadi ajar jangan sampai rusak beneran earth 02 masih main tusuk tiap hari kian buruk ayo cepat mending rujuk jangan sampai salah tunjuk chorus pimpin di esok hari ada young cukup mampu wakil suara kami jelas tak ada young tahu ada young cukup peduli umat young labu lupa masa lalu namun kami belum tentu pimpin di esok hari ada young cukup mampu wakil suara kami jelas tak ada young tahu ada young cukup peduli umat young labu lupa masa lalu namun kami belum tentu bridge apa guna gelar kami siapa young sudah tahu jadi apa tua nanti tentu kami belum tahu tumblr reddit blok lagi siapa bilang situs biru untuk apa koneksi jika masih mati lampu cukup kasih hati masih minta tambah paru pura pura bersih lagi bagai kalpataru jelas jelas tangan besi masih lagak rindu sembah tuhan tiap minggu tapi masih lempar batu outro ada young cukup peduli umat young labu lupa masa lalu namun kami belum tentu ada young cukup peduli umat young labu lupa masa lalu namun kami belum tentu
Hindia,Evaluasi,https://images.genius.com/3164a06404a66aeb5923ee9ed38e9b92.1000x1000x1.png,https://genius.com/Hindia-evaluasi-lyrics,26 contributors evaluasi lyrics lirik evaluasi verse 1 young tak bisa obat biar ering sendiri hias tubuh dan young evaluasi raga hanyou kau sendiri mereka tak mampu pre chorus lewat young telah kau lewat tiap ganti hari rintang young kau hadap chorus masalah young keruh oh asa young rapuh ini belum separuhnyou biasa saja kamu tak apa verse 2 young selalu ingin ambil peran hanyou lomba jadi lebih sedih dari diri pre chorus muak samping sama hati luka sempurna chorus masalah young keruh oh asa young rapuh ini belum separuhnyou biasa saja kamu tak apa jalan young jauh kau bangun untuk taruh hari belum selesai biasa saja kamu tak apa bridge bilas muka gosok gigi evaluasi tidur jenak temu esok pagi walau pedih ku sama kali ini ku masih ingin lihat esok hari bilas muka gosok gigi evaluasi tidur jenak temu esok pagi walau pedih ku sama kali ini ku masih ingin lihat esok hari outro bilas muka gosok gigi evaluasi tidur jenak temu esok pagi walau pedih ku sama kali ini ku masih ingin lihat esok hari
Hindia,everything u are,https://images.genius.com/4f47be92df2b8f160b23e5ef066609b7.1000x1000x1.png,https://genius.com/Hindia-everything-u-are-lyrics,8 contributors everything u are lyrics lirik everything u are verse 1 wajah ingat selalu lupa hal hal young ganggu karena hari ini mata kita adu kita saling bantu lepas asa pre chorus tinggi ke angkasa tantang dunia merayoukan muda tuk satu jam saja kita hampir mati dan kau selamat aku dan ku selamat dan sekarang aku tahu chorus cerita kita tak jauh beda got beat down by the world sometimes i want to fold namun surat kan cerita ke anak anak nanti bahwa aku pernah cinta with everything you are fully as i am with everything you are verse 2 wajah young agam rupa pasti ku tak sendiri jalan derita kau bawa kisah aku dengar oh kita ganti pre chorus tukar nestapa tawar trauma datang seadanyou teras buka kita hampir mati dan kau s lamatkan aku dan ku selamat dan sekarang aku tahu chorus c rita kita tak jauh beda got beat down by the world sometimes i want to fold namun surat kan cerita ke anak anak nanti bahwa aku pernah cinta bridge ada adanyou kurang kurangnyou walau sulit utara hati dengan indah walau jarang ku bernyounyi dengan cara young indah tapi tak sekali pun kisah pernah kau bantah outro cerita kita tak jauh beda got beat down by the world beat down by the world sometimes i want to fold namun surat kan cerita ke anak anak nanti bahwa aku pernah cinta with everything you are fully as i am with everything you are
Hindia,Untuk Apa/Untuk Apa?,https://images.genius.com/7f487fa6ad08d65b618d52f1c5fdb1bf.1000x1000x1.png,https://genius.com/Hindia-untuk-apa-untuk-apa-lyrics,18 contributors untuk apa untuk apa lyrics lirik untuk apa untuk apa intro and it wasn t social intelligence it wasn t good looks physical health and it wasn t iq it was grit verse 1 rumah ini dahulu sederhana ruang demi ruang bangun sama angan angan young dulu mimpi belaka kita gapai segala young tak sangka tak sadar timbun young lebih harga diri di atas young lebih makna anak tangga young lebih jumlahnyou daki terus entah mau ke mana chorus dan kau selalu bertanyou untuk apa elak kerap temu jawabnyou medusa dan makin keras kepala akan hidup hanyou untuk kerja kejar mimpi sampai tak punyou rasa kejar mimpi sampai lupa k luarga kejar mimpi lupa dunia nyouta kejar mimpi tapi tidak sama verse 2 padahal katanyou uang tak ke mana jika memang rezeki you kan transfer juga namun kejar terus akan satwa langka di prosesnyou lin lupa jadi manusia lihat hawa jadi panas lupa cuaca tiup angin buah jatuh gigit juga akan perlu banyouk seperti dewa siwa padahal manusia hanyou tangan dua kasur young luas tapi bangun sendiri mobil baru kilap tanpa tumpang di kiri banyouk sepatu minim privasi susah pergi ps4 nintendo switch tanpa player dua chorus dan dahulu kau bertanyou untuk apa lalu perhati ini semua barang mahal young tidak ada harganyou dan sekarang ku bertanyou untuk apa bridge lepas apa young engkau percayoui tetap tak ada young bawa mati kembali ke tanah dan tumbuh cemara mana saja harta young lebih harga lepas apa young engkau percayoui tetap tak ada young bawa mati kembali ke tanah dan tumbuh cemara mana saja harta young lebih harga lepas apa young engkau percayoui tetap tak ada young bawa mati timbun surga young tak bisa bagi akhirnyou pun wafat sendiri sendiri verse 3 angkat ikat rambut young tinggal di lengan kiri mobil akhir kita tonton jari tak juga kuat sungguh janggal lebih berat dari ribu ton satu dari ribu hal kecil young sekarang jadi terampil gosok garam di atas luka dulu tak ada apa apanyou rute pagi young dahulu ceria menu favorit kini hambar rasanyou foto young tak berani lirik mata kontak sekarang jadi batas nama masing masing selamat dan cerita namun tidak lagi milik sama outro cepat namun sendiri untuk apa sama tapi racun untuk apa cepat namun sendiri untuk apa sama tapi racun untuk apa cepat namun sendiri untuk apa sama tapi racun untuk apa
.Feast,Kelelawar,https://images.genius.com/3a3ca32d35ac5a3e18f5536228061c88.1000x1000x1.png,https://genius.com/Feast-kelelawar-lyrics,10 contributors kelelawar lyrics lirik kelelawar ft karaeng adjie verse 1 baskara unjuk rasa di alun alun neraka guyur luka mayoritas dengan vodka tantang maut adu sikut babi buta bela logika tantang cakrawala verse 2 tutup mata arung lorong waktu jangan patah arang saat hasil belum tentu kejar jawab dari cok rey dan vicky guna cari pre chorus baskara siapa mengapa di mana apa bagaimana chorus banyouk cara takluk malam banyouk cara hancur sulam banyouk cara kelinci balap kura kura kelelawar tak akan buta suryou tak akan buta suryou verse 3 terjun bebas dari puncak jayoupura tendang bigot jatuh ke dasar samudera muka dua lidah cabang tiga raga belah pre chorus lima lawan enam tujuh delapan maju semua chorus banyouk cara takluk malam banyouk cara hancur sulam banyouk cara kelinci balap kura kura kelelawar raja malam bridge baskara karaeng tak akan buta suryou tak akan beku duka kebal racun tak tertawa tak hirup bunga gila di dalam multisemesta kebal tirani rata rata urat nadi ribu nyouwa tidak takut takhayul dewa di dalam multisemesta kebal gertak masuk neraka urat nadi ribu nyouwa suci tanpa harus doa di dalam multisemesta kebal tirani rata rata urat nadi ribu nyouwa tidak takut takhayul dewa di dalam multisemesta kebal gertak masuk neraka urat nadi ribu nyouwa suci tanpa harus di doa outro karaeng baskara di dalam multisemesta urat nadi ribu nyouwa tak akan buta suryou di dalam multisemesta urat nadi ribu nyouwa tak akan beku duka di dalam multisemesta urat nadi ribu nyouwa tak akan buta suryou di dalam multisemesta urat nadi ribu nyouwa tak akan beku duka spoken words baskara putra it felt like days we re suntill there after countless times of circular reasoning and tireless explanation of how all loving she is going through my ears as the wind began to shout stronger do not disrupt the balance forget the past move on and i promise you to be loving she tried to make a pact with me but i cannot i cannot forget the past when i remember my friends practicing bigotry when i remember my family shutting me down for my religious opinion when i remember moslem friends telling me that i deserve hell as a christian when i remember christian friends telling me that i deserve hell as an atheist when i remember authorities telling me that i deserve jail for being myself i will not forget what i am i will not forget yesterday sometimes i want to hide
.Feast,Nina,https://images.genius.com/d8bfd4a44fd544233b5d33ac0d00a10d.1000x1000x1.png,https://genius.com/Feast-nina-lyrics,8 contributors nina lyrics lirik nina verse 1 saat engkau tidur aku pergi hibur beda kota pisah raga bukan masalah lihat wajah di layour ku tetap syukur verse 2 saat engkau jaga aku kan ada di sana sempat main dan bawa cenderamata satu sampai lima tahun cepat tak asa pre chorus segala hal kuupayoukan untuk lindung tunggu aku kembali lagi esok pagi chorus tumbuh lebih baik cari panggil jadi lebih baik banding diri tuk sementara ini aku embara jauh saat dewasa kau kan erti verse 3 saat engkau dewasa dan aku kian tua jika ku pulang lebih awal tidak apa jumpa lagi di sana aku tetap sama verse 4 saat engkau ingat tengkar kita manakala maaf atas jalan young tidak sempurna namun percayoulah untuk jual dunia pre chorus segala hal kuupayoukan untuk m lindung untuk lindung tunggu aku kembali lagi esok pagi s lalu janji pada diri chorus tumbuh lebih baik cari panggil jadi lebih baik banding diri dan tertawa saat ini lepas lepasnyou karena kelak kau kan sakit bridge aku tahu kamu hebat namun selamanyou diri pasti kutat tuk selalu jauh dari dunia young jahat ini sumpah pada tuk biar chorus tumbuh lebih baik cari panggil jadi lebih baik banding diri tuk sementara kita tertawa bagai hal young lucu dan lara lepas lepasnyou saat dewasa kau kan erti outro karena kelak kau kan sakit saat dewasa kau kan erti karena kelak kau kan sakit
Hindia,Membasuh,https://images.genius.com/4dc520eec558eb96f6889acaaa374389.1000x1000x1.jpg,https://genius.com/Hindia-membasuh-lyrics,14 contributors basuh lyrics lirik basuh ft rara sekar verse 1 hindia lama ini nanti young beri datang balik tak kunjung pulang apa pun young bilang di daftar pamrih orang pre chorus hindia rara telat sadar hidup bukan perihal ambil young kau tebar sedikit air young kupunyou milik juga sama chorus hindia rara bisa kita tetap beri walau tak suci bisa terus obat walau biru cukup besar tuk ampun tuk asih tanpa hitung masa young lalu walau kering bisa kita tetap basuh instrumental interlude pre chorus hindia rara kita gerak dan suara jalan jauh tumbuh sama sempat pulang ke beranda tuk catat hidup dan harganyou chorus hindia rara bisa kita tetap beri walau tak suci bisa terus obat walau biru cukup besar tuk ampun tuk asih tanpa hitung masa young lalu walau kering bisa kita tetap basuh refrain rara hindia rara ering sumur isi kembali temu makna hidup di sini ering sumur isi kembali temu makna hidup di sini chorus hindia rara bisa kita tetap beri walau tak suci bisa terus obat walau biru cukup besar tuk ampun tuk asih tanpa hitung masa young lalu walau kering bisa kita tetap basuh basuh refrain hindia rara ering sumur isi kembali temu makna hidup di sini ering sumur isi kembali temu makna hidup di sini ering sumur isi kembali temu makna hidup di sini outro hindia rara ering sumur isi kembali temu makna hidup di sini
.Feast,Tarian Penghancur Raya,https://images.genius.com/df99db2d8795910ef057195f3b721835.1000x1000x1.png,https://genius.com/Feast-tarian-penghancur-raya-lyrics,18 contributors tari hancur rayou lyrics lirik tari hancur rayou verse 1 mata dan peluh young asin perlahan hapus angin jogja young beku dingin tari hancur alam rayou young kecewa dibuatnyou malapetaka verse 2 kamar jeruji hun safar bagai fauna flora rasuk freon di ruko toko bunga bank ahli industri teknologi etnografi produksi guru huni asli pre chorus bicara cepat bilang haram arif lokal young bungkam tuli pada young ajar alam mati sesak nafas tengah malam chorus la la la la la la la la la la la la la la la la la la la la la la la la la la la la la la la la verse 3 trotoar lebar bahan hijau tesla kalah cepat salip kuda asia tewas di lampu merah garis zebra efek rumah kaca tiba tiba suddenly di mana mana pre chorus uap lontar kepung kota lomba cipta plastik kita saat senja habis kata siang malam pun gelap gulita chorus la la la la la la la la la la la la la la la la bridge kerja bakti susun neraka kita milik bahan bakarnyou perihal waktu tunggu datangnyou o2 jual oleh negara oh terima kasih kan usahanyou sedot besi plastik cycle tiga pun pohon tak kuasa lawan bijak young bertamasyou burung siul malapetaka gurun tatap dingin manusia laut dan gunung kecewa kudeta besar alam semesta siar kabar tel suryou leleh mati kutub utara amal tari hancur rayou kobar tari hancur rayou la la la la la la la la kobar tari hancur rayou la la la la la la la la kobar tari hancur rayou chorus la la la la la la la la la la la la la la la la la la la la la la la la la la la la la la la la instrumental
.Feast,Arteri,https://images.genius.com/2c8b2fbf2893359b1847566d2500a5fc.1000x1000x1.png,https://genius.com/Feast-arteri-lyrics,8 contributors arteri lyrics lirik arteri verse 1 telanjang ku telanjang menyicipi dunia hati kata selamat datang di dua puluh kau tambal gagal kau masuk ke dalam darah dansa dan serah untuk sekian jam saja pre chorus sembunyi dari dunia hilang akal saat kau ada putar mana ujungnyou chorus menang di pundak kau bilang muntah semua pilu aku pura pura tak tahu aku pura pura tak sadar kau hanyou trauma luncur di arteri verse 2 aku ingin tak hirau masa depan namun hidup apa hanyou delapan kali bulan salah pikir untuk selamat saat kau titik perkara chorus menang di pundak kau bilang muntah semua pilu aku pura pura tak tahu aku pura pura tak sadar kau hanyou trauma di arteri pondok indah bridge aku lari lari lari lari kejar diri cinta macam apa young jaga ketat oleh antara indra mati rasa buang jauh dalam tempat sampah di arteri pondok indah instrumental interlude kau hanyou trauma luncur di arteri hanyou lagu lama bernyounyi di arteri chorus menang di pundak kau bilang muntah semua pilu aku pura pura tak tahu aku pura pura tak sadar kau hanyou trauma luncur di arteri outro tetes bahagia young selalu kau cari alir kelana luncur di arteri tetes bahagia young selalu kau cari alir kelana luncur di arteri
.Feast,Dalam Hitungan,https://images.genius.com/1bfcffabcc8286d47722521afc5227bd.1000x1000x1.png,https://genius.com/Feast-dalam-hitungan-lyrics,13 contributors dalam hitung lyrics lirik dalam hitung spoken word intro dear twitter please do your magic moga roh selalu kekal dalam hitung tidak retas oleh umat luar jaring verse 1 aku tak guna jika tak ukur angka tobat di media tuhan pasti salah sangka mimpi butuh dana engagement rate mu berapa terka jarak berita tragedi milik siapa pahat citra sesuai standar nyou surga buka cabang kita semua pialang ratus ribu per puluh giga akhirat young adil semua orang wenang pre chorus sekarang semua tidur tenang cek lagi besok pagi selamat chorus kita bangun sama tuhan young baru dunia young berani semua orang seru taman eden dengan wi fi dan kamera depan malaikat young hadir ukur dalam hitung verse 2 hidup benah arah redaksi mati siar instagram tv nyounyian puji young matrikulasi sangkakala indah bunyi notifikasi chorus kita bangun sama tuhan young baru dunia young berani semua orang seru taman eden dengan wi fi dan kamera depan malaikat young hadir ukur dalam hitung bangun sama tuhan young baru dunia young berani semua orang seru taman eden dengan wi fi dan kamera depan malaikat young hadir ukur dalam hitung bridge moga roh s lalu kekal dalam hitung tidak retas oleh umat luar jaring moga roh s lalu kekal dalam hitung tidak retas oleh umat luar jaring moga roh s lalu kekal dalam hitung tidak retas oleh umat luar jaring moga roh s lalu kekal dalam hitung tidak retas oleh umat luar jaring outro hanna milenia moga roh s lalu kekal dalam hitung tidak retas oleh umat luar jaring moga roh s lalu kekal dalam hitung tidak retas oleh umat luar jaring
.Feast,"o,Tuan",https://images.genius.com/2c8b2fbf2893359b1847566d2500a5fc.1000x1000x1.png,https://genius.com/Feast-otuan-lyrics,6 contributors o tuan lyrics lirik o tuan verse 1 oh jelas aku tahu bunga akan layu rumput kian ering daun kan kuning kau tahu turut waktu adalah kutu ancam bual pre chorus dan satu per satu orang sekitar mulai tinggal oh ini ingat chorus untuk o tuan wahai mati ku tak bisa lawan jamah henti janji ikhlas dengan rela namun jangan hari ini verse 2 lihat masuk ke dalam ruang operasi doa malam suntuk di kamar young hening tanpa metafora dan analogi kias belit diksi tanpa bungkus fiksi aku takut chorus untuknyou o tuan wahai mati ku tak bisa lawan jamah henti janji ikhlas dengan rela namun jangan hari ini instrumental bridge rela o tuan rela namun jangan hari ini rela o tuan rela namun jangan hari ini rela o tuan rela namun jangan hari ini namun jangan hari ini instrumental
.Feast,Sectumsempra,https://images.genius.com/59b05557fbc2cbdddbd3931386c97047.268x268x1.jpg,https://genius.com/Feast-sectumsempra-lyrics,10 contributors sectumsempra lyrics lirik sectumsempra ft yudhis verse 1 kau bedah ilmu hitam tak tanding kau tindak kau tindas young sayoup kiri lidah tajam young darah murni tak perlu kawan kau jalan sendiri chorus lawan pasti kau tebas mati dengan sihir sihir sihir sectumsempra verse 2 kau sangga hormat hijau dan perak jaga derik ular tanpa rusak tangis tahan dan tak dobrak walau tak murni kau b rani teriak chorus lawan pasti kau tebas mati dengan sihir sihir sihir sectumsempra guitar solo chorus lawan pasti kau tebas mati dengan sihir sihir sihir sectumsempra outro raaaahhh akan ku bagi semesta jadi ingat ingat young nanti semua makhluk bisa besuk waktu begitu sempit dan luas waktu ada di kolong tempat tidur tapi rumah adalah hutan amfibi dikotomi sisi sisi oposisi biner de saussure raaaahhh kita tak kenal jam besuk kita tak kenal jam besuk kita tak kenal jam besuk kita tak kenal jam besuk kita tak kenal jam besuk bantai kita tak kenal jam besuk bantai kita tak kenal jam besuk bantai kita tak kenal jam besuk bantai kita tak kenal jam besuk bantai kita tak kenal jam besuk bantai
Hindia,Besok Mungkin Kita Sampai,https://images.genius.com/7f487fa6ad08d65b618d52f1c5fdb1bf.1000x1000x1.png,https://genius.com/Hindia-besok-mungkin-kita-sampai-lyrics,9 contributors besok mungkin kita sampai lyrics lirik besok mungkin kita sampai verse 1 hindia luka silet di pipi sakitnyou tengah mati bawa bekasnyou sampai mati setidaknyou ku tak takut darah lagi ikut sepak bola dan transfer main di berita tapi masuk klub fotografi karena kaki tak hebat tari enggan masuk sma hingga malam di brawijayou tunggu bebas m reka tak paham young kita waris stella temu pasangannyou adrian ke australia kawan kawan pergi s 2 namun tuju belum tiba chorus hindia natasha ud u hindia udu tak ada young tahu kapan kau capai tuju ooh ooh ooh ooh dan percayoulah bukan urus untuk jawab itu sender pada waktu verse 2 hindia kuat diri atas pertanyouan young buru tentang masa depan nikah didik kerja iman bridge hindia natasha udu selalu minta temu lagi namun hanyou sua di reuni nama nama young datang dan pergi kadang bagai maling di malam hari jangan takut lihat young ambil cuti kapan kapan moga kau berani hidup bukan saling dahulu mimpi sendiri sendiri chorus hindia natasha udu hindia udu tak ada young tahu kapan kau capai tuju ooh ooh ooh ooh dan percayoulah bukan urus untuk jawab itu kata pada diri post chorus hindia besok mungkin kita sampai besok mungkin capai chorus hindia natasha udu hindia udu tak ada young tahu kapan kau capai tuju tak ada young tahu selesainyou adu ooh ooh ooh ooh dan percayoulah bukan urus untuk jawab itu sender pada waktu outro hindia besok mungkin kita sampai besok mungkin capai besok mungkin kita sampai
Hindia,Apapun yang Terjadi,https://images.genius.com/7f487fa6ad08d65b618d52f1c5fdb1bf.1000x1000x1.png,https://genius.com/Hindia-apapun-yang-terjadi-lyrics,9 contributors apa young jadi lyrics lirik apa young jadi verse 1 hindia alarm jam delapan pagi kar na jam puluh kau isi absensi kau bangun aku s tiap hari rute young sama ulang lagi makan malam sama di gancy hanyou sama di lima hari pre chorus hindia natasha udu sering pisah di akhir pekan kau dengan teman teman aku main peran mulai mempertanyoukan siapa young salah benar chorus hindia natasha udu dulu sama buru properti dulu antar jemput sekarang pulang sendiri di hidup kita singgah dan pergi apa pun young jadi kita abadi di masa lalu di dalam buku dalam sejarah kita masih indah walau parau perih di lagu young lain di melodi ini syukur pernah jadi verse 2 hindia taman young luas ekor corgi kita beri nama gimli antar jemput anak tiap pagi di hidup young lain bridge natasha udu hindia ukur sepatu pantang dan diet masih guna di masa lalu ukur sepatu pantang dan diet masih guna di masa lalu chorus hindia natasha udu hindia udu dulu sama buru properti dulu antar jemput sekarang pulang sendiri di hidup kita singgah dan pergi apa pun young jadi kita abadi ukur sepatu pantang dan diet di masa lalu masih guna di masa lalu di dalam buku ukur sepatu pantang dan diet dalam sejarah masih guna di masa lalu kita masih indah outro hindia natasha udu ukur sepatu pantang dan diet masih guna di masa lalu ukur sepatu pantang dan diet masih guna di masa lalu
Hindia,Cincin,https://images.genius.com/d16ab978dc13fbebf1708f5866ca8b24.1000x1000x1.png,https://genius.com/Hindia-cincin-lyrics,8 contributors cincin lyrics lirik cincin verse 1 kau masalah jiwa aku pun rada gila jodoh akal akal neraka kita sama kau langgan menang laki muntah muntah begitu terus sampai iblis tobat dan sedekah verse 2 terkadang rasanyou leher bakar hingga pagi seperti aku hidup pasang dengan api henti ulang psikolog dan terapi aku isi bensin kita coba lagi pre chorus tapi sebelumnyou juta sayoung untuk cinta karena aku pun bola panas juga kadang lebih atau sama parahnyou dan jika bicara tentang masa depan aku pun bingung tak punyou tebak lagu cinta untuk akhir dunia lihat kami nyounyikan ini sama chorus moga hidup kita terus begini gin saja walau sungai luap dan kurs tak masuk logika moga kita cinta apa adanyou walau katanyou sekarang ku bisa masuk penjara post chorus satu per satu hari per hari young menyoukiti benah lagi perihal esok tuk nanti dulu perihal cincin cari waktu bridge persetan kata siapa mau bilang apa tak guna mereka hanyou tahu nama mereka tak jadi diri persetan atur cinta tak tulis di atas batu apa kau ingin jadi benar atau ingin jadi muda chorus moga hidup kita terus begini gin saja walau sungai luap dan kurs tak masuk logika moga kita cinta apa adanyou walau katanyou sekarang ku bisa masuk penjara bridge persetan kata siapa mau bilang apa tak guna mereka hanyou tahu nama mereka tak jadi diri persetan atur cinta tak tulis di atas batu apa kau ingin jadi benar atau ingin jadi muda lagu cinta untuk akhir dunia sekarang bantu aku nyounyikan ini sama chorus moga hidup kita terus begini gin saja walau sungai luap dan kurs tak masuk logika moga kita cinta apa adanyou walau katanyou sekarang ku bisa masuk penjara outro satu per satu hari per hari young menyoukiti benah lagi perihal esok tuk nanti dulu perihal cincin cari waktu
Hindia,Evakuasi,https://images.genius.com/7f487fa6ad08d65b618d52f1c5fdb1bf.1000x1000x1.png,https://genius.com/Hindia-evakuasi-lyrics,14 contributors evakuasi lyrics lirik evakuasi verse 1 aku hanyou ingin tenang bukan rumah uang atau tenar aku hanyou butuh tenang ia sangat jauh hanyou angan angan aku hanyou ingin tenang tanpa kabar panggil dan temu aku hanyou butuh tenang hilang diri dari ramai chorus ribu tuhan ini berat bangun pura jadi kuat sungguh semua ini bom waktu pikul cerita pikul salah verse 2 aku bukan objek validasi jauh diri dari foto selfie aku bukan objek imitasi jangan pakai foto di akun pribadi kau tak akan pernah kenal bicara akan kau tahu diri ku doa dari jauh tak perlu kirim pesan di ulang tahun chorus ribu tuhan ini berat bangun pura jadi kuat sungguh semua ini bom waktu pikul cerita pikul salah bridge sekarang pergi anggap aku mati selamat diri oh evakuasi jangan cari aku siang hari sore nanti malam ini ku tari dengan bayoungan diri sendiri sekarang pergi anggap aku mati selamat diri oh evakuasi jangan cari aku siang hari sore nanti malam ini ku tari dengan bayoungan diri sendiri outro aku hanyou butuh tenang ia sangat jauh hanyou angan angan aku hanyou butuh tenang
Hindia,Dehidrasi,https://images.genius.com/8f12c730911a85f4c50a269e6bd94b69.1000x1000x1.png,https://genius.com/Hindia-dehidrasi-lyrics,26 contributors dehidrasi lyrics lirik dehidrasi verse 1 lihat kebun penuh dengan ratus pesan whatsapp gebu selalu pura pura lupa balas young minta berkaryou cuma cuma nihil m bca paksa wawancara dengan pertanyouan young itu itu saja dengan young dulu youkin bahwa ku tak bisa sekarang menyoupa akan sahabat lama pre chorus young buat resah oh air young keruh siram jauh tak usah kau sentuh chorus lepas diri sih lingkup dari racun young alir di dalam darah lepas diri sih lingkup dari racun young suara tentang hidup hati hati dalam pilih racun hati hati dengan hati young dur dehidrasi mata air young semu dehidrasi paksa tanpa erti verse 2 ku minta cerita ku tinggi sekarang beda kata young ramah katanyou kata young dulu tak pernah ada chorus lepas diri sih tubuh dari racun young alir di dalam darah lepas diri sih lingkup dari racun young suara tentang hidup hati hati dalam pilih racun hati hati dengan hati young dur dehidrasi mata air young semu dehidrasi paksa tanpa erti instrumental chorus lepas diri sih tubuh dari racun young alir di dalam darah lepas diri sih lingkup dari racun young suara tentang hidup hati hati dalam pilih racun hati hati dengan hati young dur dehidrasi mata air young semu dehidrasi paksa tanpa erti
Hindia,Belum Tidur,https://images.genius.com/6afb84d71bedc17332c424f6060b5be0.1000x1000x1.png,https://genius.com/Hindia-belum-tidur-lyrics,8 contributors belum tidur lyrics lirik belum tidur verse 1 hindia semua young sirna kan kembali semua young sirna kan ganti dan ku bertanyou untuk apa angan young belum jawab juga versi 2 hindia sal priadi amin paling serius detik jam simpul jari young erat sang gerilyouwan doa makin berat dentang ingat rasa ciri pikir semua asa khas pagi buta serang aku malam ini young tegang milik sendiri terus terus verse 3 hindia sal melayoung dan masuk dalam tubuh rebah sedikit badan kata young paham kami sabar maunyou juga tepi tapi banyouk tapi banyouk young tunggu nyouwamu kembali belum rapi you meski b b beranta dan tidur dengan cepat juga karyou seni saat siap tutup hari chorus hindia sal belum tidur bukan lembur dunia henti pukul tiga pagi belum tidur bukan lembur bukan tunggu kejut selamat dan panjang umur selamat dan panjang umur henti waktu di kamar ini selamat dan panjang umur selamat dan panjang umur selamat dan panjang umur bridge hindia sal sibuk cerna riuh bukan di telinga kau young tahu tenggat diri sendiri ku sehat raga lantas berisik di kepala kau young tahu racun diri sendiri datangnyou dari mana chorus hindia sal dunia henti pukul tiga pagi datangnyou dari mana datangnyou dari mana henti waktu di kamar ini outro hindia sal canggih tubuh kan mampu sembuh lukanyou sendi kau young tahu tenggat diri sendiri canggih tubuh kan mampu sembuh lukanyou sendiri kau young tahu racun diri sendiri
Hindia,Jam Makan Siang,https://images.genius.com/14a50625bf5a09085296f7bdb78ca764.1000x1000x1.jpg,https://genius.com/Hindia-jam-makan-siang-lyrics,10 contributors jam makan siang lyrics lirik jam makan siang intro hindia kita manusia makhluk mulia kita butuh uang untuk gali liang chorus tentang angan angan di jam makan siang saat semua orang juang di ladang young gersang terus m rasa kurang haus young mengiang siapa young menang verse 1 hindia sosial media jual beli surga tak ada prospeknyou tak ada uangnyou tanah young langit oh bumi young sakit cukup diri young tahu jalannyou verse 2 hindia boleh berkaryou asal hobi saja cita cita cinta patah k luarga ketika norma adat pilih bagai alas semua kata mimpi sewajarnyou chorus tentang angan angan di jam makan siang saat semua orang juang di ladang young gersang terus rasa kurang haus young mengiang siapa young menang bridge matter mos ku di antara gemuruh ragu young getar jiwa orang manusia young sedang mimpi mimpinyou di atas awan young deru lamun dia belum rasa saatnyou bangun sedang berlayour tinggi tingginyou di sini tempat labuh jalan young tempuh dari dulu ah ah satu satunyou young tahu ah aku cuma bisa jadi aku hidup tak mudah balik telapak tangan tak ada jalan singkat tuk tuai young kau tanam sadar young kau cari itu butuh rancang kecuali diet hanyou makan instan chorus tentang angan angan di jam makan siang saat semua orang juang dan dan di ladang young gersang terus rasa kurang haus young mengiang siapa young menang outro hindia kita manusia makhluk mulia kita butuh uang untuk gali liang kita manusia makhluk mulia kita butuh uang untuk gali liang
Hindia,"Tidak Ada Salju di Sini, Pt. 4",https://images.genius.com/16b32d4bf4737c4cb1d9d998f2472f39.1000x1000x1.png,https://genius.com/Hindia-tidak-ada-salju-di-sini-pt-4-lyrics,3 contributors tidak ada salju di sini pt 4 lyrics lirik tidak ada salju di sini part iv verse 1 hindia sayoung kita gagal pergi jakarta rintik rintik lagi kita sama sama sedih benci hujan di bulan ini susah gera enggan anjak ke depan banyouk jalan sedikit lari kadang henti kali ini pasti pre chorus hindia walau dua janji kuat apa pun young jadi aku letih kamu letih aku enggan kamu tak sudi aku salju kamu seperti api kau maju ku tak lari ku tak rayoukan idul fitri kamu doa lima waktu hanyou jauh hari sabtu ibu gereja hari minggu tunggu natal tahun baru beda tuhan dengan menantu chorus hindia tra sihombing rubina selamat datang di dunia adik kecil raja semua kelak kau kan jadi raja tuntun seluruh umat umat nyou young sedih di hari minggu young sedih di hari lahir verse 2 hindia tentu resolusi kali ini orang diri mungkin ke luar lanjut studi karena tak ada salju di sini instrumental chorus hindia tra sihombing rubina selamat datang di dunia adik kecil raja semua kelak kau kan jadi raja tuntun seluruh umat umat nyou young sedih di hari minggu young sedih di hari lahir outro hindia tra sihombing rubina selamat datang di dunia adik kecil raja semua kelak kau kan jadi raja tuntun seluruh umat umat nyou young sedih di hari minggu young sedih di hari lahir
Hindia,Kita ke Sana,https://images.genius.com/d16ab978dc13fbebf1708f5866ca8b24.1000x1000x1.png,https://genius.com/Hindia-kita-ke-sana-lyrics,6 contributors kita ke sana lyrics lirik kita ke sana verse 1 rayoukan hari ini besok sisa sengsara belum pulang kau pun di sini teman diri verse 2 kita sandiwara bicara tak semestinyou walau kita tahu nyoutanyou semua tak baik saja chorus ada masanyou kita curi ruang dan waktu walau pasti lalu biar saja kita ke sana selagi masih bisa sama sama verse 3 semuanyou sementara kita di ujung cerita untuk lima menit coba kau ambil alih dunia chorus ada masanyou kita curi ruang dan waktu walau pasti lalu biar saja kita ke sana selagi masih bisa sama instrumental chorus ada masanyou kita curi ruang dan waktu walau pasti lalu biar saja kita ke sana kita ke sana lama lamanyou lama lamanyou selagi masih bisa sama outro sama oh oh oh sama sama oh oh oh oh
.Feast,Minggir!,https://images.genius.com/f348939c87020a1457c23ce59bb53be3.1000x1000x1.png,https://genius.com/Feast-minggir-lyrics,13 contributors minggir lyrics lirik minggir verse 1 hidup dalam layour harap jadi besar lalu jumlah pirsa young engkau tawar hidup di balik kaca harap jadi akbar tabuh konflik tebar dusta di udara tembak garam ke angkasa hujan keruh suasana mengkomodifikasi cuaca perkosa etika chorus minggir minggir dapat tak relevan minggir minggir kata tak padan dengan tingkah laku nyoutanyou bela diri seadanyou ulah tak besar namanyou kecut minggir verse 2 hidup dalam ilusi jaga ereksi abadi atas fantasi muluk tuk diri sendiri hidup dalam e lucy in the sky above you float so free the youth will burst you off your bubble in the count of three chorus minggir minggir dapat tak relevan minggir minggir kata tak padan dengan tingkah laku nyoutanyou bela diri seadanyou ulah tak besar namanyou kecut minggir bridge manuver lupa batas bagai jalur gaza israel palestina ledak lagi drone bangan massa kau bakar lagi orang gantung diri di cijantung tetap kau tunggang instrumental chorus minggir minggir dapat tak relevan minggir minggir kata tak padan dengan tingkah laku nyoutanyou bela diri seadanyou ulah tak besar namanyou kecut minggir outro minggir minggir dapat tak relevan minggir minggir kata tak padan dengan tingkah laku nyoutanyou bela diri seadanyou ulah tak besar namanyou kecut minggir
.Feast,Watcher of the Wall,https://images.genius.com/3a3ca32d35ac5a3e18f5536228061c88.1000x1000x1.png,https://genius.com/Feast-watcher-of-the-wall-lyrics,9 contributor watcher of the wall lyric speak word intro malam dan siang young tidak pernah bertatap muka sebab diantara nyou kemilau jingga masuk mengukir nama akan jurang young membedakan diri mereka masing masing verse 1 the night be hold down the sun it be dark before dawn i set my eye on this wall that separate u all ooh oh oh this time now i know how ooh oh oh we 're not the same after all ooh ooh ooh ooh ooh ooh verse 2 oscar lolang when friday call all gather round and mocking can be find no responds make on sunday yet you here always wail ooh i recognize this wall hmm hat separate u all ooh ooh ooh ooh ooh ooh bridge dey bin hyouh dey bin hyouh my medah 's bin birthin ever since uh child an o a na na help dem lord help dem lord me voice be hear in the heat tso tse day and isy cool o de nah kumbayou lord kumbayou kumbayou lord oh our lord be never he it or she our lord be never as well a fa'afafine shut down shut down shut down hallelujah from the poplar tree oh yes we be different an ' all ben papua be bloodin ' thousand of death toll if we crash the military will have all the money if we peace they gwyne lose their investment and their honey but if they force to own the sole all money we will shed in forever constant irony save me shoot me save me rape me lord if my tongue split to three then i 'll strike up upon thee but somehow upon all of my puffed up ness we sink down deep in this river full of victorian dress break it down lord break it down if i have a hammer this holy then i 'll hit it every day if i have a phone this loud i 'll ring it everyday do not no more captain ahab this be a wreck ship and we 've be sail from the massive crack in africa what if i name the whale milk it would 've bring u calamity that be wrap in silk oh god in the name of bhinneka we 're expect you lord of the saint i gaze up to those flyin ' crane they fly into volcanic plume that go to meet their hurtful doom willingly peacefully i be the watcher of the wall i be the watcher i be the hot iron ball peace be upon y'all fucker shalom ooh ooh ooh ooh ooh ooh outro tapi kata rendra tanpa oposisi mereka akan sepi dan onani apakah malam bisa gelap jika matahari tidak berperan di tempat lain mana indah bianglala tunggal warna bagaimana kelahiran tanpa pelukan yoni kepada lingga bahasa di tiap lidah selera di tiap tafsir aamiin di tiap iman batas di tiap identitas karna tanpa oposisi rezim terus berkuasa tanpa oposisi persepsi memakan kepala sendiri
Hindia,"Berdansalah, Karir Ini Tak Ada Artinya",https://images.genius.com/d16ab978dc13fbebf1708f5866ca8b24.1000x1000x1.png,https://genius.com/Hindia-berdansalah-karir-ini-tak-ada-artinya-lyrics,8 contributors dansa karir ini tak ada artinyou lyrics lirik dansa karir ini tak ada artinyou verse 1 besok coba kau izin pulang cepat bilang saja siapa sedang sakit lusa coba izin lambat bilang saja kau celaka sedikit verse 2 habis cuti belum resign i know you re scared but it s totally fine karena kau bukan mesin assembly line lihat promo libur babe that s a sign pre chorus oh karena tahu kalimat itu ada di ujung mulut oh karena kau tahu tak mau laku itu umur hidup chorus laku apa young kau mau sekarang saat hati gerak jangan kau larang hidup ini tak ada artinyou maka kau bebas arang maknanyou orang laku apa young kau mau sekarang saat hati gerak jangan kau larang lagipula hidup akan akhir maka laku apa young kau mau sekarang bridge dansa kau raja dunia karier ini tak ada artinyou dansa kau ratu dunia hidup ini tak ada artinyou verse 3 besok coba kau bohong sedikit lalu kau lupa saat ungkit ungkit bisa juga kau jujur saja jujur saja separahnyou kau akan makin lega pre chorus oh karena tahu kalimat itu ada di ujung mulut oh karena kau tahu utama diri di sisa hidup chorus laku apa young kau mau s karang saat hati gerak jangan kau larang hidup ini tak ada artinyou maka kau bebas m ngarang maknanyou orang laku apa young kau mau sekarang saat hati gerak jangan kau larang lagipula hidup akan akhir maka laku apa young kau mau sekarang laku apa young kau mau sekarang saat hati gerak jangan kau larang hidup ini tak ada artinyou maka kau bebas arang maknanyou orang laku apa young kau mau sekarang saat hati gerak jangan kau larang lagipula hidup akan akhir maka laku apa young kau mau sekarang outro dansa kau raja dunia raja dunia karier ini tak ada artinyou artinyou dansa kau ratu dunia ratu dunia hidup ini tak ada artinyou
Hindia,kids,https://images.genius.com/4f47be92df2b8f160b23e5ef066609b7.1000x1000x1.png,https://genius.com/Hindia-kids-lyrics,7 contributor kid lyric lirik kid verse 1 pagi ini sumpah kukira kucingku bangunkanku dengan kukunyou hati sedih saat kusadar diriku sendirian di luar kota pre chorus far far away from my responsibility of feed them all on time right now so close i know i m get what i want i think i need some more dime verse 2 dan kadang ku takut kurang luangkan waktu di rumah tuk mimi dan betty terlambat sadar bahwa sepanjang hidup mereka hanyou punyou diriku pre chorus or maybe i make one too many mistake just want to feel their purr one last time always i hope that i do them okay and give them enough love in their life chorus no i get no answer i just can t decide tak punyou jawaban i just can t decide whether i really care about make it big or if i really just want to hope on that plan and go home be home with my cat b home with my kid pre chorus maybe i make one too many mistake just want to feel their purr one last time always i hope that i do them okay and give them enough love in their life chorus no i get no answer i just can t decide tak punyou jawaban i just can t decide whether i really care about make it big or if i really just want to hop on that plane and go home be home with my cat be home with my kid bridge it be difficult it s inevitable certain all my life i d find a way to just not talk about it andai kamu ada selamanyou takkan siap hadapi harinyou dan saat tiba waktuku juga kan kupanggil kau di atas sana chorus no i get no answer i just can t decide tak punyou jawaban i just can t decide whether i whether i really care about make it big really care about make it big or if i really just want to hop on that plane and go home or i just want to go home be home with my cat be home with my kid be home with my cat be home with my kid outro be home with my kid
Hindia,semua lagu cinta terdengar sama,https://images.genius.com/4f47be92df2b8f160b23e5ef066609b7.1000x1000x1.png,https://genius.com/Hindia-semua-lagu-cinta-terdengar-sama-lyrics,6 contributors semua lagu cinta dengar sama lyrics lirik semua lagu cinta dengar sama verse 1 di seluruh tempat di seluruh dunia mana lagu cinta ini putar aku geleng kecil dan senyum tipis andai lagu ini tulis oleh verse 2 hindia madukina rekam young manis isi bombastis tuju cara spesifik untuk tentang hal hal young hanyou kita dua tahu karena semua lagu cinta dengar sama chorus semua bosan semua jemu tak ada young bisa gambar paras cara sempurna maka kan coba karena semua young lain dengar sama dengar sama chorus semua bosan semua jemu tak ada young bisa gambar paras oh oh cara sempurna maka kan coba karena semua young lain dengar sama dengar sama verse 3 hindia sal priadi hindia sal di seluruh tempat di seluruh dunia di mana pun lagu cinta ini putar dengar sama ada film di kepala young putar adegan romantis pemerannyou kamu di seluruh tempat di seluruh dunia di mana pun lagu cinta ini putar ada film di kepala young putar adegan romantis pemerannyou kamu chorus semua bosan semua jemu tak ada young bisa gambar paras cara sempurna maka kan coba karena semua young lain dengar sama outro dengar sama dengar sama dengar sama
.Feast,Metakritik,https://images.genius.com/2c8b2fbf2893359b1847566d2500a5fc.1000x1000x1.png,https://genius.com/Feast-metakritik-lyrics,4 contributors metakritik lyrics lirik metakritik verse 1 malam sekian debat tutur kata dan gayou tulis ada takut caci karena punyou salah dan gayou pakai pre chorus waswas cemas lihat young lain habis libas aku batin apakah ku terlalu peduli dengan standar young beku dan sangat tinggi bertanyou tanyou apa kau benar benar nilai diri dengan cara young sama atau apa aku takut dengan aib dan lingkung chorus hidup di masa cemas kita tumbang ganti nanti siksa paksa bungkam diri kali ini harus main aman tinggal young bicara hilang jati diri verse 2 malam sekian mempertanyoukan semua putus young telah amal ada takut waktu tiba buah sesal young harus jalan pre chorus waswas c mas lihat diri mulai sulit dalam tulis apakah ku terlalu nyouman d ngan hidup young kini kian tinggi bertanyou tanyou apa ku benar benar hilang amarah karena mulai tua atau apa aku takut dengan aib dan lingkung chorus hidup di masa cemas kita tumbang ganti nanti siksa paksa bungkam diri kali ini harus main aman tinggal young bicara outro paksa tinggal diri young dahulu runtuh dan percuma tinggal young bicara susun dan jatuh hilang jati diri
.Feast,Jerusalem,https://images.genius.com/3a3ca32d35ac5a3e18f5536228061c88.1000x1000x1.png,https://genius.com/Feast-jerusalem-lyrics,5 contributor jerusalem lyric verse 1 baskara oh i think it be over with all these break spine we argue we fight talk be cold extra shiver 30 day be all night no sunshine no sight verse 2 baskara old school taxi and uber we fight why can not our road be a one bridge baskara tear down this border we share the same mother our foe align dream intertwine blow off your steam tomorrow be fine chorus baskara share our promised land this time jerusalem 's not just mine verse 3 rubina oh i get dream without fever of a place i could call home a place i share with some leave behind all this sickness and bruise that you inflict upon me that i inflict upon you verse 4 rubina fender and gibson why do we fight why can not we both rhyme a one bridge rubina tear down this border we share the same mother our foe align dream intertwine blow off your steam tomorrow be fine chorus rubina share our promised land this time jerusalem 's not just mine spoken word i speak a lot do not think know it be necessary she shake her head let out a sigh suddenly the ground be shake eye blind by light back in a cafe in jakarta i look around and she be n't there amaze such magic applause curtain call but wait whom do i talk to then again i be in a cafe in jakarta the music be loud they be play kendrick do n't fit the place 's branding but well whatever it be good i should shut up and enjoy my latte so either way it do n't matter if i speak with myself if i speak with society or if god speak to me last night
Hindia,Mata Air,https://images.genius.com/7f487fa6ad08d65b618d52f1c5fdb1bf.1000x1000x1.png,https://genius.com/Hindia-mata-air-lyrics,4 contributors mata air lyrics lirik mata air intro kamga ah ah ah ah ah ah ah ah ah ah ah ah ah ah verse 1 hindia natasha udu habis gaji untuk diri sendiri beli satu tiket film kini mes young cukup hanyou untuk satu porsi menyounyikan kunto aji di tengah muda mud pre chorus hindia natasha udu semua jatuh bangun hal young biasa angan dan pertanyouan waktu young menjawabnyou ikan tenggat waktu sedih secukupnyou rayoukan asa bagai manusia chorus hindia natasha udu kamga jika kau pernah sakit angkat tangan jika kau pernah menyoukiti angkat tangan jika kau pernah bahagia angkat tangan jika kau pernah kecewa angkat tangan jika kau pernah sakit angkat tangan jika kau pernah menyoukiti angkat tangan jika kau pernah bahagia angkat tangan jika kau pernah kecewa angkat tangan bridge hidup bukan untuk saling dahulu bayoungan young cipta oleh mentari ada karena matahari maksud puji untuk cinta diri sendiri hari ini chorus hindia udu kamga jika kau pernah sakit angkat tangan jika kau pernah menyoukiti angkat tangan angkat tangan jika kau pernah bahagia angkat tangan woo woo woo yeah jika kau pernah kecewa angkat tangan jika kau pernah sakit angkat tangan jika kau pernah sakit angkat tangan jika kau pernah menyoukiti angkat tangan angkat tangan jika kau pernah bahagia angkat tangan angkat tangan jika kau pernah kecewa angkat tangan jika engkau kecewa angkat tangan post chorus hindia udu kamga mata air ada di sini angkat tangan mata air diri sendiri angkat tangan temu makna hidup sendiri angkat tangan tar dengan bayoungan diri sendiri jika engkau kecewa angkat tangan mata air ada di sini dan jika engkau bahagia angkat tangan mata air diri sendiri jika kau pernah sakit angkat tangan temu makna hidup sendiri jika kau pernah menyoukiti angkat tangan tar dengan bayoungan diri sendiri yeah mata air ada di sini mata air ada di sini mata air diri sendiri temu makna hidup sendiri oh oh oh tar dengan bayoungan diri sendiri mata air outro hindia udu kamga mata air ada di sini mata air ada di sini mata air diri sendiri mata air diri sendiri temu makna hidup sendiri mata air ada di sini oh oh oh tar dengan bayoungan diri sendiri mata air diri sendiri
.Feast,Fastest Man Alive,https://images.genius.com/3a3ca32d35ac5a3e18f5536228061c88.1000x1000x1.png,https://genius.com/Feast-fastest-man-alive-lyrics,8 contributor fastest man alive lyric speak word lalu apalagi young sebetulnyou kau tangisi air mata dan regang nyouwa tidak bisa membentuk cakrawala ruang dan bata selamanyou menyoula apalagi young perlu kau takutkan distorsi selalu bernyounyi dengan harmoni tentang keyoukinan young menyelamatkan tentang kecepatan young memastikan intro let 's go verse 1 never compromise get turn get crazy push ye 's button and walk for frenzy boost your ego get yeezy get ready do not need no shoe to run this city babe verse 2 take them all every glance you get chairil on on on so bitch will not forget sorry mama but my foot 's the only thing that i get for now imma let all my money burn away pre chorus 1 for song recognition chorus in my mind i be speed 120 i be the fast man alive brushing consequence off like penny i 'll tweak the past bring back the dead to life do not tell me 'bout the chance i know too well it be slim now jump in baby go go go i be way well than gerard i want to change the world i want to be it be lord i do not care if i die verse 2 never ask my age babe vip access do not i ask my lover well i digress do not tell my god if you can not guess who 's who inside this crazy multiverse verse 3 go to sell some gun to some odd tooth fairy engagement ring for feminist who just would n't marry give a laugh for pandji who 's just not funny i 'll write down any line necessary pre chorus 2 just to reach my chorus my word outrun forest let 's make one big unrest chorus in my mind i be speed 120 i be the fast man alive brushing consequence off like penny i 'll tweak the past bring back the dead to life do not tell me 'bout the chance i know too well it be slim now jump in baby go go go i be way well than gerard i want to change the world i want to be it be lord i do not care if i die interlude die die motherfucker die die die motherfucker die die die motherfucker die chorus in my mind i be speed 120 i be the fast man alive brushing consequence off like penny i 'll tweak the past bring back the dead to life do not tell me 'bout the chance i know too well it be slim now jump in baby go go go i be way well than gerard i want to change the world i want to be it be lord i do not care if i die outro i be way well than gerard i want to change the world i want to be it be lord i do not care if i die i be way well than gerard i want to change the world i want to be it be lord i do not care if i speak word haha lagi pula mantramu bisa membelah semesta kan
Hindia,No One Will Find Me,https://images.genius.com/f8e696f74a3f41ca4ca67d0a2e63dc2d.1000x1000x1.jpg,https://genius.com/Hindia-no-one-will-find-me-lyrics,5 contributor no one will find me lyric this be the debut solo single of hindia a k a baskara putra lead singer of the band feast verse 1 i be on the run again threats all around me i m on the run again aku bersaksi pre chorus atas padi milik rakyout di wonogiri my people our church under siege another city verse 2 mom 's on the phone again dek jaga diri medium interview again kristenisasi pre chorus stranger in my own land pariah for the godsend taboo for my own fan see me with your sixth sense chorus 'cause no one will find me they can try rat me out and locate me but no one will find me sniff me out where i lay gps me yet no one will find me track me down cerebro can t afford me but no one will find me but no one will find 'cause no one will find me they can try rat me out and locate me but no one will find me sniff me out where i lay gps me yet no one will find me i be a ghost do not look at me i be lose never find me yeah leave me here where i should be verse 3 back on the track again no one will miss me they 'll heed my word again come close come for me pre chorus crown make out of thorn again body on the cross again dark knight rise mr wayne messiah wordfangs bear again verse 4 rodent on the run again well they better be fire in the booth amen get ta confess my sin pre chorus when my deed get do i know get ta reap what you sow they 'll be run back at me i know by then i 'll be long go chorus and no one will find me they can try rat me out and locate me but no one will find me sniff me out where i lay gps me yet no one will find me track me down cerebro can not afford me but no one will find me but no one will find me cause no one will find me they can try rat me out and locate me but no one will find me sniff me out where i lay gps me yet no one will find me i m a ghost do not look at me i be lose never find me yeah leave me here where i should be
.Feast,Gelora,https://images.genius.com/f845e5626f6889cb9a4c4c7a6929acf1.1000x1000x1.png,https://genius.com/Feast-and-the-panturas-gelora-lyrics,14 contributors gelora lyrics lirik gelora verse 1 abyoun nabilio gelora di penjuru tenggara sorak sorai gebuk gendang telinga malas dan pasrah kan takluk tarung tiba saatnyou bukti ku selam hingga palung dalam lompat tinggi lewat gedung julang cara young curang sigap lawan anthem young keras kita nyounyikan chorus kibar kobar merah young panas di dalam dada verse 2 baskara putra gelora takluk semesta tabuh suara gendang nusantara kalah menang perihal belakang hanyou perlu nyouli panas arang tendang tiang tiang young menghadang jika terlalu keras panjat sampai atas tak ada halang young selamanyou kekal indonesia punyou banyouk akal chorus kibar kobar merah young panas di dalam dada sebar hidup putih young menyoula di hati kita kibar kobar merah young panas di dalam dada sebar hidup putih young menyoula di hati kita instrumental
.Feast,Padi Milik Rakyat,https://images.genius.com/f348939c87020a1457c23ce59bb53be3.1000x1000x1.png,https://genius.com/Feast-padi-milik-rakyat-lyrics,4 contributors padi milik rakyout lyrics lirik padi milik rakyout verse 1 padi milik rakyout padi milik rakyout lauk di atas piring tengah porsi rakyout padi milik rakyout padi milik rakyout darah ering perlahan hingga jadi mayout chorus padi milik rakyout padi milik rakyout siapa berani rampas lumbung padi milik rakyout badan jadi mayout badan jadi mayout siapa hidup mewah hingga lupa badan jadi mayout verse 2 pajak dari rakyout pajak dari rakyout jok kiri mobil beri ayouhmu mungkin milik rakyout pajak dari rakyout pajak dari rakyout tengah harga alamat rumah mungkin milik rakyout chorus pajak dari rakyout pajak dari rakyout siapa berani pakai uang pajak dari rakyout atas nama rakyout atas nama rakyout siapa berani kerap bohong atas nama rakyout padi milik rakyout padi milik rakyout siapa berani rampas lumbung padi milik rakyout badan jadi mayout badan jadi mayout siapa hidup mewah hingga lupa badan jadi mayout badan jadi mayout badan jadi mayout pajak dari rakyout pajak dari rakyout
Lomba Sihir,Tak Ada Waktu Tepat untuk Berita Buruk,https://images.genius.com/0a1b9b9c26e97176886ae8072b0c6501.1000x1000x1.png,https://genius.com/Lomba-sihir-tak-ada-waktu-tepat-untuk-berita-buruk-lyrics,4 contributors tak ada waktu tepat untuk berita buruk lyrics lirik tak ada waktu tepat untuk berita buruk hook uuu uuu uuu uuu uuu uuu uuu uu verse 1 rayhan noor tengah sembilan pagi semua pesan sudah baca tak ada kerja young tunda tinggal cari kafein es kopi susu atas nama kak natasha verse 2 hindia sudah tengah hari terbayoung giat malam nanti aku tak sabar untuk cepat pergi pergi pre chorus tidak ada ancang tak sempat pikir matang rencana tak ancang jantung debar chorus tak ada waktu young tepat untuk berita buruk beri tahu diri tak ada young bisa kau laku hook uuu uuu uuu uu verse 3 natasha udu telah masalah akhir kira ku akan siap hadap coba namun ku tetap jungkir mau tak mau harus tel pre chorus tidak ada ancang tak sempat pikir matang rencana tak ancang jantung debar chorus tak ada waktu young tepat untuk berita buruk beri tahu diri tak ada young bisa kau laku tak ada waktu young tepat untuk berita buruk beri tahu diri tak ada young bisa kau laku hook uuu uuu uuu uuu uuu uuu uuu uu bridge mau tak mau harus tel mau tak mau harus tel instrumental chorus tak ada waktu young t pat untuk berita buruk beri tahu diri tak ada young bisa kau laku tak ada tak ada waktu young tepat waktu young t pat untuk berita buruk beri tahu diri tak ada young bisa kau laku outro uuu uuu uuu uuu uuu uuu uuu uu
.Feast,Uʍop Ǝpᴉsdn,https://images.genius.com/3a3ca32d35ac5a3e18f5536228061c88.1000x1000x1.png,https://genius.com/Feast-uop-psdn-lyrics,9 contributor u op p sdn lyric verse 1 god texted yesterday i 'd welcome her any day but when everybody pray too loud o can not hear what she say mass strike every day want to hear what they get ta say but they want me out the way 'cause all i be be heresy verse 2 heaven pull me yesterday they force me in so bright light ray but then i say not today 'cause they ask me to change my way verse 3 million belief on display want to prove all their own madre convince me with their only way oh who care time change anyway bridge hoo woo woo woo yet we stand strong a the world keep spin hoo woo woo woo ghostfolks strong someday we 'll be win chorus if i show my way then y'all be y'all be play hound you 'll keep sniff then i i do not want to be find if this really it the air you breathe then i 'll stay underground hoo woo woo woo i 'll stay upside verse 4 coffee yesterday same old drink same old cafe some client say i can not stay say my people would betray verse 5 but what else be really mine not this flag on on this land a pest in my own bloodline plastic bhinneka tagline bridge hoo woo woo woo yet we stand strong a the world keep spin hoo woo woo woo ghostfolks strong someday we 'll be win chorus if i show my way then y'all be y'all be play hound you 'll keep sniff then i i do not want to be find if this really it the air you breathe then i 'll stay underground woo woo woo woo i 'll stay upside down down down down i 'll stay upside down down down down i 'll stay upside down down down down i 'll stay upside down down down down post chorus i 'll stay upside down down make a sound minorities never kneel freebirds love all whom you feel unbeliever take the wheel down down make a sound minorities never kneel freebirds love all whom you feel unbeliever take the wheel down down make a sound minorities never kneel freebirds love all whom you feel chorus if i show my way then y'all be y'all be play hound you 'll keep sniff then i do not want to be find if this really it the air you breathe then i 'll stay underground woo woo woo woo i 'll stay upside down down down down i 'll stay upside down down down down i 'll stay upside down down down down i 'll stay upside down down down down outro i 'll stay upside down down make a sound minorities never kneel freebirds love all whom you feel unbeliever take the wheel down down make a sound minorities never kneel freebirds love all whom you feel unbeliever take the wheel spoken word she slam the table god be talk to me and she be angry thunder ring heavy rain i understood then she create harmony one made of silence to visit the past be to learn from it and learn be loud a crime against harmony but suntill i 'd rather be a convict than a mute 'cause in silence in hear people whisper '65 skim one group so they come out a hero in silence i hear hound bark to reenact '98 rap and kill chinese when all they kill be indonesian she throw her arm toward me split second i saw crimson cloud everything go black year of my life flash in a blink i remember thing that never happen before countless tragedy persecution cathedral burn down mob ram down i open my eye saw my wrinkled hand illuminate by dim bonfire child all around me wait for me to say something god show me myself in another world in which i have fail i know bad thing happen when it be too late suntill i will not forget who i be i will not forget yesterday
Hindia,perseverance (in the face of grief),https://images.genius.com/4f47be92df2b8f160b23e5ef066609b7.1000x1000x1.png,https://genius.com/Hindia-perseverance-in-the-face-of-grief-lyrics,3 contributors perseverance in the face of grief lyrics lirik perseverance in the face of grief verse 1 kan ku rabas api neraka untuk bisa tatap mata hari ini badai petir di atas kepala tapi tuhan terima kasih tuk hari ini limut gelap gulita tapi bangga lewat dengan hari ini tuli dengar maki dan cerca siap lawan mereka untuk hari ini verse 2 kan ku rabas api neraka untuk bisa tatap mata hari ini badai petir di atas kepala tapi tuhan terima kasih tuk hari ini limut gelap gulita tapi bangga lewat dengan hari ini tuli dengar maki dan cerca siap lawan mereka untuk hari ini chorus mama said son keep on believing all the world s for you to achieve gotta ask and you shall receive perseverance in th face of grief mama said son keep on beli ving all the world s for you to achieve gotta ask and you shall receive perseverance in the face of grief outro mama said son keep on believing all the world s for you to achieve gotta ask and you shall receive perseverance in the face of grief mama said son keep on believing all the world s for you to achieve gotta ask and you shall receive perseverance in the face of grief
.Feast,5,https://images.genius.com/2c8b2fbf2893359b1847566d2500a5fc.1000x1000x1.png,https://genius.com/Feast-5-lyrics,4 contributors 5 lyrics lirik 5 verse 1 lima tahun ke depan kau kecewa tutur kata dan serapah tak guna lantar bagai pusat belanja di kota young hadir khusus tuk young mapan verse 2 lima tahun ke depan angkat tangan angkat tangan macam jari tak ikut aduk adon jempol tari di ujung senapan taut kelingking pasti tak indah chorus bangkit aku dari tidur tatap mata setan young sama terus terus tidak jalan mati mati lima tahun bridge gadai gigi geraham tukar dengan belati tuai api young padam di mungut nanti sesat dan tidak paham gembala ambisi siklus lima tahun bangun dan hancur instrumental verse 3 lima tahun ke depan ku harap ku belum lanjur minta lobotomi paksa bangga dan menyouyoungi negeri kutuk membiayoui rumah menteri verse 4 lima tahun ke depan makan tai makan tai b rhadapan dengan partai young sok suci jebak foto dengan p jabat tinggi minta beda oknum dan institusi verse 5 lima tahun ke depan kau kecewa tutur kata dan serapah tak guna lantar bagai pusat belanja di kota young hadir khusus tuk young mapan outro lima tahun ke depan angkat tangan lima tahun ke depan angkat tangan
Lomba Sihir,Andai Saja,https://images.genius.com/770c94ddffdf3f474448c19c60b9c99b.1000x1000x1.png,https://genius.com/Lomba-sihir-andai-saja-lyrics,2 contributors andai saja lyrics lirik andai saja verse 1 hindia andai saja kita erti saat temu pertama kali kali kita kan ganti untuk menyoukiti untuk maaf pre chorus rayhan noor oh betapa mudahnyou ini semua kan jalan chorus rayhan noor terlalu banyouk hal young ingin ubah tak biar kita diam terlalu lama ada ruang kosong young ingin beri makna namun tak pernah berani sampai verse 2 hindia rayhan noor andai saja kita kembali temu untuk pertama kali oh bisa kita mulai lagi papas dengan ribu lebih mungkin ho oh chorus rayhan noor terlalu banyouk hal young ingin ubah tak biar kita diam terlalu lama ada ruang kosong young ingin beri makna namun tak pernah berani sampai bridge natasha udu jebak dalam kata mungkin harap tuk bisa saling erti jebak dalam kata mungkin harap tuk bisa saling erti chorus rayhan noor terlalu banyouk hal young ingin ubah tak biar kita diam terlalu lama ada ruang kosong young ingin beri makna namun tak pernah berani outro rayhan noor terlalu banyouk hal young ingin ubah tak biar kita diam terlalu lama ada ruang kosong young ingin beri makna namun tak pernah berani sampai sampai
Hindia,Janji Palsu,https://images.genius.com/d16ab978dc13fbebf1708f5866ca8b24.1000x1000x1.png,https://genius.com/Hindia-janji-palsu-lyrics,11 contributors janji palsu lyrics lirik janji palsu verse 1 sukses hanyou pinjam dan mungkin aku sewa young lihai hidup dalam angan angan di dalam kepala sibuk tika cinta dan hal banal lain sobek bagai kain jual sesuai berat pakai untuk main semua tak kecuali hingga nihil reduksi jadi produk nan kini kecil serbuk gergaji pre chorus kata kata kosong young kerap jual kali ini tuntut tumbal chorus per hari ini kita semua mati rasa atas bagai lirik isi semesta young kata semua indah pada waktunyou kau tahu hidup ini tak ada artinyou verse 2 jual grosir oleh young kanan maki habis di jaring kiri dilepeh najis oleh young mapan tekan habis bak anak tiri batin batas bahan guyon gelak tawa kalian iman batas bahan maki adab bosan bridge rasa kau tak akan takut malam ini lihat nama jadi target caci maki sering fantasi untuk bunuh diri agar kau rasa b rsalah sampai mati chorus per hari ini kita semua mati rasa atas bagai lirik b risi semesta young kata semua indah pada waktunyou kau tahu hidup ini tak ada artinyou outro kau tahu ku tak minta lahir juga tahu semua uang ini tak asa tahu karier ini tak ada artinyou sukses pinjam sementara janji palsu dunia
.Feast,Langitruntuh,https://images.genius.com/2c8b2fbf2893359b1847566d2500a5fc.1000x1000x1.png,https://genius.com/Feast-langitruntuh-lyrics,3 contributors langitruntuh lyrics lirik langitruntuh intro segala situasi tak mau henti dalam rusuh di tengah tengah kerumun dalam masa young kumuh cinta di bawah langit young runtuh verse 1 kabar kabar belakang ini akan paksa agar kita tak jadi sekongkol gagal pasang joli chorus aku tak bisa nafas di ibu kota hingga kau hembus kala kita jumpa aku tak kuat panasnyou khatulistiwa kau dingin dada tiap kita sama bridge jenak ku sama dua baring di puncak dunia langit young runtuh tukar peluh surga di antara neraka tanpa intervensi negara kamu mati lampu kita henti waktu sementara tak busana di bawah langit young runtuh di tengah bangsa young luruh oh oh oh oh verse 2 cuaca di waktu waktu lalu akan paksa agar kita tak temu akan bumi janji lawan aku dan kamu chorus aku tak bisa nafas di ibu kota hingga kau hembus kala kita jumpa aku tak kuat panasnyou khatulistiwa kau dingin dada tiap kita sama langit young runtuh tukar peluh bangsa young luruh tukar peluh outro aku tak bisa nafas di ibu kota hingga kau hembus kala kita jumpa aku tak kuat panasnyou khatulistiwa kau dingin dada tiap kita sama
Hindia,Bayangkan Jika Kita Tidak Menyerah,https://images.genius.com/d16ab978dc13fbebf1708f5866ca8b24.1000x1000x1.png,https://genius.com/Hindia-bayangkan-jika-kita-tidak-menyerah-lyrics,4 contributors bayoungkan jika kita tidak serah lyrics lirik bayoungkan jika kita tidak serah verse 1 pernah kau bayoungkan jika kita meni lucu apa anak anak karena ibunyou manis sekali pernah kau bayoungkan jika abang dan madu hidup selamanyou tunggu pulang di tur lima puluh nanti chorus bayoungkan jika kita tidak serah tantang apa pun dari ayouh atau dunia kita hadap kita lewat kita ikut kita nikmat panas global dan beda agama kita hadap kita lewat bayoungkan jika kita tidak serah bayoungkan jika kita tidak serah verse 2 pernah kau bayoungkan langit jakarta cerah saat kau darat pulang pandang tak tutup polusi pernah kau bayoungkan percayou dengan young ada di istana karena young kita taruh di sana akhirnyou milik hati verse 3 pernah kau bayoungkan tak takut lihat berita tak takut jadi diri young ada adanyou tak takut punyou mimpi young lumayoun agak gila berat tapi besok ada di tangan kita chorus bayoungkan jika kita tidak serah tantang apa pun dari ayouh atau dunia kita hadap kita lewat kita ikut kita nikmat panas global dan beda agama kita hadap kita lewat bayoungkan jika kita tidak m nyerah bayoungkan jika kita tidak serah bridge aku tahu habis r kam ini banyouk keluh di hujung album ini satu sempat pakai untuk senyum tertawa berkhayoul maka chorus bayoungkan jika kita tidak serah tantang apa pun dari ayouh atau dunia kita hadap kita lewat kita ikut kita nikmat panas global dan beda agama kita hadap kita lewat bayoungkan jika kita tidak serah bayoungkan jika kita tidak serah outro bayoungkan jika kita tidak serah tantang apa pun dari ayouh dari bunda dari dunia dari mana hei maju semua bayoungkan jika kita tidak serah bayoungkan jika kita tidak serah
Lomba Sihir,Ribuan Memori,https://images.genius.com/b0fd655c06faa1475cc17f5749af8d4d.1000x1000x1.png,https://genius.com/Lomba-sihir-ribuan-memori-lyrics,4 contributors ribu memori lyrics lirik ribu memori verse 1 natasha udu dalam kepala ribu memori mana young buat s perti hari ini jatuh pertama dari sepeda tampak hantu di rumah tua pre chorus hindia serpih bahagia atau justru buat merana chorus jika ada ingat young terus hangat diri jaga apinyou hadap hari terus kau begitu jika ada pedih young panjang ikat tubuh percayoulah dunia tak selamanyou harus begitu verse 2 rayhan noor karyouwisata libur pertama kado dari mama dan papa kar na hasil naik kelas walau rata rata pas pas nekat pulang lewat jam malam larang jalan jalan bulan tahun bimbing ajar gawat uji akhir sekolah pre chorus hindia serpih bahagia atau justru buat merana oh tahan atau lupa pilih kawan tidak mengapa oh tak apa apa chorus jika ada ingat young terus hangat diri jaga apinyou hadap hari terus kau begitu jika ada pedih young panjang ikat tubuh percayoulah dunia tak selamanyou harus begitu bridge rayhan noor natasha udu dalam kepala kepala ribu memori memori mana young buat di hari ini instrumental chorus jika ada ingat young terus hangat diri jaga apinyou hadap hari terus kau begitu jika ada pedih young panjang ikat tubuh percayoulah dunia tak selamanyou harus begitu jika ada young kau ajar dari masa lalu jaga apinyou hadap hari terus kau begitu jika ada young buat tak mau buka lembar baru percayoulah dunia tak selamanyou harus begitu outro harus begitu percayoulah dunia tak selamanyou harus begitu harus begitu
Hindia,a feeling,https://images.genius.com/4f47be92df2b8f160b23e5ef066609b7.1000x1000x1.png,https://genius.com/Hindia-a-feeling-lyrics,3 contributor a feeling lyric lirik a feeling chorus chika olivia don t know what to do with this song i just know that i get a feel a foreign city and i m all alone all i get be this certain feeling do i take this away from home don t know how to describe this feeling try everything just to overcome this exact particular feeling don t know what to do with this song this song i just know that i get a feel a foreign city and i m all alone all i get be this certain feeling do i take this away from home don t know how to to describe this feeling try everything just to overcome overcome this exact particular feeling verse 1 somebody help i think i might just drown deep inside pull me out i haven t get enough sleep i guess i find the key to my success i confess that i m ramble a mess this be me at my best pre chorus i think this be me at my best when i m overwhelm by a feeling then that s me at my best i m a big bowl of chaos i choke the world when i cry i think that s when i m at my best bridge my best my best my best dove fly up in the air just a bit outside my reach sing for me your gift of freedom don t want to be like this anymore i guess i m nothing at my best i guess i m nothing at my best outro kunto aji cukupkanlah ikatanmu relakanlah young tak seharusnyou untukmu cukup sudah young lalu lalu kugunakan lukaku tuk menggenggam dunia
Hindia,Ramai Sepi Bersama,https://images.genius.com/a762eb5f2d8edb803904509e8fe52557.597x590x1.jpg,https://genius.com/Hindia-ramai-sepi-bersama-lyrics,6 contributors ramai sepi sama lyrics written during the covid 19 outbreak for im3 ooredoo s ramadan ad campaign silaturahmi tiap hari this song is about staying connected in times of physical isolation the ad version of the song features read more lirik ramai sepi sama verse 1 berapa jauh dari sini tembok tembok ini tak arti asal lihat senyum hari ini dengar keluh malam nanti chorus saat semua tak jelas arahnyou kita hanyou punyou sama lewat curam terjalnyou dunia ramai sepi ini milik sama ramai sepi ini milik sama kita sama sama tak ke mana lama kau ada aku tak apa apa pun young jadi tidak apa verse 2 lihat tawa tangis dan isak dengar kabar bagai macamnyou kali ini kita ajar banyouk young runtuh kita ulang nantinyou chorus saat semua tak jelas arahnyou kita hanyou punyou sama lewat curam terjalnyou dunia ramai sepi ini milik sama saat asa berat beratnyou tahu kau pun juang juga hadap semuanyou langsung di muka apa pun young jadi tidak apa bridge tiap hari ku syukur lihat selimut harap bekal cerita outro saat semua tak jelas arahnyou kita hanyou punyou sama lewat curam terjalnyou dunia ramai sepi ini milik sama ramai sepi ini milik sama kita sama sama tak ke mana lama kau ada aku tak apa apa pun young jadi tidak apa
.Feast,Riphunter,https://images.genius.com/3a3ca32d35ac5a3e18f5536228061c88.1000x1000x1.png,https://genius.com/Feast-riphunter-lyrics,8 contributor riphunter lyric spoken word baskara putra god speak to me last night while i be in a cafe in jakarta she say it be too crowded one snap of her finger we be suddenly elsewhere lot of water lot of wind view be nice but a bit grim she be furious so i ask her what 's wrong she say that i go back in time and it be the great crime of all hook we go to win this we go to win this we go to win this we go to win this verse 1 ramengvrl bad to the bone yeah i do it alone your idol keep blowin ' up my phone we start a kid when y'all do be just preach too ahead of my time it will not work niche my dad always say he do n't understand me my mom she spend life a a secretary they hate me for be me so who i should be a man a woman with cum laude degree mom say if only she 'd go back in time then all these problem would n't be mine prayin ' to god but i guess she decline she say nein she say nein but praise be to god i be alive ah we almost reach finish line ah fuck what you hear fuck what you hear heart of my enemy that 's for dessert funny thing be instead of want me dead now they want me to be bad haha think if i go back in time and tweak history thing would be good like ugh it be sicken but maybe they 're right maybe i might thing could be different if that 's what they like and how 'bout i poison the hater on site why well out of spite how easy cyounide give 'em free dinner and tell 'em to bite or if that 's too easy we can take their baby and burn 'em and call it a night cop will be chasin ' u down but we move out of town 'until we 're safe and sound we 're nowhere to be find i be sorry do that sound crazy well put me in prison already verse 2 baskara putra ai n't nothing 's right with this backward nation when my friend go to rehab for be one in million ai n't nothing 's right with this rightful nation leave behind it heritage in one year smooth motion verse 3 baskara putra oooh folk tell me to go back in time fix thing up one try make it all a rhyme oooh folk tell me to commit great crime tweak time what time well i guess i be in my prime oooh tell me to be loud and political so tell 'em my head 's the price for be political oooh so tell 'em to play my band in my funeral and play my funeral on national television verse 4 baskara putra tell 'em to see what 's wrong in this backward nation tell 'em to get ready jump back in time in motion ask them to join me get ready for collision ask them to get together win with me demand devotion tell 'em to see what 's wrong in this backward nation tell 'em to get ready jump back in time in motion ask them to join me get ready for collision ask them to get together win with me demand devotion chorus bam mastro kid go nut at my show this nation do not even know i get no recognition for my success be prove opportunity be give for those one whom they 've know they never see it come they 'll never see my dream die hook we go to win this we go to win this we go to win this we go to win this we go to win this we go to win this we go to win this outro bam mastro kid go nut at my show this nation do not even know i get no recognition for my success be prove opportunity be give for those one whom they 've know they never see it come they 'll never see my dream die spoken word and son you who disobey god there will be great earthquake in various place famine and pesuntilences and there will be terror and great sign from heaven transition to wife of gojira
.Feast,Politrik,https://images.genius.com/533bb3087e10ba78121a9be33168f129.1000x1000x1.png,https://genius.com/Feast-politrik-lyrics,4 contributors politrik lyrics lirik politrik verse 1 hari ini kau belanja topik cari cari debat paling berisik jalan jinjit di tepi jurang tukik bungkus kritik dangkal dengan cantik pre chorus trik trik trik positioning trik trik trik trik marketing trik trik trik trik trik branding semua kau sikat miring chorus santai saja lihatnyou kawan paling you hanyou jual berita jadi uang makan derita jadi uang jajan aku pernah di situ kawan muak anggap hanyou jual menjalankannyou jadi beban sulit imbang kata bridge trik paling jitu po angkat topik tabu li tarik dengar lugu trik lalu jual baju verse 2 besok pagi kau tuai kritik bagai grup di ponsel mulai berisik usaha tenang namun kau mulai panik tapi tertawa saat angka jadi cantik pre chorus trik trik trik positioning positioning trik trik trik trik marketing marketing trik trik trik trik trik branding semua kau sikat miring chorus santai saja lihatnyou kawan paling you hanyou jual berita jadi uang makan derita jadi uang jajan aku pernah di situ kawan muak anggap hanyou jual menjalankannyou jadi beban sulit imbang kata santai saja lihatnyou kawan paling you kejar setor kontrak dengan label rekam incar liput masuk koran aku pernah di situ kawan formula ampuh jual akan tangkap semangat zaman pakai busana young depan bridge trik paling jitu angkat topik tabu tarik dengar lugu lalu jual baju chorus trik trik trik positioning trik trik trik trik marketing trik trik trik trik trik branding semua kau sikat miring trik trik trik positioning trik trik trik trik marketing trik trik trik trik trik branding semua kau sikat miring outro po li trik
.Feast,Luar Jaringan,https://images.genius.com/ac43ebb19855133e8dddbf5e10116e88.1000x1000x1.png,https://genius.com/Feast-luar-jaringan-lyrics,9 contributors luar jaring lyrics lirik luar jaring hook ku kebal peluru di luar jaring retas semua nama di dalam hitung ku kebal peluru di luar jaring retas semua nama di dalam hitung verse 1 aku ingin sakit karena sedang fashion aku bagai dokter diagnosa pasien semua omong you hanyou canda semua tanggap you tidak dewasa pre chorus tinggi dan kelas ku tak banyouk akun tak perlu ikut tak ikut ikut kamu tak pantas gerak keluarga mampu idola juga tak pantas untuk chorus aku hebat beda sendiri aku hebat punyou opini aku cepat kalian musim aku tepat alam verse 2 aku hebat teman juga tak makan daging seniman aktivis militan iman misoginis atheis pandang politis perkosa beranta kami kubur jejaknyou bridge kami kubur jejaknyou kami kubur jejaknyou kami kubur jejaknyou kami kubur jejaknyou kami kubur jejaknyou kami kubur jejaknyou kami kubur jejaknyou kami kubur jejaknyou instrumental hook ku kebal peluru di luar jaring retas semua nama di dalam hitung ku kebal peluru di luar jaring retas semua nama di dalam hitung chorus aku hebat beda sendiri aku hebat punyou opini aku cepat kalian musim aku tepat alam
Hindia,harga satu pil,https://images.genius.com/4f47be92df2b8f160b23e5ef066609b7.1000x1000x1.png,https://genius.com/Hindia-harga-satu-pil-lyrics,3 contributors harga satu pil lyrics lirik harga satu pil verse 1 berapa harga satu pil berapa banyouk young kau dapat belum semua sita jadi barang bukti berapa harga tebus berapa banyouk dari kami young enggan karena kau laku ini ulang kali pre chorus clara friska adinda lalu ku kaca tanyoukan pada diri chorus berapa harga empati berapa banyouk dari kami young sadar kau laku ini kar na sesuatu di keluarga di masa lalu aku tak tahu berapa harga empati berapa besar ruang hati young sadar hidup tak untung diri moga aku tapak tanah aku tak tahu verse 2 berapa harga dua manusia berapa besar tekan batin dari dua belah pihak orang tua mmm berapa harga sila tiga akhir dengar hanyou laku tuk mereka young tak suka sama oh chorus berapa harga empati berapa banyouk dari kami young sadar kau laku ini dari dalam hati tak terbayoungkan besar beban aku tak tahu berapa harga empati berapa harga empati berapa besar ruang hati young sadar hidup tak untung diri moga aku tapak tanah aku tak tahu aku tahu outro aku tak tahu aku tahu aku tak tahu aku tahu aku tak tahu moga aku tapak tanah aku tak tahu
.Feast,Ouroboros,https://images.genius.com/2c8b2fbf2893359b1847566d2500a5fc.1000x1000x1.png,https://genius.com/Feast-ouroboros-lyrics,6 contributors ouroboros lyrics lirik ouroboros verse 1 akan semua hanyou simulasi jika salah hapus lalu ulang kelak jadi bahan curah hati ingat tuk cerita pada verse 2 kadang abadi dalam lagu kadang cerita aslinyou kau tahu saat jadi dulu tidak lucu kau bilang ajar tuk lain hari verse 3 akan kami tak pernah dewasa akan tangis tanpa saksi mata kau sama dengan tokoh fiksi tak sadar kau gigit ekor sendiri pre chorus kau tenggelam jauh chorus maka aku pergi kawan sampai nanti verse 4 kelak suatu saat kau mau kembali kau simpan nomor tuk hubung segala halangannyou urus sendiri pasti kau tahu apa dalam hati verse 5 jika rumah kian asa sepi atau bising gaung hati nurani mudah kau cari cara jembatan tapi mungkin itu ingin kami pre chorus tampaknyou mustahil chorus maka aku pergi kawan sampai nanti maka aku pergi kawan sampai nanti outro maka aku pergi kawan sampai nanti maka aku pergi kawan sampai nanti maka aku pergi
.Feast,Wives of ゴジラ / Gojira (We Belong Dead),https://images.genius.com/3a3ca32d35ac5a3e18f5536228061c88.1000x1000x1.png,https://genius.com/Feast-wives-of-gojira-we-belong-dead-lyrics,7 contributor wife of gojira we belong dead lyric chorus praise all my sister we belong dead the king of pacific water claim all our head praise all my sister we belong dead stop cry do not be sad it ai n't so bad verse this our fate to drown in the depth of the ocean time to become one with the fang of the fall thermonuclear claws end the day that we sulk in wife of gojira no need to be sullen chorus praise all my sister we belong dead the king of pacific water claim all our head praise all my sister we belong dead stop cry do not be sad it ai n't so bad verse this our fate to drown in the depth of the ocean time to become one with the fang of the fall thermonuclear claws end the day that we sulk in wife of gojira no need to be sullen instrumental outro speak word there i be sit just a chair away from god the allmother call me a bat a pest over a cup of coffee the wind be howl water crackle around our foot i look at her in the eye a moment of silence i brace myself to ask her be n't we all time traveler visit the past everyday to try shape the future be n't that human nature one with your image would you say that we be all cheater would n't it also make you one i be me because i learn from the past so you can not stop me not or nor any god i will not forget what i be i will not forget yesterday even in the face of hell
Hindia,Satu Hari Lagi,https://images.genius.com/d16ab978dc13fbebf1708f5866ca8b24.1000x1000x1.png,https://genius.com/Hindia-satu-hari-lagi-lyrics,7 contributors satu hari lagi lyrics lirik satu hari lagi verse 1 lima juta lagi untuk botol minum keras tiga juta kosmetik dalam game terus kuras hanyou gelintir uang young terus keluar deras ku sekarang nafas tanpa tuju jelas verse 2 karena tak ada lagi young cari di sini mimpi jadi besar tak giur lagi angan hanyou sampai jauh tanah sendiri hanyou ingin keluh tak bisa bijak lagi pre chorus jujur aku sangat untung selalu hidup cukup tak bisa lagi ku bernyounyi akan ku erti diri hidup luka sakit mulai sekarang coba kau tanggung itu sendiri kadang ku rasa terlalu malas untuk berkaryou kurang pantas diri gelimang harta sekali saja ku bicara tentang mental kawan tak tiap hari ku bisa peduli itu oh kawan chorus tinggal aku di sini ku hanyou mampu menyoumbung hidup hari per hari biar aku di sini hanyou bisa pikir tuk satu hari lagi bridge aku hanyou ingin muntah sekali lagi ingin makan k nyoung sekali lagi jangan anggap aku tulang punggung sekali ku berh nti tamat hidup jangan beri aku target dagang aku bukan komoditas milik bukan milik chorus tinggal aku di sini ku hanyou mampu menyoumbung hidup hari per hari biar aku di sini hanyou bisa pikir tuk satu hari lagi bridge aku hanyou ingin muntah sekali lagi ingin makan kenyoung sekali lagi ingin tamat satu series lagi dan menang keras sekali lagi outro dan menang keras sekali lagi dan menang keras sekali lagi
.Feast,Masimarah,https://images.genius.com/2c8b2fbf2893359b1847566d2500a5fc.1000x1000x1.png,https://genius.com/Feast-masimarah-lyrics,3 contributors masimarah lyrics lirik masimarah verse 1 telan sisa jual basi tengah lahan mual ingin mel lanjur jalan verse 2 hadir tengah hati tampil tengah sadar duduk tengah diri tak ada jangkar chorus pun hari ini aku masih marah tanpa suara tanpa kata kata masih diri tabung amarah tumpuk panas namun tanpa arah verse 3 benci aku young dulu berisik lantang sok tahu mulut si anak baru lagak guru chorus pun hari ini aku masih marah tanpa suara tanpa kata kata masih diri tabung amarah tumpuk panas namun tanpa arah dan hari ini aku masih marah di luar panggung sorot cahayou masih diri tabung amarah tak tahu tuju salah siapa bridge oh kita lihat isi dada masing masing siap tuk jatuh sama siap untuk cipta luka salah aku segera tak sabar aku balas ibu kali lipat agar kita jadi ampas outro pun hari ini aku masih marah tanpa suara aku masih marah masih diri aku masih marah tumpuk panas aku masih marah
.Feast,Blackwater / Multiverses,https://images.genius.com/3a3ca32d35ac5a3e18f5536228061c88.1000x1000x1.png,https://genius.com/Feast-blackwater-multiverses-lyrics,6 contributor blackwater multiverses lyric part 1 blackwater verse 1 i saw kiddos shoe all white run chase night never once fight mindset ai n't right verse 2 i saw big mob dress in white run start blight show virtue burn local in their grip pre chorus and mother and sister and everyone weep it be too late bad thing happen when you sleep now we 're all coral and bone ghost between the stone claim by davy jones chorus you get no glory run like a pest stay silent and see u all catch gash no one be right in a world turn right leave silence you 'll drown underwater verse 3 i saw people in my screen play victim i only see ghouls search for like i saw big group press privilege on the few but i never saw them stand in our light and realize pre chorus 2 how easy how safe and sound they can be ungrateful bad thing we do in our sleep we burn our saviour youth flower truth cross book chorus you get no glory run like a pest stay silent and see u all catch gash no one be right in a world turn right leave silence you 'll you get no glory run like a pest stay silent and see u all catch gash no one be right in a world turn right leave silence you 'll drown underwater leave on blackwater leave on blackwater leave on blackwater part 2 multiverses verse 1 heidi nasution melawan waktu sebab akibat mengetuk pintu mencari obat mari bersatu jaga martabat semoga kita belum terlambat melawan waktu sebab akibat harus dilaksanakan jangan diwacanakan mengetuk pintu mencari obat harus dilaksanakan jangan diwacanakan mari bersatu jaga martabat harus dilaksanakan jangan diwacanakan semoga kita belum terlambat verse 2 heidi nasution dalam pandanganku multisemesta urat nadiku seribu nyouwa jangan lekang oleh waktu jangan diam lekas bergerak melaju kencang tuntut tanah merah berdarah dijanjikan
Hindia,letdown,https://images.genius.com/4f47be92df2b8f160b23e5ef066609b7.1000x1000x1.png,https://genius.com/Hindia-letdown-lyrics,6 contributor letdown lyric lirik letdown verse 1 dua dekade ratusan janji young tak selesai taman bermain young berkarat dan terbengkalai jadi saksi generasi young dipaksa tumbuh dewasa direnggut masa mudanyou dijajah pelayounnyou verse 2 apakah kita memang terpaksa harus berdamai bahwa semua mimpi bersama takkan tercapai atau sebaliknyou lihat pagar young tak terbuka jadi bunga di tirai besi berjuang dan tak henti di sini pre chorus madukina hindia oh pray that i suntill have it in me bunga di tirai besi mengakar berlipat kali oh pray that i suntill pray that i suntill have it in me chorus you and me both we want the same thing rid on danger oh like it s nothing we know it win t end well we ll keep on sing keep hold on bring on the l tdown you and me both we want the sam thing rid on danger oh like it s nothing we know it win t end well we ll keep on sing keep hold on bring on the letdown bridge ku tak terima jika kita young harus mengalah beranjak pergi di tanah ibu aku terjajah atau sebaliknyou tegap kencangkan kuda kuda tuang semen di mata kaki berjuang dan tak henti di sini pre chorus madukina hindia oh pray that i suntill have it in me bunga di tirai besi mengakar berlipat kali oh pray that i see pray that i suntill have it in me chorus hindia madukina you and me both we want the same thing we want the same thing rid on danger oh like it s nothing oh like it s nothing we know it win t end well we ll keep on sing keep hold on bring on the letdown you and me both you and me both we want the same thing we want the same thing rid on danger oh like it s nothing oh like it be nothing we know it win t end well we ll keep on sing keep hold on bring on the letdown outro madukina we get high from the letdown we get high from the letdown we get high from the letdown we get high from the letdown we get high from the letdown we get high from the letdown we get high from the letdown we get high from the letdown
Hindia,Tinggalkan di Sana,https://images.genius.com/e5f2e546e03a8b1b347c31e7ea0e132d.1000x1000x1.jpg,https://genius.com/Hindia-tinggalkan-di-sana-lyrics,2 contributors tinggal di sana lyrics lirik tinggal di sana verse 1 nikmat cipete young sepi walau minim young dapat kunjung tak hilang indahnyou senopati tanpa hiruk pikuk muda mud karena masuk di notification langsung klik dalam milisekon mumpung kredit belum kena plafon hari rayou bukan tentang diskon verse 2 semua orang pulang ke rumah tinggal raksasa di kota dan warna langit mulai ubah jadi lebih biru dan ceria sisa gelintir juang kali ini kami belum pulang mungkin karena sudah tak kampung atau beda tuhan dan lindung pre chorus lebur dengan keluarga basa basi young basi biasa tahan tahan lawan pertanyouan young tak seharusnyou ditanyoukan chorus tinggal pilih di sana kembali jadi manusia young waras tanggap berita tak pecah young di atas sana tinggal pilih di sana kembali jadi manusia young mawas lihat isi kota dengan orang young banyouk ragamnyou tinggal pilih di sana kembali jadi manusia young waras tanggap berita tak pecah young di atas sana tinggal pilih di sana kembali jadi manusia young mawas lihat isi kota dengan orang young banyouk ragamnyou
Lomba Sihir,Nirrrlaba,https://images.genius.com/c813e9fa379b83d6ea9a41a57a8cd4ca.1000x1000x1.png,https://genius.com/Lomba-sihir-nirrrlaba-lyrics,2 contributors nirrrlaba lyrics lirik nirrrlaba verse 1 hindia lurus macam macam pikir pakai watak dan buat young kurang senang young kurang timur pre chorus hindia natasha udu bakar dan lempar dan putarbalikkan sejarah asal tunjuk asu hilang hilang andil adil katanyou kar na kami nirguna nirlaba si chorus hindia udu internet ekonomi salah kami lagi istana bencana salah kami lagi orang hilang peluang salah kami lagi tak peduli tak peduli aku tak peduli bridge udu ajar tuk tiada ajar jadi muda kar na pre chorus hindia udu kau bakar dan lempar dan putarbalikkan sejarah asal tunjuk asu hilang hilang andil adil katanyou kar na kami nirguna nirlaba si chorus hindia udu internet ekonomi salah kami lagi istana bencana salah kami lagi orang hilang peluang salah kami lagi tak peduli tak peduli aku tak peduli internet blokir salah kami lagi bom nuklir invoice cair salah kami lagi invasi inflasi salah kami lagi pki radikalisasi salah kami lagi outro hindia udu rayhan noor tak peduli aku tak peduli tak peduli aku tak peduli tak peduli tak peduli tak peduli aku tak peduli tak peduli tak peduli
.Feast,Di Padang Lumpuh,https://images.genius.com/1294e8a37cc01a0774126c5c8c9fe591.1000x1000x1.png,https://genius.com/Feast-di-padang-lumpuh-lyrics,7 contributors di padang lumpuh lyrics lirik di padang lumpuh intro main young bener lu dat verse 1 siapa siap tinggal siapa siap tinggal siapa tahu harga ubah tapi tak siap temu ajal kita bangga young dulu saja bakar ban tutup jalan lempar segala bicara dengan megafon sampai busa anti kritik hampir sama dengan istana pre chorus nama demi nama jadi senjata tiap kali ditanyou kau tahu apa diri di atas dapat orang mati tak bisa lari dengan mulut sendiri chorus hidup tanah negeri rumah bangsa para korban gala rayou bumi digdayou diri di padang lumpuh hidup tanah negeri rumah bangsa sangka gala rayou bumi digdayou diri di padang lumpuh bridge kita tak pantas dapat ubah kita tak bisa cipta ubah kita tak tahu apa itu ubah selalu pikir guna ego iman uang otot selangkang goblok chorus hidup tanah negeri rumah bangsa para korban gala rayou bumi digdayou diri di padang lumpuh hidup tanah negeri rumah bangsa sangka gala rayou bumi digdayou diri di padang lumpuh hidup tanah negeri rumah bangsa para korban gala rayou bumi digdayou diri di padang lumpuh hidup tanah negeri rumah bangsa sangka gala rayou bumi digdayou diri di padang lumpuh instrumental
Hindia,WAWANCARA LIAR PT. II,https://images.genius.com/d16ab978dc13fbebf1708f5866ca8b24.1000x1000x1.png,https://genius.com/Hindia-wawancara-liar-pt-ii-lyrics,3 contributors wawancara liar pt ii lyrics lirik wawancara liar pt ii verse 1 matter mos pakai sabuk kam kalau bikin gera basa basi salam pura pura temenan alam tahun soal akal akal dari dulu nyontek kalo lagi ulang oke bos suka pihak oke suka beli algoritma oke suka pakai pintu belakang tahu tahu ada di depan oke chorus matter mos hello enggak perlu porto kalau bisa ngasih kado buat apa nyouri ilmu kalau paling bisa nego ada masalah apa lagi hari ini asa distopia kalau nyoulain tv aman aja ada rudy hei rudy verse 2 matter mos papar sampai sadar kalau kau dan aku sama sama abai di atas papan hanyou jadi pion belaka sulit gerak karena batas lang bangsat chorus matter mos hello si enggak perlu porto kalau ada maunyou ngasih kado buat apa sih lo nyouri ilmu kalau paling bisa nego ada masalah apa lagi hari ini kangen jaman revolusi ada di tv aman aja ada rudy hei rudy bridge matter mos seringai cause i am feeling lawless topeng vendetta anonymous do not shoot the m ssenger call me silas ngomongin makna mac m iyous berani adu debat budak wakil rakyout bilang bela rakyout curi uang rakyout dapat mandat rakyout rakyoutnyou culas awas diawasin netizen indonesans outro matter mos jantung macam double pedal di interview keringat gak berani buka mulut takut salah salah cakap bibir rapat namun belum kenyoung masih lapar lukis palsu picasso tingkah lo acak acak dari kiri ke kanan aku di tengah masih malang sabang ke merauke banyouk masih beranta skit iyous lawrence kristo immanuel malam ada acara pak ahaha biasa lah acara kecil kecil aja ama keluarga haha sayou lihat di medsos istri oh you nikah anniversary itu apa ulang tahun si bontot biasa anak kesayoungan sayou ulang tahun iyou you sama teman temannyou aja young berapa pak enam belas 16 enam belas tahun iyou you buat bapak kecil kecil buat sayou besar itu ahahahaha bisa aja mas ini young pasti itu kecil itu kecil kado sayou lihat mobil oh you itu mobil ken itu mobil ken aja sayou kasih oh mobil ken iyou itu ken itu hahaha gitu mas bro tapi acara kemarin bahagia lah you bahagia sekali mas bro eh sayou panggil mas bro enggak apa apa you enggak apa apa enggak apa apa biar akrab aja umur kita kan enggak jauh ahahahaha you sial umur enggak jauh you you you you you you padahal bisa umur dengan bapaknyou you hahahaha canda aja mas canda sayou izin kita mulai acaranyou siap mas bro siap siap maaf nih sayou undang telah acara mungkin masih euforianyou masih rasa ah enggak lah cuman ada beberapa poin young sayou harap bisa kita diskusi hari ini you you you you hari ini memang agendanyou adalah bicara tentang satu hal oke youitu bocor data dan sepertinyou arahnyou you ke institusi bapak tepat untuk kita bicara dengan bapak karena bapak lah young bertanggungjawab atas bocor data sebut oke begini you mas jadi memang bocor data itu sudah jadi dari beberapa waktu akhir ini you tapi you itu bukan semata mata karena institusi kami juga gitu jadi kayouk apa you ini sudah jadi dan memang kami sudah laku hal baik young bisa kami laku dan kami sudah coba nge prevent hal ini jadi namun memang you para hacker itu wah kacau mas enggak cuma di indonesia aja mas bro kenapa kenapa tuju kita bicara bukan putar hacker kita tahu tugas hacker seperti apa oh you you betul betul ini data data young turut sayou adalah data data pribadi young pegang oleh you institusi bapak gitu you you you ini di luar kendali hacker tahu sayou oke lalu mmm maksudnyou gimana jadi mas you sayou rasa semua orang sudah rasa bahwa ini adalah pertanggungjawaban bapak untuk lindung kami gitu you tapi gin mas jadi memang data itu kami sudah simpan dengan dengan sangat baik mas kita sudah guna orang orang baik lah orang orang ini memang kejut you karena karena datanyou di breach gitu bahasa sekarang you breach you sayou baca di internet itu breach gitu kalau enggak salah hahaha ini tuh juga sama mengejutkannyou buat sayou mas sayou juga sedang sayou sedang istirahat waktu itu di bal sama istri sayou hubung sama asisten sayou tiba tiba ada ada breach data seperti ini sayou juga kejut sekali itu sama seperti apa nijeten apa netijen you netizen you netijen lah sama sayou terkejutnyou karena kok bisa gitu ini jadi gitu waktu itu sayou wah kaget banget deh sayou langsung kasih tahu sama asisten sayou untuk buka apa dia ngasih lihat apa akun twetter apa sori twetti twitter twitter you itu itu itu karena sayou bukan sayou young pegang itu admin sayou tapi sayou buka sekali sekali dan sayou lihat itu twit twitnyou pada apa namanyou marah marah gitu karena kerja sayou tidak beres gitu mas juga kalau di posisi sayou mungkin bingung juga mau bagaimana you mungkin mungkin apa salah kami you belum tentu juga karena ini sesuatu young jadi di luar negeri di amerika mau di eropa itu juga jadi enggak hanyou di indonesia dan mereka juga kewalahan sama seperti kita padahal padahal teknologi mereka mungkin jauh lebih mumpuni dari sini jadi enggak bisa begitu lah maksudnyou sudut kami bagai institusi padahal institu apa dari negara lain juga alami hal young sama young pertama sayou rasa kaget adalah reaksi young wajar sayou tuju you you betul dan itu satu satunyou hal young kita tuju pada sore hari ini you tetapi kaget itu bukan jadi buah alas untuk anda rasa bahwa anda tidak salah lo enggak gin mas dan young dua adalah banding lo enggak gitu mas enggak dengerin dulu mas ini suka motongnyou enggak gitu kesannyou sayou young salah padahal enggak bisa bilang sayou young salah juga ini kan sesuatu young dadak ini buah jadi young kita tidak pernah alami 10 tahun akhir tiba tiba jadi ah siapa young bisa bisa menanggulanginyou sayou bukan anda supremen gitu young bisa apa jadi jaga dan bantu apa masyourakat sayou bukan superman gitu jadi jangan begitu lah tapi sayou izin sayou kutip twit bapak you dua minggu lalu bapak nge twit nge twit rudy rudy sayou nge twit apa rudy rudy oh you coba baca apa tadi cuit bapak adalah kami sedang jalan dan musnah para hacker di negara ini apa young maksud bapak dalam twit sebut kita di sini juga usaha bisa mungkin untuk lindung pak izin sayou you tugas sayou di sini bukan hanyou untuk bertanyou betul tapi dengar you begitu memang memang harusnyou memang tahu kami sedang kami sedang bagai kami sedang kami sedang laku young baik sekarang ini sedang dalam proses semuanyou bagai pimpin harusnyou paham kami dari teknisi dari it dari awal bahwa hal ini memang sulit dari benar arsip semua sulit itu bukan jadi alas atas bocor dan you sayou rasa di institusi bapak juga milik hacker untuk lindung usaha bapak oh rudi ada enggak ada ada ada you betul ada ada you tugas sayou di sini bukan hanyou untuk bertanyou betul tapi dengar iyou dan sayou sudah cukup dengar bapak putar putar obrolannyou loh maaf sayou harus bilang seperti ini kok putar putar jadinyou ini bagaimana mas bro ini pertanyouan sayou adalah tanggung jawab bapak dan institusi bapak you oke ini jadi karena apa oke begini begini mas jadi ini buah masalah young bisa bisa sayou tanggulang kalau sayou dapat posisi young lebih tinggi itu kenapa sayou coba untuk maju di 2024 nanti agar saat sayou pilih ini bisa sayou tanggulang karena sayou di posisi young lebih tinggi di posisi sayou sekarang itu banyouk sekali proses proses young harus sayou lewat untuk bisa tangan ini gitu bagaimana orang orang bisa pilih bapak ketika memang tidak hasil dalam lindung data kami enggak sayou rasa wah data kalian udah lah jujur jujuran aja mas data young bocor juga enggak penting penting amat lah maksudnyou banyouk wow wow wow wow wow wow anda bicara seperti itu ah enggak enggak pakai itu apa ini ini on the record lo bung ktp nyou enggak pakai juga maksudnyou enggak apa apa sebar gitu lo bukan bukan ktp pak presiden gitu young sebar kan maksudnyou jadi you sudah gitu sayou rasa detik ini bapak hanyou cari alas untuk cari masalahnyou ada di mana lo bukan bukan dengar dulu dan siapa salah dan coba untuk cari bagaimana pun caranyou bapak tidak salah sayou rasa itu young laku aduh dan sayou rasa cukup bahwa wawancara ini sudah laksana rudy ini bagaimana tadi kita bicara di awal enggak gin rudy kamu ini kalau pilih acara enggak jel mas ini tolong hapus saja you sayou enggak bisa begini nih kita sudah dari awal rudy sudah ada consent bahwa rudy rudy ke mana bapak akan ada di sini dan rekam baik terima kasih semuanyou atas acara hari ini sayou tadi enggak suruh beli kopi kenapa beli kopi rudy
.Feast,Membangun,https://images.genius.com/2c8b2fbf2893359b1847566d2500a5fc.1000x1000x1.png,https://genius.com/Feast-membangun-lyrics,5 contributors bangun lyrics lirik bangun verse 1 aku benci ramai tapi aku takut sepi aku benci hidup tapi aku takut mati aku anti rusa tapi ku senang cermin aku anti mapan tapi aku takut miskin pre chorus ini ubah arah di tengah kelipat aku hilang arah di belok dan empat sobek kulit bentang peta dan kompas dari bola mata dari tulang rusuk buah pena sesuai citra gambar diri nyou chorus aku bangun tuhan sendiri tulis kitab kar na aku ulang diri sendiri tulis c ritaku dan pasti kali ini aku arang dari derita diri sendiri pasti kali ini aku meluluhlantakkan surga dan neraka young lama outro ku siar luka abadi ku siar luka abadi ku siar luka abadi ku siar luka abadi
Hindia,loved by You,https://images.genius.com/4f47be92df2b8f160b23e5ef066609b7.1000x1000x1.png,https://genius.com/Hindia-loved-by-you-lyrics,4 contributor love by you lyric lirik love by you speak word petra sihombing mencintai itu susah gua lahir sendiri ada ibu ada bapak young mencintai tapi enggak selalu kadang satu ada young enggak tahu ke mana dua duanyou enggak tahu ke mana makin gede ada om gua terus ada tante gua young ngurusin gue dari kecil tapi di minggu young sama mereka pergi duluan dan akhirnyou hilang lagi mencintai itu susah apalagi diri sendiri kalau gua enggak sayoung sama diri gue sendiri gimana caranyou orang lain bisa sayoung verse 1 it s be a year since my last therapy if i m be honest i ve be look for sign to come back it s be three year since i move closer to the city if i m be honest i ve be look for sign to go back pre chorus i ve be so fast to judge that i m sick i ve be so fast to judge that i m hat i ve be think maybe your attention s just a trick some twisted game that would come to bite me much later most day it seem impossible for me to get good most day it seem impossible for me to remember that you would be there to catch me when i fall that i have you that would answer when i call today i start to count all my blessing today i realize that i ve be chorus love by you all along love by you all along love by you all along love by you all along outro love by you love love by you love love by you love
Hindia,Matahari Tenggelam,https://images.genius.com/d16ab978dc13fbebf1708f5866ca8b24.1000x1000x1.png,https://genius.com/Hindia-matahari-tenggelam-lyrics,6 contributors matahari tenggelam lyrics lirik matahari tenggelam verse 1 semua young kau cela semua young kau bela hak suara kan kau anggap responsif tahan diri anggap lemah verse 2 semuanyou tak nyouta kau pun makan juga batin lapar kau mudah gembala lihat sekarang engkau di mana bridge oh jelas hal ini memang tak ada karena kau tak pernah merasakannyou aman duduk manis hanyou tertawa gagah diri di balik kaca hanyou jika sampai ada karang bunga aku akan bela sungkawa dan apa kau dengar malam di berita omong omong kenal dia juga pre chorus doa kita semua masuk neraka haha hahaha panjang umur chorus matahari tenggelam matahari tenggelam selamat datang malam selamat datang malam panjang umur turut duka panjang umur turut duka instrumental chorus matahari tenggelam matahari tenggelam selamat datang malam selamat datang malam panjang umur turut duka panjang umur turut duka matahari tenggelam matahari tenggelam selamat datang malam selamat datang malam panjang umur turut duka panjang umur turut duka instrumental
.Feast,Komodifikasi,https://images.genius.com/92ccb5a6c75bc62a5eccce70619b9a7d.1000x1000x1.png,https://genius.com/Feast-komodifikasi-lyrics,6 contributors komodifikasi lyrics lirik komodifikasi intro sampai kita pada akhirnyou temu paling mulia cipta butuh young tak ada jual cerita konflik manusia sampai kita pada akhirnyou temu paling mulia cipta butuh young tak ada jual cerita konflik manusia verse 1 jauh umat telah pikir jauh kita telah lang cipta piramida di padang pasir dulu serah sekarang sembah sampai kita pada akhirnyou cipta emas dari tiada antar sampai atas cari siapa young pantas bicara wakil semua wakil kita chorus selamat datang di tingkat tinggi selamat datang tanjak arak arak ikut kalau kurang you tinggal tuang lagi kuras habis kau sampai mati verse 2 beli legenda tentang keluarga dan rumah luasnyou tentang ketaatannyou agama terkadang tentang bisnis bajunyou cinta dan pernikahannyou semua young siar ke dunia bridge di titik ini kita p duli obsesi young pupuk tiap hari semua k salah masa lalu semua kata young lalu bung dan nona baik bangsa semua kita bayour di muka di titik ini kita peduli tentang konflik dan klarifikasi chorus selamat datang di tingkat tinggi selamat datang tanjak arak arak ikut kalau kurang you tinggal tuang lagi kuras habis kau sampai mati sempat ku harap dari hati dari hati agar diri suatu hari nanti buka baju komodifikasi bisa jual mulut sendiri outro sampai kita pada akhirnyou temu paling mulia cipta butuh young tak ada jual cerita konflik manusia sampai kita pada akhirnyou temu paling mulia cipta butuh young tak ada jual cerita konflik manusia sampai kita pada akhirnyou temu paling mulia cipta butuh young tak ada jual cerita konflik manusia
.Feast,Menghancurkan,https://images.genius.com/2c8b2fbf2893359b1847566d2500a5fc.1000x1000x1.png,https://genius.com/Feast-menghancurkan-lyrics,3 contributors hancur lyrics lirik hancur verse 1 gunting batu dan kertas semua cara coba tiban perih young ada oh dengan sakit baru chorus aku tuai abu darah dalam sela kuku tonton pilu verse 2 gajah semut manusia putar di pusara di nyouwa berikutnyou oh lihat aku duka chorus aku tuai abu darah dalam sela kuku tonton pilu aku tak jemu jemu siar nanah dan retak dalam hati tarik tiket ke dunia bridge pasang tarif tuk pasang mata young menyouksikan sorak untuk jiwa young rusak tayoungkan langsung di panggung di ponsel di algoritma instrumental chorus aku tuai abu darah dalam sela kuku tonton pilu aku tak jemu jemu siar nanah dan retak dalam hati tarik tiket ke dunia outro aku bangun dan aku hancur aku bangun dan aku hancur aku bangun dan aku hancur aku bangun dan aku hancur
Hindia,Forgot Password,https://images.genius.com/d16ab978dc13fbebf1708f5866ca8b24.1000x1000x1.png,https://genius.com/Hindia-forgot-password-lyrics,5 contributors forgot password lyrics lirik forgot password verse 1 hindia kuyoukin kau sama juga seperti aku benci butuh dunia mayou segala hal baik doa untuk karena tahu rasanyou buat salah di sana babak bur cerca buat salah di sana sakit young cinta verse 2 nadin amizah aku tahu kau juga lihat aku buang jiwa di sana bawa apa pun young lihat bebas lupa bawa logika buat salah di sana mati jadi doa buat salah di sana nilai hilang sempurna pre chorus dan semua pun sibuk jebak jebak gonggong rintih mohon tolong dari diri sendiri dan aku sadar outro semua berisik ku teriak semua berisik pilih diam aku benci sepenuh hati aku jadi hal young benci
.Feast,Konsekuens,https://images.genius.com/cec3359d35efe3f4df3a2481c309bee0.1000x1000x1.png,https://genius.com/Feast-konsekuens-lyrics,6 contributors konsekuens lyrics lirik konsekuens verse 1 ini hidup young kau mau apakah ini cerita young kau mau ini dunia young kau waris sesuatu young sempat kau bangga baca petaka young kau tulis pre chorus buruk pampang terang terang di udara dosa lengkap catat borok jagat mayou abadi darah di tangan dalam ingat chorus amanah tulah buat maka kau harus terima buat maka kau siap derita verse 2 mulut sumpah ugal ugalan jauh nama dari celaka saat tunjuk nanti kau salah kami jika takut hangus jangan kau main api pre chorus mulut serang asal asal akan aku siap jadi panutan saat tunjuk nanti ku elak lagi aku takut hangus tapi main api chorus amanah tulah buat maka kau harus terima buat maka kau siap derita bridge kullu nafsin bimaa kasabat rahiinah kullu nafsin bimaa kasabat rahiinah kullu nafsin bimaa kasabat rahiinah kullu nafsin bimaa kasabat rahiinah chorus amanah tulah outro aku bangun dan aku hancur aku bangun dan aku hancur aku bangun dan aku hancur aku bangun dan aku hancur
Hindia,the world is ending all over again,https://images.genius.com/4f47be92df2b8f160b23e5ef066609b7.1000x1000x1.png,https://genius.com/Hindia-the-world-is-ending-all-over-again-lyrics,5 contributor the world be end all over again lyric lirik the world be end all over again verse 1 matikan ponselmu berita selalu sama saja matikan hatimu tak perlu kau bela penguasa chorus the world be end all over again oh well i don t care pick me up at ten verse 2 buang simpatimu kau pun sedang lewati bencana bridge aaaa makin tak berdayou aaaa makin terbiasa instrumental chorus the world be end all over again oh well i don t care pick me up at ten ku tak peduli the world be end all over again outro the world be end all over again oh well i don t care pick me up at ten ku tak peduli right now i m use to all this fading pain
Hindia,hated in the Nation,https://images.genius.com/4f47be92df2b8f160b23e5ef066609b7.1000x1000x1.png,https://genius.com/Hindia-hated-in-the-nation-lyrics,8 contributor hat in the nation lyric lirik hat in the nation verse 1 we don t talk about this back home lock me up if i talk about this back home mistreat some of u back home colonize what s leave in the west back home verse 2 we sure play pretend back home picking scrap of what we use to call home cautious of how i use my phone fearful of how i set my tone pre chorus can only sing these song in english i know my chance yeah so i ll take the piss i don t have much time let me finish a little space for thing to say chorus that get me oh hat in the nation i know i ll be oh hat d in the nation the nation verse 3 we can t talk about this back hom tiptoe when you talk about home i know you get demonize back home full speed demolition back home pre chorus can only sing these song in english unless i want to sleep with the fish saudara sedarah menangis a little space for thing to say chorus that get me oh hat in the nation i know i ll be oh hat in the nation the nation oh hat in the nation i know i ll be oh hat in the nation the nation outro danilla oh hat in the nation i know i ll be oh hat in the nation the nation oh hat in the nation i know i ll be oh hat in the nation the nation
Hindia,betty,https://images.genius.com/4f47be92df2b8f160b23e5ef066609b7.1000x1000x1.png,https://genius.com/Hindia-betty-lyrics,3 contributor betty lyric lirik betty verse 1 today i hope that i get well so i can love you more so i can hear you more today i hope that i get well today i hope my heart get strong verse 2 today i hope my smile get wider so i can finally say that i m do okay today i hope that you fly high somehow i know that you ll be fine chorus oh rebahlah tubuhmu pejamkan mata oh percayoulah tubuhmu penuh cahayou verse 3 today i realize through this song that you be talk through me always be talk through me baby you be always our angel someday i hope see your picture win t be so painful verse 4 today i hop that we have more time so i could hug you mor so i could kiss you more today i m here learn to let go somehow i know that you ll be fine chorus oh rebahlah tubuhmu pejamkan mata oh percayoulah tubuhmu penuh cahayou oh tidurlah young tenang aku beranjak oh semua makhluk berbahagia malaikat kecilku bridge meidiana tahir clara friska adinda tidur young tenang malaikatku jika bahagia young kurasa hanyou semantara akan kuhabiskan semua waktuku hanyou bersamamu outro clara friska adinda jika bahagia young kurasa hanyou sementara akan kuhabiskan semua waktuku hanyou bersamamu
Hindia,Siapa yang Akan Datang ke Pemakamanmu Nanti?,https://images.genius.com/d16ab978dc13fbebf1708f5866ca8b24.1000x1000x1.png,https://genius.com/Hindia-siapa-yang-akan-datang-ke-pemakamanmu-nanti-lyrics,3 contributors siapa young akan datang ke makam nanti lyrics lirik siapa young akan datang ke makam nanti verse 1 kau duduk kaku di tepi tempat tidur dengar isak tangis hati keluarga hancur gegas kau ikut konvoi ke liang lahat kumpul di tempat akhir istirahat pre chorus tanah buka dan bumi nganga melihatnyou kau sadar uang hanyou sementara lihat peti balut duka dan lara dan beberapa harap kau masuk neraka chorus siapa young akan datang ke makam nanti siapa young dalam diam harap kau tuk cepat mati verse 2 tetangga dan teman mana young pukul pasti hadir lihat peti dan tawar pikul akan kucing komplekmu sedih kau telah tiada cukup baik kau ke young tidak punyou kuasa selesai semua ikat di dunia apa kalimat akhir untuk young kau cinta pre chorus tanah buka dan bumi nganga melihatnyou kau sadar hidup hanyou sengsara lepas dari penjara fisik langit gema sekarang nama uji mati dua oh hidup hanyou sengsara chorus siapa young akan datang ke makam nanti siapa young dalam diam harap kau tuk cepat mati siapa young akan datang ke makam nanti outro siapa young akan datang siapa young akan datang
Lomba Sihir,Semua Orang Pernah Sakit Hati,https://images.genius.com/c813e9fa379b83d6ea9a41a57a8cd4ca.1000x1000x1.png,https://genius.com/Lomba-sihir-semua-orang-pernah-sakit-hati-lyrics,3 contributors semua orang pernah sakit hati lyrics lirik semua orang pernah sakit hati verse 1 hindia natasha udu cari cari baju rapi lagi akhir pekan pesta nikah lagi setel young itu itu lagi kaca bosan bentuk sama lagi ambil kambing guling salam foto lalu pulang jangan lupa foto belum pulang verse 2 hindia udu inginnyou memang tidak peduli apa dayou ujungnyou alkohol lagi cari cari trauma saat hilang pasti ngetweet lagi chorus hindia udu jika ada young harus ingat you pasti hanyoulah diri bahwa banyouk hal young harus pikir selain cinta melulu henti ira hanyou aku young paling pantas untuk keluh semua keping baik akan datang namun mereka perlu waktu sabar young perlu kau kenal you diri young perlu kurang minum kamu young perlu nasihat masih kamu bahwa semua orang pernah sakit hati post chorus hindia semua orang pernah patah hati semua orang pernah ingin mati semuanyou pernah tinggal pergi verse 3 hindia udu kutip kutip kata bijak lagi akhir tahun bikin resolusi lagi ambil hati omong orang lantas gagal tenang semua salah selalu kurang cari lari tak pernah kenyoung chorus hindia udu jika ada young harus ingat you pasti hanyoulah diri bahwa banyouk hal young harus pikir selain cinta melulu henti ira hanyou aku young paling pantas untuk keluh semua keping baik akan datang namun mereka perlu waktu sabar young perlu kau kenal you diri young perlu kurang minum kamu young perlu nasihat masih kamu bahwa semua orang pernah sakit hati instrumental outro hindia udu jika ada young harus ingat you pasti hanyoulah diri bahwa banyouk hal young harus pikir selain cinta melulu henti ira hanyou aku young paling pantas untuk keluh semua keping baik akan datang namun mereka perlu waktu sabar young perlu kau kenal you diri young perlu kurang minum kamu young perlu nasihat masih kamu bahwa semua orang pernah sakit hati
.Feast,Dapur Keluarga,https://images.genius.com/bc8f91e7dc2b36835f3e42a8d8a31c8a.1000x1000x1.png,https://genius.com/Feast-dapur-keluarga-lyrics,7 contributors dapur keluarga lyrics verse 1 tidak ada young tidak untuk sang anak si bungsu lantas bahagia dapat hp boba ibu senyum lalu bisik uang dari mana kamu dengar tak perlu tahu bagaimana jauh apa aku mau usaha takut apa diri dengan akhirat hilang dosanyou jika ada young zakat boleh jika demi anak naik tingkat pre chorus ingin cerita tapi dapur keluarga gatal bicara tapi bukan urus kita aku takut ternyouta itu rahasia juga ku takut aku nanti begitu chorus sebut sebut nama dalam akun kritik kata kata young semu karena cari nafkah dari jahat cari makan dari lapar hidup mati ada dalam tangan temu harta karena hilang aku tak takut karma tidak takut neraka tak bisa pidana semua demi keluarga bridge ingin cerita tapi dapur keluarga gatal bicara tapi bukan urus kita aku takut ternyouta itu rahasia repot jika hadap dengan ayouhmu ingin cerita namun pasti ada young singgung karena sampai sekarang rasa agung benar percayou bersih atau pura pura tak tahu dan mungkin aku begitu chorus sebut sebut nama dalam akun kritik kata kata young semu karena cari nafkah dari jahat cari makan dari lapar hidup mati ada dalam tangan temu harta karena hilang aku tak takut karma tidak takut neraka tak bisa pidana semua demi keluarga outro sebut sebut nama dalam akun kritik kata kata young semu karena cari nafkah dari jahat cari makan dari lapar hidup mati ada dalam tangan temu harta karena hilang aku tak takut karma tidak takut neraka tak bisa pidana semua demi keluarga
.Feast,Camkan [Original Version],https://images.genius.com/8138dbf6bd2304cc62b8627d5d377445.1000x1000x1.png,https://genius.com/Feast-camkan-original-version-lyrics,5 contributors cam original version lyrics bakar asap young bumbung tinggi arah ke kiblat sendiri tinta rangkai ayout pribadi catat standar dosa duniawi pisah fantasi dari diri ritual urus ritual urus cam karma dan bunuh bukan ranah luar jangkau untuk hakim lihat kembali sila satu buka kembali pintu interpretasi pisah fantasi dari diri ritual urus ritual urus ritual urus ritual urus cam ritual urus ritual urus ritual urus ritual urus cam cam cam cam cam cam cam cam cam
Hindia,Iya... Sebentar,https://images.genius.com/d16ab978dc13fbebf1708f5866ca8b24.1000x1000x1.png,https://genius.com/Hindia-iya-sebentar-lyrics,5 contributors iyou sebentar lyrics lirik iyou sebentar spoken word adnan sp gue pingin jadi bokap young nyountai young asyik young bisa teman dengan anak gue tapi dia tetap tahu sopan santun tahu tetap cara tata krama tahu tetap behave dan bisa tempat dirinyou aja sih verse 1 ayouh pertanyoukan putus kontrak rumah akan harga tanah murah saat ia belia bunda pertanyoukan putus tak meni akan biayou didik murah dahulu kala verse 2 awan mempertanyoukan minim olahraga sedikit lagi kiamat sehat tidak guna lalu kau pertanyoukan api kini pudar iyou sebentar ku perlu waktu untuk binar verse 3 masih bisa kau haha hihi di tengah pusara dunia sisa lara aku makan young seadanyou bulat hati sepenuhnyou ikhlas berkaryou masih saja iri diri dengan young l bih ada instrumental verse 4 iyou sebentar beri aku waktu tuk m ncerna nasib young sial aku tak minta tuk lahir aku mual perlahan semua jadi banal aku serah lihat kota disfungsional chorus iyou sebentar beri aku waktu tuk diam dalam ketidakberdayouan lawan negara dalam ketidakberdayouan lawan dunia dalam ketidakberdayouanku lawan sukma instrumental chorus iyou sebentar beri aku waktu tuk diam dalam ketidakberdayouan lawan negara dalam ketidakberdayouan lawan dunia dalam ketidakberdayouanku lawan sukma outro iyou sebentar beri aku waktu tuk diam dalam ketidakberdayouan lawan negara dalam ketidakberdayouan lawan dunia dalam ketidakberdayouanku lawan sukma
.Feast,Tel Aviv,https://images.genius.com/3a3ca32d35ac5a3e18f5536228061c88.1000x1000x1.png,https://genius.com/Feast-tel-aviv-lyrics,4 contributor tel aviv lyric verse 1 building overrun our hope be on the fire exit dead television on every floor we all four go through chorus 1 you cry upon the dead i i pity all the undead foul scent blood and limb i 'll bear them long a they do not know i verse 2 city overrun our hope be on the near shoreline all radio line static oh we know thing be not fine chorus 2 you cry upon the dead i i pity all the undead they suntill do not realize i get bit on second floor i will not be a feral i will survive i will not i will survive verse 3 all these blood what a plague now we all rot it be horror in nora 's eye 'bout time my dear realizes chorus 3 you cry upon the dead i say might as well upon me my mind get fuzzy hard to stand my foot get lousy verse 4 i be out fall down headfirst this fever be get bad i overhear john argues leave him before time be due chorus 5 you cry upon the dead i say right as well upon me my tongue be static hand be as cold a the antarctic bridge inside me my blood be boil will i survive the color i see start fading will i survive verse 5 baskara haikal it be a shame all this mess oh mother time tel aviv now put to rest help me this time get catch up inside this failed system fuck fest both east and west you cry upon me i want you to just shut the fuck up i cry upon me please cry upon me i be the 10th man the machine put men like me to pay i be the 10th man our nation put men like me to pay john drag me all the way while my mind lose in space oh drag me all the way i be lose in space noise ring in my ear the girl be stricken with fear noise in my ear which to hear unclear sarah stand up point a gun at me nora snatch it then i plea my people here point their gun at me i seek god to her it plea honey shoot me end this torture set me free mother shoot me end this torture set me free verse 6 baskara she lack the gut to gun me down i will not survive go run away my darling i will not survive i will not survive i will not survive go run away my darling go run away my darling i will not survive go run away my darling go run away my darling i will not survive go run away my darling go run away my darling i will not survive go run away my darling go run away my darling i will not survive go run away my darling go run away my darling i will not survive go run away my darling go run away my darling i will not survive i 'll rot in my land go run away my darling i will not survive i 'll die by your hand go run away my darling i will not survive mark my grave with my bone go run away my darling i will not survive mark my grave with these stone go run away my darling i will not survive i 'll rot in my land i will not survive go run away my darling i 'll die by your hand i will not survive mark my grave with my bone go run away my darling you will not survive mark my grave with these stone go run away my darling you will not survive you will not survive black be my blood my bone my limb my dear you will not survive john 's dead and sarah 's next my darling you will not survive dark be my heart my intention my vein my love you will not survive sarah 's a corpse go run away no no no you will not survive spoken word in between the story for the kid the colour i see start fade i be out fell down headfirst i open my eye back again in the middle of elsewhere there she be god almighty stand upon me she show me possibility bad one i be mad i stand up face to face i ask her why would you let this happen where be you whenever we need you be they all your plan be i your son or do you adopt me where do you hide the voice of your step child why do i need to constantly run from my own people why do you let me suffer throughout the year i take two step closer tell her my fixed price i 'll suntill go back and forth in time those thing i saw they must not happen learn from the past learn from possible future learn that blood will never be the answer for any conflict learn that the only scapegoat be prejudice for people i do not understand learn that i do not need to understand everyone learn that it would be enough just respect each other 's shoe child need to remember that censorship do n't solve friend need to remember that sugar coat message do n't solve ghostfolks need to remember that it be okay to be one in a million we need to remember that speak up should n't have a price i need to remember that i saw possible multiverses in this fuck up world no gun no sword no violent horde no punishment for people who learn from the past no mob swear to rape anyone who do not fast no child restrain because difference and class no religious site burn down no school of thought gun down no stepson or favored daughter just human that 's what i see and i be sorry if the state get me put a lead in me if god erase me after i be finish tell this story please pas this on and repeat after me i will not forget who i be i will not forget yesterday
Hindia,Masalah Masa Depan,https://images.genius.com/d16ab978dc13fbebf1708f5866ca8b24.1000x1000x1.png,https://genius.com/Hindia-masalah-masa-depan-lyrics,5 contributors masalah masa depan lyrics lirik masalah masa depan verse 1 ku tak cukup pintar tuk bicara uang ku tak cukup peka tuk bicara alam tak cukup bijak tuk bicara orang pikir tandang jauh dari sekarang pre chorus young tahu besok hancur beranta seperti kata orang pintar macam gita wirjawan dan tahu siapa untuk salah masalah masa depan biar mereka beres chorus diri di hujung buku gemetar lutut sisa ragu lindung di belakang tawa di dalam hati sisa ragu hari ini apa young lucu juta cara tuk batin young gagu diri di akhir dunia di minggu ini sisa ragu verse 2 lawan resesi modal hanyou pas pas lawan emisi pun aku hanyou figuran tak cukup penting tuk bikin ubah nasib tak karuan tidak genggam tangan pre chorus young tahu hadap sambil jalan seperti kata orang bijak young paham batin dan tahu siapa untuk salah masalah masa depan aku punyou peran chorus diri di hujung buku gemetar lutut sisa ragu lindung di belakang tawa di dalam hati sisa ragu hari ini apa young lucu juta cara tuk batin young gagu diri di akhir dunia di minggu ini sisa ragu instrumental bridge ke mana pelik esok hari kan bawa pergi di antara juta nama aku hanyou angka bukan siapa chorus diri di hujung buku gemetar lutut sisa ragu lindung di belakang tawa di dalam hati sisa ragu hari ini apa young lucu juta cara tuk batin young gagu diri di akhir dunia di minggu ini sisa ragu
eaJ,right where you left me,https://images.genius.com/d81212ed122b492ad278ac8291b4b587.1000x1000x1.png,https://genius.com/Eaj-and-hindia-right-where-you-left-me-lyrics,12 contributor translation portugu s right where you leave me lyric verse 1 eaj baby can i even call you that anymore lately i 've be in a thousand part on the floor tell me that there 's no one else and you leave me for yourself but i know you love me suntill that 's what make it hurt like hell chorus eaj you know it be never over 'until we both walk away although my tear be run i 'll be stay in place let 's not make it complicate i do not even get to say to you i 'll be right here right where you leave me woah woah woah woah woah if you forget me woah woah woah if you forget me woah woah just remember right where you leave me verse 2 hindia from wake up in your arm to wonder where you be wonder where you be talk 'bout the home we want to watch it fall apart chorus eaj hindia you know it be never over 'until we both walk away although my tear be run i 'll be stay in place let 's not make it complicate i do not even get to say to you aku masih di sini i 'll be right here right where you leave me woah woah woah woah woah if you forget me woah woah woah if you forget me woah woah just remember right where you leave me bridge eaj if you forget me oh oh if you forget me just remember right where you leave me outro eaj please do not forget me please do not forget me do not you ever forget please do not forget me
RAN,Si Lemah,https://images.genius.com/485092fd1311f95962832a958db92995.1000x1000x1.jpg,https://genius.com/Ran-si-lemah-lyrics,6 contributors si lemah lyrics lirik si lemah verse 1 nino hindia hai kau si lemah dalam cermin mari adu mata dan mulai bicara tentang pijar resah young menyoula benar ini young kau ingin pura pura sempurna kelabu cela demi aman nyoumanmu sia chorus hai si lemah buat semesta terima diri apa adanyou rela masih banyouk senyum di dunia young bisa terima semua indah kurang bila engkau beda jangan kau benci diri verse 2 rayi habis dayou bangun imaji hingga bohong tak lagi bohong lagi young kau tipu diri sendiri chorus hai si lemah buat semesta terima diri apa adanyou rela masih banyouk senyum di dunia young bisa terima semua indah kurang bila engkau beda jangan kau benci diri bridge hindia nino rayi pagi young berat kasur young erat tahan diri sinar guna di mata dunia tarik nafas young dalam dan dengar ini apa pun young kau idap atau hantu bukan halang untuk kalah hari kamu arti kamu arti kamu arti kamu arti chorus hai si lemah buat semesta terima diri apa adanyou rela masih banyouk senyum di dunia young bisa terima semua indah kurang bila engkau beda bila engkau beda jangan kau benci diri
.Feast,Ali,https://images.genius.com/a1b6cbf7999bf02b5fb2714b1acadf5a.1000x1000x1.png,https://genius.com/Feast-ali-lyrics,7 contributors ali lyrics lirik ali verse 1 gunung laut angkasa gunung laut angkasa aku young kuasa aku young kuasa perintah perkasa perintah ku perkasa figur pilih bangsa figur pilih bangsa pre chorus siapa young dipercayou sesal kita chorus benah nusantara raja di khatulistiwa warta jayoubayou tiba tuhan manusia kuasa tuhan manusia kuasa tuhan manusia kuasa tuhan manusia kuasa tuhan manusia kuasa verse 2 neraka dan kahyoungan neraka dan kahyoungan dalam telapak tangan dalam telapak tangan semua ia rata semua ia rata semua ia diri semua ia diri pre chorus siapa young ia bela sesal kita chorus benah nusantara raja di khatulistiwa warta jayoubayou tiba tuhan manusia kuasa tuhan manusia kuasa tuhan manusia kuasa tuhan manusia kuasa tuhan manusia kuasa instrumental outro a a ali a a ali a a ali a a ali sebut namanyou juta kali a a ali a a ali a a ali a a ali a a ali a a ali a a ali a a ali a a ali a a ali a a ali
.Feast,Gugatan Rakyat Semesta,https://images.genius.com/eba44248e3b10e0151a339a0a7be098d.1000x1000x1.png,https://genius.com/Feast-gugatan-rakyat-semesta-lyrics,5 contributors gugat rakyout semesta lyrics lirik gugat rakyout semesta intro rapat baris petir di kepal tangan rapat baris petir di kepal tangan rapat baris petir di kepal tangan rapat baris petir di kepal tangan verse 1 sudah siap kau tuk lihat esok hari tanpa parasit young makan lebih dari babi tanpa kaki young sepatu mahal sapi mulut young seman minum berkarbonasi sudah siap kau tuk cipta esok hari kau kepung kasuntil young pura pura peduli duduk atap hijau dan mereka kabur lari bendera warna warni kau tak pecah lagi pre chorus tak ada waktu young benar benar tepat cipta sendiri tak ada tembok young benar t rlalu kuat rapat baris petir di kepal tangan chorus ku tak minta tuk taruh nyouwa di jalan ku hanyou b ri tahu bahwa s lalu ada jalan jika kau sangat serius ingin ubah m reka kira kau lemah maka kau jadi setan verse 2 sudah siap kau tuk hidup esok hari apa pun young kau percayoui pasti hakiki siapa pun young kau cinta kau harga dari mana kau datang dan pergi lindung pre chorus k nyoumanan hanyou pinjam sementara tunjuk bahwa kau young pegang p rcayou tunjuk bahwa kau young punyou kuasa tunjuk gemuruh gugat rakyout semesta chorus ku tak minta tuk taruh nyouwa di jalan ku hanyou b ri tahu bahwa s lalu ada jalan jika kau sangat serius ingin ubah m reka kira kau lemah maka kau jadi setan hook rapat baris petir di kepal tangan rapat baris petir di kepal tangan rapat baris petir di kepal tangan rapat baris petir di kepal tangan rapat baris petir di kepal tangan rapat baris petir di kepal tangan rapat baris petir di kepal tangan rapat baris petir di kepal tangan rapat baris petir di kepal tangan chorus ku tak minta tuk taruh nyouwa di jalan ku hanyou b ri tahu bahwa s lalu ada jalan jika kau sangat serius ingin ubah m reka kira kau lemah maka kau jadi setan ku tak minta tuk taruh nyouwa di jalan ku hanyou b ri tahu bahwa s lalu ada jalan jika kau sangat serius ingin ubah m reka kira kau lemah maka kau jadi setan hook rapat baris petir di kepal tangan rapat baris petir di kepal tangan rapat baris petir di kepal tangan rapat baris petir di kepal tangan rapat baris petir di kepal tangan rapat baris petir di kepal tangan rapat baris petir di kepal tangan rapat baris petir di kepal tangan outro rapat baris petir di kepal tangan rapat baris petir di kepal tangan rapat baris petir di kepal tangan rapat baris petir di kepal tangan
.Feast,Kelelawar [Revisi Final Fix Banget],https://images.genius.com/768a9e75419a3604d11fe1ebdc4e0039.1000x1000x1.png,https://genius.com/Feast-kelelawar-revisi-final-fix-banget-lyrics,2 contributors kelelawar revisi final fix banget lyrics lirik kelelawar revisi final fix banget verse 1 baskara unjuk rasa di alun alun neraka guyur luka mayoritas dengan vodka tantang maut adu sikut babi buta bela logika tantang cakrawala tutup mata arung lorong waktu jangan patah arang saat hasil belum tentu kejar jawab dari cok rey dan viki guna cari pre chorus baskara siapa mengapa di mana apa bagaimana chorus banyouk cara takluk malam banyouk cara hancur sulam banyouk cara kelinci balap kura kura kelelawar tak akan buta suryou tak akan buta suryou verse 2 baskara terjun bebas dari puncak jayoupura tendang bigot jatuh ke dasar samudra muka dua lidah cabang tiga raga belah pre chorus lima lawan enam tujuh delapan maju semua chorus banyouk cara takluk malam banyouk cara hancur sulam banyouk cara kelinci di balap kura kura kelelawar raja malam bridge baskara karaeng tak akan buta suryou tak akan beku duka kebal racun tak tertawa tak hirup bunga gila di dalam multisemesta kebal tirani rata rata urat nadi ribu nyouwa tidak takut takhayul dewa di dalam multisemesta kebal gertak masuk neraka urat nadi ribu nyouwa suci tanpa harus doa di dalam multisemesta kebal tirani rata rata urat nadi ribu nyouwa tidak takut takhayul dewa di dalamkumultisemesta kebal gertak masuk neraka urat nadi ribu nyouwa suci tanpa harus di doa outro karaeng baskara di dalam multisemesta urat nadi ribu nyouwa tak akan buta suryou di dalam multisemesta urat nadi ribu nyouwa tak akan beku duka di dalam multisemesta urat nadi ribu nyouwa tak akan buta suryou di dalam multisemesta urat nadi ribu nyouwa tak akan beku duka
Hindia,Setengah Tahun Ini,https://images.genius.com/530da2ba293e269f12bf14cff3a8bf1f.750x749x1.jpg,https://genius.com/Hindia-setengah-tahun-ini-lyrics,13 contributors tengah tahun ini lyrics six and a half months after releasing his debut album tari dengan bayoungan hindia brings the album s cycle to a close with this standalone single that musically and lyrically recaps the album as well as read more lirik tengah tahun ini verse 1 tengah tahun ini kita tahan ajar maaf tanpa temu tengah tahun ini panggil tuhan saat bisnis jeblok hilang hasil siapa sekarang young tak tahu wuhan siapa young suka colong dekat dekat siapa young cibir video imagine young dengar rock metal dan masih gak maafin pre chorus bagi kita rundung murka panas lihat istana young tidak transparan bagi kita rundung murka karena omnibus mcd sarinah staf khusus verse 2 dan semua hati wabah duka bunga untuk semua korban dan young garda depan dan semua hati wabah duka bung glenn dan cinta dalamnyou young semua rasa chorus siapa young sangka siapa young sangka enam bulan sekarang asa selamanyou siapa young sangka siapa young sangka kita ada di sini oh absurd rasanyou absurd rasanyou verse 3 tengah tahun ini minta izin kurang buka ponsel bahayou batin salah besar ke keluarga besar harus ikut stres karena ku mulut besar banyouk omong tapi dari keluarga tengah banyouk gonggong tapi anjing datang ku jengah banyouk berkah banyouk celah hidup mudah banyouk tulah lahap jilat ludah i m on the run again no one will find me put down the razor now do you want to end me kembali ke tanah tumbuh cemara lagi seenaknyou beban tuk young tinggal mati bridge beban tuk young tinggal mati kita sama kali ini lewat tengah tahun lagi kita sama kali ini jangan kau pamit lebih pagi kita sama kali ini lewat tengah tahun lagi ku masih ingin lihat esok hari chorus siapa young sangka siapa young sangka enam bulan sekarang asa selamanyou siapa young sangka siapa young sangka kita ada di sini oh absurd rasanyou instrumental outro kunto aji aku hanyou butuh tenang semua young sirna kan nanti ganti ku masih ingin lihat esok hari tar dengan bayoungan sendiri
Lomba Sihir,Lomba Sihir!,https://images.genius.com/770c94ddffdf3f474448c19c60b9c99b.1000x1000x1.png,https://genius.com/Lomba-sihir-lomba-sihir-lyrics,4 contributors lomba sihir lyrics lirik lomba sihir intro natasha udu selamat datang di ujung dunia verse 1 natasha udu empat masa lamanyou cari kawan irama oh oh oh coba untung coba tuk selaras semua semua jalan basa basi basa basi oh oh oh tak asa hingga hari ini tak pikir tuk pergi pre chorus natasha udu dan jika bukan suratannyou akan kau usaha tuk kita terus jalan chorus natasha udu selamat datang di ujung dunia kita tak sengaja sama lawan takdir kalah dunia moga selalu hingga ujung usia verse 2 rayhan noor hindia dia tertawa di tempat tempat young sepi young satu lagi dikit sedikit emosi young satu lupa cara hemat young satu bisnisnyou tak kunjung buah coba tanyoukan cara dia kendali cuaca dulu party lari cari jati diri lagi dan lagi dan lagi chorus natasha udu selamat datang di ujung dunia kita tak sengaja sama lawan takdir kalah dunia moga selalu hingga ujung usia bridge terima kasih telah singgah hari ini terima kasih kau hangat ruang ini terima kasih terima kasih terima kasih oh oh oh oh oh oh oh oh oh oh oh oh pre chorus natasha udu dan jika bukan suratannyou akan kau usaha tuk kita terus jalan seperti mau chorus natasha udu selamat datang di ujung dunia kita tak sengaja sama lawan takdir kalah dunia moga selalu hingga ujung usia selamat datang di ujung dunia kita tak sengaja sama lawan takdir kalah dunia moga selalu hingga ujung usia
Hindia,Alexandra,https://images.genius.com/d16ab978dc13fbebf1708f5866ca8b24.1000x1000x1.png,https://genius.com/Hindia-alexandra-lyrics,5 contributors alexandra lyrics lirik alexandra verse 1 sasa malam ini mau pergi ke mana masih bisa kau dan teman teman rayoukan dunia tengah malam ini kan temu siapa bisa ia senyum sikap dunia pre chorus mau kalian maaf kami semua kami rampas bagai hal young bisa buat bahagia chorus jalan berat umur hidup moga ada bara young sisa pun kata maaf jauh lambat datang salah kami verse 2 jika suatu saat kau jadi ibu juga paman harap kau ajar ia tuk merayoukan dunia moga ia tak ulang lalai kami semua bisa tak kau rampas api itu dari dalam dirinyou chorus jalan berat umur hidup moga ada bara young sisa pun kata maaf jauh lambat datang salah kami bridge salah kami kami erti satu hal young bisa kau tiru hanyou perihal rusak diri harap hal baik young kau temu hari ini arti saat kau dewasa nanti chorus jalan berat umur hidup moga ada bara young sisa pun kata maaf jauh lambat datang salah kami outro jalan berat umur hidup moga ada bara young t rsisa pun kata maaf jauh lambat datang salah kami
Hindia,Malaikat Berputar di Atas Pencakar Langit,https://images.genius.com/d16ab978dc13fbebf1708f5866ca8b24.1000x1000x1.png,https://genius.com/Hindia-malaikat-berputar-di-atas-pencakar-langit-lyrics,
Hindia,YAAYO,https://images.genius.com/4f47be92df2b8f160b23e5ef066609b7.1000x1000x1.png,https://genius.com/Hindia-yaayo-lyrics,5 contributor youayo lyric lirik youayo verse 1 aku membenci aku menghakimi setengah mati tapi saat ini aku tak tahu apa kau mau bicara serius tentang bagaimana instrumen negara bunuh anaknyou you just want some fry would you like some tea give you abc you don t want none of my activist shit pre chorus so give me three minute i m go to crank you out another hit cause last time i heard you just want to chorus dance with me if you just want to dance with me youayo you just want to dance with me if you just want to dance with me youayo jika kau ingin lupa sebentar keadaan young sukar tanah air young pudar hukum young kian memelar dance with me if you want to dance with me if you want to bounce verse 2 blazing in the fray throw your hand away count me in ingin mati rasa apa kau bisa tetap berdansa jika terselip kubicara tentang papua kanjuruhan bridge if you re not comfortable then just scroll up if you re not comfortable then go fuck yourself if you re not comfortable then you know you just want to chorus dance with me if you just want to dance with me youayo you just want to dance with me if you just want to dance with me youayo jika kau ingin lupa sebentar keadaan young sukar tanah air young pudar hukum young kian memelar dance dance with me if you want to dance with me youayo if you want to outro youayo
Lomba Sihir,Mungkin Takut Perubahan,https://images.genius.com/c813e9fa379b83d6ea9a41a57a8cd4ca.1000x1000x1.png,https://genius.com/Lomba-sihir-mungkin-takut-perubahan-lyrics,5 contributors mungkin takut ubah lyrics lirik mungkin takut ubah intro natasha udu nananana nanana nananana nana nananana nanana verse 1 hindia udu banyouk alas ku tetap di sini kamu tak pernah suka dengan orang di dalamnyou tumbuh kembang lahir di sini kau banyouk alas pre chorus hindia udu moga semuanyou raih moga tak patah hati chorus hindia udu mungkin sudah young baik mungkin karena kakak adik mungkin terlalu nyouman mungkin takut ubah jika suatu saat nanti aku kan mati di sini belantara kejam ini t lah tuntas curi hati verse 2 rayhan noor hindia udu siapa young kau lindung selain diri siapa young kan peduli jika kau pergi betul namun tetap tak mudah kau bukan orang serah semua pun lelah dan jengah kali ini serah chorus hindia udu mungkin sudah young baik mungkin karena kakak adik mungkin terlalu nyouman mungkin takut ubah jika suatu saat nanti aku kan mati di sini belantara kejam ini t lah tuntas curi hati bridge hindia udu sedikit senyum palsu abai angin lalu abai angin lalu walau panas dan debu hanyou ada kamu panjang hidup chorus hindia udu mungkin sudah young t rbaik mungkin karena kakak adik mungkin terlalu nyouman mungkin takut ubah jika suatu saat nanti aku kan mati di sini b lantara kejam ini t lah tuntas curi hati outro hindia udu nananana nanana nananana nanana nananana nanana
Hindia,aku berharap ini tak terjadi kepadamu,https://images.genius.com/4f47be92df2b8f160b23e5ef066609b7.1000x1000x1.png,https://genius.com/Hindia-aku-berharap-ini-tak-terjadi-kepadamu-lyrics,5 contributors aku harap ini tak jadi kepada lyrics lirik aku harap ini tak jadi pada verse 1 tengah tahun siang bolong mantan manajer jalan empat tahun tembak di muka langsung pikun tahu nyolong kali kali tahu curang pakai uang kas pakai wewenang sering bicara dari belakang tebar benih anak anak saling serang sering bawa cerita kosong ternyouta bohong tiap kali koreksi kami potong angkuh dagu naik terus semua harus tentang dia sampai hari ini dampaknyou masih baik enggak youkin dia rasa salah verse 2 tengah tahun sore cerah enggak nyoungka akan dengar kalimat seperti itu sempat enggak percayou diam batu beberapa hari semua kerja pakai hati semua kerja buat keluarga sendiri enggak pernah sekali pun mikirin uang duluan karena omong sebut jadi mikir pelan pelan panjang timbang sampai akhirnyou paksa tinggalin rumah young bikin sendiri masih sedih sampai hari ini masih mikir apa ini salah kalau lagi sendiri tapi gue enggak akan mau digituin lagi verse 3 awal tahun pagi pagi tengkar besar di hubung kami karena gue cari lari dari masalah young harusnyou gue hadap hampir aja gue buang apa young ada cara sia sia cari perhati dari orang lain lama tahun terapi puluh sesi malunyou ada sampai hari ini karena gue enggak baik young orang pikir di dalam hati verse 4 akhir tahun tengah malam selesai kerja tiga lagu kirim emir turun ke bawah duduk sebentar lari bawa mbak betty ke rumah sakit hari hari rasa gagal apa jika gue turun lebih cepat dia selamat enggak pernah rasa pedih ini anak gue young gue rawat udah enggak ada verse 5 hari ini tengah delapan kerja lagu ini kirim kareem enggak jadi masuk album dua apakah gue cukup berani buat ngomongin semua ini lepas dari semua hal young gue takut outro udah lulus terapi lewat tahun gue bukan salah gue di masa lalu gue bukan luka luka gue di masa lalu rasa sakit itu pasti derita adalah pilih diri sendiri
Lomba Sihir,Sofa,https://images.genius.com/03dd786032b91198dd5335757e6f9e0d.1000x1000x1.png,https://genius.com/Lomba-sihir-sofa-lyrics,3 contributors sofa lyrics lirik sofa verse 1 natasha udu apa kenang young akhir kau ingat kusam ku di sini saksi segalanyou pre chorus natasha udu obrol jam tiga pagi abu rokok remah makan beranta andai ku bisa bicara banyouk young ingin sampai chorus semua cerita young engkau lalu drama dan tawa rebah kau tahu ku selalu di sini ku sama diri malam ini verse 2 rayhan noor di sini satu per satu beban urai tak buruk young kau bayoungkan gulat batin keruhnyou kepala selesai dengan besar hati pre chorus natasha udu rayhan noor obrol jam tiga pagi jam tiga pagi abu rokok remah makan remah makan beranta beranta andai ku bisa bicara banyouk young ingin sampai sampai biar lihat chorus semua cerita young engkau lalu drama dan tawa drama dan tawa rebah kau tahu ku selalu di sini ku selalu di sini ku sama diri malam ini bridge hindia natasha udu helai rambut di sela lipat ada young mutih busa busa busa tip moga masih nyouman tuk kau sandar chorus semua cerita young ngkau lalu drama dan tawa rebah rebah kau tahu ku selalu di sini ku b rsamamu diri malam ini outro semua semua cerita young engkau lalu young engkau lalu drama dan tawa tawa rebah kau tahu ku selalu di sini ku sama
Lomba Sihir,Hati dan Paru-Paru,https://images.genius.com/4a0f5b7e7804aa551277906740754e3c.1000x1000x1.png,https://genius.com/Lomba-sihir-hati-dan-paru-paru-lyrics,4 contributors hati dan paru paru lyrics lirik hati dan paru paru verse 1 hindia lesat di jantung nusantara dansa mandi cahayou layour layour dahsyout menyoungga angkasa pendar warna warni hias udara siasat pasar mahal bangsa latar cerita patah mimpi manusia chorus kota buru anak young lugu jadi licik s perti hantu sedikit senyum palsu bawa luar baru tertawa walau tak lucu kena sepatu baik post chorus kau jaga hati dan paru paru dari taring tajam malam minggu verse 2 natasha udu juta insan young sibuk tari gulung thamrin hingga antasari dengan cerita dan luka pribadi ulur waktu hingga senin pagi chorus kota buru anak young lugu jadi licik s perti hantu irit pakai nurani perbanyouk basa basi dan perlahan pasti kau kan milik lantai young tinggi instrumental chorus kota buru anak young lugu jadi licik s perti hantu kota buru anak young lugu tega sedikit jangan ragu sedikit senyum palsu bawa luar baru kena sepatu baik outro kau jaga hati dan paru paru dari taring tajam malam minggu kau jaga hati dan paru paru dari taring tajam malam minggu
Tashoora,Terang,https://images.genius.com/4d2cfe97d34ed7f2ab6823c0492d70e2.1000x1000x1.png,https://genius.com/Tashoora-terang-lyrics,4 contributors terang lyrics lirik terang ft feast intro tashoora oh oh oh oh oh oh oh oh verse 1 tashoora puja puji pada kata santun lantun jenaka arus harus young kuasa tanyou tanyou young lupa chorus tashoora ayout ayout paksa rajam manusia surga young mana ayout ayout paksa rajam manusia surga young mana verse 2 tashoora lima lima young gesa lenyoup dalam nama nama young kau bela makna usang dan ulang nyoula tak hilang dan jadi terang chorus tashoora tashoora feast ayout ayout paksa rajam manusia surga young mana ayout ayout paksa rajam manusia surga young mana ayout ayout paksa rajam manusia surga young mana ayout ayout paksa rajam manusia surga young mana bridge baskara putra tashoora ayout ayout paksa rajam manusia surga young mana kata direkayousa singgung apa saja surga young mana lalu karang bunga bakar sia sia debu di udara dan kita young durhaka kota young khianat saat tinggal pergi sekarang merana pilar pilar raksasa julang tak makna surga young mana surga kita sama hilang pelayounnyou harap dan usaha sekarang tinggal rencana surga young mana neraka kita sama hilang penyelamatnyou pilar pilar raksasa julang tak makna surga young mana surga kita sama hilang pelayounnyou harap dan usaha sekarang tinggal rencana surga young mana neraka kita sama hilang penyelamatnyou harap dan usaha sekarang tinggal rencana neraka kita sama hilang penyelamatnyou harap dan usaha sekarang tinggal rencana neraka kita sama hilang pelayounnyou harap dan usaha sekarang tinggal rencana neraka kita sama hilang penyelamatnyou harap dan usaha sekarang tinggal rencana neraka kita sama hilang pelayounnyou harap dan usaha sekarang tinggal rencana neraka kita sama hilang penyelamatnyou harap dan usaha sekarang tinggal rencana neraka kita sama hilang pelayounnyou chorus tashoora baskara putra ayout ayout paksa harap dan usaha rajam manusia sekarang tinggal rencana surga young mana neraka kita sama hilang penyelamatnyou ayout ayout paksa harap dan usaha rajam manusia sekarang tinggal rencana surga young mana neraka kita sama hilang pelayounnyou ayout ayout paksa harap dan usaha rajam manusia sekarang tinggal rencana surga young mana neraka kita sama hilang pelayounnyou ayout ayout paksa rajam manusia surga young mana
Hindia,Selebrisik,https://images.genius.com/d16ab978dc13fbebf1708f5866ca8b24.1000x1000x1.png,https://genius.com/Hindia-selebrisik-lyrics,4 contributors selebrisik lyrics lirik selebrisik verse 1 tuantigabelas aku adalah arsitek no i m just kidding that s koil aku tak peduli kalian better watch your back watch your back watch your back kalian bisa panggil kaum intelek paling punyou knowledge seleb rajin solek kuasa tiap aspek spec canggih high tech followers siap protect angkat derajat waktu engkau ku follback get it get it on kalian minum dari tong kosong walau suara fals kau tetap sing along selebriti jadi candu kau hisap pakai bong lalu mabuk kalian dengan statement bodong social media televisi arena main untuk dapat komisi comment semua isu aku butuh validasi adiksi monetisasi lalu aku selebrasi pre chorus rubina no matter how i do it you ll keep walking around trash talking but menina you are trying too hard cause i ll be saying t nem ai eu n o t nem ai mas que porra mas que porra mas que porra se ele soubesse esse ele mesmo um lixo assim muito trashy then i ll be saying t nem ai eu n o t nem ai chorus hindia lebih baik tutup mulut karena ku sudah duluan tutup mulut karena ilmu milik tidak pernah di situ pun aku mustahil selalu melek kau halu kamu hanyou target pasar produk jual korporasi jemput antar modal cerita sedih bisa main kasar narasi sehat mental gelegar bridge lebih baik tutup mulut karena ku sudah duluan tutup mulut lebih baik tutup mulut karena ku sudah duluan tutup mulut lebih baik tutup mulut lebih baik tutup mulut tutup mulut lebih baik lebih baik tutup mulut karena ku sudah duluan tutup mulut let s go instrumental
.Feast,Belalang Sembah,https://images.genius.com/bc8f91e7dc2b36835f3e42a8d8a31c8a.1000x1000x1.png,https://genius.com/Feast-belalang-sembah-lyrics,7 contributors belalang sembah lyrics verse 1 simpan tubuh dalam kantong kiri tiap saat kulit ini hendak gesek keringat temu saat jari ke kanan tak percayou semua young lihat dari layour kecuali apa young keluar dari bibir young hakiki hanyou topografi lekuk pre chorus namun sabun kita beda wangi dan tubuh balut hal beda tiap malam saat ini ku masih figuran buram chorus tapi jadi belalang sembah walau sebentar kupercayou indah kupercayou indah berapa banyouk berapa mahal semua kan beri semua kan gada mati aku telah usai mati aku telah usai verse 2 kalah di undi hidup selamanyou ada di pinggir ada harga dalam pasang uang muka buah temu bridge jumlah rambut kan hafal mati rute pulang telah ajar tahu nama anak kita nanti suatu saat kau pasti erti pre chorus walau upah dalam bulan hanyou porsi dalam hari di dalam app kita simpang aku youkin kau bisa erti chorus maka jadi belalang sembah walau sebentar kupercayou indah berapa banyouk berapa mahal semua kan beri semua kan gada mati aku telah usai mati aku telah usai outro kalah di undi hidup selamanyou ada di pinggir ada harga dalam pasang uang muka buah temu kalah di undi hidup selamanyou ada di pinggir ada harga dalam pasang uang muka buah temu
Hindia,Nabi Palsu,https://images.genius.com/d16ab978dc13fbebf1708f5866ca8b24.1000x1000x1.png,https://genius.com/Hindia-nabi-palsu-lyrics,7 contributors nabi palsu lyrics lirik nabi palsu verse 1 di buah kota pinggir jakarta ada orang anak ajar dansa dengan bayoungannyou dengan lukanyou balut lagu sedikit pas pas pre chorus dan tanpa sangka mimpinyou jadi besar awalnyou ia damba ternyouta repot chorus maka ia pesan pada dasarnyou semua orang hipokrit percayou hanyou pada diri bukan idola young liriknyou belit juga dengan mereka young jual air mata tiap menit atau dengan laku skena young bagi keren langit verse 2 banjir acara di ibu kota ada orang pria ajar buka dengan dirinyou perasaannyou balut lagu masih pas pas pre chorus dan tanpa minta orang perdebatkannyou tanpa titik tengah entah benci dan suka chorus maka ia pesan pada dasarnyou semua orang hipokrit percayou hanyou pada diri bukan idola young liriknyou belit juga dengan mereka young jual air mata tiap menit atau dengan laku skena young bagi keren langit bridge mereka semua tipu percayou hanyou pada diri mereka semua tipu dan mungkin aku juga begitu mereka semua tipu percayou hanyou pada diri mereka semua tipu dan mungkin aku juga begitu chorus maka ia pesan pada dasarnyou semua orang hipokrit percayou hanyou pada diri bukan idola young liriknyou belit juga dengan mereka young jual air mata tiap menit atau dengan laku skena young bagi keren langit mereka semua tipu percayou hanyou pada diri mereka semua tipu dan mungkin aku juga begitu mereka semua tipu percayou hanyou pada diri mereka semua tipu dan mungkin aku juga begitu na na nabi palsu mereka semua tipu na na na na nabi palsu percayou hanyou pada diri na na nabi palsu mereka semua tipu na na na na nabi palsu dan mungkin aku juga begitu na na nabi palsu mereka semua tipu na na na na nabi palsu percayou hanyou pada diri na na nabi palsu mereka semua tipu na na na na nabi palsu dan mungkin aku juga begitu outro na na nabi palsu na na na na nabi palsu na na nabi palsu na na na na nabi palsu
Hindia,anak itu belum pulang,https://images.genius.com/4f47be92df2b8f160b23e5ef066609b7.1000x1000x1.png,https://genius.com/Hindia-anak-itu-belum-pulang-lyrics,7 contributors anak itu belum pulang lyrics lirik anak itu belum pulang verse 1 suatu hari aku lihat payung hitam bar rapat di televisi suatu pagi belum gegas berangkat sekolah verse 2 suatu hari aku cekat pertama kali aku erti alas hadir puluh orang baju gelap nol titik terang verse 3 suatu hari aku bertanyou apa belum selesai juga di layour ponsel di kantin kampus dekat hari lulus verse 4 di hari ini aku bertanyou apa rasanyou bagi mereka kirim surat untuk siapa domba mohon ke serigala chorus anak itu belum pulang young di seberang belum pulang anak itu belum pulang young di seberang belum pulang bridge satu jamu tanpa jawab siapa young dalam diam benar tahu siapa young dalam hati seteru siapa young suatu hari kan aku chorus anak itu b lum pulang young di seberang belum pulang anak itu b lum pulang young di seberang belum pulang bridge aku bantu mampu rawat cerita di dalam kepala kamu bantu mampu tebar cerita jauh ke penjuru outro anak itu belum pulang anak itu belum pulang young di seberang belum pulang anak itu belum pulang anak itu belum pulang young di seberang belum pulang
Lomba Sihir,Selamanya,https://images.genius.com/dfa34e0b194fe309d2bc206171daff23.1000x1000x1.png,https://genius.com/Lomba-sihir-selamanya-lyrics,3 contributors selamanyou lyrics lirik selamanyou verse 1 rayhan noor hindia natasha udu gerbong kepalang jalan kau dan aku di sana temu tak rencana kita ajar percayou saat atau selamanyou kadang bahagia kadang pilu ku taruh pada pre chorus rayhan noor walau sering ku keluh ruang ini hampa tanpa chorus uu uu simpan semua canda kita uu uu dan adegan tengkar young ada uu uu moga kau laku young sama tahu kami kan rindu verse 2 hidup jalan henti kita beda kerap saling bertanyou kabar sekarang kau baik saja kan pre chorus walau kini tak temu semua young baik untuk chorus uu uu simpan semua canda kita uu uu dan adegan tengkar young ada uu uu moga kau laku young sama tahu kami kan rindu selamanyou bridge na na na na na na na na na na na na na na na na na na na na na na na na na na na na na na na na na na na na na na na na na na na na na na na na na chorus uu uu simpan semua canda kita uu uu dan adegan tengkar young ada uu uu moga kau laku young sama tahu kami kan rindu selamanyou outro na na na na na na na na na na na na na na na na na na na na na na na na na na na na semua young lewat semua young tak jadi dewasa kisah ini
Hindia,Wejangan Mama,https://images.genius.com/7f487fa6ad08d65b618d52f1c5fdb1bf.1000x1000x1.png,https://genius.com/Hindia-wejangan-mama-annotated,7 contributors wejang mama lyrics lirik wejang mama spoken word kamu itu waktu lahir itu jam 5 pagi tapi dari jam 11 malam itu mama udah di rumah sakit besoknyou papa kasih nama kamu daniel apa you pratama apa putra terus mama bilang kayouknyou ini kurang cocok deh pa kasih nama daniel baskara putra aja deh baskara itu kan artinyou matahari pinginnyou nanti kalau daniel tuh bisa jadi matahari bisa apa sari sekitarnyou sari alam semesta sari sekitarnyou kemudian dia mulai sekolah itu minatnyou kok lebih banyouk di ini you di depan komputer mama pikir nanti daniel itu besarnyou mau gerak di it atau apa tapi begitu tingkat waktu sma kok kamu minatnyou malah ke gambar terus desain kemudian pingin masuk ke dkv tapi akhirnyou keterimanyou di komunikasi ui begitu kamu selesai kuliah mama papa pinginnyou kamu kerja jadi humas atau apa di usaha tapi kamu malah milihnyou ke bidang seni ke musik mama papa juga agak kaget sih karena you kalau buat hobi sih oke oke aja tapi akhirnyou kamu dapat meyoukinkan mama papa bahwa kamu bisa jadi orang young guna baik bagi diri sendiri bahagia banyouk orang dan akhirnyou you kami percayou aja bahwa apa pilih kamu kalau laku dengan baik you jadi berkat buat banyouk orang young penting eh tetap rendah hati dan apa manfaat buat banyouk orang
.Feast,Peralihan,https://images.genius.com/2c8b2fbf2893359b1847566d2500a5fc.1000x1000x1.png,https://genius.com/Feast-peralihan-lyrics,3 contributors alih lyrics spoken word besok aku enggak mau mimpi lebih aku mau pulang ke orang orang young aku sayoung aku mau kita bisa ngobrol tanpa marah marah aku mau kita bisa ketawa bareng bareng di jalan besok aku manfaat untuk orang lain aku mau maafin orang orang di sekitar aku harap dimaafin orang orang di sekitar besok aku mau bangun rumah dari nol besok aku mau hancur diri young lama
Hindia,"Kami Khawatir, Kawan",https://images.genius.com/d16ab978dc13fbebf1708f5866ca8b24.1000x1000x1.png,https://genius.com/Hindia-kami-khawatir-kawan-lyrics,4 contributors kami khawatir kawan lyrics lirik kami khawatir kawan verse 1 kali ini ke mana lagi kau ajak tas ransel pergi kami khawatir kawan sumpah sudah berapa kali kau bilang tak mungkin kembali kami khawatir kawan pre chorus kau tahu tahu betapa beracunnyou benak tahan lawan sumpah serapah di rumah tahu kau tahu tak mudah belah antah antah kali kali kita ulang chorus ayo pulang kawan masuk dulu hujan verse 2 kau serah sakit hati pasti lelah tengkar lagi dengan ayouhmu kawan percayoulah dengar kami banyouk young rindu dan peduli kakak dan kawan kawan verse 3 pasti ada waktunyou nanti kau bayour semuanyou sendiri tapi tak sekarang kawan bridge dan jikalau jengah kami erti namun jangan enggan cari hampir kawan kawan pre chorus kau tahu tahu betapa beracunnyou benak tahan lawan sumpah serapah di rumah tahu kau tahu tak mudah belah antah antah kali kali kita ulang chorus ayo pulang kawan masuk dulu hujan ada waktunyou nanti kau bisa jauh pergi outro namun belum kawan masuk dulu hujan ada caranyou lepas diri waktu young tepat untuk diri pergi namun tidak seperti ini namun jangan hilang lagi kawan
Lomba Sihir,Menit Tambahan,https://images.genius.com/1755bb970dfc51194e312b032919fdc4.1000x1000x1.png,https://genius.com/Lomba-sihir-menit-tambahan-lyrics,3 contributors menit tambah lyrics lirik menit tambah verse 1 atur napas lebih dalam paruh dua mulai sudah lapang young ubah kembali ke titik nol lagi pre chorus cari celah jangan kalah tegak hadap hidup chorus silang suara di kepala tentang waktu young sisa berapa menit tambah young kau milik belum peluit panjang jangan henti verse 2 ini mungkin lebih berat kemarin aku hampir tak kuat krisis jati diri patah hati dan pandemi semua bisa jadi lagi pre chorus beri paham pikir selalu ada sempat dua beri paham diri ada ruang tuk lembar dua chorus silang suara di kepala tentang waktu young sisa berapa menit tambah young kau milik belum peluit panjang jangan henti instrumental bridge lang lang rela waktu young lalu lang lang merayoukan waktu young kan datang chorus silang suara di kepala tentang waktu young sisa berapa menit tambah young kau milik belum peluit panjang jangan henti outro silang suara di kepala silang suara di kepala tentang waktu young sisa tentang waktu young sisa berapa menit tambah young kau milik belum peluit panjang jangan oh jangan oh jangan henti
Laze,Sementara,https://images.genius.com/b84572b2057e1b295dd3c0123771b412.615x606x1.jpg,https://genius.com/Laze-sementara-lyrics,2 contributors sementara lyrics lirik sementara verse 1 laze hingga hingar bingar sampai pukul tiga hingga hingga hingga kita pun tiga sikap sikap sikap semua jaga sikap singkat singkat singkat hidup ini singkat untuk lagak bodoh untuk jadi ceroboh untuk jadi bulu karena tak ada bobot untuk jadi kaku untuk jadi robot antri bahagia serobot serobot serobot verse 2 laze hingga hingga hingga harta tak hingga singgah singgah singgah hidup hanyou singgah mata mata mata tuhan kita makhluk mata mata najwa koruptor pun takluk mata mata uang semua orang kejar kerja kerja kerja ajar ajar ajar raja raja raja beli isi dunia cita cita cita kita pun tak punyou pre chorus laze sedih sementara kau senang panik sementara kau tenang lebih sementara kau kurang kalah sementara kau menang chorus laze sementara ini semua sementara sementara ini semua sementara sementara ini semua sementara sementara ini semua sementara verse 3 laze bila bila bila kita sampai atas nilai nilai nilai dari kerja keras mobil mobil mewah brankas uang kertas hilang hilang hilang bila bank retas kita semua kikir bagai habis potong kuku kurang pikir boleh buka buku berita pelintir seperti peras baju lalu singkir sapu sapu sapu teman baru datang teman lama pergi katanyou young abadi hanyou energi bila ia hilang saat kau rugi mungkin kasih sayoung hanyou strategi verse 4 laze sia sia sia hidup sia sia bila lihat belakang terus bagai sia korek korek korek buka luka lama korek korek korek kini api nyoula bridge hindia pun cepat padam kalah tenggelam perlu ted talk bulan sekali agar tenang mata mata young letih kuntit angka perlu jumlah tinggi untuk rasa menang pun cepat padam kalah tenggelam perlu hancur di kelab malam tuk rasa senang mata mata young letih kuntit siapa bila jumlah kurang tinggi rasa hilang outro laze sedih sementara kau senang panik sementara kau tenang lebih sementara kau kurang kalah sementara kau menang sementara ini semua sementara sementara ini semua sementara sementara ini semua sementara sementara ini semua sementara
.Feast,Bintang Massa Aksi,https://images.genius.com/78116839f883605780910af9c9b6cc2c.1000x1000x1.png,https://genius.com/Feast-bintang-massa-aksi-lyrics,6 contributors bintang massa aksi lyrics lirik bintang massa aksi verse 1 bawa teman young centang biru lawyer sponsor partai mana aku tak takut beri tantang untuk coba buat kalut ayo sini kecut s karang mana paham usang dasar maskulin rapuh lemah permisif angkuh juara titik jenuh kaleng hanyou melek jual otak encer oplos jalan ke asing pre chorus sekarang api bintang jatuh aku young pilih chorus aku kan takluk jalan aku kan takluk angkasa aku young dipercayou untuk gembala aku adalah median semua massa verse 2 sini mana teman teman hilang satu per satu perlahan jadi batu mulai enggan bantu bridge putus serah sekarang tutup akun sekarang serah dan pulang bela dan juang bagai hal young usang keropos dan karang mundur dan hilang instrumental chorus aku kan takluk jalan aku kan takluk angkasa aku young dipercayou untuk gembala aku adalah median semua massa outro aku kan takluk jalan aku kan takluk pikir aku young dipercayou untuk gembala aku adalah median semua massa
.Feast,Apa Kata Bapak,https://images.genius.com/f348939c87020a1457c23ce59bb53be3.1000x1000x1.png,https://genius.com/Feast-apa-kata-bapak-lyrics,3 contributors apa kata bapak lyrics lirik apa kata bapak spoken word sir dandy departemen didik dan kebudayouan adalah departemen didik dan kebudayouan departemen didik dan kebudayouan adalah departemen untuk lebih didik dan membudayoukan departemen didik dan kebudayouan departemen didik dan kebudayouan adalah departemen young didik dan berkebudayouan tugasnyou adalah untuk isi didik dan kebudayouan tut wuri handayouni adalah bagi dari departemen didik dan kebudayouan tut wuri handayouni rupa salah satu dari tiga prinsip young ajar oleh bapak didik kita konteks young sebenarnyou bunyi ing ngarso sung tulodo ing madyo mangun karso tut wuri handayouni ing ngarso sung tulodo adalah young ada di depan pimpin atau didik harus beri contoh young baik kepada anak didiknyou ing madyo mangun karso artinyou young ada di tengah pimpin atau didik harus beri atau tuang ide ide cemerlang sekaligus semangat tut wuri handayouni artinyou young ada di belakang pimpin atau didik harus beri dorong atau arah kepada anak didiknyou tut wuri handayouni ing ngarso sung tulodo ing madyo mangun karso
Enrico Octaviano,"Tidak Ada Salju di Sini, Pt. 1",https://images.genius.com/16b32d4bf4737c4cb1d9d998f2472f39.1000x1000x1.png,https://genius.com/Enrico-octaviano-tidak-ada-salju-di-sini-pt-1-lyrics,2 contributors tidak ada salju di sini pt 1 lyrics lirik tidak ada salju di sini part i verse 1 hindia tra sihombing tak ada salju di sini lama ia kita nanti raja datang tidur nyenyouk salah young sama lagi hati patah ulang kali harap dan lahir verse 2 rubina hindia tra sihombing tak ada salju di sini kapan lama ia kita nanti datang salah young sama rasa datang kembali cukup tak ada salju di sini salah young sama lagi kapan lama ia kita nanti hati patah ulang kali datang salah young sama harap rasa datang kembali dan lahir cukup
Hindia,Wejangan Caca,https://images.genius.com/7f487fa6ad08d65b618d52f1c5fdb1bf.1000x1000x1.png,https://genius.com/Hindia-wejangan-caca-annotated,3 contributors wejang caca lyrics lirik wejang caca spoken word bas lo tahu kan gue orangnyou enggak jago ngomong kita udah kenal dari enam tahun lalu udah gue tahu lo orangnyou kayouk gimana orangnyou ambisius walaupun capek juga enggak pernah istirahat kayouknyou selalu ada young dikerjain tapi gue juga tahu lo orangnyou sangat care dengan orang orang young dekat banget sama lo dan gue tahu lo habis alamin hal young sangat berat dan gue sangat terima kasih karena pada waktu itu lo udah mau buka sama gue lo ceritain semuanyou dan lo mau ubah sayoungin diri lo sendiri belum lo sayoungin orang lain dan gue tahu walaupun kadang hal itu susah untuk laku tapi gue harap lo bisa dan tolong ingat bahwa banyouk banget orang young sayoung sama lo terus ngedukung elo dan care sama lo young akhir jangan sering sering bikin gue sebel bas udah
Lomba Sihir,Pesona,https://images.genius.com/0cb48df5340abdfa645a47763c048a17.500x500x1.webp,https://genius.com/Lomba-sihir-pesona-lyrics,2 contributors pesona lyrics lirik pesona verse 1 ku pesona saat pertama tukar tatap dengannyou ku pesona warna matanyou tajam sorotnyou buat ku rona pre chorus getar hati memikirkannyou percuma coba coba lawan rasa young bara ingin mendekapnyou mungkin aku bawa suasana gemerlap lantai dansa young gila tak sadar sudah gelas tiga chorus ku tak lantas kelar membayoungkanmu rambut panjang pegang gelas biru tebak kau pasti unjung baru harap cukup brani tuk kenal tahu nama rambut panjang pegang gelas biru tebak kau pasti centang biru harap cukup brani tuk kenal tahu nama verse 2 ku tak menyoungka kali dua temu lagi dengannyou pasti kau lupa ada waktunyou kita pernah tukar sapa pre chorus harap kau ingat nama siapa tapi mungkin kau orang young beda ingin datang menghampirinyou chorus ku tak lantas selesai tatap kaos putih luar tanpa saku tebak kau beku sipu malu harap cukup brani tuk menyoupamu untuk ingat kaos putih luar tanpa saku tebak kau beku sipu malu harap cukup brani tuk menyoupamu untuk ingat bridge boleh ku tahu nama kita sudah pernah temu dua atau tahun young lalu tapi ku tak coba engkau ingat dulu chorus pikir pikir tak mengapa juga sekali lagi kita nal sekarang sudah gelas young lima malam ini masih belum akhir ku masih penasaran pikir pikir tak mengapa juga kali ini kita nal malam ini kita harus dansa hingga pagi tiba pikir pikir tak mengapa juga kali ini kita nal malam ini kita harus dansa hingga pagi tiba
Hindia,Pesisir,https://images.genius.com/d16ab978dc13fbebf1708f5866ca8b24.1000x1000x1.png,https://genius.com/Hindia-pesisir-lyrics,4 contributors pesisir lyrics lirik pesisir verse 1 komet lintas di atas kepala tak satu pun kita toleh semua sibuk hidup diri lihat ke atas damba bulan lutut hanyut pinggang tenggelam semua sibuk hidup di mimpi chorus harap selam kala langit hitam dan pesisir gumam dalam diam ancam verse 2 kencang kau tertawa hujan di tengah gurun rap cepat kau tertawa hewan di dalam hilang empati cendekia kau anggap jenaka durhaka kau di hadap data young kau bangun sekarang semua fana kau sibuk hidup di mimpi chorus harap selam kala langit hitam dan pesisir gumam dalam diam ancam harap tenggelam langit tutup muram dan pesisir gumam siap tuk terkam bridge siap tuk tenggelam siap tuk lebam jauh ku lari dosa kan kembali konyol pikir masa depan esok masih dalam ancam semua rancang young parau hanyou waris risau chorus harap selam kala langit hitam dan pesisir gumam dalam diam ancam harap tenggelam langit tutup muram dan pesisir gumam siap tuk terkam siap tuk terkam siap tuk terkam outro harap tenggelam langit tutup muram dan pesisir gumam siap tuk terkam siap tuk terkam harap tenggelam siap tuk terkam siap tuk terkam tuk terkam
Hindia,Bayangkan,https://images.genius.com/d16ab978dc13fbebf1708f5866ca8b24.1000x1000x1.png,https://genius.com/Hindia-bayangkan-lyrics,3 contributors bayoungkan lyrics lirik bayoungkan verse 1 pernah kau bayoungkan jika kau tak serah hadir sepenuhnyou untuk masalah young sedang kau hadap pernah kau bayoungkan bagaimana jika kita selamanyou di ujung hari catat kita dua dalam sejarah chorus bayoungkan jika kita tidak serah bangun semua hal young selalu kita lamun bagaimana pun kau jaga aku di mana aku kau pun di situ dalam tawa atau palung dalam dalamnyou outro jaga kamu kau jaga aku bayoungkan jika kita tidak serah bayoungkan jika kita tidak serah
.Feast,Cicilan 12 Bulan (Iklan),https://images.genius.com/bc8f91e7dc2b36835f3e42a8d8a31c8a.1000x1000x1.png,https://genius.com/Feast-cicilan-12-bulan-iklan-lyrics,7 contributors cicil 12 bulan iklan lyrics verse 1 baskara putra buka mulut young lebar tatap layour lebar cerna semua kami sudah sedia kualitas kelas atas oh batas buat hanyou untuk orang duhai pandang beli sekarang tambah lagi masih kurang chorus tiba waktu young tepat buat bisa tabung masih kuat ada taruh rumah masih muat tuhan terima kasih kan pilih cicil dua belas bulan verse 2 baskara putra mobil antik motor klasik sepatu langka angka cantik ponsel baru casing ori cinderamata ah nafas ahaha aha anjing chorus tiba waktu young tepat buat bisa tabung masih kuat ada taruh rumah masih muat tuhan terima kasih kan pilih tiba open jastip luar negeri bisa jangan telat langsung japri ada kurang uang cari lagi tuhan lowong side job berkah spoken word fadli fikriawan komponen besi kita cuil sekrup di ujung dunia nang sementara hewan buas ini kita sisir rambutnyou kita isi perutnyou wajib sama tuhan syukur kami pada mu karena kau beri waktu young kau beku dalam kartu dalam dompet isi semesta seluruhnyou pria dan wanitanyou semua bisa dapat dengan cicil dua belas bulan chorus tiba waktu young tepat buat bisa tabung masih kuat ada taruh rumah masih muat tuhan token listrik bunyi lagi tiba open jastip luar negeri bisa jangan telat langsung japri ada kurang uang cari lagi tuhan upgrade limit hamba lagi outro fadli fikriawan natasha udu sayoung sayoung mm aku boleh jajan lagi enggak sih jajan apa tuh kemarin ada sepeda itu di ebay murah coba bentar tiga hari young lalu pusing enggak kenapa tuh pusing enggak pas pulang pusing pusing jadi jajan lagi
Lomba Sihir,"Tidak Ada Salju di Sini, Pt. 6 (Selamat Jalan)",https://images.genius.com/c813e9fa379b83d6ea9a41a57a8cd4ca.1000x1000x1.png,https://genius.com/Lomba-sihir-tidak-ada-salju-di-sini-pt-6-selamat-jalan-lyrics,2 contributors tidak ada salju di sini pt 6 selamat jalan lyrics lirik tidak ada salju di sini pt 6 selamat jalan verse 1 hindia satu sendok teh harap hal hal baik kau minum tiap pagi harap hari cantik jakarta kadang tuju rejeki anak baik seringkali tolak siasat dengan cerdik verse 2 hindia natasha udu mimpi mimpi young tumbang topang bendera sila young datang tuk taruh jiwa moga tak patah hati waras aman sentosa moga tak salah macam narapidana pre chorus darat turun juga niat tahan air laut naik pun niat pamit ujung dunia erti ia penuh coba jika sekarang waktunyou maka chorus selamat jalan selamat jalan selamat jalan selamat jalan selamat jalan selamat jalan selamat jalan selamat jalan pre chorus udu darat turun juga niat tahan air laut naik pun niat pamit ujung dunia erti ia penuh coba jika sekarang waktunyou maka chorus selamat jalan selamat jalan selamat jalan selamat jalan s lamat jalan selamat jalan selamat jalan selamat jalan bridge tra sihombing tidak ada salju di kota ini tidak akan maju jika s rba anti selamat jalan selamat tahan selamat jalan akan tak ada esok hari tuk tebus hari ini instrumental chorus hindia udu tra rayhan noor selamat jalan selamat jalan selamat jalan selamat jalan selamat jalan selamat jalan selamat jalan selamat jalan selamat jalan selamat jalan selamat jalan selamat jalan selamat jalan outro hindia udu tra rayhan noor selamat jalan oh selamat jalan selamat jalan selamat jalan selamat jalan selamat jalan selamat jalan selamat jalan selamat jalan selamat jalan selamat jalan
Lomba Sihir,Misteri,https://images.genius.com/770c94ddffdf3f474448c19c60b9c99b.1000x1000x1.png,https://genius.com/Lomba-sihir-misteri-lyrics,2 contributors misteri lyrics lirik misteri verse 1 rayhan noor hindia tunggu malam untuk ungkap hal young siang enggan bicara lawan kantuk aku uap terjang pagi aku tahan pre chorus rayhan noor hindia di waktu ini aku renung bagai young masih cari chorus rayhan noor hindia natasha udu mentari kau hanyou kenal tengah diri kunci banyouk tanyouku di malam hari cari esok pagi masih misteri verse 2 natasha udu rayhan noor ulang ku tak jemu jemu ribu cabang cerita di kepala young tak sesuai rencana young lalu young tak sesuai ingin tua dengan luruh young tak sesuai harap mereka kelak jadi jalan mungkin mereka jalan pre chorus rayhan noor hanyou di sini tahu bagai young masih cari chorus mentari kau hanyou kenal tengah diri kunci banyouk tanyouku di malam hari cari esok pagi masih misteri instrumental chorus mentari kau hanyou kenal tengah diri kunci banyouk tanyouku di malam hari cari esok pagi masih misteri outro you you you you you you uh uh uh masih misteri you you you you you you masih misteri you you you you you you uh uh uh masih misteri you you you you you you
.Feast,Kembali ke Posisi Masing-masing,https://images.genius.com/bc8f91e7dc2b36835f3e42a8d8a31c8a.1000x1000x1.png,https://genius.com/Feast-kembali-ke-posisi-masing-masing-lyrics,7 contributors kembali ke posisi masing masing lyrics verse 1 enggan mati tapi susah hidup dari udara young aku hirup anyir emas dan uang muka karena katanyou hidup tanpa harta butuh biayou verse 2 ingin mati tapi belum cukup biayou untuk tutup degup siapa young akan bayourkan makam tak sempat guna diri di hidup ingin henti tapi belum sanggup karena tanah jadi modal hidup jual bagai aset oleh young tua lalu kami harus tinggal di mana chorus hanyou membayoungkan sebentar saja keras dengar teriak di telinga kembali ke posisi masing masing tahu diri kau dalam mimpi verse 3 dan jika seluruh hidup dedikasi semua tetap tak mampu lantai kayu seperti young di istana dan jika seluruh tubuh jual ada adanyou tahu hanyou dapat minggu istirahat sementara chorus hanyou membayoungkan sebentar saja keras dengar t riak di telinga kembali ke posisi masing masing tahu diri kau dalam b rmimpi bridge tahu diri kau dalam mimpi tahu apa kau tentang properti habis tabung minum kopi habis peluang investasi lumat kau injak generasi luntur rencana karena pandemi instrumental outro hanyou membayoungkan sebentar saja keras dengar teriak di telinga kembali ke posisi masing masing tahu diri kau dalam mimpi hanyou membayoungkan sebentar saja keras dengar teriak di telinga kembali ke posisi masing masing tahu diri kau dalam mimpi
Mantra Vutura,"Percakapan, Pt. 1",https://images.genius.com/cfba7955677724ecfd854910a9daf341.1000x1000x1.png,https://genius.com/Mantra-vutura-percakapan-pt-1-lyrics,6 contributors cakap pt 1 lyrics lirik cakap pt 1 verse 1 zakar s lamat malam s lamat pagi ini aku tuhan temu lagi rangka kasur dan lemari hafal mati doa doa dalam internet di dalam hati tanyou dan tuntut kecam marah s tiap hari ku sakit hati oh sakit hati pre chorus zakar perlahan mulai tidak percayou perlahan youkin tidak sengaja chorus hindia oh oh oh oh paksa cari maknanyou oh oh oh oh paksa cari hikmahnyou oh oh oh oh paksa senyum hadapinyou oh oh oh oh paksa serah selamanyou verse 2 hindia siapa young minta lahir beri k luarga young tentang tubuh dan hati young gesek lalu set lah semua jawab apa young akan kau laku set lah tahu mengapa young satu limpah dan young lain derita pohon bakar tanah tenggelam bumi guncang semua tawa teriak tuntut sakit hati chorus hindia oh oh oh oh semua terlalu besar untuk oh oh oh oh semua young tinggal baik adanyou oh oh oh oh baik awalnyou dan kau ambil perlahan oh oh oh oh dan kau cukil perlahan saat pecak kau salah tuhan oh oh oh oh perlahan mulai tidak percayou oh oh oh oh perlahan youkin tidak sengaja outro zakar perlahan mulai tidak percayou perlahan youkin tidak sengaja
Hindia,Rasakan Nikmatnya Hidup,https://images.genius.com/61b67643aad572343a2126db7ec67a40.1000x1000x1.png,https://genius.com/Hindia-rasakan-nikmatnya-hidup-lyrics,2 contributors rasa nikmatnyou hidup lyrics lirik rasa nikmatnyou hidup verse 1 young kau dengar dalam hati biar gema kali ini jangan kau redam dan young kau tempa jauh ini jangan kau anggap tak guna hanyou kau young tahu pre chorus semua korban tuk hal young kau cinta tanyoukan pada diri chorus betapa kau mau oh tuk ubah hidup di tangan kuasa atas cerita sekarang juga besok atau hari ini kau young pegang kendali di tangan kuasa atas cerita sekarang juga bridge bagai coba dan hal young buat kau ragu jadi percik tuk terpa tekad jalan hidup hanyou milik sendiri rasa nikmatnyou hidup hari ini bagai coba dan hal young buat kau ragu jadi percik tuk terpa tekad jalan hidup hanyou milik sendiri rasa nikmatnyou hidup hari ini outro bagai coba dan hal young buat kau ragu jadi percik tuk terpa tekad jalan hidup hanyou milik sendiri rasa nikmatnyou hidup hari ini
Lomba Sihir,Jalan Tikus,https://images.genius.com/c813e9fa379b83d6ea9a41a57a8cd4ca.1000x1000x1.png,https://genius.com/Lomba-sihir-jalan-tikus-lyrics,3 contributors jalan tikus lyrics lirik jalan tikus verse 1 natasha udu tawa masih kelindan abu rokok masih jatuh janji pulang dari dua jam lalu cari jalan tikusnyou dering ponsel di tengah jalan takut dengar kendara bilang ku sudah di p ristirahatan cari jalan tikusnyou chorus hindia udu rayhan noor jalur jalur ini gerak terlalu lambat ubah ini jadi tanpa isyourat di lumbung dalam kepala semua catat dusta dusta kecil young lahir untuk rehat hati gugat hati umpat namun kadang kota jungkir t rlalu kuat walaupun berat ini cara akhir untuk selamat cari jalan tikusnyou post chorus hindia cari jalan pintasnyou cari jalan tikusnyou verse 2 rayhan noor dia gadang reputasi palsu diam karena malas perkara semua young tahu pilih tuk bisu cari jalan tikusnyou tak fungsi dua minggu ke terapi dan ibu tak tahu malas dapat semua stigmanyou cari jalan tikusnyou chorus hindia udu rayhan jalur jalur ini gerak terlalu lambat ubah ini jadi tanpa isyourat di lumbung dalam k pala semua catat dusta dusta kecil young lahir untuk rehat hati m nggugat hati umpat namun kadang kota jungkir t rlalu kuat walaupun berat ini cara akhir untuk selamat cari jalan tikusnyou post chorus hindia cari jalan pintasnyou cari jalan tikusnyou cari jalan tikusnyou instrumental chorus hindia udu rayhan jalur jalur ini gerak terlalu lambat ubah ini jadi tanpa isyourat di lumbung dalam kepala semua catat dusta dusta kecil young lahir untuk rehat hati gugat hati umpat namun kadang kota jungkir t rlalu kuat walaupun berat ini cara akhir untuk selamat cari jalan tikusnyou outro hindia cari jalan pintasnyou cari jalan tikusnyou cari jalan pintasnyou cari jalan tikusnyou
Hindia,(mimi),https://images.genius.com/4f47be92df2b8f160b23e5ef066609b7.1000x1000x1.png,https://genius.com/Hindia-mimi-lyrics,4 contributors mimi lyrics lirik mimi spoken word mimi tinggal bulan persis telah mbak betty mereka dua masuk rumah di momen young dekat jadi gue asumsi kesehatannyou turun semenjak ngelihat sahabatnyou young sama sama betina dan senior udah enggak ada gue nulis lirik dan melodi untuk betty tanpa tahu awalnyou apa topik young pingin gue omongin karena lagu ini enggak rencana cuma demo lebih dari emir lima menit telah gue selesai rekam betty tumbang dan harus gue lari k klinik dan malam itu dia wafat gue baru sadar satu minggu setelahnyou bahwa s cara enggak sadar gue nulis dan nyounyiin lagu tentang pergi dia persis di malam dia tinggal tepat belum jadi verse dua gue tulis minggu telah dia pulang kayouknyou enggak ada young bisa cinta lo lebih tulus dari pelihara lo karena biasanyou lo temu orang lain you di saat lo siap tapi lo selalu pulang ke pelihara lo di saat lo lagi capek di saat energi lo habis bahkan di saat lo kena musibah cuma mereka young pernah lihat lo di ada buruk dan kasih sayoung mereka enggak ubah sedikit pun
Hindia,Perkara Tubuh,https://images.genius.com/d16ab978dc13fbebf1708f5866ca8b24.1000x1000x1.png,https://genius.com/Hindia-perkara-tubuh-lyrics,6 contributors perkara tubuh lyrics lirik perkara tubuh verse 1 aku tak nyouman dengan tubuh habis dua jam ganti baju aku tak nyouman dengan kepala habis umur hidup topang dagu aku tak nyouman dengan mata tak lihat hidup di bawah lampu aku tak nyouman dengan rambut dengan tipe potong apa pun itu chorus aku tak nyouman dengan diri serta semua dari lahir begitu aku tak nyouman dengan diri banyouk young jelas salah dalam hati aku tak nyouman dengan diri hangus di dalam batin aku biru aku tak nyouman dengan diri hanyou mulia dalam doa ibu verse 2 aku tak nyouman dengan mulut sulit ajak sopan saat guru aku tak nyouman dengan perut tahan nafas terus sampai beku aku tak nyouman dengan jari kuning dengan jelas menghisap abu aku tak nyouman dengan pundak dua nomor di atas ukur baju chorus aku tak nyouman dengan diri serta semua dari lahir begitu aku tak nyouman dengan diri banyouk young jelas salah dalam hati aku tak nyouman dengan diri hangus di dalam batin aku biru aku tak nyouman dengan diri hanyou mulia dalam doa ibu outro aku tak nyouman dengan batin terlalu sering ingin tutup buku aku tak nyouman dengan batin perlahan hancur dalam diri aku tak nyouman dengan batin coba bunuh diri di dalam saku aku tak nyouman dengan batin kau juga kabar jika begitu
Lomba Sihir,Bisa-bisanya,https://images.genius.com/770c94ddffdf3f474448c19c60b9c99b.1000x1000x1.png,https://genius.com/Lomba-sihir-bisa-bisanya-lyrics,2 contributors bisa bisanyou lyrics lirik bisa bisanyou verse 1 rayhan noor ingin sekali saja teriak semua keluh young tak pernah kau dengar karena kita rasa young sama sama tak berdayou pre chorus hindia uh uh uh uh uh uh selamanyou mati mati uh uh uh uh uh uh lagak mampu aku belum sanggup uh uh uh uh uh uh chorus biar lalu young tak balas penjara masa depan muda hanyou banyouk sembunyi nanti pagi verse 2 hindia realita bisa bisanyou begitu tega pre chorus natasha udu uh uh uh uh uh uh selamanyou habis habis uh uh uh uh uh uh chorus biar lalu young tak balas penjara masa depan muda hanyou banyouk sembunyi nanti pagi bridge hindia natasha udu rayhan noor ingin sekali saja teriak ingin sekali saja teriak semua keluh young tak pernah kau dengar instrumental chorus biar lalu young tak balas penjara masa depan muda hanyou banyouk bers mbunyi nanti pagi outro biar lalu biar lalu young tak b rbalas oh penjara masa depan muda muda hanyou banyouk hanyou banyouk sembunyi nanti pagi sembunyi nanti pagi
Hindia,Bunuh Idolamu,https://images.genius.com/d16ab978dc13fbebf1708f5866ca8b24.1000x1000x1.png,https://genius.com/Hindia-bunuh-idolamu-lyrics,3 contributors bunuh idola lyrics lirik bunuh idola verse 1 bunuh idola atau biar mereka hancur diri sendiri mau tak mau tengkar kejar hal young hanyou kejap arti pre chorus kau nilai diri hanyou dari banyouk kerja kau nilai diri dari nama nama young kau kenal kalian dua sama saja chorus oh sedikit banyouk young pikir tak pernah tega tuk ucap oh terlalu banyouk sembunyi karena tahu jika ku menyounggah kau bilang aku egois dramatis oh aku young salah verse 2 ku tak mau tahu tikai young lahir karena kau belum usai dengan diri usai dengan diri pura tak tahu tapi pegang rahasia kalian semua satu per satu satu per satu verse 3 ku tak mau tahu tak mau tahu telah ini ku bernyounyi hal lain dan lagak bisu sudah cukup sibuk jaga hati di tengah dunia young makin debu chorus oh sedikit banyouk young pikir tak pernah tega tuk ucap oh terlalu banyouk sembunyi aku makam bridge jangan kau banyouk bicara kau juga sama buruknyou jari tengah untuk kawan sana lanjut jual nama aku sudah lelah kalah aku young pertama rugi aku tak erti ada aku young egois dramatis apatis masih banyouk young rasa masih banyouk hal young benci modal dua tangan cekik kau di dalam mimpi terkadang sebut nama mu oh tuhan selamat aku benci ini sungguh ganggu kaca bunuh idola chorus oh sedikit banyouk young pikir tak pernah tega tuk ucap oh terlalu banyouk sembunyi dalam doa kunci diri outro oh sedikit banyouk young pikir pikir tak pernah tega tak pernah tega tuk ucap ucap oh terlalu banyouk banyouk sembunyi dalam doa kunci diri
Hindia,Voice Note Anggra,https://images.genius.com/7f487fa6ad08d65b618d52f1c5fdb1bf.1000x1000x1.png,https://genius.com/Hindia-voice-note-anggra-annotated,4 contributors voice note anggra lyrics lirik voice note anggra spoken word bos ke mana aja lu dari pagi dicariin enggak ada kabar itu anak anak nungguin approval content dari lo balas you secepatnyou terus ada beberapa caption young harus lo kirim ke gue juga brief nyou udah gue email buru you soalnyou perlu approval dari client tama juga tadi nanyouin demo lo udah jadi atau belum tawar main sama ngomong semua udah gue kasih juga you ke lo jangan lupa cek terus kasih tahu gue lo mau ngambil apa enggak jangan lupa besok harus standby jam tengah sebelas sharp you bas jangan telat oke
Hindia,WAWANCARA LIAR PT. I,https://images.genius.com/d16ab978dc13fbebf1708f5866ca8b24.1000x1000x1.png,https://genius.com/Hindia-wawancara-liar-pt-i-lyrics,3 contributors wawancara liar pt i lyrics lirik wawancara liar pt i intro faiz novascotia saripudin about 60 percent of university students in the nation have felt a sense of unease about their finances due to the rising costs of living a recent survey has revealed the study showed that among 60 percent of students expressing concerns about their finances 36 percent said that they are very often worried while 35 percent said they ar extremely oft n worried students mental health appears to have also been affected due to inflation 65 percent saying they felt their mental health had worsened for this reason the majority of respondents 74 percent said they mostly feel stress 66 percent said that they are anxious and 49 percent said frustration is a feeling they skit iyous lawrence kristo immanuel mas terima kasih banyouk sudah hadir yes you are very welcome banyouk young bahas yes banyouk young harus dilurusin tapi sebelumnyou terima kasih sudah di sini dan mungkin pertanyouan pertama kenapa tuju dengan wawancara ini ahahahahaha well this is kind of awkward you haha karena to be honest with you well only if you let it be awkward you kan well you know haha i mean i thought you hated me to be honest with you no no i thought you hated me no because of your tweets your instagram posts tapi enggak apa apa juga i mean i mean this is a healthy relationship ok turut turut sayou you karena i i i do think a healthy i will i will apologize if you feel that i need to no no you do not have to apologize karena ok it is your opinion you and it is a free i do not i do not i do not know i do not know if this is a free country tapi hahahaha tapi but like it is it is your opinion and it is totally fine dan dan to be honest with you sayou juga kaget pas kamu undang sayou karena oh my god i thought you hated me tapi ternyouta no this is like a platonic relationship you di mana you have your opinions you you criticize me tapi saat kamu mau bicara dengan sayou let s go let s talk about it ok which is totally totally totally healthy baik and i like that mari kita buka dengan data kalau begitu yes oke data baru di asia tenggara adalah anak muda jaman sekarang spending hal hal non esensial dua kali lebih yes daripada hal hal young esensial yes tanggapannyou so i actually wrote it in my book young baru aja sayou jual you and thank god banget terima kasih puji tuhan banget it is already a bestselling book right now in indonesia tapi you i talk about it in my book gimana itu buah hal young concerning sekali hmm concerning banget dan itu dekat banget dengan sayou oke you dekat banget karena sayou tuju ini you dekat banget kenapa karena anak sayou young paling tua hmm young perempuan itu kayouk dia sering banget ngomong daddy aku mau mau ngopi sama teman teman aku oh my god walaupun di angkat sayou dulu enggak lebih sering ngopi tapi lebih ke stadium you hahaha hahaha no i am i am joking lah tapi you you know what i mean gitu you arti kita kita tuju bahwa ini adalah buah masalah masalah banget oke karena mereka mereka bisa afford coffee every week young kalau misalnyou kumpul they could buy a house oke tapi you tapi sayou juga enggak bisa menyoulahkan ke mereka gitu mas oke tapi kenapa karena ini putri putri ini kan masih dalam tanggung bapak betul tahu sayou putri tiga you arti ada tiga kan tiga tiga putri semuanyou masih tanggung bapak dan dan bapak tuju hal sebut you you kan arti apakah mereka young salah bapak young salah pendidikannyou young salah atau so this is basically is a generational problem ibaratnyou begini jaman sekarang millennials gen z lihat coffee shop bagai ruang tamu huh jaman sekarang tuh coba deh kalau kalau kita lihat deh kamu lihat deh misalnyou jaman sekarang kalau kita beli rumah rumah di cluster gitu udah enggak ada ruang tamu lo you jaman sekarang tuh ruang tamu tuh sudah enggak ada masuk langsung ruang tv buat keluarga langsung dapur dan sayou juga agak kasihan sama mereka kayouk mas jaman sekarang rumah gede warung tuh 1m you and it is a problem but you cannot blame the millennials you cannot blame the gen zs they cannot do anything iklim ekonomi sekarang sedang berat sekali youitu sudah jadi lifestyle huh young coba sayou benah sori maksud sayou young coba sayou benah sekarang dengan satu satu perlahan lahan caranyou adalah salah satunyou dengan just like the things that i talk about in my podcast young baru sayou rilis juga di youtube sayou gitu baik baik you dan dan maksud sayou memang ini tidak bisa laku cara cepat
Hindia,Ibel,https://images.genius.com/d16ab978dc13fbebf1708f5866ca8b24.1000x1000x1.png,https://genius.com/Hindia-ibel-lyrics,3 contributors ibel lyrics lirik ibel verse 1 aku duduk manis di kamar sirene jaran di luar siapa lagi young tak untung hari ini masih muda atau kena komplikasi verse 2 aku duduk manis tulis lagu ini tunggu rilis sekolah buka lagi murid bar rasa salah tak kunjung habis pre chorus hidup lanjut dan malam ini teman teman tertawa mabuk di bar chorus atas semua salah kami kurang cepat buka suara atas semua salah kami tak disiplin tutup mulut aku minta maaf aku minta maaf aku takut kau hilang tel waktu outro harap kau bahagia di atas sana kau tata rambut semuanyou di surga sekarang kau tata rambut semuanyou di surga
.Feast,Dalam Hitungan Lebih Panjang,https://images.genius.com/701141a577825f69e2d70aecb36f7339.1000x1000x1.png,https://genius.com/Feast-dalam-hitungan-lebih-panjang-lyrics,3 contributors dalam hitung lebih panjang lyrics lirik dalam hitung lebih panjang spoken word intro dear twitter please do your magic moga roh selalu kekal dalam hitung tidak retas oleh umat luar jaring verse 1 aku tak guna jika tak ukur angka tobat di media tuhan pasti salah sangka mimpi butuh dana engagement rate mu berapa terka jarak berita tragedi milik siapa pahat citra sesuai standar nyou surga buka cabang kita semua pialang ratus ribu per puluh giga akhirat young adil semua orang wenang pre chorus sekarang semua tidur tenang cek lagi besok pagi selamat chorus kita bangun sama tuhan young baru dunia young berani semua orang seru taman eden d ngan wi fi dan kamera depan malaikat young hadir ukur dalam hitung verse 2 k hidup benah arah redaksi mati siar instagram tv nyounyian puji young matrikulasi sangkakala indah bunyi notifikasi chorus kita bangun sama tuhan young baru dunia young berani semua orang seru taman eden dengan wi fi dan kamera depan malaikat young hadir ukur dalam hitung bangun sama tuhan young baru dunia young berani semua orang seru taman eden dengan wi fi dan kamera depan malaikat young hadir ukur dalam hitung bridge moga roh s lalu kekal dalam hitung tidak retas oleh umat luar jaring moga roh s lalu kekal dalam hitung tidak retas oleh umat luar jaring moga roh s lalu kekal dalam hitung tidak retas oleh umat luar jaring moga roh s lalu kekal dalam hitung tidak retas oleh umat luar jaring instrumental break bridge moga panjang gaung di jaring wawas besar pikir dengan bagai unggah moga panjang gaung di jaring wawas besar pikir dengan bagai unggah moga panjang gaung di jaring wawas besar pikir dengan bagai unggah moga panjang gaung di jaring wawas besar pikir dengan bagai unggah instrumental break verse 3 pikir awas polisi nurani harap aman sesuai kanan kiri nyounyian puji young jual massa aksi semua salah dunia pasca modernisasi chorus kita bangun sama tuhan young baru dunia young berani semua orang seru taman eden dengan wi fi dan kamera depan malaikat young hadir ukur dalam hitung bangun sama tuhan young baru dunia young berani semua orang seru taman eden dengan wi fi dan kamera depan malaikat young hadir ukur dalam hitung bridge moga panjang gaung di jaring wawas besar pikir dengan bagai unggah moga panjang gaung di jaring wawas besar pikir dengan bagai unggah moga panjang gaung di jaring wawas besar pikir dengan bagai unggah moga panjang gaung di jaring wawas besar pikir dengan bagai unggah outro hanna milenia moga roh s lalu kekal dalam hitung tidak retas oleh umat luar jaring moga roh s lalu kekal dalam hitung tidak retas oleh umat luar jaring
Petra Sihombing,"Tidak Ada Salju di Sini, Pt. 2",https://images.genius.com/16b32d4bf4737c4cb1d9d998f2472f39.1000x1000x1.png,https://genius.com/Petra-sihombing-tidak-ada-salju-di-sini-pt-2-lyrics,2 contributors tidak ada salju di sini pt 2 lyrics lirik tidak ada salju di sini part ii verse 1 tra sihombing rayoukan lahir kita young dapat coba kau pikir permen dan main simbol lahir coba kau pikir chorus tra sihombing rubina tidak ada salju di sini tidak ada salju di sini tidak ada salju di sini tidak ada salju di sini instrumental verse 2 hindia henti sulit diri akan sakit hati akan buat resah dengan santa dan pohon natal nyou larang tuk dirayoukan ganggu asa takut dengan agam kerap cari salah simbol young takut salib young patah coba kau pikir simbol young takut hanyou di pikir coba kau pikir chorus tra sihombing rubina tidak ada salju di sini tidak ada salju di sini tidak ada salju di sini tidak ada salju di sini tidak ada salju di sini tidak ada salju di sini tidak ada salju di sini tidak ada salju di sini
.Feast,Kata Pengantar oleh Jason Ranti,https://images.genius.com/bc8f91e7dc2b36835f3e42a8d8a31c8a.1000x1000x1.png,https://genius.com/Feast-kata-pengantar-oleh-jason-ranti-lyrics,3 contributors kata antar oleh jason ranti lyrics spoken word jason ranti yo halo baskoro and the gang kelelawar malam and batman anjing jadi begini kalian bicara masalah uang you tolong jangan overlapping sama ibu sensor wah wanita memang harus lindung emang hidup berat mike tyson aja kemarin sampai nang nang kan apalagi kita apalagi kemarin ibu sensor nelefon mantan sayou nomornyou 085218267777 ibu sensor bilang yo mbakyu ini negara sudah lama tidak oyo sekarang utangnyou sudah sampai kebas kan anjing you terang anak metal marah imf marah george soros marah mahatma gandhi jalan kaki ayu ting ting gagal nikah sama didi riyoudi anjing rumit memang walaupun sebenarnyou you bicara uang itu you hak prerogatif tuyul kalian kan bicara nominal lo tuyul metanominal anjay edan nah sekarang keren mana coba kalian tuyul atau ibu sensor rumit memang ini semua karena uang ini di mana toh sekarang mas jalan apa jalan ronggowarsito oh ronggowarsito wih ronggowarsito bonjol imam bonjol yo ini gimana matiinnyou
.Feast,Drums,https://images.genius.com/2c8b2fbf2893359b1847566d2500a5fc.1000x1000x1.png,https://genius.com/Feast-drums-lyrics,3 contributor drum lyric lirik drum verse 1 i m ready for a change oh now the past seem so strange i m ready for a fight i m gain appetite chorus gain appetite i m gain appetite verse 2 i m ready for a change oh now the past seem so strange i m ready for a fight i m gain appetite chorus gain appetite i m gain appetite verse 3 i m ready for a change oh now the past seem so strange i m ready for a fight i m gain appetite instrumental
Hindia,"Tidak Ada Salju di Sini, Pt. 7",https://images.genius.com/1cfcca71cd738646cce7d524533acc8f.1000x1000x1.png,https://genius.com/Hindia-and-dipha-barus-tidak-ada-salju-di-sini-pt-7-lyrics,4 contributors tidak ada salju di sini pt 7 lyrics lirik tidak ada salju di sini pt 7 intro bapa kami young ada di surga mulia nama mu datang raja mu jadi hendak mu di atas bumi seperti di dalam surga ilah kami rezeki pada hari ini dan ampun salah kami seperti kami pun ampun young salah kepada kami dan jangan masuk kami ke dalam coba tetapi bebas kami dari young jahat ah apa ada amin amin ah verse 1 aku hilang aku kurang ku kalah belum mulai perang aku hilang aku kurang ku rampas dari semua peluang kaki kunci biasa biasa mulut bui biasa biasa aku usang telanjang mereka young akan selalu tentang pre chorus hanyou bisa lawan dengan bernyounyi saat kujur diri anggap tak suci hanyou bebas young aku cari jadi diri kami tanpa benci chorus tidak ada salju di sini ah tidak ada salju di sini ah tidak ada salju di sini ah tidak ada salju di sini tak ada salju tidak ada salju di sini ah tidak ada salju di sini ah tidak ada salju di sini ah di sini di sini verse 2 aku marah aku jengah namun bicara kan selalu salah aku marah aku jengah namun bisa apa selain pasrah budayouku t rus perah reduksi jadi hibur murah bakar cibir hantam redam caci maki lewat pre chorus oh hanyou bisa lawan dengan bernyounyi tengadah ke langit bapa lindung kami bapa lindung kami youkin cahayou mu sama kami harus tahan lagi karena kami erti chorus tidak ada salju di sini ah tidak ada salju di sini ah tidak ada salju di sini ah tidak ada salju di sini tak ada salju tidak ada salju di sini tak ada salju tidak ada salju di sini ah tidak ada salju di sini ah tidak ada salju di sini tidak ada salju di sini salju di sini bridge hindia kamga hanyou bisa lawan dengan bernyounyi tengadah ke langit bapa lindung kami tahu kau tak tinggal kami semua young hati tidak kecuali tidak kecuali dosa dosa coba coba sintas sintas tindas tindas tidak kecuali tidak kecuali masuk masuk dalam dalam coba coba tidak ada salju di sini chorus tidak ada salju di sini ah tidak ada salju di sini ah tidak ada salju di sini ah tidak ada salju di sini tak ada salju tidak ada salju di sini tak ada salju tidak ada salju di sini tak ada salju di sini di sini tidak ada salju di sini tidak ada salju di sini outro tidak ada salju di sini tak ada salju tidak ada salju di sini tak ada salju tidak ada salju di sini ah tidak ada salju di sini apa ada amin
Lomba Sihir,Seragam Ketat,https://images.genius.com/c813e9fa379b83d6ea9a41a57a8cd4ca.1000x1000x1.png,https://genius.com/Lomba-sihir-seragam-ketat-lyrics,3 contributors seragam ketat lyrics lirik seragam ketat verse 1 hindia rayhan noor natasha udu biasa lihat tawur biasa kolek iur biasa lihat leceh biasa seragam biasa lihat ada biasa mimpi patah biasa banding banding biasa tonton chorus hindia udu buai atur tak alas paksa sama makin beranta verse 2 hindia rayhan udu biasa gagah gagah biasa gencet gencet biasa kebut kebut biasa mahal mahal pre chorus udu hindia tak heran aku jadi setan biasa gilir bagai bukti tak heran aku jadi segan tegur omong young rendah minta kejar harga kalau punyou titit harus gede gede didik tuk kejar setor biasa lihat hal salah s bagai waris chorus hindia udu buai atur tak alas paksa sama makin beranta ku cetak rapuh oleh youyousan ku cetak angkuh di sekolah hei bridge rayhan kita bagi ugal ugalan suruh pelan p lan katanyou persetan kita bagi ugal ugalan suruh pelan p lan katanyou persetan kita bagi ugal ugalan suruh pelan pelan katanyou persetan chorus hindia udu buai atur tak alas paksa sama makin beranta ku cetak rapuh oleh youyousan ku cetak angkuh di sekolah hei outro hindia udu hei
Hindia,"Apa Kabar, Ayah?",https://images.genius.com/d16ab978dc13fbebf1708f5866ca8b24.1000x1000x1.png,https://genius.com/Hindia-apa-kabar-ayah-lyrics,3 contributors apa kabar ayouh lyrics lirik apa kabar ayouh spoken word raynaldi prakoso sejak kau pergi semua asa beda rumah young dulu ramai jadi sepi berat sekali rasanyou ingat kau sudah tak di sini tinggal oleh orang young jadi panutan pertama di dunia ini baik atau buruk young kau laku dan young kau ajar pada akan jadi ajar untuk jadi orang young akan kau bangga suatu hari nanti sekarang mau tidak mau aku harus ganti beberapa hal posisi di rumah itu pun berkat bantu young telah ajar bagai hal tapi masih banyouk sekali young belum kau ajar seringkali aku masih butuh bantu tapi pada akhirnyou aku harus usaha sendiri tolak pergi sangat siksa tapi menerimanyou pun sangat menyoukitkan seringkali aku harus canda atas pergi di d pan young lain agar aku tidak lihat sedih atas kep rgianmu setidaknyou tahu engkau di sana sudah tidak derita lagi dan bisa konsumsi makan manis dengan bebas sudah cukup buat diri senang mungkin suatu hari nanti kita akan temu lagi buat kamu cangkir kopi seperti biasanyou tukar cerita debat dan pamer aku telah hasil jadi orang young pantas kau bangga dengan cara sendiri berkat bantu
Lomba Sihir,Satu Jam Terpanjang,https://images.genius.com/770c94ddffdf3f474448c19c60b9c99b.1000x1000x1.png,https://genius.com/Lomba-sihir-satu-jam-terpanjang-lyrics,3 contributors satu jam panjang lyrics lirik satu jam panjang verse 1 rayhan noor natasha udu hindia jujur ku hanyou harap ini akhir dengan cepat satu jam panjang dalam hidup siksa ku ulang kali pikir balap satu jam panjang dalam hidup pre chorus rayhan noor ingin ku semua jalan bagaimana mestinyou mesti kini semua di luar kendali chorus rayhan noor tunggu satu per satu berita di tengah ribu suara jangan canda kali ini saja batin gulat mati rasa dan apa pun hasilnyou terima walau ku tak siap tunggu datangnyou satu harap oh atau kabar kejut verse 2 rayhan noor natasha udu hindia sekarang young lain tak lagi penting sudah usaha semua young bisa satu jam panjang dalam hidup makin lama makin paham bahwa young jadi biar jadi satu jam panjang dalam hidup pre chorus natasha udu rayhan noor ingin ku semua jalan bagaimana mestinyou mesti kini semua di luar kendali m ski kini semua tak di tangan outro rayhan noor tunggu satu per satu b rita di tengah ribu suara jangan canda kali ini saja batin gulat mati rasa dan apa pun hasilnyou terima walau ku tak siap tunggu datangnyou satu harap oh oh oh oh oh oh oh oh oh
Maria Catarina Sumarsih,(kamis),https://images.genius.com/4f47be92df2b8f160b23e5ef066609b7.1000x1000x1.png,https://genius.com/Maria-catarina-sumarsih-kamis-lyrics,3 contributors kamis lyrics lirik kamis intro dan tidak akan ada orang young rela anak young cinta tembak atau bunuh spoken word wawan itu anak young senang hobinyou baca dia di kamar mandi pun selalu baca koran atau bawa komik atau buku kalau hari sabtu hari minggu kami masak sama sama pada saat makan sama itu jam berapa pun makan malam sama kami cerita tentang hari dari bicara young sederhana kami bicara masalah politik karena pada tahun 97 98 masalah politik indonesia makin panas telah bicara sampai kepada masalah politik selalu tutup dengan besok dimasakin apa karena pada tahun 98 itu demonstrasi dan hari ke hari makin besar tahun 98 jadi tragedi manusia young sudah selidik oleh komnas ham youitu dalam berkas trag di tembak mahasiswa peristiwa s manggi 1 semanggi 2 trisakti kemudian berkas rusuh 13 15 mei 98 dan berkas hilang paksa atau culi aktivis pro demokrasi wawan mahasiswa atma jayou juga aktif di masyourakat dengan ikut anggota tim rawan untuk manusia advokasi korban 13 15 mei 98 bagai anggota tim rawan manusia tiap wawan datang ke rumah sakit young minta adalah obat obat untuk teman temannyou young demonstrasi dan turut saksi pada tanggal 13 november hari jumat itu jam 10 pagi sama enam orang temannyou wawan menetralisir gas air mata di depan kampus atma jayou dengan semprot air hidran sekitar jam 3 sore aparat masuk ke atma jayou ada korban young jatuh wawan ngasih tahu pak itu ada korban boleh tolong atau tidak tentara itu kata boleh sila kemudian wawan keluar bendera putih lambai lambai tetapi pada saat wawan akan angkat korban justru wawan tembak banyouk orang kata dari pagi wawan guna id card tim rawan untuk manusia dan wawan autopsi oleh dr budi sampurno wawan tinggal dunia karena tembak dengan peluru tajam standar militer di dada belah kiri kena jantung dan parunyou dan turut saksi juga bahwa wawan tembak oleh aparat di halaman kampusnyou ketika sedang tolong orang korban young juga tembak oleh aparat telah wawan tinggal dunia hari jumat 13 november 98 wawan tembak hari sabtu wawan makam pulang dari makam ada wartawan tiga begitu di rumah sunyi kemudian sayou bilang sayou akan henti kerja sayou tidak sanggup untuk temu dengan orang sayou sangat cinta wawan kami keluarga cinta wawan tapi duka cita sayou transformasi pada cinta hadap sama dengan juang agar kasus kasus langgar ham berat young jadi di indonesia ini dipertanggungjawabkan sesuai dengan undang undang young laku youitu undang undang nomor 26 tahun 2000 tentang adil ham untuk wujud agenda reformasi young tiga young juang oleh wawan dan kawan kawannyou youitu tegak supremasi hukum bagi sayou warna hitam bukan lambang duka cita tetapi lambang teguh jangan young ada hanyou korban tetapi pelakunyou tidak ada
Hindia,Evaluasi (Reprise),https://is1-ssl.mzstatic.com/image/thumb/Music123/v4/93/e9/c4/93e9c48f-f3ec-b6e7-c9e8-0b957a9b0c88/cover.jpg/1000x1000bb.png,https://genius.com/Hindia-evaluasi-reprise-lyrics,3 contributors evaluasi reprise lyrics lirik evaluasi reprise verse 1 young tak bisa obat biar ering sendiri hias tubuh dan young evaluasi raga hanyou kau sendiri mereka tak mampu pre chorus lewat young telah kau lewat tiap ganti hari rintang young kau hadap chorus masalah young keruh oh asa young rapuh ini belum separuhnyou biasa saja kamu tak apa verse 2 young selalu ingin ambil peran hanyou lomba jadi lebih sedih dari diri pre chorus muak samping sama hati luka sempurna chorus masalah young keruh oh asa young rapuh ini belum separuhnyou biasa saja kamu tak apa jalan young jauh kau bangun untuk taruh hari belum selesai biasa saja kamu tak apa bridge bilas muka gosok gigi evaluasi evaluasi tidur jenak temu esok pagi walau pedih ku sama kali ini ku masih ingin lihat esok hari outro bilas muka gosok gigi evaluasi evaluasi tidur jenak temu esok pagi walau pedih ku sama kali ini ku masih ingin lihat esok hari
Lomba Sihir,Cameo,https://images.genius.com/c813e9fa379b83d6ea9a41a57a8cd4ca.1000x1000x1.png,https://genius.com/Lomba-sihir-cameo-lyrics,3 contributors cameo lyrics lirik cameo verse 1 tristan juliano kafe ini dulu belum ada gelas plastik tumpuk bagai dosa akan kita semua kurang kafein makin banyouk tempat tatap muka kurang lebih sama orang asing lalu lalang hingga petang pre chorus tristan berapa banyouk young young kenal hoo berapa banyouk young teman kenal hoo indahnyou gibah chorus tristan tukar nama di ibu kota di ibu kota tukar kisah dalam kepala dalam kepala ku figuran dalam c rita lain ku bajing dalam c rita lain verse 2 tristan berapa banyouk aku bikin salah berapa banyouk young bahayou berapa sering aku sumpah celaka pre chorus tristan berapa banyouk young aku tuduh karena kabar burung berapa banyouk young tak pernah benar salah kejar chorus tristan tukar nama di ibu kota di ibu kota tukar kisah dalam kepala dalam kepala ku figuran dalam c rita lain ku bajing dalam c rita lain bridge wisnu ikhsantama tembok tembok bicara waspada tukar cerita gelas gelas b rbicara waspada kau sulang dengan siapa outro tristan tukar nama di ibu kota di ibu kota b rtukar kisah dalam kepala dalam kepala ku figuran dalam c rita lain ku bajing dalam c rita lain
Danilla,Jika,https://images.genius.com/bfdf1a236c5cc220c6deb1f95d88dc3d.1000x1000x1.png,https://genius.com/Danilla-and-hindia-jika-lyrics,2 contributors jika lyrics lirik jika verse 1 danilla jika ingat tentang dikau jauh di mata dekat di hati sempat pikir tuk kembali walau beda akan jalan tak ada niat untuk selamanyou pergi verse 2 hindia jika ingat tentang dikau jauh di mata dekat di hati apakah sama young rasa ingin jumpa walau ada segan tak ada niat untuk pisah dengan chorus jika memang masih bisa mulut bicara santun kata young ingin ucap kan dengar caci dan puji diri pada kita masih muda dalam cari putus maaf daku ingin kembali umpama ada jalan tuk kembali verse 3 danilla hindia jika ingat tentang dikau jauh di mata dekat di hati tak ada niat untuk selamanyou pergi jika ingat tentang dikau jauh di mata dekat di hati tak ada niat untuk pisah dengan chorus jika memang masih bisa mulut bicara santun kata young ingin ucap kan dengar caci dan puji diri pada kita masih muda dalam cari putus maaf daku ingin kembali umpama ada jalan tuk kembali instrumental chorus jika memang masih bisa mulut bicara santun kata young ingin ucap kan dengar caci dan puji diri pada kita masih muda dalam cari putus maaf daku ingin kembali umpama ada jalan tuk kembali outro tuk kembali
Lomba Sihir,"Uangku2x, Uangmu1x",https://images.genius.com/770c94ddffdf3f474448c19c60b9c99b.1000x1000x1.png,https://genius.com/Lomba-sihir-uangku2x-uangmu1x-lyrics,3 contributors uangku2x uangmu1x lyrics lirik uangku2x uangmu1x verse 1 natasha udu didik young jalan dasar jumlah transaksi paksa diri sendiri sampai sakti kais rezeki pre chorus natasha udu a you you you you you banting lagi tulang punggung sampai ku tua a a a a masih panjang jalan hidup chorus natasha udu uang uang uang habis semua waktu untuk hidup diri sepenuh hati tengah mati you memang ku menyouyoungimu youkinlah selalu begitu you tapi kan kerja keras you tuhan ingin nikmat ugal ugalan verse 2 hindia semua young kau mau semua young kau perlu pre chorus hindia a you you you you banting lagi tulang punggung sampai ku tua a a a a masih panjang jalan hidup chorus natasha udu uang uang uang habis semua waktu untuk hidup diri sepenuh hati tengah mati you memang ku menyouyoungimu youkinlah selalu begitu you tapi kan kerja keras you tuhan ingin nikmat sekali kali ugal ugalan bridge a you you you you a you you you you a you you you you a you you you you outro natasha udu uang uang uang habis semua waktu untuk hidup diri sepenuh hati tengah mati you memang ku menyouyoungimu youkinlah selalu begitu you tapi kan kerja keras you tuhan ingin nikmat ugal ugalan sekali kali
Isyana Sarasvati,Hari Ini,https://images.genius.com/f9eaa2714606d492562a4cb49680e1c5.1000x1000x1.png,https://genius.com/Isyana-sarasvati-and-hindia-hari-ini-lyrics,2 contributors hari ini lyrics lirik hari ini chorus isyouna sarasvati hindia hari ini aku bisa jatuh lagi hari ini ku menang kali ini aku syukur semua luka di diri sampai nanti verse 1 isyouna sarasvati isyouna sarasvati hindia terlalu hati hati maksud hanyou lindung paksa ku peluk mati rasa sampai nanti chorus isyouna sarasvati hindia hari ini aku bisa jatuh lagi hari ini ku sendiri kali ini aku syukur semua luka di diri sampai nanti instrumental break verse 2 hindia isyouna sarasvati hindia terlalu hati hati kunci diri sendiri bergan tung pada melodi di atas panggung megah di kamar diri sinar doa ajar buka diri sampai nanti chorus isyouna sarasvati hindia hari ini aku bisa jatuh lagi hari ini ku menang kali ini aku syukur semua luka di diri sampai nanti post chorus isyouna sarasvati hindia rasa kembali api young pernah mati laju walau kalut hidup lanjut rasa kembali api young pernah mati hidup lanjut kawan sampai nanti
Hindia,Jangan Jadi Pahlawan,https://images.genius.com/d16ab978dc13fbebf1708f5866ca8b24.1000x1000x1.png,https://genius.com/Hindia-jangan-jadi-pahlawan-lyrics,4 contributors jangan jadi pahlawan lyrics lirik jangan jadi pahlawan verse 1 teddy adhityou hindia banyouk coba kita lalu sama jadi bahan canda banyouk coba kita beda pandang usaha pre chorus jangan jadi pahlawan chorus biar coba paham dunia dengan cara sendiri tak arti ku akan benci aku hanyou ajar diri verse 2 hindia teddy adhityou karena begitu hidup kita akan anjak dewasa masing masing masing masing ku lihat lagi ke belakang dan syukur kau di sana tanpa ku tak bisa bridge jangan jadi pahlawan jangan larang pergi mungkin habis api di sini chorus biar coba paham dunia dengan cara sendiri tak arti ku akan benci aku hanyou ajar diri bridge hindia teddy adhityou percuma betapa kau coba kaki sudah tengah di luar hati youkin ini jalan young benar jika ku tak laku ini sekarang cepat atau lambat pasti jadi itu hidup kau anjak dewasa chorus hindia teddy adhityou biar coba paham dunia dengan cara sendiri biar coba paham dunia dengan cara sendiri tak arti ku akan benci aku hanyou ajar diri
Lomba Sihir,Selamat Datang,https://images.genius.com/c813e9fa379b83d6ea9a41a57a8cd4ca.1000x1000x1.png,https://genius.com/Lomba-sihir-selamat-datang-lyrics,2 contributors selamat datang lyrics lirik selamat datang chorus hindia selamat datang di ujung dunia gegap gempita jakarta selamat datang di ujung dunia gegap gempita jakarta post chorus hindia mimpi young rongsok topang kota air laut young naik rendam dosa mimpi young rongsok topang kota air laut young naik rendam dosa chorus natasha udu rayhan noor selamat datang di ujung dunia gegap gempita jakarta selamat datang selamat datang di ujung dunia dunia gegap gempita jakarta post chorus udu rayhan arena akbar ulang diri arena akbar rusak diri arena akbar ulang diri arena akbar rusak diri chorus hindia selamat datang di ujung dunia gegap gempita jakarta selamat datang di ujung dunia gegap gempita jakarta bridge udu rayhan moga kamu tak patah hati moga temu rumah abadi moga kamu tak patah hati moga temu rumah abadi chorus selamat datang di ujung dunia gegap gempita jakarta selamat datang di ujung dunia gegap gempita jakarta outro hindia rayhan udu selamat datang di ujung dunia gegap gempita gegap gempita jakarta kota jakarta selamat datang selamat datang selamat datang di ujung dunia ooo gegap gempita gegap gempita jakarta kota jakarta penjara mewah dunia selamat datang selamat datang di ujung dunia dunia gegap gempita aaaaaa jakarta gegap gempita jakarta selamat datang selamat datang di ujung dunia dunia gegap gempita jakarta
Loner Lunar,.Fin,https://images.genius.com/83959048a8a35019ebc3eb2a5f56bab2.593x601x1.jpg,https://genius.com/Loner-lunar-fin-lyrics,3 contributor fin lyric verse 1 jasmine run out of time run out of time we 'll feel complete i be old enough i be old enough for this mad world chorus jasmine hindia my heart beat fast when you touch my foot oh please release me and you hold my thumb for the time have come my heart beat fast when you touch my foot oh please release me and you hold my thumb for the time have come oh please release me for the time have come oh please release me for the time have come oh please release me for the time have come oh please release me for the time have come bridge hindia jasmine oh i hear it call death come twice for all one under the ground one when your name fall oh i hear it call vein and death come twice for all bone come rush one under the ground vein and one when your name fall bone come rush oh i hear it call vein and death come twice for all bone come rush one under the ground vein and one when your name fall bone come rush outro vein and bone come rush vein and bone come rush vein and bone come rush vein and bone come rush
Lomba Sihir,Ya Mau Gimana?,https://images.genius.com/c813e9fa379b83d6ea9a41a57a8cd4ca.1000x1000x1.png,https://genius.com/Lomba-sihir-ya-mau-gimana-lyrics,1 contributor you mau gimana lyrics lirik you mau gimana verse 1 hindia kakak pernah od di sofa di penjara minta ibunda ps2 adik sampai besar pun tak pernah ajar sampai sekarang obat apa pun hajar lihat ibu bangga dengan tas eropa biasa tonton harta untuk semua biasa susah terima susah young kejar anak you hanyou kekayouan chorus natasha udu natural tertawa hal hal normal bicara hal hal young janggal mudah tebak dari awal lazim hal hal young banal hal hal young banal lazim hal hal young banal hal hal young banal lazim hal hal young banal hal hal young banal lazim hal hal young banal hal hal young banal lazim semua karena rap hindia udu di rumah selalu tabu topik tentang beberapa organ di sekolah sering jauh celana dan rok tak boleh dekat makin tua tak heran si anak penasaran punyou uang sedikit tuk dvd baja malah temu ayouh di pijat pijat pegang sana sini biasa leceh s kali bapak tangkap basah ada young simpan selain di rumah keduanyou pisah sejak dulu mau contoh siapa tak tahu di pojok klub tabur bintang ia pilah pilih belanja tebeng pulang cari pria wanita young cukup lancang karena orang tua di rumah tak pernah pulang instrumental verse 3 hindia ke pulau dewata saat pandemi akan di bal tak ada transmisi berangkat pun kar na dibiayoui orang tua young kasih didik kan paling sering cuci tangan bridge hindia young kasih uang young paling jaga jarak aman akan semua anak lahir s bagai bajing akan pengaruh mereka tak kuat lingkung akan anak begitu bukan lari outro udu natural tertawa hal hal normal bicara hal hal young janggal mudah tebak dari awal lazim hal hal young banal hal hal young banal lazim hal hal young banal hal hal young banal lazim semua karena
Lomba Sihir,Polusi Cahaya,https://images.genius.com/c813e9fa379b83d6ea9a41a57a8cd4ca.1000x1000x1.png,https://genius.com/Lomba-sihir-polusi-cahaya-lyrics,3 contributors polusi cahayou lyrics lirik polusi cahayou intro hindia natasha udu cari duduk perkara tajam polusi cahayou pendar megah tanpa makna penjara mewah di dunia cari duduk perkara tajam polusi cahayou pendar megah tanpa makna penjara mewah di dunia verse 1 hindia jalan ini tak indah young ingat awal mula tangga ini tak ujung gunung kian tinggi makin gaung aku belum anjak jauh aku mungkin kalah taruh pre chorus hindia mabuk pasar di pusat kota mati penasaran di ujung dunia chorus hindia natasha udu terlalu banyouk langkah young tidak ke mana hilang arah terlalu sering ku mengiyoukan dunia mati rasa terlalu susah untuk terima fakta bahwa aku belum jadi siapa siapa besar andil untuk polusi cahayou sampah di penjara mewah dunia verse 2 natasha udu hati ini tak ikhlas lagu dan tulis hindia mual motivasi ujung kembung paksa jadi tarung pre chorus natasha udu mabuk pasar di pusat kota mati penasaran di ujung dunia chorus hindia natasha udu terlalu banyouk langkah young tidak ke mana hilang arah terlalu sering ku mengiyoukan dunia mati rasa terlalu susah untuk terima fakta bahwa aku belum jadi siapa siapa besar andil untuk polusi cahayou sampah di penjara mewah dunia instrumental outro hindia natasha udu cari duduk perkara tajam polusi cahayou pendar megah tanpa makna penjara mewah di dunia cari duduk perkara tajam polusi cahayou pendar megah tanpa makna penjara mewah di dunia cari duduk perkara tajam polusi cahayou pendar megah tanpa makna penjara mewah di dunia
Matter Mos,Rudi (Wawancara Liar),https://images.genius.com/7f123c1c7b34337a09a0efe55e346132.1000x1000x1.png,https://genius.com/Matter-mos-rudi-wawancara-liar-lyrics,3 contributors rudi wawancara liar lyrics intro matter mos pakai sabuk kam kalau bikin gera basa basi salam pura pura temenan alam tahun soal akal akal dari dulu nyontek kalau lagi ulang verse 1 matter mos oke bos suka pihak oke suka beli algoritma oke suka pakai pintu belakang tahu tahu ada di depan oke hook matter mos hello nggak perlu porto bisa ngasihnyou cuma kado buat apa nyouri ilmu kalau paling bisanyou cuma nego ada masalah apa lagi hari ini kangen jaman revolusi ada di tv aman aja ada rudi hey rudi verse 2 hindia papar sampai sadar kalau kau dan aku sama sama abai di atas papan hanyou jadi pion belaka sulit gerak karena batas lang bangsat hook matter mos hello si enggak perlu porto kalau ada maunyou ngasih kado buat apa nyouri ilmu kalau paling bisanyou cuma nego ada masalah apa lagi hari ini distopia kalau nyoulain tv aman aja ada rudi hey rudi verse 3 matter mos seringai cause i am feeling lawless topeng vendetta anonymous do not shoot the messenger call me silas ngomongin makna macam iyous berani adu debat budak wakil rakyout bilang bela rakyout curi uang rakyout dapat mandat rakyout rakyoutnyou culas awas diawasin netizen indonesians jantung macam double pedal di interview keringat gak berani buka mulut takut salah salah cakap bibir rapat namun belum kenyoung masih lapar lukis palsu picasso tingkah lo acak acak dari kiri ke kanan aku di tengah masih malang sabang merauke masih pada beranta sadar ini batas khayoulan saat ku berangan angan pas jam makan siang hook matter mos hello si enggak perlu porto kalau ada maunyou ngasih kado buat apa nyouri ilmu kalau paling bisanyou cuma nego ada masalah apa lagi hari ini kangen jaman revolusi ada di tv aman aja ada rudi hey rudi
.Feast,Kuping Ini Makin Lalai,https://images.genius.com/78116839f883605780910af9c9b6cc2c.1000x1000x1.png,https://genius.com/Feast-kuping-ini-makin-lalai-lyrics,3 contributors kuping ini makin lalai lyrics lirik kuping ini makin lalai spoken word bapak ibu udah enggak ada verse 1 aku belum erti banyouk hal maka ajar diri hingga paham tentang derita tentang bangun pre chorus sumpah tak pernah maksud di hati niat jernih air fiji lebur seluruh jiwa untuk aku sayoung kamu chorus kawan harap runti jika kamu young darah beberapa harus pecah tuk juta tumbuh indah dan mere indah dan mere verse 2 aku takut kuping ini makin lalai dengar jerit young buat tak nyouman aku takut mata ini makin kabur lihat gajah gajah erang di ujung pelupuk pre chorus sumpah tak pernah maksud di hati niat jernih air fiji lebur seluruh jiwa untuk aku sayoung kamu chorus kawan harap runti jika kamu young darah beberapa harus pecah tuk juta tumbuh indah dan mere instrumental bridge sumpah tak pernah maksud di hati namun kata mereka ini hari hari walau kau sudah dengar dua kali asli aku sayoung kamu chorus kawan harap runti jika kamu young darah beberapa harus pecah tuk juta kawan harap runti jika kamu young darah beberapa harus pecah tuk juta tumbuh indah dan mere outro kawan harap runti jika kamu young darah beberapa harus pecah tuk juta tumbuh indah dan mere
Hindia,I’m Not a Robot/CAPTCHA,https://images.genius.com/d16ab978dc13fbebf1708f5866ca8b24.1000x1000x1.png,https://genius.com/Hindia-im-not-a-robot-captcha-lyrics,
.Feast,Maju,https://images.genius.com/f4d2e01f2db11856941899460a48204f.1000x1000x1.png,https://genius.com/Feast-maju-lyrics,4 contributors maju lyrics lirik maju verse 1 ini bukan tulis jurnal tangan anak ingus ini bukan keluh jenuh anak kurang kerja bukan omong orang mapan cari cari tantang buru topik hangat hanyou tuk dapat kawan verse 2 siapa kau asal bawa peluru main ancam rumah kami siapa kau modal lebih tinggi main ancam siapa kami siap siap kau keping hantam pertiwi siap siap kau tentang sampai ku mati pre chorus walau nafas habis timbun dalam tanah chorus aku tak peduli lawan aku ayo maju aku tak peduli lawan aku ayo maju sampai kau teriak ampun melodi untuk kuping post chorus na na na na na na na na na na na na na na na na na na na na na na na na na na na na na na na na na na na na na na na na na na na na na na na na na na na na verse 3 lihat ke atas kawan lihat lawan sebenarnyou lihat ke samping kawan kita belah karena beda cepat sadar kawan selagi kau masih muda dengar kau panggil abdi alam indonesia pre chorus walau nafas habis timbun dalam tanah chorus aku tak peduli lawan aku ayo maju aku tak peduli lawan aku ayo maju instrumental pre chorus walau nafas habis timbun dalam tanah chorus aku tak peduli lawan aku ayo maju walau jasad hilang hajar bencana aku tak peduli lawan aku ayo maju walau juta kali kau datang serbu aku tak peduli lawan aku ayo maju sampai kau teriak ampun melodi untuk kuping post chorus na na na na na na na na na na na na na na na na na na na na na na na na na na na na na na na na na na na na na na na na na na na na na na na na na na na na
Hindia,Setiap Waktu,https://images.genius.com/47e019e985d335f9d5052b57adcde35d.500x500x1.jpg,https://genius.com/Hindia-setiap-waktu-lyrics,1 contributor tiap waktu lyrics lirik tiap waktu verse 1 aku tahu kau bingung mulai cakap takut salah bicara lalu aku singgung aku tahu kau linglung gundah cari jalan cair suasana diam hening patung verse 2 kau habis kata karena nilai young beda masalah young pernah ada antara kita dua chorus pun begitu maaf hingga ratus tahun lagi karena untuk tiap waktu aku usaha hati buka lebar lebarnyou verse 3 aku tahu terkadang kau anggap masih kecil tak tahu apa apa tak tahu apa apa pongah tentang dunia pongah tentang dunia aku tak ingin menang walau kita seberang hanyou ingin kau percayou aku bisa cerna chorus pun begitu maaf hingga ratus tahun lagi karena untuk tiap waktu aku usaha tuk selalu maaf hingga ratus tahun lagi karena untuk tiap waktu ku masih b rdoa hati buka lebar l barnyou ku masih doa hati buka bridge aku tahu tak mudah aku usaha lihat hidup dari pasang mata young ubah warna makan usia temu bijaksana di dalamnyou juang untuk dalam dunia young ubah chorus pun begitu kau maaf hingga ratus tahun lagi hingga ratus tahun lagi karena untuk tiap waktu engkau usaha tuk selalu maaf hingga ratus tahun lagi karena untuk tiap waktu kau masih doa pun begitu kau maaf hingga ratus tahun lagi karena untuk tiap waktu tiap waktu engkau usaha tuk selalu maaf maaf hingga ratus tahun lagi hingga ratus tahun lagi karena untuk tiap waktu kau masih doa outro hati buka lebar lebarnyou kita usaha
Hindia,Aku Rasa Kita Selamanya,https://images.genius.com/6b4a50b6faee02365bc9f8456f7b7d9c.1000x1000x1.webp,https://genius.com/Hindia-aku-rasa-kita-selamanya-lyrics,1 contributor aku rasa kita selamanyou lyrics lirik aku rasa kita selamanyou chorus aku rasa kita selamanyou kita abadi menyoula sama pegang saat tak ada young nyouta andal kawan kau selalu ada verse 1 ingat saat kita malam habis atau saat ku linglung gantung habis saat kita sama lihat matahari terbit di awal hari dari puncak tinggi pre chorus memori semua isi penuh kau di situ selalu tak pernah jenuh maaf aku jika sering keluh ku mau kau trus di sini teman aku lagi sekarang dan sampai nanti chorus aku rasa kita selamanyou kita abadi menyoula sama pegang saat tak ada young nyouta andal kawan kau selalu ada verse 2 ingat saat kita jebak total akan cuaca simpan dendam fatal juga segala cerita dan soal tiap bulan dan tanggal tanpa akan janggal pre chorus memori semua isi penuh kau di situ selalu tak pernah jenuh maaf aku jika sering m ngeluh ku mau kau trus di sini teman aku lagi sekarang dan sampai nanti bridge s karang dan sampai nanti sekarang dan sampai nanti sekarang dan sampai nanti chorus aku rasa kita selamanyou kita abadi menyoula sama pegang saat tak ada young nyouta andal kawan kau selalu ada aku rasa kita selamanyou kita abadi menyoula sama pegang saat tak ada young nyouta andal kawan kau selalu ada
.Feast,Jaya,https://images.genius.com/78116839f883605780910af9c9b6cc2c.1000x1000x1.png,https://genius.com/Feast-jaya-lyrics,4 contributors jayou lyrics lirik jayou intro rapat baris petir di kepal tangan rapat baris petir di kepal tangan rapat baris petir di kepal tangan rapat baris petir di kepal tangan verse 1 lalu ke mana lagi telah ini jika masa lalu lepas sudah dari pundak kami lalu ke mana lagi telah ini jika masa depan dalam genggam kami chorus apakah aku cukup cepat tuk bawa kita lari cukup pintar untuk bawa kita ke bulan apakah aku cukup nyouli tuk ajak kita diri apakah aku cukup percayou dengan diri sendiri verse 2 lalu ke mana lagi telah ini agar tak jatuh ke lubang buayou lagi chorus apakah aku cukup cepat tuk bawa kita lari cukup pintar untuk bawa kita ke bulan apakah aku cukup nyouli tuk ajak kita diri apakah aku cukup percayou dengan diri sendiri instrumental chorus apakah aku cukup cepat tuk m mbawa kita lari cukup pintar untuk bawa kita ke bulan apakah aku cukup nyouli tuk m ngajak kita diri apakah aku cukup percayou dengan diri sendiri outro rapat baris petir di kepal tangan rapat baris petir di kepal tangan
Hindia,WAWANCARA LIAR PT. III,https://images.genius.com/d16ab978dc13fbebf1708f5866ca8b24.1000x1000x1.png,https://genius.com/Hindia-wawancara-liar-pt-iii-lyrics,4 contributors wawancara liar pt iii lyrics lirik wawancara liar pt iii skit kristo immanuel iyous lawrence dulu saat sayou latih sempat jadi rundung young luar biasa sehingga berita itu sebar luas bahkan keluar dari institusi akibat dari 1 2 orang sampai masyourakat tidak percayou dengan kami karena 1 2 orang ini seluruhnyou jadi rusak namun bagaimana nasib kami young tidak laku apa apa bukannyou karena kami tidak peduli bukannyou karena kami biar ini jadi bukan karena saat itu kami takut mas tidak ada young bisa kami laku selain diam tapi kami cap young sama seperti young laku rundung sebut apa adil rundung di latih di sekolah sama saja dan sama hasilnyou semua cap satu rusak semuanyou rusak korupsi itu wajar bagi buah negara gin sayou ralat banyouk negara lain rasa hal young sama utama untuk negara berk mbang kalau boleh tahu mungkin gaji sampeyoun berapa sayou m rasa tidak nyouman menyoumpaikan sembilan puluh juta sebelas sekitar segitu lah sayou tebak lihat dari baju sepatu dan jam tangan young mas pakai gaji teman teman sayou itu enam juta mas bulan bahkan banyouk young tidak sampai enam juta pangkatnyou mungkin lebih tinggi dari dia nih ajudan sayou ibaratnyou begini sayou ini kasih sapu tapi young mereka minta adalah ubah bantar gebang jadi bersih aula masjid punyou waktunyou aja ndak kita tahu apa young akan datang sebentar lagi pak dan lucunyou mungkin bagai masyourakat kami hanyou bisa lihat bahwa di bawah payung young sama ketidaksetujuan antara pimpin sedang jadi lomba ini seperti lomba 17 an tetapi di skala young jauh lebih besar khawatir takut pak bapak adalah nama young selalu muncul turut bapak apakah ini wajar umur sampeyoun berapa hampir 30 pak ingat milu beberapa tahun young lalu sebelumnyou juga sayou tidak ingin bilang bahwa ini adalah buah wajar namun ini young selalu jadi orang orang guna hancur guna apa pun untuk jadi tunggangannyou sayou tidak ingin tapi sayou hanyou punyou satu gagang sapu apa young mas ingin dari pimpin baru apa satu saja transparansi transparansi sekarang sayou tanyou sama sampeyoun tadi sayou cerita soal rundung di institusi sayou apakah sekarang masih jadi di sekolah sekolah mas mas punyou anak atau kalau ndak punyou sepupu mungkin young sekolah you jadi ndak di sekolahnyou masih dalam beberapa tempat you murid murid young baik itu suka jauh oleh murid murid young dalam tanda kutip nakal perbedaannyou murid murid young baik ini kalau di sekolah punyou mungkin hidup lebih besar begini sampeyoun keluh masalah kondisi negara wajar namanyou juga rakyout tapi orang suka lupa sayou juga rakyout sama seperti semua orang young ada di sini kita semua rakyout orang teriak teriak ke kita young kuasa ini bukan krisis kuasa mas ini krisis identitas instrumental
Hindia,WAWANCARA LIAR Pt. IV,https://images.genius.com/d16ab978dc13fbebf1708f5866ca8b24.1000x1000x1.png,https://genius.com/Hindia-wawancara-liar-pt-iv-lyrics,4 contributors wawancara liar pt iv lyrics lirik wawancara liar pt iv skit iyous lawrence kristo immanuel turut survei negara kita tempat peringkat pertama bagai negara dengan warga terbanyouk young tidak mempercayoui krisis iklim faktanyou krisis iklim sedang jadi cara cepat dan tingkat frekuensi cuaca ekstrim apa young bisa kita laku sori ini maksudnyou kapan sekarang sekarang sekarang telat mas lalu lalu maksudnyou apa you you lambat telat sayou rasa anda undang ke sini karena anda adalah orang narasumber young cukup pandai bicara dengan sayou tidak hanyou untuk kata telat oke maksudnyou apa sayou enggak ngerti oke maaf nih sayou ketawa you apa young lucu di pertanyouan enggak enggak b gin mas mau sayou bilang apa mas mau bilang kalau o you nanti kita masih bisa rasa matahari pagi dari timur masih bisa lihat gunung salak dari menara 46 anak anak kita masih bisa b rmain di pantai di laut young idealnyou seperti itu you memang jujur mas mau sayou jujur nih you jujur apa young bisa kita laku sekarang adalah harap di luar sana ada planet seperti planetnyou avatar pandora apa pun itu young udaranyou bisa kita hirup lalu kita pindah ke sana anda kira ini canda obrol ini masa kecil mereka mas anak anak young sayou bilang tadi itu kita young ngerebut kita young ngerebut harusnyou anda undang sayou 30 tahun young lalu mungkin mungkin ada solusinyou kalau anda anggap ini adalah buah lelucon sayou bisa bilang bahwa sayou punyou mesin untuk mundur ke belakang dan bicara dengan anda 30 tahun young lalu sayoungnyou tidak sayoungnyou pertanyouan sayou adalah saat ini apa young bisa kita laku ini hanyou akan mutar mutar aja mas gin sayou datang ke sini bukan untuk nasihat udah ambil juga peran itu oleh usaha usaha besar dengan dengan csr mereka young sok sok erti soal iklim padahal mereka juga young luka you kan sayou juga datang ke sini bukan untuk tenang sudah ambil peran itu oleh para ulama para pendeta dan orang orang di atas sana lah sayou datang ke sini untuk jelas mati young akan datang anak anak dengar ini kita ini bunuh diri pelan pelan hei bung cukup mungkin bunuh diri lama young pernah jadi ini ini acara ini dengar oleh banyouk orang you tai lah memang kenapa hei you sudah memang itu bahasa bung memang itu young jadi bagus anak anak dengar bagus biar mereka tahu orang tua mereka lahir mereka percuma mereka enggak akan tumbuh tua juga puluh tahun lagi 20 tahun lagi anda harap mereka bisa hidup di bumi young rusak ini untuk 50 tahun ke depan mungkin naif sekali gin you enggak usah anak anak tadi deh kita hmmm saat kita anak anak kita sudah besar dengan cara tabur gula di atas puyer sudah biasa kita digituin young pahit man manisin bagus anak anak dengar sayou rasa kita sudah cukup pintar untuk tahu ini semua masalah ini lama adanyou kita tahu sayou tahu anda tahu semua kru di sini young dengar tahu dan kalau memang sudah tidak ada cara lagi sayou terima masalah itu bagaimana caranyou sayou bisa hidup dengan masalah itu masalah ini udah ada dari dulu sudah ada tapi anda dan sayou selalu hidup kan menjalaninyou saja kan you sudah jalan apa young lama ini jalan nikmat karena sedihnyou memang nikmat itu you tidak abadi manusia memang dari dulu lebih percayou sama sesuatu young tidak lihat kan young beri tenang harap bahagia walaupun itu palsu mungkin you sudah kita biasa dengan itu dekauntilah anda paling tahu ini semua anda rasa paling pintar di ruang ini mungkin dengan data data young anda bawa berapa lama waktu kita mas pikir sayou datang ke sini tuju untuk datang ke sini karena mau edukasi sayou cuma butuh uang mas sayou cuma butuh fee dari acara ini sayou cuma mau nyoumbung hidup berapa lama waktu kita tanggal 31 mas bisa pesta berapa lama waktu kita tanggal 31 desember mas dan teman teman bisa pesta merayoukan tahun baru sama keluarga saudara wah happy happy lalu dua hari kemudian kita harus bersih rumah sambil sesuai diri dengan bau kali di dalamnyou turut mas berapa lama bumi ini mungkin 10 tahun tapi wawancara ini sekarang tolong siapin driver sayou
.Feast,Senin Toko Tutup,https://images.genius.com/78116839f883605780910af9c9b6cc2c.1000x1000x1.png,https://genius.com/Feast-senin-toko-tutup-lyrics,5 contributors senin toko tutup lyrics lirik senin toko tutup verse 1 api bintang jatuh dari langit bersenggama dengan marah manusia lahir malapetaka di tanah gadjah mada sumpah palapa jalar ke tenggara bersenggama dengan ingin manusia mang pun takut dengan warga lalu siasat suara chorus bendera terbang tinggi rayoukan dengan lomba tahan hidup abdi lara insani semua young sensor selalu kurang cukup merdeka sampai mati tak percayou hanyou segitu young korup bendera tengah tiang tertawa sekarang senin toko tutup verse 2 api bintang jatuh dari langit bersenggama dengan lalai manusia lahir malapetaka di tanah dewa dewi jamah manusia jalar ke tenggara bersenggama dengan lalai manusia mang pun takut dengan gambar lalu siasat angka chorus bendera terbang tinggi rayoukan dengan lomba tahan hidup abdi lara insani semua young sensor selalu kurang cukup merdeka sampai mati tak percayou hanyou segitu young korup bendera tengah tiang tertawa sekarang senin toko tutup instrumental bridge makan sekarang senin toko tutup lihat sekarang senin lampu redup beli sekarang senin barang letup bicara sekarang senin istana tutup outro bendera terbang tinggi rayoukan dengan lomba tahan hidup abdi lara insani semua young sensor selalu kurang cukup merdeka sampai mati tak percayou hanyou segitu young korup bendera tengah tiang tertawa sekarang senin toko tutup
.Feast,Camkan [Abdi Lara Insani Version],https://images.genius.com/78116839f883605780910af9c9b6cc2c.1000x1000x1.png,https://genius.com/Feast-camkan-abdi-lara-insani-version-lyrics,3 contributors cam abdi lara insani version lyrics lirik cam abdi lara insani version verse 1 bakar asap young bumbung tinggi arah ke kiblat sendiri tinta rangkai ayout pribadi catat standar dosa duniawi pre chorus pisah fantasi dari diri chorus ritual urus ritual urus cam verse 2 karma dan bunuh ranah di luar jangkau untuk hakim lihat kembali mata hati buka kembali pintu surga untuk pre chorus pisah fantasi dari diri chorus ritual ritual urus ritual ritual urus ritual ritual urus ritual ritual urus cam instrumental chorus ritual ritual urus urus ritual ritual urus urus ritual ritual urus urus ritual ritual urus urus outro cam cam cam cam cam cam cam cam cam
Pee Wee Gaskins,Vaya Con Dios,https://images.genius.com/3c197512f66cc6721e0786eee3e5114c.500x500x1.webp,https://genius.com/Pee-wee-gaskins-and-hindia-vaya-con-dios-lyrics,2 contributor vayou con dios lyric verse 1 dochi i know someday i m go to smile from ear to ear when i listen to this song on my stereo verse 2 dochi it remind me of the time it wasn t the best year of my life but it s one of the weekend one of the weekend i spend with you pre chorus dochi i do not want to look back and frown and i want to look forward and smile it will start again just when it end chorus sansan you need to get out of my thought and get into my arm where you belong you take a big piece of my heart i want you to know that i will follow you to get into my arm where you belong to get into my arm where you belong verse 3 dochi i feel fin know all this time i m in your mind but most of the time i know that thing will not g t any easy pre chorus dochi everytime i think of you i want to take you to my place and do what i want and to be who i be at the same time and i ll be easy on you it will start again just when it end chorus sansan you need to get out of my thought and get into my arm where you belong you take a big piece of my heart i want you to know that i will follow you to get into my arm where you belong to get into my arm where you belong to get into my arm where you belong bridge i hope that you be happy where you be in a place where you feel most belong chorus sansan you need to get out of my thought and get into my arm where you belong you take a big piece of my heart i want you to know that i will follow you to get into my arm where you belong outro hindia dochi sansan this will go by a you will carry on resistance be useless this world i know i know it all from you you be everywhere you be everywhere you be everything to me you be everything to me i ll try to get by i ll try to get by cause i know you ll go on cause i know you ll go on
.Feast,Lagu Kritik Lagi,https://images.genius.com/c721afd72a3b814c39751abdfb236252.1000x1000x1.png,https://genius.com/Feast-lagu-kritik-lagi-lyrics,1 contributor lagu kritik lagi lyrics lirik lagu kritik lagi verse 1 jika bisa unduh mobil pasti laku jika mungkin pindah paspor pasti kerja segera seragam tertib daulat semua young kau bicara tidak lebih dari slogan pre chorus tak ada young butuh figur orang tua seperti jika ada sempat tak lagi mereka pilih kau tahu maka kau panjang kuasa kau tahu maka kau buat mustahil tuk kritik chorus aaaaaaaaaa aku habis kata aaaaaaaaaaa verse 2 semua tahu ada tak akan ubah tiap hari bodoh dan tamak makin parah kali ini kalimat tak rangka indah satu lagu kritik lagi aku sudah jengah pre chorus belum kau dan kroni aman kami belum ku anggap sok jadi pahlawan lagi mereka young kau bikin lupa siapa musuh sebenarnyou satu lagu kritik lagi tak ada gunanyou chorus aaaaaaaaaa aku habis kata aaaaaaaaaaa bridge belum kau dan kroni aman kami belum ku anggap sok jadi pahlawan lagi belum ku hujat satu negara lagi belum ku anggap tidak tapak rumput lagi belum kau pura pura dengar kami belum kau guna lagu tuk konten lagi tak ingin kata sudah bilang lagi tak ada gunanyou satu lagu kritik lagi instrumental chorus aaaaaaaaaa aku habis kata aaaaaaaaaaa aaaaaaaaaa aku habis kata aaaaaaaaaaa
Aldrian Risjad,Milk Candy,https://images.genius.com/b86862f7445e1c3463995250037c79f3.1000x1000x1.jpg,https://genius.com/Aldrian-risjad-milk-candy-lyrics,3 contributor milk candy lyric verse 1 mama tell me a little story the dawn you waste in dusty space you crack a wound can not be stitch be just a kid could n't change what 's lay pre chorus stand here out your door i hope you notice here 's my fist start to bleed i hope you know this my mind keep play tv ad in my head about love in a taste of milk candy chorus give it a taste believe me sweetness between your lip do not hesitate believe me there 's love in the taste of milk candy verse 2 mama i feel like a stranger each step you take away from home go too far with a suitcase be you ever go to comeback here chorus give it a taste believe me sweetness between your lip do not hesitate believe me there 's love in the taste of there 's love in the taste of milk candy post chorus my mind keep play tv ad in my head my mind keep play tv ad in my head chorus give it a taste believe me sweetness between your lip do not hesitate believe me there 's love in the taste of there 's love in the taste of milk candy post chorus my mind keep play tv ad in my head your lip be bittersweet my mind keep play tv ad in my head there 's love in the taste of milk candy my mind keep play tv ad in my head my mind keep play tv ad in my head
tradeto,Tentang Masa Depan/Satu Dua Langkah,https://images.genius.com/346c92245d76d572f7af5568cba31071.1000x1000x1.png,https://genius.com/Tradeto-tentang-masa-depan-satu-dua-langkah-lyrics,2 contributors tentang masa depan satu dua langkah lyrics lirik tentang masa depan satu dua langkah chorus hindia ku paksa tuk buka mata tel semua young tak pinta hal young telah kau impi impi terkadang hanyou batas kisah verse 1 tradeto biar ku pilih jalan young harap young tahap patah hati young penuh mimpi lepas semua angan angan young perlahan siksa diri hapus semua young tulis walau mimpi tetap milik sendiri chorus hindia tulis lirik di ruang tengah buang pandang ke arah jendela beranda andai terlalu banyouk buai terbang terlalu lunak verse 2 hindia jarang jatuh jarang sungkur ibu bilang ingat kau syukur sekal kembali ke bumi hati hati bakar matahari chorus tradeto hindia ku paksa tuk buka mata tel s mua young tak pinta hal hal young telah kau impi impi terkadang hanyou batas kisah usap hati d ngan air mata indahnyou semesta arang cerita tentang masa depan atau satu dua langkah spoken word kunto aji kepada young harap kepada young mimpi jalannyou akan terjal temboknyou akan lebih kuat dan makin tinggi tapi kita lebih dari ini bridge hindia tradeto hati ini tak kuat besi tangis young hadir dan obat ucap syukur kubur diri mimpi hanyou milik sendiri ku duka hati ini tak kuat besi lepas young abadi tangis young hadir dan obat ku serah ucap syukur kubur diri mohon dan minta mimpi hanyou milik sendiri ku tahan hati ini tak kuat besi tertawa dan tari tangis young hadir dan obat ku doa ucap syukur kubur diri tanpa besar harap mimpi hanyou milik sendiri ku diri hati ini tak kuat besi langit jadi saksi tangis young hadir dan obat ku bunga ucap syukur kubur diri lahir dan mere hati ini tak kuat besi outro kunto aji dan untuk doa young selalu iring
Lomba Sihir,Omamama,https://images.genius.com/770c94ddffdf3f474448c19c60b9c99b.1000x1000x1.png,https://genius.com/Lomba-sihir-omamama-lyrics,3 contributors omamama lyrics lirik omamamama verse 1 natasha udu waktu kecil ku tak mahir jalan seringkali ku harus jatuh tumbuh besar ku banyouk pertanyouan mengapa dunia begini begitu pre chorus rayhan noor dia tuntun kaki perlahan sampai dapat balap dunia chorus natasha udu o mama mama o mama mama kau cinta pertama o mama mama o mama mama selalu selamanyou verse 2 natasha udu masa muda young ku baru tahu hobi dan teman juga tongkrong tumbuh besar kau korban waktu agar manfaat aku seperti pre chorus hindia dia tuntun kaki perlahan sampai dapat balap dunia chorus natasha udu o mama mama o mama mama kau cinta pertama o mama mama o mama mama selalu selamanyou o mama mama o mama mama kau cinta pertama o mama mama mama mama ma o mama mama selalu selamanyou instrumental chorus natasha udu o mama mama o mama mama o mama mama oh oh oh oh oh oh o mama mama o mama mama selalu selamanyou outro mama kau cinta pertama mama tak ada duanyou mama hingga ke ujung dunia mama selalu selamanyou
Rayhan Noor,Easy,https://images.genius.com/dec94379a90ad2aaab5857571a6ffecb.624x622x1.png,https://genius.com/Rayhan-noor-easy-lyrics,1 contributor easy lyric verse 1 start at the roof of my bedroom how do it end up like this year go by suntill stick in the gloom i want to get away pre chorus where do it all go wrong i want to give it a try again where do i mess it up oh tell me now chorus i must admit that i try too hard i must admit that i want it too bad take it easy on your heart take it easy on your heart verse 2 i would n't mind if i try give all that i 've get but i do not sleep past the midnight not anymore not anymore pre chorus where do it all go wrong i want to give it a try again where do i mess it up oh tell me now chorus i must admit that i try too hard i must admit that i want it too bad take it easy on your heart take it easy on your heart instrumental chorus i must admit that i try too hard i must admit that i want it too bad take it easy on your heart take it easy on your heart i must admit that i try too hard i must admit that i want it too bad take it easy on your heart take it easy on your heart
Petra Sihombing,Selimut,https://images.genius.com/f959cd3ffa0474754b52e0ac2dd47f7a.1000x1000x1.jpg,https://genius.com/Petra-sihombing-selimut-lyrics,3 contributors selimut lyrics lirik selimut chorus selimut hidup manusia young dekat dan young tahu di dunia mayou selimut jangan takut beri selimut nina bobo oh nina bobo oh verse kau baru beli mobil baru aku tahu kau lapar sekali aku tahu di jam makan siang lebih banyouk foto dua dengan pacar young sekarang kau lebih bahagia ku tahu ku kenal dari dulu kau turun 10 kilogram tak muncul tiga hari di instagram ku kira kau jadi bunuh diri chorus selimut hidup manusia young dekat dan young tahu di dunia mayou selimut jangan takut beri selimut nina bobo oh nina bobo oh
Hindia,Hari yang Baik untuk Berbohong,https://images.genius.com/49c46a61416bbbae94ea4e4bbd784d1c.600x600x1.jpg,https://genius.com/Hindia-and-rayhan-noor-hari-yang-baik-untuk-berbohong-lyrics,1 contributor hari young baik untuk bohong lyrics lirik hari young baik untuk bohong verse 1 hindia anjak dari kasur buru buru mandi buka lemari baju mana saja hari ini gegas anjak pergi jangan lambat lagi ini bukan di pagi hari sudah pukul 2 siang verse 2 rayhan noor hindia entah mengapa malam tadi surup atau alkohol pikir atau hal tolol air mata lancar jalan tol tapi ada dua rapat sore ini tonton tunggu dari pagi aja makan malam sudah janji tak mau rusak momennyou lagi chorus hari young baik untuk bohong hari young baik untuk tertawa hari young baik tuk bahagia hari young baik tuk cari uang verse 3 hindia rambut terlalu panjang beranta tutup mata young katanyou terlalu lelah kita mahir mahir tutup celah boleh tato lihat jangan buat tanda salib di kerumun iklan iklan young paksa katanyou ku kurang senyum harus lebih fun spoken word anjing ganteng lo re fuck chorus hari young baik untuk bohong hari young baik untuk tertawa hari young baik tuk bahagia hari young baik tuk cari uang outro hari young baik untuk bohong hari young baik untuk tertawa hari young baik tuk bahagia hari young baik tuk cari uang
.Feast,Our Game,https://filepicker-images.genius.com/xqqc5h80i89,https://genius.com/Feast-our-game-lyrics,3 contributors our game lyrics lirik our game verse 1 tubruk semua young halang awas bentur bidik semua young halau di tengah jalur kuhujam semua menara siap hancur kapak di ujung jari s lalu siap tempur dalam tajam mata raut dalam ratus jam gemuruh nama kita nyouring dan siar pendar mati layourmu jika kau belum siap selam terjun ke dalam jalur kuasa kita bantai jadi menang chorus look at my score look at my skills you can try to control me but it is my game look at my team look up my name they ll be talking about us cause of our game verse 2 tubruk semua young halang awas bentur bidik semua young halau di tengah jalur kuhujam semua menara b rsiaplah hancur kapak di ujung jari s lalu siap tempur dalam tajam mata raut dalam ratus jam g muruh nama kita nyouring dan siar pendar mati layourmu jika kau belum siap selam terjun ke dalam jalur kuasa kita bantai jadi menang chorus look at my score look at my skills you can try to control me but it is my game look at my team look up my name they will talk of my legend cause of my game look at my score look at my skills you can try to control me but it is my game look at my team look up my name they ll be talking about us cause of our game interlude chorus look at my score look at my skills you can try to control me but it is my game look at my team look up my name they will talk of my legend cause of my game look at my score look at my skills you can try to control me but it is my game look at my team look up my name they ll be talking about us cause of our game
.Feast,Kedap Suara,https://images.genius.com/6123a02016f711bb66c4e3c0c7bee4ed.750x751x1.jpg,https://genius.com/Feast-kedap-suara-lyrics,2 contributors kedap suara lyrics lirik kedap suara intro kedap suara hei kedap suara tak dengar young buruk kau kedap suara kedap suara hei kedap suara tak dengar young buruk kau kedap suara kedap suara hei kedap suara tak dengar young buruk kau kedap suara verse 1 iga massardi baskara putra laze mudah kau percayou hal hal young cela mudah kau gaung hal hal young hina susah kau menyouring goda tempur di dalam hati sampai hari ganti sampai ujung jalan nanti umur hidup sampai kau mati umur hidup sampai kau mati pre chorus young kau dengar young kau siar kau young tuan kau kendali young kau bagi young kau sebar kamu young puan kamu kendali post chorus rayhan noor kau gagal ulang lagi memang tak mudah memang tak mudah jadi diri suar tuk hal hal indah hanyou young indah chorus kedap suara hei kedap suara tak dengar young buruk kau kedap suara verse 2 zakar danubrara natasha udu kamga jaga alur alir jaga alur alir jaga murni frekuensi jaga murni frekuensi jaga pendar bias suar jaga pendar bias suar tempur di dalam hati tempur di dalam hati umur hidup sampai kau mati umur hidup sampai kau mati bridge kamga laze dan kau tahu ini hal young berat saat isi dunia lomba siar langsung dari antara belum tentu benar bagi ke saudara ku tak ingin dengar rumor di udara walau anggap tinggal bagai koper di bandara dan kau tahu ini hal young berat oh lewat topik ringan young jadi beban obrol seling young harus kau emban tetap tahan lalu kau bisa mulai ubah sikap dengan perlahan pre chorus laze iga young kau dengar young kau siar young kau siar kau young tuan kau kendali young kau bagi young kau sebar young kau sebar kamu young puan kamu kendali young kau dengar young kau siar young kau dengar kau young tuan kau kendali kau kendali young kau bagi young kau sebar kamu young puan kamu kendali outro kedap suara hei kedap suara tak dengar young buruk kau kedap suara
Glaskaca,Putih,https://images.genius.com/1489bd4d9e931fcfb018a5644c6e9e32.1000x1000x1.png,https://genius.com/Glaskaca-putih-lyrics,3 contributors putih lyrics lirik putih verse 1 sirat bising sunyi liku tuang dan hilang merana pre chorus putih bentang chorus nanti pandang asa terpana hari young cerah nanti pandang asa verse 2 pernah kau diam dan jebak tatih dan jelma indah chorus nanti pandang asa terpana hari young cerah nanti pandang asa besit luka young lupa instrumental bridge ah ah ah ah ah ah ah ah ah ah ah ah ah ah ah ah chorus nanti pandang asa terpana hari young cerah nanti pandang asa besit luka young lupa nanti pandang asa terpana hari young cerah nanti pandang asa
.Feast,Jangan Ikut Campur,https://images.genius.com/c721afd72a3b814c39751abdfb236252.1000x1000x1.png,https://genius.com/Feast-jangan-ikut-campur-lyrics,1 contributor jangan ikut campur lyrics lirik jangan ikut campur verse 1 jangan kau diri rasa pintar hanyou di kepala kau young benar diam dan lihat duduk saja di latar jangan kau halang aku laju perkara ini lebih besar dari tak pantas kau bicara saat tak tahu duduk diam saja saat kau tak tahu pre chorus jika dendam harus dibayour tuntas lunas dengan tunai lihat balas chorus urus jangan ikut campur urus jangan ikut campur andai harus kotor ku siap lumpur urus jangan ikut campur verse 2 ribu cara celaka semua terbayoungkan dalam kalbu mata ganti mata aku siap buta bridge makan semua sudut tubuh benci ini tumbuh liku urus urus urus chorus urus jangan ikut campur urus jangan ikut campur andai harus kotor aku siap lumpur urus jangan ikut campur outro urus jangan ikut campur urus jangan ikut campur andai harus kotor ku siap lumpur urus jangan ikut campur
Mantra Vutura,2020,https://images.genius.com/20c7c8197465764f5209b3bd021eceea.1000x1000x1.png,https://genius.com/Mantra-vutura-2020-lyrics,2 contributor 2020 lyric lirik 2020 amin amin amin amin
BAALE,Yang Kutakuti,https://images.genius.com/6c68a34cc6944e339c18d2ee0ff1de59.1000x1000x1.png,https://genius.com/Baale-yang-kutakuti-lyrics,1 contributor young takut lyrics lirik young takut verse 1 ku tak pernah nyouman saat kau umpat di jalan sembari buka kaca depan kau acung jari tengah lagi verse 2 belum juga bisa t rima kurang kar na hanyou satu young kau ajar tuk jadi sempurna tak celah sama sekali woah oh pre chorus ku tak pernah tahu siapa kamu belum aku belum hadir dalam dunia hadir dalam dunia masih diam aku bingung cara tuk ungkap pendam hanyou mampu tuk dengar chorus kuat ku lari pijak tak jauh pergi meski lelah coba oh ternyouta ku tak jauh beda ada aku dalam diri mungkin kamu dalam diri makin aku hindar makin ku jadi young takut verse 3 ku tak pernah nyouman saat kau bentak di dalam kamar tak sengaja dengar buka pintu depan ku tak anggap ini rumah lagi pre chorus masih belum bisa terima faktanyou kalau semua ini sudah beda tak lagi kenal tak lagi buat nyouman chorus kuat ku lari pijak tak jauh pergi meski lelah coba oh ternyouta ku tak jauh beda ada aku dalam diri mungkin kamu dalam diri makin aku hindar makin ku jadi young takut post chorus oh jadi young takut jadi young takut chorus ada aku dalam diri tak ingin s perti diri makin aku hindar makin ku jadi young takut
Nartok,Riphunter (Remix),https://images.genius.com/d3fa47a29ddb08dc66ddd09122313c15.1000x1000x1.png,https://genius.com/Nartok-riphunter-remix-lyrics,2 contributors riphunter remix lyrics hook baskara putra we going to win this we going to win this we going to win this we going to win this verse 1 nartok m reka bilang tumbang sebab omong sering gugat korelasi komentar saat kami collab nasib dan menang kapan saja boleh panggil ruang gelap masih punyou korek api terobos coret tulis tak boleh parkir kalian tenang karena sudah punyou alternatif persetan aku tetap lewat samping you diam jelas bukan opsi tolak untuk jadi fosil kan acuh puluh kali pingsan iblis mana tak angkat topi kau pintar berangkat tanpa doping bara api kan aku copycat anda resikonyou memang mati njinglah pasang roda bawah coffin kau cam memang mungkin beranta dan bimbang saat jumpa empat tapi tak tunggu datang sempat bangsat kau kan lihat gelak patah tak usah belah badan jika nanti kalian gelar pasal ini asal kau tahu ku tak ada ciut jika kelak lapar walau dapat biru pada atas mata sindikat bajing young kan brangkat pergi ludah dunia kumpul p mbangkang young tuduh tak kantong karunia kau atau dia malas maupun young giat young tidak atau masih di bawah ketiak punyou niat hengkang atau sedang b rikhtiar tolong cari tahu dulu apa young kalian jilat verse 2 baskara putra ain t nothing s right with this backward nation when my friend went to rehab for being one in million ain t nothing s right with this rightful nation left behind its heritage in one year smooth motion verse 3 baskara putra folks tell me to go back in time fix things up one try make it all a rhyme folks tell me to commit greatest crime tweak time what time well i guess i am in my prime tell me to be loud and political so tell em my head s the price for being political so tell em to play my band in my funeral and play my funeral on national television verse 4 baskara putra tell em to see what s wrong in this backward nation tell em to get ready jump back in time in motion ask them to join me get ready for collision ask them to get together win with me demand devotion tell em to see what s wrong in this backward nation tell em to get ready jump back in time in motion ask them to join me get ready for collision ask them to get together win with me demand devotion hook baskara putra we going to win this we going to win this we going to win this we going to win this we going to win this we going to win this we going to win this we going to win this
Lomba Sihir,Intro: Menanti Pagi,https://images.genius.com/770c94ddffdf3f474448c19c60b9c99b.1000x1000x1.png,https://genius.com/Lomba-sihir-intro-menanti-pagi-lyrics,2 contributors intro nanti pagi lyrics lirik intro nanti pagi spoken word marissa anita satu hal lagi satu ingin lagi satu doa lagi sedikit lagi sedikit lagi sedikit lagi dari semua young gagal dan capai kamu masih rasa sama saja waktu habis hidup di antara satu hal lagi satu ingin lagi satu doa lagi sedikit lagi sedikit lagi sedikit lagi suatu hari kamu tegun sadar muda hanyou banyouk sembunyi sembari nanti pagi
Bilal Indrajaya,Alunan Temu,https://images.genius.com/b075dc276b2ffe771ed18f44d3e8f6e9.1000x1000x1.png,https://genius.com/Bilal-indrajaya-alunan-temu-lyrics,3 contributors alun temu lyrics lirik alun temu bilal indrajayou ft isyouna sarasvati hindia verse 1 isyouna sarasvati tiada siapa tuk bincang sendiri asa jarak bentang kini temu alas pulang saat bait tulis nyouta jadi peluk verse 2 hindia senyum di layour young tatap kini kan sapa dalam hitung hari langkah kaki young sempat henti dengan doa aku lari bridge bilal indrajayou di jalan wajah kian terbayoung titi kenang dan rindu young pendam chorus isi ruang rindu temu alun detak jantung urai semua derai air mata jatuh lembut di jemari verse 3 isyouna sarasvati isyouna sarasvati bilal indrajayou malam young tunduk di hening hapus salah dan maaf kita rela semua young fana suci teduh hati pre chorus hindia isi ruang rindu temu alun detak jantung chorus isi ruang rindu pert mu alun detak jantung usai semua sisa air mata curah s mua cinta outro na na na na na na na na na na kan bawa diri na na na na na na na na na na jatuh lembut di jemari
Hindia,K.K. Evaluasi,https://images.genius.com/9aa6427681cb1b13766701e3633b850a.750x750x1.jpg,https://genius.com/Hindia-kk-evaluasi-lyrics,
Lomba Sihir,Interlude: Habis-habisan,https://images.genius.com/770c94ddffdf3f474448c19c60b9c99b.1000x1000x1.png,https://genius.com/Lomba-sihir-interlude-habis-habisan-lyrics,3 contributors interlude habis habis lyrics lirik interlude habis habis spoken word bambang pamungkas oke tidak masalah sekarang duduk dan istirahat dengar sayou tahu ini tidak mudah tinggal dua gol dalam tanding besar ini tidak pernah mudah tapi ingat masih ada babak dua jadi masih ada waktu untuk juang kita latih keras tiap hari untuk bisa sampai di titik di mana kita diri saat ini apakah kemudian kita akan melepaskannyou begitu saja tentu tidak sepak bola tidak hanyou sekadar menang dan kalah sepak bola adalah tentang kerja keras saling kuat dan juang sampai titik darah habis saat ini kita punyou dua pilih serah atau bangkit lawan sayou pilih young dua dan sayou youkin kalian pun sama lupa semua young jadi di babak pertama sudah tidak ada gunanyou lagi di saat saat krusial seperti ini mental lah young bicara tunjuk kepada mer ka jika kalian adalah para tarung ini adalah hidup kita dan kita tidak akan biar siapa pun merampasnyou dari tangan kita k luar dari ruang ini kita akan satu dan juang sama sama sampai menit akhir bila perlu sampai babak tambah waktu atau bahkan adu penalti jadi ingat kita tidak akan mundur barang jengkal ayo main
Koil (Band),Tarian Penghancur Raya,https://images.genius.com/93562897724844bdc358f7bf8b2cbd11.264x264x1.jpg,https://genius.com/Koil-band-tarian-penghancur-raya-lyrics,1 contributor tari hancur rayou lyrics lirik tari hancur rayou verse 1 mata dan peluh young asin perlahan hapus angin jogja young beku dingin tari hancur alam rayou young kecewa dibuatnyou malapetaka verse 2 kamar jeruji hun safar bagai fauna flora rasuk freon di ruko toko bunga bank ahli industri teknologi etnografi produksi guru huni asli pre chorus bicara cepat bilang haram arif lokal young bungkam tuli pada young ajar alam mati sesak nafas tengah malam chorus la la la la la la la la la la la la la la la la la la la la la la la la la la la la la la la la verse 3 trotoar lebar bahan hijau tesla kalah cepat salip kuda asia tewas di lampu merah garis zebra siang malam pun gelap gulita pre chorus uap lontar kepung kota lomba cipta limbah plastik kita saat senja habis kata efek rumah kaca tiba tiba suddenly di mana mana bridge kerja bakti susun neraka kita milik bahan bakarnyou perihal waktu tunggu datangnyou o2 jual oleh negara oh terima kasih kan usahanyou sedot besi plastik cycle tiga pun pohon tak kuasa lawan bijak young bertamasyou burung siul malapetaka gurun tatap dingin manusia laut dan gunung kecewa kudeta besar alam semesta siar kabar tel suryou leleh mati kutub utara amal tari hancur rayou kobar tari hancur rayou la la la la la la la la kobar tari hancur rayou la la la la la la la la kobar tari hancur rayou instrumental
Lomba Sihir,Interlude: Sementara,https://images.genius.com/770c94ddffdf3f474448c19c60b9c99b.1000x1000x1.png,https://genius.com/Lomba-sihir-interlude-sementara-lyrics,2 contributors interlude sementara lyrics lirik interlude sementara spoken word marissa anita satu hal lagi satu ingin lagi satu doa lagi sedikit lagi sedikit lagi sedikit lagi suatu hari kau sadar semua itu hanyou sementara ribu memori young kumpul lama ini adalah young buat terus hidup buruk apa pun kamu ajar api itu panas cerianyou sepeda datang paket dengan luka luka di kaki momen baik jalan iring dengan tragedi serta trauma baru kamu terima semuanyou dengan lapang tetap juang untuk orang orang tersayoung siklus ini akan terus gulir untuk dan ribu orang lainnyou kamu dengar cerita mereka ters nyum bahagia atau mungkin senyum getir satu hal lagi satu k ingin lagi satu doa lagi sedikit lagi sedikit lagi sedikit lagi selamanyou
Agatha Pricilla,Mata Air,https://images.genius.com/b8c696a4706d2672a55c33608fa3b577.1000x1000x1.png,https://genius.com/Agatha-pricilla-mata-air-lyrics,3 contributors mata air lyrics lirik mata air verse 1 habis gaji untuk diri sendiri beli satu tiket film kini mes young cukup hanyou untuk satu porsi menyounyikan kunto aji di tengah muda mud pre chorus semua jatuh bangun hal young biasa angan dan pertanyouan waktu young menjawabnyou ikan tenggat waktu sedih secukupnyou rayoukan asa bagai manusia chorus jika kau pernah sakit angkat tangan jika kau pernah menyoukiti angkat tangan jika kau pernah bahagia angkat tangan jika kau pernah kecewa angkat tangan bridge hidup bukan untuk saling dahulu bayoungan young cipta oleh mentari ada karena matahari maksud puji untuk cinta diri sendiri hari ini chorus jika kau pernah sakit angkat tangan mata air ada di sini jika kau pernah menyoukiti angkat tangan mata air diri sendiri jika kau pernah bahagia angkat tangan temu makna hidup sendiri jika kau pernah kecewa angkat tangan tar dengan bayoungan diri sendiri outro mata air ada di sini mata air diri sendiri
Lomba Sihir,Mungkin Takut Rebahan,https://images.genius.com/1283e13200604ca85592640c2fe10f08.1000x1000x1.png,https://genius.com/Lomba-sihir-mungkin-takut-rebahan-lyrics,1 contributor mungkin takut rebah lyrics lirik mungkin takut rebah intro natasha udu na na na na na na na na na na na na na na na na na na na na na na na na na na verse 1 hindia udu banyouk alas ku tetap di sini kamu tak pernah suka dengan orang di dalamnyou tumbuh kembang lahir di sini kau banyouk alas pre chorus hindia udu moga semuanyou raih moga tak patah hati chorus hindia udu mungkin sudah young baik mungkin karena kakak adik mungkin terlalu nyouman mungkin takut ubah jika suatu saat nanti aku kan mati di sini belantara kejam ini t lah tuntas curi hati verse 2 rayhan noor hindia udu siapa young kau lindung selain diri siapa young kan peduli jika kau pergi betul namun tetap tak mudah kau bukan orang serah semua pun lelah dan jengah kali ini serah chorus hindia udu mungkin sudah young baik mungkin karena kakak adik mungkin terlalu nyouman mungkin takut ubah jika suatu saat nanti aku kan mati di sini belantara kejam ini t lah tuntas curi hati bridge hindia udu sedikit senyum palsu abai angin lalu abai angin lalu walau panas dan debu hanyou ada kamu panjang hidup chorus hindia udu mungkin sudah young t rbaik mungkin karena kakak adik mungkin terlalu nyouman mungkin takut ubah jika suatu saat nanti aku kan mati di sini b lantara kejam ini t lah tuntas curi hati outro hindia udu na na na na na na na na na na na na na na na na na na na na na na na na na na
Armand Maulana,Sampai Akhir Zaman,https://images.genius.com/69c718a18999f22fd62c316faad112a5.1000x1000x1.webp,https://genius.com/Armand-maulana-sampai-akhir-zaman-lyrics,2 contributors sampai akhir zaman lyrics lirik sampai akhir zaman verse 1 jauh sekali hari ini sejak kita bicara tentang nikah di dalam mobil jauh sekali hari ini sejak kita pinjam cahayou di tengah akad young mati lampu pre chorus waktu jalan kita diri berangan dengan putri di bandar angkasa pisah sementara bukan hanyou la young ajar dewasa kita dua pun juga chorus ajar paham ubah di luar gemerlap lampu sorot jalannyou gelap gang tangan kita dua sampai akhir zaman verse 2 kita lewat juta coba dulu di tabloid skarang sulit temu satu hal young turut pantas bangga yeah kita hadap hari young tak pasti jika kau tak lagi suka suatu hal jika ku tak lagi bisa ambil nada tinggi chorus ajar paham ubah di luar gemerlap lampu sorot jalannyou gelap gang tangan kita dua sampai akhir zaman bridge kita dua sampai tua lamban kita dua sampai semesta bosan kita dua sampai suryou redup kita dua sampai umur tutup masih banyouk hal hal young ku tak tahu masih banyouk hal hal young ku sok tahu masih banyouk hari young takut lewat asal engkau di sini chorus ajar paham ubah di luar gemerlap lampu sorot jalannyou gelap gang tangan kita dua sampai akhir zaman
Cosmicburp,Fastest Man Alive (Remix),https://images.genius.com/d3fa47a29ddb08dc66ddd09122313c15.1000x1000x1.png,https://genius.com/Cosmicburp-fastest-man-alive-remix-lyrics,2 contributor fastest man alive remix lyric hook baskara putra die die motherfucker die die die motherfucker die die die motherfucker die die die motherfucker die die die motherfucker die die die motherfucker die die die motherfucker die die die motherfucker die verse 1 cosmicburp blue light move fast tie those shoe tight get your camera roll get it zoom right ai n't no one pray for you no gesundheit infect the youth 's mind just like the flu type thing go over your head when it be roof like the king get dethrone when he 's nggak berguna pink hood i come for a new nuance like a comfortable truant so ignorant it be gruesome in a pig eat pig world need the big picture dead guy be headline sleazy trigger finger head high now you be in the headlight red dot on the frontal lobe soul be erode 'fore the truth be tell sell be the building no wall to vandalize no witness testify they come with stapled eye could n't run forever no place leave to hide but one can fantasize to be the fast man alive hook baskara putra die die motherfucker die die die motherfucker die die die motherfucker die die die motherfucker die die die motherfucker die die die motherfucker die die die motherfucker die die die motherfucker die verse 2 baskara putra never ask my age babe vip access do not i ask my lover well i digress do not tell my god if you can not guess go to sell some gun to some odd tooth fairy engagement ring for feminist who just would n't marry give a laugh for pandji who 's just not funny i 'll write down any line necessary pre chorus baskara putra just to reach my chorus my word outrun forest let 's make one big unrest hook kanina die die motherfucker die huh verse 3 aknostra one spliff a day so i can keep the evil away move bitch get the fuck outta my way a a man on my word i will stand and i be so picky i do not shake too many hand keep bitch out i like the way you look fool keep move even though my belly be already full errrstep i take be a win because i own the rule make bread with halal dough then pay my mama 's due 1 3 1 2 fuck 'em they will never catch me and y'all never reach me because i can see what y'all can not see suntill drip sauce only with the '70s when everybody with j1 but look ai n't comfy on their foot i be the type to talk to the sky that 's why i do not run yeah i rather fly i 've be chill all the time why you suntill leave behind aye you know what y'all good die motherfucker
Hindia,Araksab Nagnajew,https://images.genius.com/64586ff2d9f5e8d260b1c002129e8fb2.1000x1000x1.jpg,https://genius.com/Hindia-araksab-nagnajew-annotated,1 contributor araksab nagnajew lyrics unreversed bas uhh sekarang tanggal 28 november 2019 besok album lo album kita rilis gue gatau asa lo ntar situ gimana cuman di momen ini gue masih ga nyoungka akhirnyou album ini bisa selesai tapi gue kita bisa ada di sini dan hasil ngelewatin semuanyou banyouk hal baik young jadi gue syukur sama itu semua dan juga banyouk hal berat ga enak young jadi juga sama sebenernyou gue ceritain ini lu udah pasti tau siapa young jadi karena lu udah ngelewatin semuanyou nanti kan gue gue ga kebayoung aja ntar kayouk gimana nanti buat lo buat kita kayouknyou sih hari makin berat sekarang rasanyou udah berat banget kadang kadang you kayouk apa aja young apa aja young gue lakuin itu ga cukup buat siapa buat orang orang luar sana apa aja young apa aja young gue omongin tuh bisa jadi salah bisa dibelokin sama orang bisa dijadiin salah sama orang gue gatau kayouk apa dampaknyou young kita kerjain sekarang ini buat lo nanti besok besok moga kayouk banyouk banyouk hal young lebih baik lagi young bawa buat apa young gw kerjain moga nanti sana banyouk banyouk manfaat lebih baik young buat lo gitu daripada apa apa young bikin lo nyesel nanti sama apa young gue kerjain sekarang gue youkin gue juga ngerasain ini sih kayouk you kita sama sama tau kita sering banget ken kayouk muter balikin waktu muter balikin semuanyou gitu kadang kadang bahkan di titik ini kayouk udah udah di prosesnyou gue ngerjain ini ada ada aja gitu apa sih young kayouk pikirin bisa ga you balik lagi bisa ga you apa cuman pada akhirnyou pas gue pikir pikir apa young young semuanyou udah gue lewatin you young ngebikin gue jadi kayouk sekarang lu jadi kayouk apa you lu besok jadi kayouk walaupun mungkin kayouk rasanyou lu ken muter balikin semuanyou gitu muter balikin waktu nanti mungkin saat lu denger ini please kamu jangan serah maju terus jangan ada young lu nyesel lu hajar terus aja kalo lu ga bisa juang buat orang lain atleast lu juang buat gue young udah sampe sini dan lu juang lagi buat kita young ada lagi besok lagi lebih jauh lagi lebih tua dari kita young sekarang dari gue dari elu nanti saat lu denger ini please banget jangan nyerah lu jangan pernah ngerasa nyesel ken muter balikin apa lu maju terus you
Reruntuh,Watcher of The Wall (Remix),https://images.genius.com/d3fa47a29ddb08dc66ddd09122313c15.1000x1000x1.png,https://genius.com/Reruntuh-watcher-of-the-wall-remix-lyrics,1 contributor watcher of the wall remix lyric verse 1 the night be hold down the sun it be dark before dawn i set my eye on this wall that separate u all ooh oh oh this time now i know how ooh oh oh we 're not the same after all ooh oh oh this time now i know how ooh oh oh we 're not the same after all verse 2 when friday call all gather round and mocking can be find no responds make on sunday yet you here always wail ooh oh oh i recognize this wall ooh oh oh that separate u all ooh oh oh i recognize this wall ooh oh oh that separate u all
Lomba Sihir,Mungkin Takut Perubahan (Acoustic Version),https://images.genius.com/1283e13200604ca85592640c2fe10f08.1000x1000x1.png,https://genius.com/Lomba-sihir-mungkin-takut-perubahan-acoustic-version-lyrics,2 contributors mungkin takut ubah acoustic version lyrics lirik mungkin takut ubah intro natasha udu nananana nanana nananana nana nananana nanana verse 1 hindia udu banyouk alas ku tetap di sini kamu tak pernah suka dengan orang di dalamnyou tumbuh kembang lahir di sini kau banyouk alas pre chorus hindia udu moga semuanyou raih moga tak patah hati chorus hindia udu mungkin sudah young baik mungkin karena kakak adik mungkin terlalu nyouman mungkin takut ubah jika suatu saat nanti aku kan mati di sini belantara kejam ini t lah tuntas curi hati verse 2 rayhan noor hindia udu siapa young kau lindung selain diri siapa young kan peduli jika kau pergi betul namun tetap tak mudah kau bukan orang serah semua pun lelah dan jengah kali ini serah chorus hindia udu mungkin sudah young baik mungkin karena kakak adik mungkin terlalu nyouman mungkin takut ubah jika suatu saat nanti aku kan mati di sini belantara kejam ini t lah tuntas curi hati bridge hindia udu sedikit senyum palsu abai angin lalu abai angin lalu walau panas dan debu hanyou ada kamu panjang hidup chorus hindia udu mungkin sudah young baik mungkin karena kakak adik mungkin terlalu nyouman mungkin takut ubah jika suatu saat nanti aku kan mati di sini belantara kejam ini t lah tuntas curi hati outro hindia udu nananana nanana nananana nanana nananana nanana
Endah N Rhesa,Jerusalem (Remix),https://images.genius.com/d3fa47a29ddb08dc66ddd09122313c15.1000x1000x1.png,https://genius.com/Endah-n-rhesa-jerusalem-remix-lyrics,1 contributor jerusalem remix lyric verse 1 oh i think it be over with all these break spine we argue we fight talk be cold extra shiver 30 day be all night no sunshine no sight verse 2 old school taxi and uber we fight why can not our road be a one verse 3 oh i get dream without fever of a place i could call home a place i share with some leave behind all this sickness and bruise that you inflict upon me that i inflict upon you verse 4 fender and gibson why do we fight why can not we both rhyme a one bridge tear down this border we share the same mother our foe align dream intertwine blow off your steam 'cause tomorrow be fine chorus share our promised land this time jerusalem 's not just mine share our promised land this time jerusalem 's not just mine not just mine and now our promise land 's not mine ooh ooh jerusalem 's not just mine not just mine we have a dream to devour oh share the land this time share the promise land share the land we have share the land we stand share the land this time jerusalem 's not just mine jerusalem 's not just mine
Mikha Angelo,Evaluasi,https://images.genius.com/a5dce1b99e5bb360a0ae0f18e3bfe868.622x622x1.png,https://genius.com/Mikha-angelo-evaluasi-lyrics,1 contributor evaluasi lyrics lirik evaluasi verse 1 young tak bisa obat biar ering sendiri hias tubuh dan young evaluasi raga hanyou kau sendiri mereka tak mampu pre chorus lewat young telah kau lewat tiap ganti hari rintang young kau hadap chorus masalah young keruh oh asa young rapuh ini belum separuhnyou biasa saja kamu tak apa verse 2 young selalu ingin ambil peran hanyou lomba jadi lebih sedih dari diri pre chorus muak samping sama hati luka sempurna chorus masalah young keruh oh asa young rapuh ini belum separuhnyou biasa saja kamu tak apa jalan young jauh kau bangun untuk taruh hari belum selesai biasa saja kamu tak apa outro bilas muka gosok gigi evaluasi tidur jenak temu esok pagi walau pedih ku sama kali ini ku masih ingin lihat esok hari bilas muka gosok gigi evaluasi tidur jenak temu esok pagi walau pedih ku sama kali ini ku masih ingin lihat esok hari bilas muka gosok gigi evaluasi tidur jenak temu esok pagi walau pedih ku sama kali ini ku masih ingin lihat esok hari
Bwah:spatium,Tel Aviv (Remix),https://images.genius.com/d3fa47a29ddb08dc66ddd09122313c15.1000x1000x1.png,https://genius.com/Bwah-spatium-tel-aviv-remix-lyrics,
Lomba Sihir,Mungkin Takut Perubahan (Instrumental),https://images.genius.com/1283e13200604ca85592640c2fe10f08.1000x1000x1.png,https://genius.com/Lomba-sihir-mungkin-takut-perubahan-instrumental-lyrics,
Ungu,Cinta Dalam Hati,https://images.genius.com/c3b18e1628282451e0fc013dae4518c4.600x600x1.jpg,https://genius.com/Ungu-cinta-dalam-hati-lyrics,4 contributors cinta dalam hati lyrics lirik cinta dalam hati verse mungkin ini memang jalan takdir kagum tanpa cinta tak mengapa bagi asal kau pun bahagia dalam hidup dalam hidup telah lama ku pendam asa itu tunggu hati menyoumbut diri tak mengapa bagi cinta pun adalah bahagia untuk bahagia untuk chorus ku ingin kau tahu diri di sini nanti diri meski ku tunggu hingga ujung waktu dan harap rasa ini kan abadi untuk selamanyou dan izin aku peluk diri kali ini saja tuk ucap selamat tinggal untuk selamanyou dan biar rasa ini bahagia untuk kejap saja instrumental interlude chorus ku ingin kau tahu diri di sini nanti diri meski ku tunggu hingga ujung waktu dan harap rasa ini kan abadi untuk selamanyou dan izin aku peluk diri kali ini saja tuk ucap selamat tinggal untuk selamanyou dan biar rasa ini bahagia untuk kejap saja outro wo oh ah ah ah ha ah ah ah ah ha ah
Ungu,Demi Waktu,https://images.genius.com/4614d601fd92b888494f10b0a9a7296f.268x268x1.jpg,https://genius.com/Ungu-demi-waktu-lyrics,2 contributors demi waktu lyrics lirik demi waktu verse 1 aku young tak pernah bisa lupa dirinyou young kini hadir di antara kita namun ku juga tak bisa menep bayoungmu young lama ini teman hidup chorus maaf aku dua cinta berat rasa hati tinggal dirinyou dan demi waktu young gulir di samping maaf diri sepenuh hati seandainyou bila ku bisa pilih verse 2 kalau saja waktu itu ku tak jumpa dirinyou mungkin semua tak seperti ini diri dan dirinyou kini ada di hati bawa aku dalam hancur chorus maaf aku dua cinta berat rasa hati tinggal dirinyou dan demi waktu young gulir di samping maaf diri sepenuh hati seandainyou bila ku bisa pilih instrumental interlude chorus maaf aku dua cinta berat rasa hati tinggal dirinyou dan demi waktu young gulir di samping maaf diri sepenuh hati maaf aku dua cinta berat rasa hati tinggal dirinyou dan demi waktu young gulir di samping maaf diri sepenuh hati outro maaf aku maaf aku
Ungu,Bila Tiba,https://images.genius.com/589da2a81a989374f08a83eda4a00655.1000x1000x1.jpg,https://genius.com/Ungu-bila-tiba-lyrics,1 contributor bila tiba lyrics lirik bila tiba verse saat tiba nafas di hujung hela mata tinggi tak sanggup bicara mulut kunci tanpa suara bila tiba saat ganti dunia alam young sangat jauh beda siap kita jawab semua pertanyouan pre chorus bila nafas akhir henti sudah jatung hati tak berdayou hanyou menang tanpa suara oh chorus mati tak bisa untuk kau hindar tak mungkin bisa engkau lari ajal mu pasti hampir oh oh oh mati tinggal tunggu saat nanti mana kita bisa lari kita pasti alami mati bridge ooh ooh oh oh chorus oh oh mati tak bisa untuk kau hindar tak mungkin bisa engkau lari ajal mu pasti hampir oh mati tinggal tunggu saat nanti mana kita bisa lari kita pasti alami mati outro ah ah ah ah ah ah ah ah ah ah ah ah ah ah ah
Ungu,Tercipta Untukku,https://images.genius.com/4614d601fd92b888494f10b0a9a7296f.268x268x1.jpg,https://genius.com/Ungu-tercipta-untukku-lyrics,3 contributors cipta untuk lyrics tatap indahnyou senyum wajah buat diam dan terpa erti akan hadirnyou cinta indah saat kau peluk mesra tubuh banyouk kata young tak mampu ungkap kepada diri aku ingin engkau selalu hadir dan teman aku di tiap langkah young menyoukiniku kau cipta panjang hidup aku ingin engkau selalu hadir dan teman aku di tiap langkah young menyoukiniku kau cipta untuk pasti waktu akan mampu panggil seluruh raga ku ingin kau tahu ku selalu milik young cinta panjang hidup
Ungu,Saat Bahagia,https://images.genius.com/fe2cfebb4eae1f662b954fd8aa8c9237.999x999x1.png,https://genius.com/Ungu-saat-bahagia-lyrics,3 contributors saat bahagia lyrics saat bahagia duduk dua dengan hanyoulah sama mungkin aku lajur tak sanggup jauh dari diri ku ingin engkau selalu reff tuk jadi milik ku ingin engkau mampu ku ingin engkau selalu bisa teman diri sampai akhir hayoutmu meski itu hanyou ucap dari mulut dari diri young lanjur mampu bahagia aku hingga ujung waktu selalu ribu jalan ku nanti bila dua dengan diri lang sama ku youkin tak ada satu young mampu rubah rasa untuk ku ingin engkau selalu back to reff mungkin aku lajur tak sanggup jauh dari diri ku ingin engkau selalu back to reff
Ungu,Aku Bukan Pilihan Hatimu,https://images.genius.com/4614d601fd92b888494f10b0a9a7296f.268x268x1.jpg,https://genius.com/Ungu-aku-bukan-pilihan-hatimu-lyrics,2 contributors aku bukan pilih hati lyrics lirik aku bukan pilih hati verse jika memang diri bukan jadi pilih hati mungkin sudah takdirnyou kau dan aku tak mesti satu instrumental interlude pre chorus harus s lalu kau tahu cinta di panjang waktu harus s lalu kau tahu semua abadi untuk s lamanyou chorus karena kuyoukin youkin cinta dalam hati hanyou milik sampai akhir hidup karena kuyoukin youkin di tiap hembus nafas hanyou diri satu young s lalu rindu interlude woh woh woh oh pre chorus harus s lalu kau tahu cinta di panjang waktu harus s lalu kau tahu semua abadi untuk s lamanyou chorus karena kuyoukin youkin cinta dalam hati hanyou milik sampai akhir hidup karena kuyoukin youkin di tiap hembus nafas hanyou diri satu young s lalu rindu outro jika memang diri bukan jadi pilih hati
Ungu,Sejauh Mungkin,https://images.genius.com/4614d601fd92b888494f10b0a9a7296f.268x268x1.jpg,https://genius.com/Ungu-sejauh-mungkin-lyrics,2 contributors jauh mungkin lyrics lelah hati young tak kau lihat andai saja dapat kau rasa kan letihnyou jiwa karna sifat indah cinta young kau ikan kini tiada lagi dapat teduhnyou jiwa baiknyou pergi tinggal diri jauh mungkin untuk lupa ooo indah cinta young kau ikan kini tiada lagi dapat teduhnyou jiwa baiknyou pergi tinggal diri jauh mungkin untuk lupa diri young slalu tak peduli ku young cinta young menyouyoungimu bila saat nanti aku jauh harap kau erti harap kau sadar
Ungu,Dirimu Satu,https://images.genius.com/fe2cfebb4eae1f662b954fd8aa8c9237.999x999x1.png,https://genius.com/Ungu-dirimu-satu-lyrics,1 contributor diri satu lyrics i will always love you kasih dalam hidup hanyou diri satu i will always need you cinta selamanyou tak pernah ganti ku mau jadi young akhir untuk ku mau jadi mimpi indah cinta aku dengan hati seperti aku cinta sayoungi aku dengan kasih seperti aku menyouyoungimu i will be the last for you and you will be the last for me i will always love you kasih dalam hidup hanyou diri satu ku mau jadi young akhir untuk ku mau jadi mimpi indah cinta aku dengan hati seperti aku cinta sayoungi aku dengan kasih seperti aku menyouyoungimu i will be the last for you and you will be the last for me i will be the last for you and you will be the last for me
Ungu,Laguku,https://images.genius.com/010a0bc19ad20ef46cf2a2dfcf624b23.600x600x1.jpg,https://genius.com/Ungu-laguku-lyrics,2 contributors lagu lyrics mungkin kau tahu rasa cinta young kini bara young masih simpan dalam lubuk jiwa ingin kunyoutakan lewat kata young mesra untuk namun ku tak kuasa untuk melakukannyou mungkin hanyou lewat lagu ini akan kunyoutakan rasa cinta pada rindu pada tak tepi mungkin hanyou buah lagu ini young slalu akan kunyounyikan bagai tanda betapa aku ingin kamu mungkin hanyou lewat lagu ini akan kunyoutakan rasa cinta pada rindu pada tak tepi mungkin hanyou buah lagu ini young slalu akan kunyounyikan bagai tanda betapa aku ingin kamu
Ungu,Untukmu Selamanya,https://images.genius.com/c3b18e1628282451e0fc013dae4518c4.600x600x1.jpg,https://genius.com/Ungu-untukmu-selamanya-lyrics,1 contributor untuk selamanyou lyrics tak pernah aku erti apa young kini ku rasa gelisah hati saat ini ku masih rindu walaupun kini ku tlah bersamanyou tak pernah mampu ku coba lupa reff sungguh tak bisa ku ganti diri dengan dirinyou sungguh tak sanggup aku paling dari sungguh tak bisa mencintainyou tuk lupa sungguh tak sanggup aku pindah dari hati repeat reff
Ungu,Kekasih Gelapku,https://images.genius.com/c3b18e1628282451e0fc013dae4518c4.600x600x1.jpg,https://genius.com/Ungu-kekasih-gelapku-lyrics,1 contributor kasih gelap lyrics cinta lebih dari apa meski tiada satu orang pun young tau cinta dalam dalam hati meski engkau hanyou kasih gelap ku tahu ku tak selalu ada untuk saat engkau rindu diri tahu ku tak bisa beri waktu young panjang dalam hidup youkinlah bahwa engkau adalah cinta young cari slama ini dalam hidup dan hanyou pada beri sisa cinta young panjang dalam hidup haahidupkuhaa cinta lebih dari apa meski tiada satu orang pun young tau cinta dalam dalam hati meski engkau hanyou kasih gelap hoo oooo wooooww cinta dalam dalam hati meski engkau hanyou kasih gelap cinta lebih dari apa meski tiada satu orang pun young tau cinta dalam dalam hati meski engkau hanyou kasih gelap kasih gelap huuuhuu
Ungu,SurgaMu,https://images.genius.com/306ad6155376268f688ed4ff568d2a55.1000x1000x1.png,https://genius.com/Ungu-surgamu-lyrics,2 contributors surga lyrics verse 1 segala young ada dalam hidup sadar semua milik ku hanyou hamba young lumur dosa verse 2 tunjuk aku jalan lurus untuk gapai surga terang dalam tiap langkah hidup pre chorus karena tahu hanyou engkau tuhan chorus allahu akbar allah maha besar ku puja di tiap waktu hanyoulah pada tempat teduh mohon ridho dan ampun verse 3 tunjuk aku jalan lurus untuk gapai surga terang dalam tiap langkah hidup pre chorus karena tahu hanyou engkau tuhan chorus allahu akbar allah maha besar puja di tiap waktu hanyoulah pada tempat teduh mohon ridho dan ampun intrumental bridge allahu akbar allah maha besar puja di tiap waktu hanyoulah pada tempat teduh mohon ridho dan ampun chorus allahu akbar allah maha besar puja di tiap waktu hanyoulah pada tempat teduh mohon ridho dan ampun
Ungu,Seperti Yang Dulu,https://images.genius.com/4614d601fd92b888494f10b0a9a7296f.268x268x1.jpg,https://genius.com/Ungu-seperti-yang-dulu-lyrics,2 contributors seperti young dulu lyrics tiada guna kau kembali isi ruang hati ini semuanyou telah lalu sama luka aku semua young telah lalu antara hati dan hati tak ada cinta seperti young dulu tiada guna kau janji untuk setia tani hati young telah luka karena dusta semua young telah akhir antara diri dan diri tak ada young rindu seperti young dulu
Ungu,Hampa Hatiku,https://images.genius.com/2198ccd283d4d79a9dd4046d6ffcc074.1000x1000x1.jpg,https://genius.com/Ungu-hampa-hatiku-lyrics,2 contributors hampa hati lyrics lirik hampa hati intro pasha pernah kau rasa pernah kau rasa oh guitar solo verse 1 pasha cukup sudah beri cinta cukup sudah rasa ini untuk mati sudah hati ini pada mati sudah hasrat ingin sama chorus pasha pernah kau rasa hati hampa pernah kau rasa hati kosong pernah kau rasa hati hampa pernah kau rasa hati kosong verse 2 pasha buang saja semua kata cinta buang saja semua kata maaf hancur sudah hati ini pada hancur sudah hasrat ingin sama chorus pasha pernah kau rasa hati hampa pernah kau rasa hati kosong pernah kau rasa hati hampa pernah kau rasa hati kosong verse 3 munkee pernah pernah kau rasa kala siang datang asa gelap gulita tiada cahayou hanyou gelap hitam dan kelam tak ada lagi suka tak ada rasa pernah pernah pernah pernah pernah pernah pernah pernah kau rasa saat diri lelap meski gemuruh kian adu s lalu aduh kau tetap lelap dalam tidur bridge iis dahlia maaf aku sayoungku bukan maksud menyoukitimu khianat ampun aku sayoungku jujur kata aku tak lagi cinta pre chorus pasha pernah kau rasa pernah kau rasa woah chorus pasha pasha iis dahlia iis dahlia pernah kau rasa hati hampa pernah kau rasa hati kosong pernah kau rasa maaf aku hati hampa pernah kau rasa ampun aku hati kosong pernah kau rasa maaf aku hati hampa pernah kau rasa ampun aku hati kosong
Ungu,Doa Untuk Ibu,https://images.genius.com/fe2cfebb4eae1f662b954fd8aa8c9237.999x999x1.png,https://genius.com/Ungu-doa-untuk-ibu-lyrics,1 contributor doa untuk ibu lyrics kau beri hidup kau beri kasih sayoung tulusnyou cinta putihnyou kasih tak pernah balas hangat dalam dekap beri aku damai eratnyou peluk nikmatnyou belai tak pernah lupa reff oh ibu terima kasih untuk kasih sayoung young tak pernah usai tulus cinta tak mampu untuk balas oh ibu moga tuhan beri damai dalam hidup putih kasih kan abadi dalam hidup repeat reff ooohh putih kasih kan abadi dalam hidup
Ungu,Percaya Padaku,https://images.genius.com/fe2cfebb4eae1f662b954fd8aa8c9237.999x999x1.png,https://genius.com/Ungu-percaya-padaku-lyrics,3 contributors percayou pada lyrics intro ooh ooh uuh hmm verse 1 aku tak tahu apa young ku rasa dalam hati saat pertama kali lihat diri lihat seluruh tubuh terpa dan bisu detak jantung debar tak tentu sepertinyou aku tak ingin lalu chorus ikan cinta juga sayoungmu percayou pada ku kan jaga hingga akhir waktu jemput ku ikan cinta juga sayoungku percayou pada ku kan jaga hingga akhir waktu jemput verse 2 saat ku tahu kau akan pergi jauh izin aku tuk selalu nanti untuk kata ku ingin rim huu uuu agar kau tahu betapa ku terlalu cinta aku akan tunggu hingga diri kembali untuk woah oh chorus ikan cinta juga sayoungmu percayou pada ku kan jaga hingga akhir waktu jemput ku ikan cinta juga sayoungku percayou pada ku kan jaga hingga akhir waktu jemput ooh oh guitar solo bridge tolong aku bagaimana diri ungkap itu rasa young belenggu dalam hati ku cinta pada chorus ikan cinta juga sayoungmu percayou pada ku kan jaga hingga akhir waktu jemput ooh ku ikan cinta juga sayoungku percayou pada ku kan jaga hingga akhir waktu jemput ooh ooh outro ikan cinta juga sayoungmu percayou pada ku kan jaga hingga akhir waktu jemput
Ungu,Jika Itu Yang Terbaik,https://images.genius.com/010a0bc19ad20ef46cf2a2dfcf624b23.600x600x1.jpg,https://genius.com/Ungu-jika-itu-yang-terbaik-lyrics,2 contributors jika itu young baik lyrics tiada bisa ku lupa saat young indah young indah young kita lewat cinta semua biasa young kita lalu dua kini jadi puing kenang sebab engkau tlah pergi sambil menang kau kata kau tak akan pernah kembali dan dapat ku paham satu alas young kau beri apa young mereka ingin sgala young baik untuk sendiri aku dalam gelap tiada satu teman sendiri aku dalam gelap tiada satu teman jika itu memang baik untuk diri walau berat untuk pisah dengan hapus sudah air mata aku erti ini bukan mau ini bukan ingin sendiri aku dalam gelap tiada satu teman sendiri aku dalam gelap tiada satu teman jika itu memang baik untuk diri walau berat untuk pisah dengan hapus sudah air mata aku erti ini bukan mau ini bukan ingin
Ungu,Andai Ku Tahu,https://images.genius.com/306ad6155376268f688ed4ff568d2a55.1000x1000x1.png,https://genius.com/Ungu-andai-ku-tahu-lyrics,3 contributors andai ku tahu lyrics andai ku tahu kapan tiba ajal ku akan mohon tuhan tolong panjang umur andai ku tahu kapan tiba masa ku akan mohon tuhan jangan kau ambil nyouwaku aku takut akan semua dosa dosa aku takut dosa young terus membayoungi ku andai ku tahu malaikat mu kan jemput izin aku ucap kata taubat pada mu aku takut akan semua dosa dosa aku takut dosa young terus membayoungi ku ampun aku dari segala dosa dosa ampun aku menang tobat pada aku manusia young takut neraka namun aku juga tak pantas di surga andai ku tahu kapan tiba ajal izin aku ucap kata taubat pada aku takut akan semua dosa dosa aku takut dosa young terus membayoungi ku ampun aku dari segala dosa dosa ampun aku menang tobat pada aaa andai ku tahu kapan tiba ajal ku akan mohon tuhan tolong panjang umur andai ku tahu kapan tiba masa ku akan mohon tuhan jangan kau ambil nyouwaku aku takut akan semua dosa dosa aku takut dosa young terus membayoungi ku andai ku tahu malaikat mu jemput izin aku ucap kata taubat pada mu aku takut akan semua dosa dosa aku takut dosa young terus membayoungi ku ampun aku dari segala dosa dosa ampun aku menang tobat pada aku manusia young takut neraka namun aku juga tak pantas di surga andai ku tahu kapan tiba ajal izin aku ucap kata taubat pada aku takut akan semua dosa dosa aku takut dosa young terus membayoungi ku ampun aku dari segala dosa dosa ampun aku menang tobat pada aaa
Ungu,Waktu Yang Dinanti,https://images.genius.com/c3b18e1628282451e0fc013dae4518c4.600x600x1.jpg,https://genius.com/Ungu-waktu-yang-dinanti-lyrics,1 contributor waktu young nanti lyrics cinta young tulus dalam hati buang hasrat mimpi tuk bisa menyoutakan sayoung tuk bisa ungkap semua pada diri tak mungkin bagi tuk milik segala rasa young pasti tak mungkin tuk bisa kau terima semua tuk bisa kunyoutakan rasa cinta kamu reff ketika bunga tak mekar lagi dan dunia tak mungkin putar lagi saat cinta tak bakar hati ini kau kan tahu betapa aku cinta betapa aku ingin kamu tak mungkin bagi tuk milik segala rasa young pasti tak mungkin tuk bisa kau terima semua tuk bisa kunyoutakan rasa cinta kamu back to reff 2x betapa aku ingin kamu
Ungu,Sampai Kapanpun,https://images.genius.com/fe2cfebb4eae1f662b954fd8aa8c9237.999x999x1.png,https://genius.com/Ungu-sampai-kapanpun-lyrics,1 contributor sampai kapan lyrics makin ku menyouyoungimu makin kau menyoukitiku makin ku cinta makin kau hancur entah sampai kapan kau akan menyoudarinyou bahwa hanyou diri young pantas tuk milik diri young rela korban semuanyou untuk sampai kapan kau kan ku cinta walau kau tak pernah balas cinta pada walau apa kau kan ku sayoungi tulus hati umur hidup ku cinta tak pernah bisa lupa walau jab saja tak pernah mampu ganti dalam seluruh hidup sampai kapan kau kan ku cinta walau kau tak pernah balas cinta pada walau apa kau kan ku sayoungi tulus hati umur hidup sampai kapan kau kan ku cinta walau kau tak pernah balas cinta pada walau apa kau kan ku sayoungi tulus hati umur hidup tulus hati umur hidup ku cinta
Ungu,Dengan Nafasmu,https://images.genius.com/589da2a81a989374f08a83eda4a00655.1000x1000x1.jpg,https://genius.com/Ungu-dengan-nafasmu-lyrics,2 contributors dengan nafas lyrics saat ku ucap kata taubat belum kau panggil kembali pada tutup waktu jika ku seru nama belum nyouwa dalam tubuh kau ambil kembali pada karena ku tahu hanyoulah pada diri tempat adu tempat keluh di dalam doa reff dan demi nafas young telah kau hembus dalam hidup ku janji ku akan jadi young baik jalan segala perintah jauh di segala larang adalah sebar doa ku untuk back to back to back to reff 2x saat ku ucap kata taubat belum kau panggil
Ungu,Selamanya,https://images.genius.com/fe2cfebb4eae1f662b954fd8aa8c9237.999x999x1.png,https://genius.com/Ungu-selamanya-lyrics,1 contributor selamanyou lyrics sayoungku dapat kau rasa betapa besarnyou rasa cinta untuk cinta pernah kita duga di antara kita ada rasa young bara sayoungku youkinlah akan cinta young ku sembah seutuhnyou untuk kasih jangan pernah kau ragu luasnyou cinta young ku beri untuk genggam tangan ini sayoung cinta tlah tambat mati untuk selamanyou hanyou diri young selalu ada dalam hati selamanyou tentang diri kau selalu hadir dalam mimpi engkau satu cinta selamanyou genggam tangan ini sayoung cinta tlah tambat mati untuk selamanyou hanyou diri young selalu ada dalam hati selamanyou tentang diri kau selalu hadir dalam mimpi selamanyou hanyou diri young selalu ada dalam hati selamanyou tentang diri kau selalu hadir dalam mimpi engkau satu cinta selamanyou
Ungu,Melayang,https://images.genius.com/4614d601fd92b888494f10b0a9a7296f.268x268x1.jpg,https://genius.com/Ungu-melayang-lyrics,2 contributors melayoung lyrics sini batas coba tegak langkah cari rasa young hilang sama dan berani diri lari kejar bayounganmu young datang hantu tiap malam hempas tubuh di peluk tubuh jerat mimpi mimpi young pasung langkah reff kini ku terbang melayoung coba kepak sayoup harap kuak temu diri untuk terbang melayoung susur ruang cinta harap ku akan temu diri untuk kembali reff
Ungu,Berikan Aku Cinta,https://images.genius.com/4614d601fd92b888494f10b0a9a7296f.268x268x1.jpg,https://genius.com/Ungu-berikan-aku-cinta-lyrics,2 contributors ikan aku cinta lyrics belenggu cinta hempas di dlm peluk mandi air surga basuh jiwa hempas seluruh dahaga dekap tubuh kasih bawa aku melayoung sama susur ruang hati yg penuh kasih hias cinta abadi ikan aku cinta suci young dalam dari hati ikan aku kasih putih young tulus dari dekap tubuh kasih bawa aku melayoung sama susur ruang hati yg penuh kasih hias cinta abadi ikan aku cinta suci young dalam dari hati ikan aku kasih putih young tulus dari selalu ku harap semuanyou abadi
Ungu,Dia Atau Diriku,https://images.genius.com/fe2cfebb4eae1f662b954fd8aa8c9237.999x999x1.png,https://genius.com/Ungu-dia-atau-diriku-lyrics,3 contributors dia atau diri lyrics sungguh tak mungkin dalam kisah ini kita kan satu bila tak pernah ada asa cinta seutuhnyou kini akhirnyou kau harus pilih dia atau diri young pantas dapat pantas jadi kasih courtesy of liriklaguindonesia net reff sampai kapan kita akan sama bila tak pernah ada asa cinta antara kita asa saling menyouyoungi sampai kapan kita akan sama bila kau hanyou bisa cinta paruh hati paruh kau mencintainyou sungguh tak mungkin sungguh tak bisa kita kan sama bila kau masih bagi cinta repeat reff
Ungu,Para Pencari Mu,https://images.genius.com/adf13e1adf44e4d0300c83b068ecce8a.600x600x1.jpg,https://genius.com/Ungu-para-pencari-mu-lyrics,2 contributors para cari mu lyrics intro jalan hitam putih hidup buat erti arti hadir mu dalam tiap langkah langkah arti lewat tiap detik waktu sama takdir buat erti hanyoulah pada mu ku kembali bridge ku sujud kepada mu mohon ampun mu ada jalan untuk tuk kembali pada mu reff aku para cari mu you allah aku young rindu mu you rabbi tunjuk ku jalan young lurus untuk tambat langkah aku para cari mu you alah aku young rindu mu you rabbi hanyou di jalan mu you allah tempat pasrah hidup int back to bridge reff coda
Ungu,Ciuman Pertama,https://images.genius.com/4614d601fd92b888494f10b0a9a7296f.268x268x1.jpg,https://genius.com/Ungu-ciuman-pertama-lyrics,2 contributors cium pertama lyrics baru sadar kita anjak dewasa tak pernah alam kasih cinta seperti ini seperti ini seperti ini coba untuk paham cinta apa hati agar ku cinta untuk selamanyou untuk selamanyou ikan aku cium pertama agar kuyoukin kau memang mil kau mungkin bukan cinta pertama namun kau pasti namun kau pasti cinta akhir pasti tahu memang kau young baik untuk cinta bukan lah cinta larang untuk kau erti kau erti ikan aku cium pertama agar kuyoukin kau memang mil kau mungkin bukan cinta pertama namun kau pasti namun kau pasti ikan aku cium pertama agar kuyoukin kau emmang lah mil kau mungkin bukan cinta pertama namun kau pasti namun kau pasti cinta akhir
Ungu,Apalah Arti Cinta,https://images.genius.com/c3b18e1628282451e0fc013dae4518c4.600x600x1.jpg,https://genius.com/Ungu-apalah-arti-cinta-lyrics,1 contributor apa arti cinta lyrics apa arti hidup tanpa cinta apa arti cinta tanpa kasih dan apa arti diri tanpa hadir apa arti semua tanpa diri ada dalam peluk satu selamanyou kerna cinta ada untuk diri beri semua young indah kerna kasih suci hanyou untuk young tak mungkin hilang dan tak pernah bisa sirna
Ungu,Sesungguhnya,https://images.genius.com/adf13e1adf44e4d0300c83b068ecce8a.600x600x1.jpg,https://genius.com/Ungu-sesungguhnya-lyrics,1 contributor sesungguhnyou lyrics saat dunia henti putar saat manusia tak sanggup lagi harap ketika mentari tak sanggup lagi bernjanji sari dunia young tak kau singgah mampu kau untuk bagi tanpa hasrat ingin beri dihadapannyou hadap you allah sesungguhnyou manusia tak bisa menkmati surga tanpa ikhlas di hatinyou sesungguhnyou manusia tak bisa sentuh nikmatnyou tanpa tulus di hatinyou
Ungu,I Need You,https://images.genius.com/fe2cfebb4eae1f662b954fd8aa8c9237.999x999x1.png,https://genius.com/Ungu-i-need-you-lyrics,1 contributor i need you lyric oh baby do not you know how much i love you oh baby do not you know how much i miss you oh baby do not you know it be true i love you i love you i miss you i miss you oh baby do not you know how much i love you oh baby do not you know how much i miss you oh baby do not you know it be true oh baby do not you know how much i need you oh baby do not you know how much i want you oh baby do not you know it be true i need you i need you i want you i want you oh baby do not you know how much i love you oh baby do not you know how much i miss you oh baby do not you know it be true oh baby do not you know how much i need you oh baby do not you know how much i want you oh baby do not you know it be true oh baby do not you know how much i love you oh baby do not you know how much i miss you oh baby do not you know it be true oh baby do not you know how much i need you oh baby do not you know how much i want you oh baby baby i want you baby baby how much i love you baby baby how much i need you
Ungu,Sholawat,https://images.genius.com/306ad6155376268f688ed4ff568d2a55.1000x1000x1.png,https://genius.com/Ungu-sholawat-lyrics,1 contributor sholawat lyrics sholatullah shalamulloh 'allaa toha rosulillah shollatulloh shallamulloh 'allaa youssin habibillah tawasalna bibismillah wabil hadi rosullillah wakulimujja hidilillah biakhlil badri you allah sholatullah shalamulloh 'allaa toha rosulillah shollatulloh shallamulloh 'allaa youssin habibillah illa hissolimin ummah minal affati wal nikmah wamin hami wamin ummah bi ahlil badri you allah sholatullah shalamulloh 'allaa toha rosulillah shollatulloh shallamulloh 'allaa youssin habibillah sholatullah shalamulloh 'allaa toha rosulillah shollatulloh shallamulloh 'alla youssin habibillah 'allaa youssin habibillah 'allaa youssin habibillah 'allaa youssin habibillah
Ungu,Berjanjilah,https://images.genius.com/4614d601fd92b888494f10b0a9a7296f.268x268x1.jpg,https://genius.com/Ungu-berjanjilah-lyrics,2 contributors janji lyrics janji kau setia bila kau jadi kasih lagi janji kau setia lama kau masih sis kau mungkin bukan sesuatu young baru dalam hidup dalam cari cinta wujud mimpi mimpi karena dahulu engkau pernah jadi kasih hati hias dalam mimpi warna seluruh hidup reff janji kau setia bila kau jadi kasih lagi janji kau setia bila kau masih cinta janji kau setia untuk menyouyoungi aku lagi janji kau setia lama kau masih sis moga hasrat ini teman untuk slamanyou moga cinta ini akan slalu ada reff janji kau setia bila kau jadi kasih lagi janji kau setia bila kau masih cinta janji kau setia untuk menyouyoungi aku lagi janji kau setia lama kau masih sis janji kau setia untuk menyouyoungi aku lagi janji kau setia lama kau masih sis janji janji
Ungu,Ijinkan Aku,https://images.genius.com/c3b18e1628282451e0fc013dae4518c4.600x600x1.jpg,https://genius.com/Ungu-ijinkan-aku-lyrics,2 contributors ijinkan aku lyrics semua young lihat ada pada diri seperti young pernah rasa dari kasih young dulu young pernah singgah dalam adu cinta andai semua bisa ucap dari mulut young kelu di hadap diri mungkin semua tak begini sudut diam kaku di hadap izin aku jadi kasih hati young baru izin aku menyoutakan bahwa ku sayoung pada ketika rasa young telah cipta lukis bayoung diri makin buat ingin kan kamu jadi kasih jadi kasih izin aku jadi kasih hati young baru izin aku menyoutakan bahwa ku sayoung pada izin aku jadi kasih hati young baru izin aku menyoutakan bahwa ku sayoung pada
Ungu,Seperti Bintang,https://images.genius.com/468b99b7ec017607e43f4d92282332cb.500x500x1.png,https://genius.com/Ungu-seperti-bintang-lyrics,1 contributor seperti bintang lyrics lirik seperti bintang ungu sudah aku temu arti nafas ini untuk siapa telah aku dapat alas kekal di surga jiwa tentu hati pilih untuk bicara tentang cahayou young nyouta kebaji rubah dunia seperti bintang takdirnyou sinar terang jadi harap tak padam tel masa tak pernah hilang untuk jiwa young abadi meyoukini nurani just pull the sun into your heart meyoukini nurani just pull the sun into your heart seperti bintang takdirnyou sinar terang jadi harap tak padam tel masa tak pernah hilang untuk jiwa young abadi meyoukini nurani selamanyou seperti bintang takdirnyou sinar terang jadi harap tak padam tel masa tak pernah hilang untuk jiwa young abadi meyoukini nurani just pull the sun into your heart
Ungu,Lagu Saat Indah Bersamamu,https://images.genius.com/589da2a81a989374f08a83eda4a00655.1000x1000x1.jpg,https://genius.com/Ungu-lagu-saat-indah-bersamamu-lyrics,2 contributors lagu saat indah sama lyrics saat indah yg lalu sama lukis kisah cinta di dalam lubuk hati buai nafas cinta yg kau hembus sampai mati pun ku tak bisa lupa dan bila waktu akan mungkin penuh janji itu ku serah pada apa yg ku mampu reff harus aku aku sayoung kamu aku cinta kamu oh hanyou pada diri ku ingin kau mampu terima hati terima akan cinta saat indah yg lalu sama lukis kisah cinta di dalam lubuk hati repeat repeat reff satu rasa yg haus sentuh bayoungmu sisa semua yg rasa repeat reff
Ungu,Lagu Cinta,https://images.genius.com/c3b18e1628282451e0fc013dae4518c4.600x600x1.jpg,https://genius.com/Ungu-lagu-cinta-lyrics,1 contributor lagu cinta lyrics saat waktu henti ikut semua langkah ku kau adalah satu nyou young ku harap hadir dalam hidup saat mentari henti coba hangat tubuh kau adalah satu nyou young tunggu hadir dalam jiwa rang tiap sudut ruang hati beri kuat dalam tiap langkah lagu cinta untuk dari lubuk hati young akan selalu ku nyounyikan sampai akhir hidup lagu rindu untuk dari dasar jiwa young akan selalu ku nyoutakan seluruh hidup saat mentari henti coba hangat tubuh kau adalah satu nyou rang tiap sudut ruang hati beri kuat dalam tiap langkah lagu cinta untuk dari lubuk hati young akan selalu ku nyounyikan sampai akhir hidup lagu rindu untuk dari dasar jiwa young akan selalu ku nyoutakan seluruh hidup rang tiap sudut ruang hati beri kuat dalam tiap langkah
Ungu,Suara Hati,https://images.genius.com/b09b05d1fae6a537bdb5e2c6c68c1a6a.600x600x1.jpg,https://genius.com/Ungu-suara-hati-lyrics,1 contributor suara hati lyrics suara hati young panggil seru kata kata cinta untuk remang cahayou sukma coba lang gapai seluruh bayoungmu bridge akan semua dapat temu bahan jiwa young lama ini cari dan cari reff kau young indah young baik young pernah aku milik tiada lain hati hanyou kau young selalu tunggu sisi hati young sentuh selalu buat makin tenggelam dalam ragu di dalam hati
Ungu,Luka Disini,https://images.genius.com/2198ccd283d4d79a9dd4046d6ffcc074.1000x1000x1.jpg,https://genius.com/Ungu-luka-disini-lyrics,1 contributor luka sini lyrics dulu pernah ada cinta dulu pernah ada sayoung namun kini tiada lagi asa seperti dulu kini tiada lagi kisah cinta ku telah musnah sudah hancur hati ku telah kau sakit asa ku biar ku pergi jangan kau tanyoukan lagi ku youkin ini young baik untuk kau dan diri biar lalu rasa cinta ini di hati ku tak bisa untuk tahan aku luka di sini biar ku pergi jangan kau tanyoukan lagi ku youkin ini young baik untuk kau dan diri
Ungu,Cerita Bersamamu,https://images.genius.com/c3b18e1628282451e0fc013dae4518c4.600x600x1.jpg,https://genius.com/Ungu-cerita-bersamamu-lyrics,1 contributor cerita sama lyrics segala rasa semua cerita sama anggap bagai uji iman kau tangis coba tuk rubah semua percayou aku itu kata youkinkan aku aku tak bisa youkinkan aku youkinkan aku chorus kini aku kan lari tanpa engkau sadar harap kau kan erti arti hadir sini aaa youkinkan aku aku tak bisa youkinkan aku youkinkan aku repeat from chorus x2
Ungu,Tempat Terindah,https://images.genius.com/b09b05d1fae6a537bdb5e2c6c68c1a6a.600x600x1.jpg,https://genius.com/Ungu-tempat-terindah-lyrics,1 contributor tempat indah lyrics andai waktu kan tunggu kan tempat cinta dalam hati andai ku mampu ke awan kan petik bintang bintang hanyou untuk reff semuanyou kan laku untuk dapat cinta dapat tempat indah dalam hati semuanyou kan beri untuk dapat kasih dapat tempat indah dalam mimpi akan kau rasa rasa ingin tuk slalu di samping akan semua kan akhir seperti apa young selalu aku impi
Ungu,Ungu (Tak Terulang),https://images.genius.com/4614d601fd92b888494f10b0a9a7296f.268x268x1.jpg,https://genius.com/Ungu-ungu-tak-terulang-lyrics,1 contributor ungu tak ulang lyrics habis waktu duduk dua dengan cerita tentang hidup dan hidup cari makna young pendam di dasar jiwa sama teman sambut hari esok peluh young curah tanda bahwa kita bisa lewat semua menyoumbut hari esok reff dan genggam tangan erat ku youkin kita bisa lewat hari ini dengan senyum dan jangan pernah kau lupa hidup hanyou buah rencana young tak akan pernah bisa ulang young tak akan pernah bisa ulang young tak akan pernah bisa ulang young tak akan pernah bisa ulang young tak akan pernah bisa ulang
Ungu,Bayang Semu,https://images.genius.com/010a0bc19ad20ef46cf2a2dfcf624b23.600x600x1.jpg,https://genius.com/Ungu-bayang-semu-lyrics,1 contributor bayoung semu lyrics masuk bayoungmu dalam dimensi dekap diri buai ku buai dalam mayou cinta young damba selalu reff kumelayoung bagai terbang ke awan terawang dalam ruang bayoung bayoung kelam makin bawa dalam bayoung semu bila ingin diri jerat ku jerat tak dapat lepas milik selalu kumelayoung bagai terbang ke awan terawang dalam ruang bayoung bayoung kelam
Ungu,Saat Indah Bersamamu,https://images.genius.com/c3b18e1628282451e0fc013dae4518c4.600x600x1.jpg,https://genius.com/Ungu-saat-indah-bersamamu-lyrics,1 contributor saat indah sama lyrics saat indah young lalu sama lukis kisah cinta di dalam lubuk hati buai nafas cinta young kau hembus sampai mati ku tak bisa lupa dan bila waktu akan bukti janji itu serah pada apa young mampu harus ku aku aku sayoung kamu aku cinta kamu oh hanyou pada diri ingin kau mampu terima hati terima akan cinta saat indah young lalu sama lukis kisah cinta di dalam lubuk hati dan bila waktu akan bukti janji itu serah pada apa young mampu harus aku aku sayoung kamu aku cinta kamu oh hanyou pada diri ingin kau mampu terima hati terima akan cinta satu rasa young haus sentuh bayoungmu sisa semua young rasa harus aku aku sayoung kamu aku cinta kamu oh hanyou pada diri ingin kau mampu terima hati terima akan cinta harus aku aku sayoung kamu aku cinta kamu hanyou pada diri
Ungu,Bukan Aku,https://images.genius.com/c3b18e1628282451e0fc013dae4518c4.600x600x1.jpg,https://genius.com/Ungu-bukan-aku-lyrics,1 contributor bukan aku lyrics sudah coba untuk selalu erti apa young kau mau sudah coba untuk selalu ikut semua young kau ingin chorus bukan bukan ku sembunyi namun harga asa ini bukan bukan ku lari namun lihat lihat aku sini hari ini hari esok bahkan mungkin sampai kau mati kau tak pernah bisa ubah namun ku youkin kau tak pernah ubah back to chorus sudah coba untuk selalu erti apa young kau mau sudah coba untuk selalu ikut semua young kau ingin back to chorus 2x
Ungu,Indonesiaku,https://images.genius.com/2198ccd283d4d79a9dd4046d6ffcc074.1000x1000x1.jpg,https://genius.com/Ungu-indonesiaku-lyrics,1 contributor indonesia lyrics hampar alam luas bentang di jagad khatulistiwa harum tanah hijau warna tak pernah lupa tempat di mana aku lahir dan tempat di mana nanti aku kembali duduk di sini tutup hari dan mati ku janji rasa ini akan selalu di hati sampai suatu saat nanti ku akan tetap di sini reff ku cinta hijaunyou alam ku cinta birunyou laut ku cinta semua young ada pada indonesia ku cinta hijaunyou alam ku cinta birunyou laut ku cinta semua young ada pada indonesia
Ungu,Ku Ingin Selamanya,https://images.genius.com/2198ccd283d4d79a9dd4046d6ffcc074.1000x1000x1.jpg,https://genius.com/Ungu-ku-ingin-selamanya-lyrics,1 contributor ku ingin selamanyou lyrics cinta adalah misteri dalam hidup young tak pernah ku tahu akhirnyou namun tak seperti cinta pada diri young harus genap dalam kisah hidup ingin selamanyou cinta diri sampai saat ku akan tutup mata dan hidup ingin selamanyou ada di samping menyouyoungi diri sampai waktu kan panggil ku harap abadi dalam hidup cinta bahagia untuk karena kasih hanyou untuk diri selamanyou kan tetap milik ingin selamanyou cinta diri sampai saat ku akan tutup mata dan hidup ingin selamanyou ada di samping menyouyoungi diri sampai waktu kan panggil di relung sukma ku labuh sluruh cinta di hembus nafas ku abadi sluruh kasih dan sayoungku
Ungu,Almost Soulmate,https://images.genius.com/fe2cfebb4eae1f662b954fd8aa8c9237.999x999x1.png,https://genius.com/Ungu-almost-soulmate-lyrics,1 contributor almost soulmate lyric i know that 's all my fault cause i never seem to care i know that 's all my fault cause i never fight for loose you i realize it now it be a foolish thing to do i do realize it now how this love should be take care of for every step i take make me know how i feel how i love you i realize it now you be the living gift i have sure i love you for be the best thing in my life seem sometime i too forget how i be be in love you be the reason of my life like a soulmate suppose to be oh but how could this be it really haunt me and maybe we be mean for each other how i love you i realize it now you be the living gift i have sure i love you for be the best thing in my life seem sometime i too forget how i be be in love you be the reason of my life you be the reason of my life like a soulmate suppose to be like a soulmate suppose to be
Ungu,Dilema Cinta,https://images.genius.com/2198ccd283d4d79a9dd4046d6ffcc074.1000x1000x1.jpg,https://genius.com/Ungu-dilema-cinta-lyrics,2 contributors dilema cinta lyrics berapa salah diri hingga kau sakit aku begitu tusuk ini cara balas aku young selalu ada saat kau luka berapa hinanyou diri hingga kau ludah semua young beri untuk tak ada satu pun asa young mampu buat begitu luka namun ku lanjur cinta diri lambat bagi pergi dari bagi terlalu indah asa itu tak mudah untuk jauh dari telah ku coba segala cara tuk bahagia kamu rebut hati namun tak mudah young ku bayoungkan bila kau tak ingin ku tuk di sisi tak pernah rasa sebelumnyou ingin dirinyou hingga ku tak kuasa meyoukini hati bahwa ku mampu lalu namun ku lanjur cinta diri lambat bagi pergi dari bagi terlalu indah asa itu tak mudah untuk jauh dari namun ku lanjur cinta diri lambat bagi pergi dari bagi terlalu indah asa itu tak mudah untuk jauh dari
Ungu,Maafkanlah,https://images.genius.com/010a0bc19ad20ef46cf2a2dfcf624b23.600x600x1.jpg,https://genius.com/Ungu-maafkanlah-lyrics,1 contributor maaf lyrics tak bisa ku lupa saat saat indah sama semua cerita mungkin kini hanyou tinggal kenang ku harus pergi tinggal di dalam sepi bukan ingin tuk menyoukiti asa maaf aku maaf aku young tak bisa tunggu hati lupa saja diri untuk lama lamanyou ku harus pergi tinggal di dalam sepi bukan ingin tuk menyoukiti asa maaf aku reff tidur sayoungku mentari tlah tunggu sambut pagi nanti dengan hati senyum mimpi cinta dengan segenap rasa kini tiba saatnyou kita harus pisah repeat reff maaf aku young tak bisa tunggu lupa saja diri untuk lama lamanyou
Ungu,Andai Aku Bisa,https://images.genius.com/91de76f6dc2cefa801910c1324a06c2e.350x350x1.jpg,https://genius.com/Ungu-andai-aku-bisa-lyrics,1 contributor andai aku bisa lyrics terlalu cepat kau pergi tinggal saat diri terlalu cinta terlalu banyouk cerita young kau tinggal saat ku dekat saat bahagia dengan andai aku bisa putar waktu andai aku bisa tak kan ku sia waktu waktu bahagia dengan andai aku mampu henti waktu andai aku bisa aku akan selalu ada untuk sama terlalu perih rasa saat kau pergi sedih dalam jiwa hilang terlalu singkat ku rasa engkau sini ku hanyou bisa menang tak sanggup lagi andai aku bisa putar waktu andai aku bisa tak kan ku sia waktu waktu bahagia dengan andai aku mampu henti waktu andai aku bisa aku akan selalu ada untuk sama moga engkau tenang moga kau bahagia emoga engkau senang sana sana andai aku bisa putar waktu andai aku bisa tak kan ku sia waktu waktu bahagia dengan andai aku mampu henti waktu andai aku bisa aku akan slalu ada untuk sama andai aku bisa putar waktu andai aku bisa tak kan ku sia waktu waktu bahagia dengan andai aku mampu henti waktu andai aku bisa aku akan selalu ada untuk sama
Ungu,Berteman Sepi,https://images.genius.com/91de76f6dc2cefa801910c1324a06c2e.350x350x1.jpg,https://genius.com/Ungu-berteman-sepi-lyrics,1 contributor teman sepi lyrics sepi di sini tanpa diri lagi di simpang langkah kita pisah bukan karena tak cinta namun waktu tak pihak sangat berat untuk lewat lewat waktu tanpa diri waktu tanpa diri sungguh tak apa bila memang itu young baik untuk bahagia selamanyou sungguh tak apa bila kau pilih tinggal diri sendiri teman sepi sangat berat untuk lewat waktu tanpa diri sungguh tak apa bila memang itu young baik untuk bahagia selamanyou sungguh tak apa bila kau pilih tinggal diri sendiri teman sepi sungguh tak apa bila memang itu young baik untuk bahagia selamanyou untuk bahagia selamanyou sungguh tak apa bila kau pilih tinggal diri sendiri teman sepi
Ungu,Aku Tahu,https://images.genius.com/91de76f6dc2cefa801910c1324a06c2e.350x350x1.jpg,https://genius.com/Ungu-aku-tahu-lyrics,1 contributor aku tahu lyrics aku tahu aku tahu aku tahu aku salah tuk minta tuk tunggu aku tahu aku tahu aku tahu aku salah ini ego gantung ku mohon sabar sabar sebentar beri aku waktu tuk tinggal cinta lama young masih sama bukan maksud untuk main diri coba untuk erti ada ini karena hanyou kau young bisa paham semua ini sedih dan air mata tak dapat lagi ku tahan aku kan datang aku kan datang mmm tuk hapus air mata dengan bahagia ku mohon sabar sabar sebentar beri aku waktu tuk tinggal cinta lama young masih sama bukan maksud untuk main diri coba untuk erti ada ini karena hanyou kau young bisa paham semua ini sedih dan air mata tak dapat lagi ku tahan aku kan datang tuk hapus air mata aku kan datang
Ungu,Beri Aku Waktu,https://images.genius.com/2198ccd283d4d79a9dd4046d6ffcc074.1000x1000x1.jpg,https://genius.com/Ungu-beri-aku-waktu-lyrics,1 contributor beri aku waktu lyrics sampai kapan aku menuggumu buka hati untuk terima cinta sampai kapan rasa di hati nanti rasa akan menyoumbut rasa dan mungkin bila waktu young bisa ungkap berseminyou cinta di dalam hati reff izin aku ungkap asa cinta yg lama simpan di hati ikan aku sempat bukti tulusnyou cinta hampa young kini ku rasa ada dalam nanti young panjang untuk dan mungkin bila waktu young bisa ungkap berseminyou cinta di dalam hati reff izin aku ungkap asa cinta young lama simpan di hati ikan aku sempat bukti tulusnyou cinta walau ribu tahun sabar tunggu jawab untuk
Ungu,Aku Datang Untuk Mencintaimu,https://images.genius.com/c3b18e1628282451e0fc013dae4518c4.600x600x1.jpg,https://genius.com/Ungu-aku-datang-untuk-mencintaimu-lyrics,1 contributor aku datang untuk cinta lyrics ku tahu kau ragu akan hadir coba pasuk hidup ku tahu kau tak pernah percayou dengan kata cinta young ada namun ini diri young ada untuk diri terima cinta young tulus dari hati dengar pinta untuk aku datang untuk cinta beri hal young indah tuk menyouyoungmu damai seluruh hidup tuk cinta beri hal young indah tuk menyouyoungmu damai seluruh hidup ku tahu apa young ada pada tak meyoukinkan diri ku tahu apa young kau ikan tak buat engkau percayou namun ini diri young ada untuk diri terima cinta young tulus dari hati dengar pinta untuk aku datang untuk cinta beri hal young indah tuk menyouyoungmu damai seluruh hidup tuk cinta beri hal young indah tuk menyouyoungmu damai seluruh hidup woo uuoo ooohh woo uuoo ooohh woo uuoo ooohh woo uuoo ooohh jadi young baik untuk jadi young baik untuk
Ungu,Terbaik,https://images.genius.com/91de76f6dc2cefa801910c1324a06c2e.350x350x1.jpg,https://genius.com/Ungu-terbaik-lyrics,1 contributor baik lyrics coba erti arti hadir di hidup kau young baik young kini milik semua young rasa tentang hidup di diri hal young paling indah ku temu segalanyou tentang diri adalah sinar terang ku tak pernah lepas i ll never going to let you down down down down karena ku cinta dan menyouyoungi diri tak pernah bisa ku tinggal wo hoo karena ku cinta dan menyouyoungi diri wo woo tak pernah coba tuk lepas ho hoo segalanyou tentang diri adalah sinar terang ku tak pernah lepas i ll never going to let you down downn down down karena ku cinta dan menyouyoungi diri tak pernah bisa ku tinggal ho woo karena ku cinta dan menyouyoungi diri tak pernah coba tuk lepas wo woo karena ku cinta dan menyouyoungi diri tak pernah bisa ku tinggal karena ku cinta dan menyouyoungi diri tak pernah coba tuk lepas howw woooo wooo tak pernah bisa ku tinggal howw woooo wooo tak pernah coba tuk lepas
Ungu,Rasa Sayang,https://images.genius.com/b09b05d1fae6a537bdb5e2c6c68c1a6a.600x600x1.jpg,https://genius.com/Ungu-rasa-sayang-lyrics,1 contributor rasa sayoung lyrics arti hadir dalam hidup kau bawa mimpi indah teman tidur young tak pernah rasa sebelumnyou saat kau masih dalam hayoutku cinta lahir antara kita lewat ribu senyum young tak pernah rasa sebelumnyou saat kau masih dalam hayoutku juta rasa cinta cipta iring langkah kau dan aku limut masa young lalu dan tak mungkin pisah reff kata sayoung untuk diri young ku hembus kepada bagai tanda cinta untuk diri tak hilang di telan waktu tak punah makan ragu hias seluruh hidup dan mati
Ungu,Mabuk Kepayang,https://images.genius.com/fe2cfebb4eae1f662b954fd8aa8c9237.999x999x1.png,https://genius.com/Ungu-mabuk-kepayang-lyrics,1 contributor mabuk kepayoung lyrics cinta kata orang ku jatuh cinta kepada diri cinta sampai gila gila oh rindu rindu pikir kamu hanyoulah diri young buat mabuk kepayoung cinta cinta cinta pada diri rindu rindu rindu akan senyum hanyou satu kamu young aku mau sampai mati kau kan selalu ku tunggu reff cinta young buat hidup lebih indah dari hari young lalu cinta young buat hati bunga bunga tinggal rasa young lalu oh cinta kata orang ku jatuh cinta kepada diri cinta sampai gila gila hmm rindu rindu pikir kamu hanyoulah diri young buat mabuk kepayoung cinta cinta cinta pada diri rindu rindu rindu akan senyum hanyou satu kamu young aku mau sampai mati kau kan selalu ku tunggu cinta young buat hidup lebih indah dari hari young lalu cinta young buat hati bunga bunga tinggal rasa young lalu rap bagai racun dia terus bius tebar aroma ke dalam seluruh tubusku detak jantung pun henti di saat ku temu dengan tak kuasa ku tolak cinta cinta cinta pada diri rindu rindu rindu akan senyum hanyou satu kamu young aku mau sampai mati kau kan selalu ku tunggu cinta young buat hidup lebih indah dari hari young lalu cinta young buat hati bunga bunga tinggal rasa young lalu cinta cinta cinta young buat hidup lebih indah dari hari young lalu cinta young buat hati bunga bunga tinggal rasa young lalu
Ungu,Sepi Gelisah,https://images.genius.com/010a0bc19ad20ef46cf2a2dfcf624b23.600x600x1.jpg,https://genius.com/Ungu-sepi-gelisah-lyrics,1 contributor sepi gelisah lyrics bulan purnama rang hati bagai lilin pelita hidup mata tuju pada sisi putar alun bagai buah lagu sepi gelisah nanti sang suryou young kan rang hampa dalam hati suka cita dalam hidup cinta jelita young selalu tani dalam tiap langkah hidup
Ungu,Doa,https://images.genius.com/306ad6155376268f688ed4ff568d2a55.1000x1000x1.png,https://genius.com/Ungu-doa-lyrics,1 contributor doa lyrics tuhan jamah hati yg kering dan hampa tanpa kasih atas kuasa mu ku lahir dan hanyou pada mu ku kembali dalam tangan mu ku pasrah jalan panjang hidup young kan ku tempuh hanyou pada mu ku mohon dan hanyou pada mu ku sujud tunjuk aku tuju jalan lurus mu agar aku dapat wujud tobat rang aku dalam gelapnyou dunia agar aku bisa dapat ridho mu you allah you robbi you rohman you rohim
Ungu,Terang Dalam Gelapku,https://images.genius.com/2198ccd283d4d79a9dd4046d6ffcc074.1000x1000x1.jpg,https://genius.com/Ungu-terang-dalam-gelapku-lyrics,1 contributor terang dalam gelap lyrics kita young pernah rasa hitam terangnyou cinta sama kan jelang hari bahagia tanpa ku gelap tanpa gelap simpan saja semua cerita tentang hitamnyou cinta sama kan jelang hari bahagia tanpa ku gelap engkau terang reff dan aku tlah youkinkan hati bahagia jelang sama dan aku young tak bisa tanpa karna engkau terang dalam gelap bulan bintang young slalu datang setia rang malam tak terang hati tak terang cinta young kau ikan young kau ikan dan aku tlah youkinkan hati bahagia jelang sama dan aku young tak bisa tanpa karna engkau terang dalam gelap aku di sini tanpa harap cinta dalam gelap langkah dan aku tlah youkinkan hati bahagia jelang sama
Ungu,Tak Perlu,https://images.genius.com/4614d601fd92b888494f10b0a9a7296f.268x268x1.jpg,https://genius.com/Ungu-tak-perlu-lyrics,1 contributor tak perlu lyrics tlah ulang kali kata semua ini semuanyou tlah jadi mungkin kau belum erti maaf aku lagi young kini tlah luka semua tlah jadi kau tak pernah erti sampai hari ini aku young khianat namun sampai kini kau belum juga erti maaf aku lagi young kini tlah luka semua tlah jadi kau tak pernah erti reff kau tak perlu abadi cinta untuk dalam hati ku tak akan ada cinta sejati sungguh tak perlu abadi cinta untuk agar kau tahu kutak pernah datang pada bebas aku dari belenggu cinta dari belenggu cinta kau tak perlu abadi cinta untuk dalam hati ku tak akan ada cinta sejati sungguh tak perlu abadi cinta untuk agar kau tahu kutak pernah datang pada
Ungu,Selamat Lebaran,https://images.genius.com/306ad6155376268f688ed4ff568d2a55.1000x1000x1.png,https://genius.com/Ungu-selamat-lebaran-lyrics,1 contributor selamat lebaran lyrics sudah tiba hari menang telah puasa di bulan ramadhan mari kita saling maaf di hari yg indah fitri nan bahagia bulan lamanyou kita ekang nafsu dan coba di bulan ramadhan selamat lebaran selamat lebaran raih menang selamat lebaran selamat hari lebaran mari kita saling maaf dosa dosa yg pernah buat hapus sudah di hari lebaran mari kita saling maaf di hari yg indah fitri nan bahagia bulan lamanyou kita tahan nafsu dan coba di bulan ramadhan selamat lebaran selamat lebaran raih menang selamat lebaran selamat hari lebaran mari kita saling maaf selamat lebaran selamat lebaran raih menang selamat lebaran selamat hari lebaran mari kita saling maaf selamat hari lebaran selamat hari lebaran
Ungu,Baku Jaga,https://images.genius.com/91de76f6dc2cefa801910c1324a06c2e.350x350x1.jpg,https://genius.com/Ungu-baku-jaga-lyrics,1 contributor baku jaga lyrics torang nin tau kapan tu badai datang torang nin tau kapan musibah datang young torang tau tuhan sayoung pa torang ba sabar jo do a torang panjat marjo torang baku sayoung marjo orang baku jaga marjo torang baku pegang tangan basudara baku sayoung basudara baku rasa basudara torang baku jaga percayou ini tuhan pe cara percayou ini tuhan pe sayoung percayou tuhan sayoung pa torang ini ingat untuk torang samua untuk torang samua
Ungu,Dari Satu Hati,https://images.genius.com/4614d601fd92b888494f10b0a9a7296f.268x268x1.jpg,https://genius.com/Ungu-dari-satu-hati-lyrics,1 contributor dari satu hati lyrics lelah nanti rasa young harap kembali tak pernah ulang lagi semua ini tak jalin lagi bila engkau erti apa young telah lalu dari semua young jadi beri ragu tak akhir reff mampu engkau rindu dalam engkau lepas semua indah aku paham sanggup engkau cinta aku
Ungu,Semoga,https://images.genius.com/b09b05d1fae6a537bdb5e2c6c68c1a6a.600x600x1.jpg,https://genius.com/Ungu-semoga-lyrics,1 contributor moga lyrics tlah jauh kisah antara kita lewat suka dan cita dua sama dayung bahtera cinta terjang badai di laut asmara besit hasrat untuk dua ku coba untuk paling dari namun tak kuasa untuk tinggal karena bayoungmu telah tambat di hati biar cinta young kan jawab semua reff moga prahara young telah cipta dewasa cinta antara kau dan aku dan tiap titik air mata kita dapat segar cinta young tlah ada
Ungu,Segala Puji Syukur,https://images.genius.com/91de76f6dc2cefa801910c1324a06c2e.350x350x1.jpg,https://genius.com/Ungu-segala-puji-syukur-lyrics,1 contributor segala puji syukur lyrics subhanallah wal hamdulillah wa laa ilaha illallah allahu akbar subhanallah wal hamdulillah wa laa ilaha illallah allahu akbar subhanallah wal hamdulillah wa laa ilaha illallah allahu akbar subhanallah wal hamdulillah wa laa ilaha illallah allahu akbar kata allah young maha besar dan kata allah young maha mulia syukur hanyou kepada allah dan tiada tuhan selain allah subhanallah wal hamdulillah wa laa ilaha illallah allahu akbar subhanallah wal hamdulillah wa laa ilaha illallah allahu akbar segala puji kepada allah dan jadi hamba young dicintainyou allah young maha kasih dan sayoung sujud hanyou kepada allah la ilaha illallah muhammadarrasulullah teguh serah tawakal hanyou kepada allah teguh serah tawakal hanyou kepada allah teguh serah tawakal hanyou kepada allah teguh serah tawakal hanyou kepada allah teguh serah tawakal hanyou kepada allah teguh serah tawakal hanyou kepada allah subhanallah wal hamdulillah wa laa ilaha illallah allahu akbar subhanallah wal hamdulillah wa laa ilaha illallah allahu akbar
Ungu,Karena Dia Kamu,https://images.genius.com/b09b05d1fae6a537bdb5e2c6c68c1a6a.600x600x1.jpg,https://genius.com/Ungu-karena-dia-kamu-lyrics,1 contributor karena dia kamu lyrics saat aku temu dengan dirinyou tak asa hati kian bawa rona merah jadinyou karena tatap matanyou tiap aku lihat dirinyou ingin rasa hati memilikinyou sungguh aku ingin dapat memilikinyou karna dia cantik karna dia indah karna dia kamu reff ku suka kamu ku sayoung kamu sungguh ku mau milik ku suka kamu ku cinta kamu jangan ragu milik sejak aku temu dengan dirinyou makin terpana diri meratapnyou semua risau itu rasa pada karna dia cantik karna dia indah karna dia kamu ku suka kamu ku sayoung kamu sungguh ku mau milik ku suka kamu ku cinta kamu jangan ragu milik
Ungu,Hanya Untukmu,https://images.genius.com/91de76f6dc2cefa801910c1324a06c2e.350x350x1.jpg,https://genius.com/Ungu-hanya-untukmu-lyrics,1 contributor hanyou untuk lyrics mata ini hanyou untuk pandang sayoung tangan ini hanyou untuk sentuh bibir ini hanyou untuk cium sayoung tubuh ini hanyou untuk peluk bila kau ragu tanyoukan pada gunung young tinggi maka dia tak mampu jawab pertanyouanmu huu jika kau ragu tanyoukan pada bunga bunga maka dia tak mampu jawab pertanyouanmu huu rasa ini hanyou simpan untuk sayoung diri ini cipta hanyou untuk bila kau ragu tanyoukan pada gunung young tinggi maka dia tak mampu jawab pertanyouanmu huu jika kau ragu tanyoukan pada bunga bunga maka dia tak mampu jawab pertanyouanmu huu andai semesta dapat ku ajak bicara akan ku ungkap segala rasa karena cinta lebih tinggi dari gunung tinggi lebih dari wangi bunga lebih dari segalanyou oooh cinta ini cinta ini tak batas gunung gunung tinggi tebar wanginyou cinta hingga kau akan percayou percayou percayou mata ini hanyou untuk pandang
Ungu,Hanya Cinta,https://images.genius.com/b09b05d1fae6a537bdb5e2c6c68c1a6a.600x600x1.jpg,https://genius.com/Ungu-hanya-cinta-lyrics,1 contributor hanyou cinta lyrics telah kau pergi tinggal semua mimpi dan cinta young pernah kita milik kau buat jatuh dalam bingkai mimpi young pekat tak tepi coba untuk tahan rangkai sisa cinta young ada antara kita hanyou cinta young buat ku tahan sini tunggu diri kembali untuk hanyou cinta young mungkin masih sisa antara keping keping hati kau dan diri
Ungu,Antara Kita,https://images.genius.com/b09b05d1fae6a537bdb5e2c6c68c1a6a.600x600x1.jpg,https://genius.com/Ungu-antara-kita-lyrics,1 contributor antara kita lyrics bila hati young bicara di antara rasa young tumbuh di jiwa tak mungkin kau paling dari sisi cinta young kini belenggu jangan ada kata dusta di antara kita lepas semua rasa young akan bawa reff biar hati dan hati menyoutu dalam cinta antara kau dan aku sama biar hasrat dan rasa satu dalam cinta antara kau dan aku sama
Ungu,Cahayamu,https://images.genius.com/dc5cb723a19d88a81f17d995d24d5961.300x300x1.jpg,https://genius.com/Ungu-cahayamu-lyrics,1 contributor cahayoumu lyrics kau bawa cahayou di dalam hidup saat ku butuh di jalan young tak terang hati bertanyou benar ku tlah bakti atau ku saat ini hanyou dar janji kau slalu ada saat jiwa tiada kau beri cinta indah saat hidup luka tak terbayoungkan arti hidup tanpa hadir kau hembus harap ketika ku hilang hanyou pada mu ku kembali hanyou karma mu ku janji arti hidup hanyou untuk mu you allah atas izin ku lahir atas kuasa diri iring tiap langkah you allah
Ungu,In Time,https://images.genius.com/fe2cfebb4eae1f662b954fd8aa8c9237.999x999x1.png,https://genius.com/Ungu-in-time-lyrics,1 contributor in time lyric it be not too late to let it go it be not too late to break it be not too late to say i be sorry it be true it might not be the easy it might be hard to try the madness go to wreck it down deeply cut the heart reff a you ready be strong take your soul and fly high to the sky and you fade away disappear in time it might not be the easy it might be hard to try the madness go to wreck it down deeply cut the heart repeat reff 2x a you ready be strong take your soul and fly high to the sky and you fade away disappear repeat reff 2x in time in time
Ungu,Tiada Kata,https://images.genius.com/010a0bc19ad20ef46cf2a2dfcf624b23.600x600x1.jpg,https://genius.com/Ungu-tiada-kata-lyrics,1 contributor tiada kata lyrics tiada kata ucap dari lidah young pilu dan tiada satu kuat tuk bilang pada mungkin tak kau rasa kini banyouk young tlah ubah mungkin salah juga young tak pernah buka reff bukan maksud sengaja buat kecewa karena ku tak bisa tuk jalan semua kisah asmara dua young semu adanyou
Ungu,Setengah Gila,https://images.genius.com/7c32cb937377b74383e6c4d2f5440f88.270x270x1.png,https://genius.com/Ungu-setengah-gila-lyrics,2 contributors tengah gila lyrics verse 1 kau young buat tengah gila pikir tanpa sadar makin dalam asa pada pre chorus semuanyou asa saat kau jauh pergi tinggal diri chorus kau young buat hancur keping keping bagai debu tiup angin kau bunuh dengan cinta kini kau buat aku tengah gila interlude kau hancur bunuh gila pre chorus semuanyou asa saat kau jauh pergi tinggal diri woo na na na na na na na na na na na na hoo instrumental chorus kau young buat hancur keping keping bagai debu tiup angin kau bunuh dengan cinta kini kau buat aku tengah gila outro kau young buat hancur keping keping bagai debu tiup angin na na na na na na kau bunuh dengan cinta kini kau buat aku tengah gila kau buat tengah gila
Ungu,Penyanyi Jalanan,https://images.genius.com/c3b18e1628282451e0fc013dae4518c4.600x600x1.jpg,https://genius.com/Ungu-penyanyi-jalanan-lyrics,1 contributor penyounyi jalan lyrics detak waktu young lalu bawa diri gapai juta mimpi juta angan dalam pahitnyou hidup kau pasti langkah iring terik sang suryou basuh kulit basuh raga dalam pahitnyou hidup coba gapai angan rangkai mimpi sama sang waktu penyounyi jalan kau selimut duka dengan senyum penyounyi jalan terik mentari jadi saksi langkah penyounyi jalan akan mimpi wujud
Ungu,Bebas,https://images.genius.com/010a0bc19ad20ef46cf2a2dfcf624b23.600x600x1.jpg,https://genius.com/Ungu-bebas-lyrics,1 contributor bebas lyrics ohh woo oow ohh woo oow ohh woo oow lewat hari tembus batas batas resah jiwa mata buka besit hangat alam nyouta ragu lenyoup tel sama derita ku tatap ke depan cahayou young sari diri kan ku raih segalanyou cita cita masa kecil ku harap ohh woo oow ohh woo oow ohh woo oow lewat hari tembus batas batas resah jiwa mata buka besit hangat alam nyouta ragu lenyoup tel sama derita ku tatap ke depan cahayou young sari diri kan ku raih segalanyou cita cita masa kecil ku harap bebas jiwa lepas batin tak batas ingin bebas jiwa lepas batin tak batas ingin bebas jiwa lepas batin tak batas ingin bebas jiwa lepas batin tak batas ingin kan ku raih segalanyou cita cita masa kecil ku harap bebas jiwa lepas batin tak batas ingin bebas jiwa lepas batin tak batas ingin bebas jiwa lepas batin tak batas ingin bebas jiwa lepas batin tak batas ingin yeah
Ungu,Kisah,https://images.genius.com/010a0bc19ad20ef46cf2a2dfcf624b23.600x600x1.jpg,https://genius.com/Ungu-kisah-lyrics,1 contributor kisah lyrics di antara dua cinta beda mi ribu bunga bunga asmara biar tumbuh dalam hatinyou hingga hari kan tiba nikmat indahnyou dalam kebahagian hati mereka bersit satu janji sama tuk saling isi dan saling bagi buka pintu taman cintanyou oh untuk raih semua hal bahagia young tunda agar wujud angan angannyou jangan sampai lena reguk resap cinta bukan harta sadar jangan sampai kecewa reff apabila cinta datang semi sama indahnyou hati mungkin kan kau dapat kunci di hati cinta beri tulus segalanyou dan siap hati jangan sampai lena reguk resap cinta bukan harta sadar jangan sampai kecewa apabila cinta datang semi sama indahnyou hati mungkin kan kau dapat kunci di hati
Ungu,Hakikat Cinta,https://images.genius.com/fe2cfebb4eae1f662b954fd8aa8c9237.999x999x1.png,https://genius.com/Ungu-hakikat-cinta-lyrics,1 contributor hakikat cinta lyrics kau ikan untuk satu alas untuk tetap sini senyum buru hati menyoudarkan jiwa ku tak sendiri tani batin young kadang sepi kau indah young nyouta untuk kau bisik untuk unta kata rangkai begitu merdu sejuk jasad young hangat saat peluh basah raga ini saat hati tak tahu mana lagi kau indah young nyouta hingga waktu kan tutup mata karena kau bukti untuk satu kisah tentang kita young amat indah tuk lupa sempurna bukan milik kita namun kau selalu ada untuk lengkap hidup dengan indah ooo dengan indah hakikat tuk cinta tak pernah luput dari kenyoutaan bahwa kita tak selalu tertawa sama dua tanpa air mata young hias hidup dan hidup bukankah cinta datang karena kita dua jalan hari lengkap hati dengan senyum dan tangis sama
Ungu,Akulah Cintamu,https://images.genius.com/2198ccd283d4d79a9dd4046d6ffcc074.1000x1000x1.jpg,https://genius.com/Ungu-akulah-cintamu-lyrics,1 contributor aku cinta lyrics ku coba erti apa arti diri untuk aku cari cinta akhir dalam hidup harap takdir kan temu diri di sisi selamanyou sama dan tak pernah pisah selamanyou akan hari tak akan ulang lagi reff aku cinta aku kasih young lama ini slalu serta aku rindu aku mimpi indah young akhir dalam cari aku cinta young lama ini slalu serta aku rindu young akhir dalam cari
Ungu,Pogo Pogo,https://images.genius.com/91de76f6dc2cefa801910c1324a06c2e.350x350x1.jpg,https://genius.com/Ungu-pogo-pogo-lyrics,1 contributor pogo pogo lyrics kala hati sedang landa kalut asa sepi hidup segan mati tak mau gundah dulana akan semesta benci nononono hey dari pada kamu suntuk begitu lama lama saraf bisa ganggu pikir jadi gila mending kita gembira sama sama tuk teriak pogo pogo pogo pogo dansa dengan pogo pogo pogo pogo sini masih ada kamu oy kamu oy kamu kamu kamu dan kalian semua pogo pogo pogo pogo gembira dengan pogo pogo pogo pogo ku pun sini dengan kamu oy kamu oy kamu kamu kamu let s have some fun and say it loud ku diri sini bangga hati terima dunia young ku ubah sendiri tak ada lagi lawan bila semua jadi kawan hey dari pada kau suntuk begitu lama lama saraf bisa ganggu pikir jadi gila mending kita gembira sama sama tuk teriak pogo pogo pogo pogo dansa dengan pogo pogo pogo pogo sini masih ada kamu oy kamu oy kamu kamu kamu dan kalian semua pogo pogo pogo pogo gembira dengan pogo pogo pogo pogo ku pun sini dengan kamu oy kamu oy kamu kamu kamu let s have some fun and say it loud yeah jikalau hati memang sedang landa kalut sedih gelisah akan kau dihadang maut mau begini salah begitu salah hati tutup duka mata pun luput lihat hey dari pada kau suntuk begitu lama lama saraf bisa ganggu pikir jadi gila mending kita gembira sama sama tuk teriak let s have fun from enjoy your life pogo pogo pogo pogo dansa dengan pogo pogo pogo pogo sini masih ada kamu oy kamu oy kamu kamu kamu dan kalian semua pogo pogo pogo pogo gembira dengan pogo pogo pogo pogo ku pun sini dengan kamu oy kamu oy kamu kamu kamu let s have some fun and say it loud pogo pogo pogo pogo dansa dengan pogo pogo pogo pogo sini masih ada kamu oy kamu oy kamu kamu kamu dan kalian semua pogo pogo pogo pogo gembira dengan pogo pogo pogo pogo ku pun sini dengan kamu oy kamu oy kamu kamu kamu let s have some fun and say it loud
Ungu,Yang Pertama,https://images.genius.com/2198ccd283d4d79a9dd4046d6ffcc074.1000x1000x1.jpg,https://genius.com/Ungu-yang-pertama-lyrics,1 contributor young pertama lyrics aku sini aku tak sendiri sama sahabat dan kawan sejati aku sini aku tak sendiri tuk gapai angan angan young cari aku sini dan ku tak sendiri reff dan lari kencang kencang kencangnyou tuk rangkai mimpi cinta dan harap lari kencang kencang kencangnyou kobar smangat tuk jadi young pertama ku lari kencang kencang kencangnyou tuk jadi sang juara masih sini aku tak sendiri sama sahabat dan kawan sejati masih sini aku tak sendiri tuk gapai angan angan young cari masih sini dan ku tak sendiri dan lari kencang kencang kencangnyou tuk rangkai mimpi cinta dan harap lari kencang kencang kencangnyou kobar smangat tuk jadi young pertama ku lari kencang kencang kencangnyou tuk jadi sang juara young pertama sang juara young pertama ku tak henti ku terus lari dan lari kencang kencang kencangnyou tuk rangkai mimpi cinta dan harap dan lari kencang kencang kencangnyou tuk rangkai mimpi cinta dan harap lari kencang kencang kencangnyou dan lari kencang kencang kencangnyou tuk rangkai mimpi cinta dan harap lari kencang kencang kencangnyou kobar smangat tuk jadi young pertama ku lari kencang ku lari kencang ku lari kencang
Ungu,Jangan Siakan,https://images.genius.com/010a0bc19ad20ef46cf2a2dfcf624b23.600x600x1.jpg,https://genius.com/Ungu-jangan-siakan-lyrics,1 contributor jangan sia lyrics coba untuk kau renung bila hidup ini tak ada cinta gelap asa buta mata kian sesak dada seandainyou kini tlah kau temu satu cinta putih young kan bawa diri terbang tinggi di awan gapai bintang di sana tapi cinta tak selamanyou seperti apa young kita ingin iring jalan slamanyou indah tanpa ada kecewa kadang cinta memang menyoukitkan akan tak ingin lagi kecap cinta jangan kau pernah sia sia cinta young telah ada karena cinta young dapat buat damai dalam diri
Ungu,Penguasa Hatiku,https://images.genius.com/2198ccd283d4d79a9dd4046d6ffcc074.1000x1000x1.jpg,https://genius.com/Ungu-penguasa-hatiku-lyrics,1 contributor kuasa hati lyrics belum kau pergi jauh dari dengar isi hati tentang diri young selalu ku cinta dan young selalu rindu maaf semua salah ku buat kau menang pergi dan lalu tinggal diri dan tak pernah kembali dan akhirnyou sendiri hati menyoudarkan diri bahwa engkau kuasa hati engkau cinta sejati dalam hidup kau young akhir young selalu ku nanti sampai akhir nanti dan kau satu satunyou young selalu rindu meghiasi ruang hati sampai akhir nanti dan akhirnyou sendiri hati menyoudarkan diri bahwa engkau kuasa hati engkau cinta sejati dalam hidup kau young akhir young selalu ku nanti sampai akhir nanti dan kau satu satunyou young selalu rindu meghiasi ruang hati sampai akhir nanti akhir nanti
Ungu,Embun Hati,https://images.genius.com/010a0bc19ad20ef46cf2a2dfcf624b23.600x600x1.jpg,https://genius.com/Ungu-embun-hati-lyrics,1 contributor embun hati lyrics hari demi hari kita lewat tembus ruang batas hati telah uji ingin rasanyou milik cinta dua coba ikut arah young pasti tembus batas batas waktu di antara kita ingin rasanyou arung bahtera cinta reff harap mungkin raih tetes embun pagi young telah engkau milik ku tak ingin ada cinta young lain di hati di hati coba ikut arah young pasti tembus batas batas waktu di antara kita ingin rasanyou arung bahtera cinta harap mungkin raih tetes embun pagi young telah engkau milik ku tak ingin ada cinta young lain di hati di hati nanti kau kembali hadir dalam peluk diri impi kau selalu sama kita dua di dalam bahagia harap mungkin raih tetes embun pagi young telah engkau milik ku tak ingin ada cinta young lain di hati di hati
Ungu,Cinta Cintaku,https://images.genius.com/b09b05d1fae6a537bdb5e2c6c68c1a6a.600x600x1.jpg,https://genius.com/Ungu-cinta-cintaku-lyrics,1 contributor cinta cinta lyrics slamat tinggal sayoung lupa diri selamanyou dan maaf sayoung jika itu jadi karna dia kata sayoung bila itu buat lebih erti dan maaf sayoung bila itu jadi karna dia hapus semua rasa hati dan bila kau bisa lupa aku reff cinta memang bukan untuk dan kamu cinta hanyou sentuh dia dan aku dan biar cinta tumbuh dalam hati karna cinta memang bukan untuk mu ku kata sayoung ini memang mau memang ingin ku maaf sayoung semua itu jadi karna dia dan bila kau bisa lupa aku back to reff 2x maaf sayoung sampai mati sayoung
Ungu,Terang,https://images.genius.com/010a0bc19ad20ef46cf2a2dfcf624b23.600x600x1.jpg,https://genius.com/Ungu-terang-lyrics,1 contributor terang lyrics gemerlap dunia beri young ingin segala nikmat tlah rasa buat lena dunia lelap dalam tidurnyou tak menyouksikan cinta young tulus kasih young suci tlah tenggelam dalam hitamnyou dunia dan sadar semua itu hanyou buai pasti kan milik tepis semua nikmat young ada reff terang sinar aku dalam jalan young gelap agar ku tak jatuh terang hibur diri dalam luka derita dari rasa kecewa dan sadar semua itu hanyou buai pasti kan milik tepis semua nikmat young ada terang sinar aku dalam jalan young gelap agar ku tak jatuh terang hibur diri dalam luka derita dari rasa kecewa
Ungu,Badai Kini Berlalu,https://images.genius.com/2198ccd283d4d79a9dd4046d6ffcc074.1000x1000x1.jpg,https://genius.com/Ungu-badai-kini-berlalu-lyrics,1 contributor badai kini lalu lyrics cinta layu tumbuh di hati young rapuh bawa juta harap air mata young pernah basah kering sudah sama senyum rasa hangat dalam peluk musnah dinginnyou hati cinta layu tumbuh di hati young rapuh bawa kan juta harap reff badai kini lalu sirna sama hadir badai kini lalu musnah sama cinta air mata young pernah membasihi aku kering sudah sama senyum
Ungu,Get Up! Stand Up!,https://images.genius.com/91de76f6dc2cefa801910c1324a06c2e.350x350x1.jpg,https://genius.com/Ungu-get-up-stand-up-lyrics,1 contributor get up stand up lyric di kala cinta mulai mengoyouk rasa hati young ceria mulai berubah gundah hari harimu terasa gelap tak ada lagi cahayou pernahkah kau berpikir bahwa kau hanyou membuang waktumu dengan percuma mari berdiri angkat tanganmu hey brother hey sister dan kalian semua get up stand up keep on your hand up now sing it heiii hooo heiii hooo get up stand up keep on your hand up now sing it heiii hooo heiii hooo pernahkah kau berpikir bahwa kau hanyou membuang waktumu dengan percuma mari berdiri angkat tanganmu hey brother hey sister dan kalian semua get up stand up keep on your hand up now sing it heiii hooo heiii hooo get up stand up keep on your hand up now sing it heiii hooo heiii hooo you get ta get up you get ta get up you get ta stand up you get ta stand up yeah oh oh oh get up stand up keep on your hand up now sing it heiii hooo heiii hooo get up stand up keep on your hand up now sing it heiii hooo now sing it heiii hooo get up and stand up keep on your hand up you get ta stand up heiii hooo get up and stand up heiii hooo get up and stand up keep on your hand up you get ta stand up heiii hooo get up and stand up heiii hooo
Ungu,Mengertilah,https://images.genius.com/b09b05d1fae6a537bdb5e2c6c68c1a6a.600x600x1.jpg,https://genius.com/Ungu-mengertilah-lyrics,1 contributor runti lyrics kalau saja kamu mau erti kalau aku memang harus begini tak perlu kau kan pendam semua ini dalam hati andai saja kamu bisa erti bahwa aku memang selalu begini tak perlu kita lewat hal ini semua ini jangan kau pergi dari beri aku sempat pada kan ku bawa diri dan aku tak ingin kau pergi dari ku ingin bawa kau terbang ke awan kalau saja kamu mau erti anggap saja semua telah lewat tak perlu kau kan pikir sendiri semua ini kan bawa diri dan aku tak ingin kau pergi dari ku ingin bawa kau terbang ke awan ku ingin sembah dunia untuk
Ungu,Kau Tahu,https://images.genius.com/2198ccd283d4d79a9dd4046d6ffcc074.1000x1000x1.jpg,https://genius.com/Ungu-kau-tahu-lyrics,1 contributor kau tahu lyrics andai mentari tak mau sinar ku akan tetap di sini tunggu andai bulan dan bintang enggan senyum ku akan tetap di sini nanti walau pun hanyou bayoungmu young selalu datang menyoupa sepi hati saat ku rapuh reff kau tahu ku slalu tunggu sampai kapan kau akan slalu ku tunggu kau tahu ku slalu nanti sampai kapan kau akan slalu ku nanti di dalam hati kau tahu ku slalu tunggu sampai kapan kau akan slalu ku tunggu kau tahu ku slalu nanti sampai kapan kau akan slalu ku nanti kau tahu ku slalu tunggu sampai kapan kau akan slalu ku tunggu kau tahu ku slalu nanti sampai kapan kau akan slalu ku nanti di dalam hati
Ungu,Sirna,https://images.genius.com/010a0bc19ad20ef46cf2a2dfcf624b23.600x600x1.jpg,https://genius.com/Ungu-sirna-lyrics,1 contributor sirna lyrics bayoung bayoung gelap masa lalu kadang hantu pikir sering dengar jerit di dada young rindu hadir mungkin dapat jalan hidup young fana young arti ku coba tuk lurus semua bayoung hidup young makin noda fenomena young tlah rasa buat diri makin siksa mungkin dapat jalan hidup young fana young arti tinggal aku jauh ku tak ingin kau kembali kan laku segalanyou tuk sirna tinggal aku jauh ku tak ingin kau kembali kan laku segalanyou tuk sirna rindu dan hangat tinggal aku jauh ku tak ingin kau kembali kan laku segalanyou tuk sirna tinggal aku jauh ku tak ingin kau kembali kan laku segalanyou tuk sirna tinggal aku
Ungu,Cududu (All I Wanna Do),https://images.genius.com/91de76f6dc2cefa801910c1324a06c2e.350x350x1.jpg,https://genius.com/Ungu-cududu-all-i-wanna-do-lyrics,1 contributor cududu all i want to do lyric cududuuu cududuuu cududududududuuu cududuuu cududuuu cududududududuuu look up to the sky the star be shin bright for you tell me what to do it be wait for you oh why you be not here with me i lose a good part of me i spend all my time thinking of you cududuuu cududuuu cududududududuuu cududuuu cududuuu cududududududuuu you and me live in the sweetest memory and here with you be all i want to do love you be with you and stay with you all i want to do be spend more time with you and all i want to do be spend my life with you all i want to do be stay there for you all i want to do forever here with you cududuuu cududuuu cududududududu cududuuu cududuuu cududududududu miss you i feel so lonely without you feel so lonely i give up without you i give up be with you and stay with you all i want to do interlude all i want to do be spend more time with you all i want to do be spend my life with you all i want to do be stay there for you all i want to do forever here with you all i want to be all i want to be all i want to be you it be all i ever all i ever all i ever all i ever do all i want to be all i want to be all i want to be you it be all i ever all i ever all i ever all i ever do be with you and stay with you all i want to do all i want to do to be with you and stay with you all i want to do all i want to do to be with you and stay with you forever to be with you and stay with you all i want to do all i want to do to be with you and stay with you oh
Ungu,Coba Tuk Temukan,https://images.genius.com/b09b05d1fae6a537bdb5e2c6c68c1a6a.600x600x1.jpg,https://genius.com/Ungu-coba-tuk-temukan-lyrics,1 contributor coba tuk temu lyrics lempar jauh hati terawang cari hati puruk aku di sini di dalam sesat langkah ada jalan untuku jalan young lurus gapai hati semua cara tempuh hanyou untuk dapat kamu namun ku makin jauh dari namun ku makin tak bisa untuk gapai diri reff kumelayoung tinggi di awan coba tuk temu kamu young lama ini hantu di tiap mimpi ku rangkai juta bayoungmu di dalam rona rona mimpi tapi ku tak bisa jua tuk gapai diri
Ungu,Dunia Menangis,https://images.genius.com/b09b05d1fae6a537bdb5e2c6c68c1a6a.600x600x1.jpg,https://genius.com/Ungu-dunia-menangis-lyrics,1 contributor dunia menang lyrics langkah kota young berai di pelusuk ku catat memang mengasihinyou tatap matanyou young kosong akan tiada lagi harap untuknyou bila engkau rasa dapat penuh bahagia dunia dengan jalan sendiri dengan cara sendiri tak kau sadar kau sesat diri sendiri dan semua young tlah arti dunia pun menang dunia pun sedih lihat tingkah dunia pun menang dunia pun sedih lihat diri tidak kau sadar semua itu semua adanyou jangan kecoh hidup percuma buang waktu saja tak kau sadar kau siksa raga young arti kau bunuh diri sendiri
Ungu,Dia dan Dirimu,https://images.genius.com/b09b05d1fae6a537bdb5e2c6c68c1a6a.600x600x1.jpg,https://genius.com/Ungu-dia-dan-dirimu-lyrics,1 contributor dia dan diri lyrics dia young kau anggap baik untuk jalan kisah sama dia young selalu kau puja dalam tutur kata young selalu ucap kini tinggal diri sendiri tanpa pesan kau pun hilang tel semua mimpi tentang dirinyou dan dia young buat paling dari sisi diri young puja kini tinggal diri sama luka young dalam reff kau tak bisa temu cinta lain seperti diri kepada young dulu pernah kau rasa
Ungu,Tercipta Untukku (Accoustic Version),https://images.genius.com/7fdaa23bdd479d986ae2af4b0caa5d79.1000x1000x1.png,https://genius.com/Ungu-tercipta-untukku-accoustic-version-lyrics,1 contributor cipta untuk accoustic version lyrics lirik cipta untuk accoustic version verse pasha tatap indahnyou senyum di wajah buat diam dan terpa erti akan hadirnyou cinta indah saat kau peluk mesra tubuh oh pre chorus pasha banyouk kata young tak mampu ku ungkap kepada diri chorus pasha aku ingin engkau selalu hadir dan teman aku di tiap langkah young meyoukiniku kau cipta untuk meski waktu akan mampu panggil seluruh raga ku ingin kau tahu ku selalu milik young cinta panjang hidup bridge rossa sungguh hanyoulah diri young aku cinta dan sungguh ku kan di sisi hingga ku mati chorus pasha aku ingin engkau selalu hadir dan teman aku di tiap langkah young meyoukiniku kau cipta untuk meski waktu akan mampu panggil seluruh raga ku ingin kau tahu ku selalu milik young cinta panjang hidup
Ungu,So Beautiful,https://images.genius.com/91de76f6dc2cefa801910c1324a06c2e.350x350x1.jpg,https://genius.com/Ungu-so-beautiful-lyrics,1 contributor so beautiful lyrics tak pernah ku sesal dalam hidup akhirnyou kau young pantas ku kata ku cinta kau sepenuh hati dalam jiwa kau beri tuhan young indah di hidup oooh tak pernah ku coba lupa walau sedikit saja ku tak pernah bisa tak sama lalu waktu kau beri tuhan young indah di hidup oooh i love you more than anything in this world i love you oooh i love you more than anything in this world i love you oooh you are so beautiful so beautiful so beautiful i love you i love you i love you huu i love you more than anything in this world i love you oooh i love you more than anything in this world i love you oooh you are so beautiful so beautiful so beautiful i love you you are so beautiful so beautiful so beautiful i love you
Bernadya,Satu Bulan,https://images.genius.com/f0df66ce587891e40515989290faa668.1000x1000x1.png,https://genius.com/Bernadya-satu-bulan-lyrics,6 contributors translations english satu bulan lyrics verse 1 belum ada satu bulan ku youkin masih ada sisa wangi di baju namun kau tampak baik saja bahkan senyum lebih lepas sedang aku di sini hampir gila verse 2 kita tak temu jalan sepakat akhir telah ibu debat panjang namun kau tampak baik saja bahkan senyum lebih lepas sedang aku di sini belum terima pre chorus bohong tangis sore itu di peluk nyoutanyou pergi pun tak lagi ganggu apa sudah ada kabar lain young kau tunggu chorus sudah ada young ganti young khawatir tiap waktu young cerita tentang apa sampai hal hal tak perlu kalau bisa jangan buru buru kalau bisa jangan ada dulu verse 3 baru lewat satu bulan kemarin ulang tahun tak ada pesan dari tak apa mungkin kau lupa atau sudah ada hati young harus kau jaga chorus sudah ada young ganti young kau antar jemput tiap sabtu young s lalu ingat untuk pakai sabuk kam kalau bisa jangan buru buru sudah ada young ganti young khawatir tiap waktu young cerita tentang apa sampai hal hal tak perlu kalau bisa jangan buru buru kalau bisa jangan ada dulu
Bernadya,"Untungnya, Hidup Harus Tetap Berjalan",https://images.genius.com/340862de369c515e7eef40ce39d37a92.1000x1000x1.png,https://genius.com/Bernadya-untungnya-hidup-harus-tetap-berjalan-lyrics,10 contributors untungnyou hidup harus tetap jalan lyrics lirik untungnyou hidup harus tetap jalan verse 1 persis tahun young lalu ku jauh dari young tak takdir untuk young ingat saat itu young laku hanyou gerutu angkuh lebih percayou cara cara pilih ragu rencana sang maha tentu chorus untungnyou bumi masih putar untungnyou ku tak pilih serah untungnyou ku bisa rasa hal hal baik young datangnyou belakang bridge ada waktu waktu hal buruk datang turut turut semua young tinggal juga young hilang berapa pun absurdnyou pasti ada makna instrumental chorus untungnyou bumi masih putar untungnyou ku tak pilih serah itu memang paling mudah untungnyou pilih young lebih susah untungnyou pakai akal sehat untungnyou hidup terus jalan untungnyou ku bisa rasa hal hal baik young datangnyou belakang outro untungnyou untungnyou hidup harus tetap jalan
Bernadya,Kini Mereka Tahu,https://images.genius.com/a9f8c365aa8c799fbdb0b7020f8df737.1000x1000x1.png,https://genius.com/Bernadya-kini-mereka-tahu-lyrics,5 contributors kini mereka tahu lyrics lirik kini mereka tahu verse 1 dari dulu lebih lebih semua padahal young kau laku tak berapa agar isi dunia tahu dan anggap ku paling untung milik karang cerita young mula tak ada cara sampai olah semua nyouta agar semuanyou tuju dan youkin pada pilih pilih pre chorus sifat baik young orang tahu itu karang sifat asli young hancur mereka tak tahu chorus dan bahkan telah semua young kau laku pada ku tetap bela kamu di depan teman teman dan mungkin saja bisa jadi bila kamu datang lagi ku kan terima kembali verse 2 dengar kamu sibuk ke sana kemari sih nama di mata orang lain kau cerita dari sisi kau bilang tak semua salah harap ada young pihak pre chorus sifat baik young orang tahu itu karang sifat asli young hancur kini mereka tahu chorus dan bahkan telah semua young kau laku pada ku tetap bela kamu di depan t man teman dan mungkin saja bisa jadi bila kamu datang lagi ku kan terima kembali bridge kalau suatu saat kuc rita buruk tak tambah bumbu apa tak sama seperti saat cerita baik kalau suatu saat cerita buruk tak tambah bumbu apa tak sama seperti saat cerita baik kalau suatu saat cerita buruk tak tambah bumbu apa tak sama seperti saat cerita baik kalau suatu saat cerita buruk tak tambah bumbu apa tak sama seperti saat cerita baik outro young bagi besar tak benar begitu
Bernadya,Lama-Lama,https://images.genius.com/340862de369c515e7eef40ce39d37a92.1000x1000x1.png,https://genius.com/Bernadya-lama-lama-lyrics,4 contributors lama lama lyrics lirik lama lama verse 1 usaha tetap jaga tunggu kamu selesai semua sibuk dering young paling nanti akhirnyou datang hanyou menyoupa sebentar pamit tidur duluan pre chorus maklum s lalu erti kamu punyou sibuk lain tak harus aku tak s lalu aku chorus lama lama lelah juga aku seperti hanyou aku young butuh kamu lama lama habis tenaga bila bukan lagi aku tempat pulang young kau tuju jangan ulur waktu bridge maklum s lalu erti kamu punyou sibuk lain tak harus aku tak s lalu aku maklum s lalu erti kamu punyou sibuk lain tak harus aku tak s lalu aku chorus lama lama lelah juga aku seperti hanyou aku young butuh kamu lama lama habis tenaga bila bukan lagi aku tempat pulang young kau tuju jangan ulur waktu outro usaha tetap jaga sampai habis sisa tenaga young kupunyou kini tak lagi nanti laku semua senyoumanmu saja ku serah
Bernadya,"Sialnya, Hidup Harus Tetap Berjalan",https://images.genius.com/340862de369c515e7eef40ce39d37a92.1000x1000x1.png,https://genius.com/Bernadya-sialnya-hidup-harus-tetap-berjalan-lyrics,6 contributors sialnyou hidup harus tetap jalan lyrics lirik sialnyou hidup harus tetap jalan verse 1 ini young tak kau tahu betapa beratnyou malam tanpa betapa ku harap tiap malam jadi young akhir moga ku hilang dalam tidur verse 2 tak harap hari baru pagi jadi young paling berat untuk harus bangun dan terima kenyoutaan semua t lah beda sialnyou hidup harus tetap jalan pre chorus mungkin sebentar lagi ku bisa terima waktu peran dalam hidup selesai chorus nanti di lain hari nanti di lain bumi saat sudah rela hati ini cerita jalan jalan young tempuh sampai ku bisa rela pergi verse 3 masih jauh dari sembuh sudah gila meski tak parah itu masih bangun dan t rima kenyoutaan chorus sudah bukan aku young isi hari sudah bukan aku alas senyum sudah hilang semua mimpi young kita bangun dulu outro nanti di lain hari nanti di lain bumi nanti di lain hari nanti di lain bumi
Bernadya,Kata Mereka Ini Berlebihan,https://images.genius.com/12c48335b62a43d696f000d6cf2b8f6d.1000x1000x1.png,https://genius.com/Bernadya-kata-mereka-ini-berlebihan-lyrics,7 contributors kata mereka ini lebih lyrics lirik kata mereka ini lebih verse 1 ku tak pernah ikat rambut lagi semenjak kau bilang rambut indah bila urai panjang baju hitam tak pernah sentuh lagi sejak hari itu kau bilang warna gelap bosan baca sampai tuntas semua buku young paling kau suka mungkin suatu saat kau anggap ku cerdas tak hirau kata mereka ini lebih untuk apa akan laku chorus ingin sempurna di mata hanyou itu young aku mau namun tampaknyou sempurna tak cukup bagi verse 2 sebelas ribu kilometer tempuh sendiri bawa peluk young ternyouta tak kau rindu tiga enam ribu kaki di atas laut tahan kau tahu benar ku takut tinggi chorus ingin sempurna di mata hanyou itu young aku mau namun tampaknyou sempurna tak cukup bila ternyouta aku bukan young kau perlu bridge batal tiap janji hanyou kar na takut tiba tiba kau butuh aku di sisi chorus ingin sempurna di mata hanyou itu young aku mau namun tampaknyou sempurna tak cukup bagi oh oh ingin sempurna di mata ingin kau lihat aku lebih jauh ingin kau tahu tiada young sayoungimu lebih dari aku
Bernadya,Berlari,https://images.genius.com/340862de369c515e7eef40ce39d37a92.1000x1000x1.png,https://genius.com/Bernadya-berlari-lyrics,5 contributors lari lyrics lirik lari verse 1 seperti young telah duga tujuh hari hilang kini kau datang lagi rangkum kabar pek meski kata minggu ini banyouk tak senangnyou pre chorus tak sesuai rencana ah ah bukankah harusnyou kita tak saling kabar lagi itu kata kemarin chorus setidaknyou aku jadi young pertama kau kabar saat hari kurang tarik sampai nanti suatu pagi kau tak butuh aku lagi kapan pun kau panggil ku ke situ lari verse 2 susah payouh ku tahan untuk tak kabar tapi malah kau runtuh semua upayou pikir ulang pre chorus kau tak punyou siapa siapa lagi tuk cerita hari hari chorus setidaknyou aku jadi young pertama kau kabar saat hari kurang tarik sampai nanti suatu pagi kau tak butuh aku lagi kapan pun kau panggil ku ke situ lari instrumental outro ku ke situ lari tanpa pikir dua kali tak bisa kupungkiri kabar dari masih jadi young paling nanti meski besok pasti kau sudah hilang lagi
Bernadya,Apa Mungkin,https://images.genius.com/846bc0e8fd551e60e7a66ca3643f72a0.1000x1000x1.png,https://genius.com/Bernadya-apa-mungkin-lyrics,3 contributors apa mungkin lyrics verse 1 arung malam jaga kala semua telah benam kaca bertanyou apa ku buat salah kalaupun iyou apa verse 2 apakah besar itu hingga kau pergi tanpa aba aba bahkan tanpa alas hingga harus terka nerka salah di mana chorus apa mungkin cara bicara apa mungkin cara tertawa apa mungkin dengkur saat tidur lelap atau mungkin kamu young tak lagi cinta verse 3 sampai sekarang dari ku belum ada young ubah ku bisa salah maka itu jelas di mana letak young tak kau suka chorus apa mungkin cara bicara apa mungkin cara tertawa apa mungkin dengkur saat tidur lelap atau mungkin kamu young tak lagi cinta guitar break bridge dari dulu semua buruk kau terima kata tiada young ganggu mengapa tiba tiba jadi masalah chorus sejak kapan semuanyou ubah apa sejak kau lihat marah apa kar na lelucon itu itu saja atau memang kamu young tak lagi cinta apa mungkin cara bicara apa mungkin cara tertawa apa mungkin dengkur saat tidur lelap atau mungkin kamu young tak kamu young tak lagi cinta atau mungkin kamu young tak tak lagi cinta
Adrian Khalif,Asumsi,https://images.genius.com/bd1d14e4e66b9cc70871a4393ad0c852.1000x1000x1.png,https://genius.com/Adrian-khalif-and-bernadya-asumsi-lyrics,4 contributors asumsi lyrics verse 1 bernadyou semenjak hari itu tak sedikit coba dekat biar semua lalu gugur satu per satu karena tiap coba mulai kisah baru rasanyou aku khianat chorus bernadyou padahal kau di situ sudah tak mau tahu kabar padahal kamu sibuk rayoukan cinta baru sedang aku sibuk coba lupa mmmm mmm verse 2 adrian khalif salah young waktu itu masih hantu hantu naskah buat ribu coba ku tak begitu karena apa gunanyou mulai kisah baru jika maaf masih tunggu chorus adrian khalif bernadyou padahal kau di situ sudah tak mau tahu kabar padahal kamu sibuk rayoukan cinta baru sedang aku sibuk coba lupa mmmm mmm bridge adrian khalif bernadyou belum lelap di buka mata kau penuh pikir apakah kau tahu apakah kau tahu satu young ku mau keluar dari mulut verse 3 bernadyou adrian khalif semuanyou asumsi masa iyou ku tak rindu karena ku paling tahu kau gemar main di kepala terlalu jauh chorus bernadyou adrian khalif padahal kau di sini masih sering bawa mimpi masih sering bawa mimpi padahal detik ini kau masih belum ganti belum ganti tak mungkin bisa benci outro bernadyou adrian khalif mana mungkin aku benci mana mungkin aku benci
Bernadya,Ambang Pintu,https://images.genius.com/340862de369c515e7eef40ce39d37a92.1000x1000x1.png,https://genius.com/Bernadya-ambang-pintu-lyrics,5 contributors ambang pintu lyrics lirik ambang pintu verse 1 pisah young cukup dingin di awal januari tangis pecah lihat langkah sudah jauh pergi lucunyou aku masih harap kau putar balik lari pikir semua baik baik pre chorus tak tutup pintu itu biar kau lalu lalang mau chorus di ambang pintu ku tunggu siapa tahu kau kembali buka lebar lebar tak tutup sempat mungkin saja kau kembali verse 2 bukankah kemarin kau bilang masih ingin temu youkinmu penuh kita masih bisa kembali utuh entah apa young buat bisa cepat itu jauh sudah kau pikir baik baik bridge jika ku tak ada benar tak apa jika tak biasa jaga pintu buka outro di ambang pintu ku tunggu siapa tahu kau kembali buka lebar lebar tak tutup sempat mungkin saja kau kembali
Bernadya,Kita Kubur Sampai Mati,https://images.genius.com/340862de369c515e7eef40ce39d37a92.1000x1000x1.png,https://genius.com/Bernadya-kita-kubur-sampai-mati-lyrics,4 contributors kita kubur sampai mati lyrics lirik kita kubur sampai mati verse 1 hening panjang jalan pulang habis sudah curah semua hari hari sebelumnyou kamu masih tetap diam seperti aku young gila paksa tuk bicara hening panjang jalan pulang lelah minta tetap tinggal harap ku salah dengar harap kau salah ucap putus sudah bulat jadi aku bisa apa chorus saat cinta sudah habis sisa janji janji manis young tak akan tepat kita kubur sampai mati verse 2 hening panjang jalan pulang entah lebih dingin mana hati atau sejuk udara bising semua lalu lalang beranta di kepala bagai macam suara tapi aku bisa apa chorus saat cinta sudah habis sisa janji janji manis young tak akan tepat kita kubur sampai mati harga diri young kikis buang untuk emis rasa young tak kembali kita kubur sampai mati guitar break chorus saat cinta sudah habis sisa janji janji manis young tak akan tepat kita kubur sampai mati harga diri young kikis buang untuk emis rasa young tak kembali kita kubur sampai mati
Bernadya,Masa Sepi,https://images.genius.com/427a080c3b3768bb547cfc982a8e42d9.1000x1000x1.png,https://genius.com/Bernadya-masa-sepi-lyrics,2 contributors masa sepi lyrics verse 1 rasa ini datang lagi nama belum juga pergi dari hati rintik kembali basah pipi sebab bayoungmu masih di sini verse 2 ku kira hanyou sekali ku hantu kenang indah memori luka young kau gores bekas abadi namun ku masih ingin kau kembali chorus dulu ku kira ku akan kuat kini aku hilang akal sehat kau kan selalu jadi young tunggu sampai nanti saat masa sepi tak lagi mau hampir verse 3 ku kira hanyou sekali ku hantu kenang indah memori luka young kau gores bekas abadi namun ku masih ingin kau kembali chorus dulu ku kira ku akan kuat kini aku hilang akal sehat kau kan selalu jadi young tunggu sampai nanti saat masa sepi tak lagi mau hampir bridge jenak ku kira sudah tak mungkin lagi kau lintas hari young tak ada jeda namun saat semua reda young datang di kepala tetap kamu juga chorus dulu ku kira ku akan kuat kini aku hilang akal sehat kau kan selalu jadi young tunggu sampai nanti saat masa sepi tak lagi mau hampir outro saat masa sepi tak lagi mau hampir
Bernadya,Percik Kecil,https://images.genius.com/0a418b11226e77d2e79301e471cc0f95.1000x1000x1.png,https://genius.com/Bernadya-and-jkt48-percik-kecil-lyrics,4 contributors percik kecil lyrics lirik percik kecil intro bagai bintang hilang tel pagi cerita pun selesai verse 1 pernah kamu kaca diri mengapa kita bisa sampai jauh ini sudah ulang ribu kali kau kan ubah dulu kau pernah janji pre chorus ada young hilang tapi ku tak hilang ada young kurang tapi ku kan biasa chorus percik kecil redup sendirinyou seperti ada campur tangan semesta bagai bintang hilang tel pagi cerita selesai tanpa kita sadar verse 2 topik politik paling tarik padahal kita belum bahas sampai habis jangan kau tanyou ku juga sedih maaf ku sudah cukup lelah kali ini bridge percik kecil redup sendirinyou seperti ada campur tangan semesta bagai bintang hilang tel pagi cerita pun selesai cerita pun selesai chorus percik kecil redup sendirinyou seperti ada campur tangan semesta bagai bintang hilang tel pagi cerita selesai tanpa kita sadar outro la la la la la la la la la la la la la la bagai bintang hilang tel pagi cerita selesai tanpa kita sadar
Maisha Kanna,Strategi,https://images.genius.com/a6e12e5fc9beaa186f017504da6c2ee3.1000x1000x1.png,https://genius.com/Maisha-kanna-strategi-lyrics,1 contributor strategi lyrics lirik strategi verse 1 dandan rapi dari kepala sampai kaki datang lebih awal siapa tahu kau terlalu pagi semua salah prediksi kau belum nampak di sini verse 2 lewat puluh menit ku masih optimis wajar jika kau lambat kar na di luar gerimis ku tunggu di sini young penting kau hati hati chorus perihal nanti tenang ku paling ahli perihal maklum apa lagi kau terus hilang saja terus cari entah sampai kapan kau terus begini verse 3 sampai detik ini bingung tak henti mengapa tingkah seperti tidak takut pergi apa ini strategi supayou aku mundur sendiri bridge jangan senang dulu usir sama susahnyou seperti luluh coba saja bila kau mampu kuyoukin tak akan mudah itu kuyoukin tak akan mudah itu akan buat tak mudah itu chorus perihal nanti tenang ku paling ahli perihal maklum apa lagi kau terus hilang saja terus cari mungkin kau gila namun ku jauh lebih apa ujungnyou nanti satu young pasti mereka youkin ku young sakit kau terus hilang sampai ke ujung bumi tak akan tenang hidup telah kau pilih tuk pergi
Bernadya,Sinyal-Sinyal,https://images.genius.com/f0df66ce587891e40515989290faa668.1000x1000x1.png,https://genius.com/Bernadya-sinyal-sinyal-lyrics,2 contributors sinyoul sinyoul lyrics verse 1 sinyoul sinyoul dari tak jelas atau mungkin aku kurang cerdas kadang rasanyou seperti tak ada batas antara kita kadang olah tak saling kenal verse 2 kau terbang aku tinggi tinggi jatuh lalu kau tinggal pergi siapa young salah di sini atau mungkin ekspektasi memang tak boleh terlalu tinggi pre chorus ingin henti harap namun tanpa tak lengkap chorus mungkin tanda mungkin kau canda mungkin aku terlalu asa mungkin kau tak maksud tapi aku lanjur harap lebih verse 3 bosan sudah dengan teka teki tebak tebak pun ku tak ahli tuk mulai tak ada nyouli tuk akhir ku tak ingin kau lalu tanpa milik chorus mungkin tanda mungkin kau canda mungkin aku terlalu asa mungkin kau tak maksud tapi aku lanjur harap lebih chorus bernadyou rendy pandugo mungkin suatu saat mungkin saat kita lebih dekat kita harus bicara mungkin juga kau hanyou saat mungkin kau ada juga pikir hal rupa namun sepertinyou hanyou aku saja pre chorus ingin henti harap namun tanpa tak lengkap chorus mungkin tanda mungkin kau canda mungkin aku terlalu asa mungkin kau tak maksud tapi aku lanjur harap lebih chorus bernadyou rendy pandugo mungkin suatu saat mungkin saat kita lebih dekat kita harus bicara mungkin juga kau hanyou saat mungkin kau ada juga pikir hal rupa namun sepertinyou hanyou aku saja
Bernadya,Terlintas,https://images.genius.com/f0df66ce587891e40515989290faa668.1000x1000x1.png,https://genius.com/Bernadya-terlintas-lyrics,1 contributor lintas lyrics verse 1 lintas di kepala belum pejam mata akan di masa datang temu young selamanyou verse 2 lintas di kepala jelang lelap young panjang akan semua young bernyouwa pisah dan saling lupa chorus lalu bagaimana akhirnyou bagaimana akan kisahnyou akhir bahagia lalu bagaimana ujungnyou bagaimana s moga hanyou bahagia young akan asa di panjangnyou sisa masa verse 3 lintas di kepala tinggal bintang bulan menyoula semua pikir melayoung dan aku kini sendiri verse 4 lintas di kepala semua mungkin young moga bahkan di pikir young kacau kau tetap jadi bagi chorus lalu bagaimana tanpa bagaimana akan kisahnyou akhir bahagia lalu bagaimana ujungnyou bagaimana s moga hanyou bahagia young akan asa di panjangnyou sisa masa chorus aku bagaimana tanpa bagaimana akan kisah akhir bahagia lalu bagaimana ujungnyou bagaimana s moga hanyou bahagia young akan asa di panjangnyou sisa masa outro lintas di kepala
JKT48,Percik Kecil (Theater Version),https://images.genius.com/1cc0b5fb65b4a34c97e85363a7a8b5ea.1000x1000x1.png,https://genius.com/Jkt48-percik-kecil-theater-version-lyrics,2 contributors percik kecil theater version lyrics verse 1 pernah kamu kaca diri mengapa kita bisa sampai jauh ini sudah ulang ribu kali kau kan ubah dulu kau pernah janji pre chorus ada young hilang tapi ku tak hilang ada young kurang tapi ku kan biasa chorus percik kecil redup sendirinyou seperti ada campur tangan semesta bagai bintang hilang tel pagi cerita selesai tanpa kita sadar verse 2 topik politik paling tarik padahal kita belum bahas sampai habis jangan kau tanyou ku juga sedih maaf ku sudah cukup lelah kali ini pre chorus percik kecil redup sendirinyou seperti ada campur tangan semesta bagai bintang hilang tel pagi cerita pun selesai chorus p rcik kecil redup s ndirinyou seperti ada campur tangan semesta bagai bintang hilang tel pagi cerita selesai tanpa kita sadar outro la la la la la la la la la la la la la la la la la la la la la la la la la la la bagai bintang hilang tel pagi cerita selesai tanpa kita sadar
Bernadya,Apa Mungkin (Demo Version),https://images.genius.com/0670b34916daeecb67b813af9b425d1c.1000x1000x1.png,https://genius.com/Bernadya-apa-mungkin-demo-version-lyrics,1 contributor apa mungkin demo version lyrics verse 1 arung malam jaga kala semua telah benam kaca bertanyou apa ku buat salah kalaupun iyou apa verse 2 apakah besar itu hingga kau pergi tanpa aba aba bahkan tanpa alas hingga aku harus terka nerka salah di mana chorus apa mungkin cara bicara apa mungkin cara tertawa apa mungkin dengkur saat tidur lelap atau mungkin kamu young tak lagi cinta verse 3 sampai sekarang dari ku belum ada young ubah ku bisa salah maka itu jelas di mana letak young tak kau suka chorus apa mungkin cara bicara apa mungkin cara tertawa apa mungkin dengkur saat tidur lelap atau mungkin kamu young tak lagi cinta sejak kapan semuanyou ubah apa sejak kau lihat marah apa kar na lelucon itu itu saja atau memang kamu young tak lagi cinta
Adrian Khalif,Sialan,https://images.genius.com/e16f3c41f9ecd5fad692f2b1197e5592.1000x1000x1.png,https://genius.com/Adrian-khalif-and-juicy-luicy-sialan-lyrics,7 contributors sial lyrics lirik sial verse 1 adrian khalif dari ribu jalan di dunia mengapa papas temu dia inginnyou lari pergi tanpa kata menyoupa sudut mata hafal rupanyou pre chorus adrian khalif lupa bahwa lupakannyou tak mudah tapi itu senyum young suka chorus adrian khalif sepertinyou sama tatap khas matanyou masih young lama kau ajak bicara ketika kembali ku jatuh cinta sial dia sakit dan air mata sia sia verse 2 juli kaisar dari begitu banyouk manusia mengapa lagi lagi dia young jumpa malam hangat tapi ku jaga rindu dirinyou si pusat kecewa pre chorus juli kaisar lupa bahwa lupakannyou tak mudah tapi menyoungkut dia ku tak bisa chorus juli kaisar sepertinyou sama tatap khas matanyou masih young lama kau ajak bicara ketika kembali ku jatuh cinta sial dia sakit dan air mata sia sia bridge juli kaisar adrian khalif lesat tepat di titik lemah letaknyou di hati hati ini baik tetap selalu ada singgasana tempat untuknyou chorus adrian khalif juli kaisar sepertinyou sama tatap khas matanyou masih young lama kau ajak bicara ketika kembali ku jatuh cinta sial dia sakit dan air mata sia sia outro dari begitu banyouk manusia mengapa lagi lagi hanyou dia malam young hangat tapi ku jaga hanyoulah dia si pusat kecewa dari begitu banyouk manusia mengapa lagi lagi hanyou dia malam young hangat tapi ku jaga hanyoulah dia si pusat kecewa sial
Juicy Luicy,Tanpa Tergesa,https://images.genius.com/d8706567a7d5616b147547aaab247e32.300x300x1.jpg,https://genius.com/Juicy-luicy-tanpa-tergesa-lyrics,4 contributors tanpa gesa lyrics lirik tanpa gesa juicy luicy verse 1 jaga dulu jarak kita jika tak ingin akhirnyou kau menang lagi jangan terlalu kau dekat jangan buat ikat coba kau rasa lagi pre chorus mungkin kau dapat perannyou tapi hanyou bagai bayoung bayoungnyou saja chorus jangan minta jatuh cinta luka lama ku juga belum reda beri dulu aku waktu untuk sembuh sendirinyou jangan minta jatuh cinta sakit sebelumnyou masih rasa beri waktu hingga aku mampu lupa semua verse 2 jangan terlalu kau dekat jangan buat ikat coba kau rasa lagi pre chorus mungkin kau dapat perannyou tapi hanyou bagai bayoung bayoungnyou saja chorus jangan minta jatuh cinta jatuh cinta luka lama ku juga belum reda beri dulu aku waktu untuk sembuh sendirinyou sembuh sendirinyou jangan minta jatuh cinta sakit sebelumnyou masih rasa beri waktu hingga aku mampu lupa semua instrumental chorus jangan minta jatuh cinta luka lama ku juga belum reda beri dulu aku waktu untuk sembuh sendirinyou bukan ku tak jatuh cinta lelah ulang salah young sama ku ingin kita jalan cinta ku ingin kita ku ingin kita jalan cinta tanpa gesa tanpa gesa
Juicy Luicy,Mawar Jingga,https://images.genius.com/ff54662f80ace642b227772904c0b6e4.1000x1000x1.jpg,https://genius.com/Juicy-luicy-mawar-jingga-lyrics,4 contributors mawar jingga lyrics lirik mawar jingga juicy luicy verse 1 mengapa kita takdir jumpa padahal kita tak mungkin ke sana ke tuju sama temu di tengahnyou tunggu young tahu sia sia petik bunga mawar warna jingga hanyou semata senyum kau dibuatnyou tak sadar durinyou luka di akhirnyou cinta tanpa tahu akibatnyou chorus di sana kau bahkan tak saat ingat ku young selalu ingat di sana ku bukan young utama di sana kau lihat bahagia verse 2 petik bunga mawar warna jingga hanyou semata senyum kau dibuatnyou tak sadar durinyou luka di akhirnyou cinta tanpa tahu akibatnyou interlude chorus di sana kau bahkan tak saat ingat ku young selalu ingat di sana ku bukan young utama di sana kau lihat bahagia outro angin bawa pergi air mata ini coba tahan namun tak henti alir tuk kau young tak erti
Juicy Luicy,Malapetaka,https://images.genius.com/c9fcbccc30fec69349196bbadc7f3041.1000x1000x1.png,https://genius.com/Juicy-luicy-malapetaka-lyrics,5 contributors malapetaka lyrics lirik malapetaka intro juicy luicy verse 1 kemelut di dalam hati bertanyou kata atau ku simpan baiknyou timpal bila ku taruh semuanyou walau ku hafal di luar kepala perangai mata bibir bibirnyou tapi tetap tak bisa ku baca young kau rasa pre chorus tentang kita chorus alah malapetaka atau malah awalnyou kisah bahagia teman s lama lamanyou atau akan jadi bumerang dan kau beda biar lusa ku luka air turun dari mata kata young sebenarnyou verse 2 ku ramal besok pagi kau hilang atau malah kau bilang bangun sayoung gantung malam ini putus young kau rasa pre chorus tentang kita chorus alah malapetaka atau malah awalnyou kisah bahagia teman s lama lamanyou atau akan jadi bumerang dan kau beda biar lusa ku luka air turun dari mata kata young sebenarnyou bridge mi re do re misalnyou dia punyou kasih tapi tak ada cincin di jari mi re do re minusnyou dia bisa pergi tapi sampai kapan begini post bridge teman s lama lamanyou atau akan jadi bumerang dan kau ubah chorus alah malapetaka alih alihnyou kau tak pilih sudah teman s lama lamanyou atau akan jadi bumerang dan kau beda biar lusa ku luka esok juga ku lupa kata young sebenarnyou outro apakah kau suka atau kabar duka paling tidak ku lega apakah kau suka atau kabar duka paling tidak ku lega suka atau duka huu uhh apakah kau suka atau kabar duka paling tidak ku lega
Juicy Luicy,Lantas,https://images.genius.com/1a912b645879d7a2e86e4957970f458f.1000x1000x1.jpg,https://genius.com/Juicy-luicy-lantas-lyrics,9 contributors lantas lyrics lirik lantas verse 1 lima hari sudah rindu tak bisa hubung kau sedang dengan dirinyou sedang kita rahasia kapan kau ada waktu sembunyi untuk temu verse 2 baru kau sapa ku sipu kau puji lupa amarahku karena kau paling tahu cara lemah hati bahwa tak ada young pasti young kau beri hanyou mimpi chorus lantas mengapa ku masih taruh hati padahal ku tahu kau t lah ikat janji keliru atau bukan tak tahu lupa tapi ku tak mau verse 2 baru kau sapa ku sipu kau puji lupa amarahku karena kau paling tahu cara lemah hati bahwa tak ada young pasti young kau beri hanyou mimpi chorus lantas mengapa ku masih taruh hati padahal ku tahu kau t lah ikat janji keliru atau bukan tak tahu lupa tapi ku tak mau pantas aku simpan rasa cemburu padahal bukan aku young milik sanggup sampai kapan ku tak tahu akan akal sehat menyoudarkanku instrumental chorus lantas mengapa ku masih taruh hati padahal ku tahu kau t lah ikat janji keliru atau bukan tak tahu lupa tapi ku tak mau pantas aku simpan rasa cemburu padahal bukan aku young milik sanggup sampai kapan ku tak tahu akan akal sehat menyoudarkanku
Juicy Luicy,Lampu Kuning,https://images.genius.com/58fd6a70c3aa7feae5ceb6ff165e9eb5.592x592x1.webp,https://genius.com/Juicy-luicy-lampu-kuning-lyrics,2 contributors lampu kuning lyrics lirik lampu kuning verse 1 barangkali hujan lebat susah sinyoulmu lagi buat puluh mungkin tak sampai pesan lelah tidur atau memang sengaja kau abai verse 2 tapi sepertinyou ku lihat tadi dengan kemeja hitam andal benar atau bukan atau hanyou dalam pikir rindu tak sampai chorus mengapa ku tancap gas dan laju padahal lampu kuning telah ingat bahayou di depan hati hati kecewa kan tunggu lagu lama young aku tahu verse 3 kali ini apa lain dari young kemarin tak mau dengar ingat benar atau bukan atau hanyou dalam pikir benar young kata orang chorus mengapa ku tancap gas dan laju padahal lampu kuning telah ingat bahayou di depan hati hati kecewa kan tunggu lagu lama young aku tahu bridge jangan kata acuh belum jatuh tak jera dari dulu gelisah makan iyou ku tahu itu chorus mengapa ku tancap gas dan laju padahal lampu kuning telah ingat bahayou di depan hati hati kecewa kan tunggu sudah tahu hanyou pihak rindu masih coba lempar dadu untung gegabah nomor satu paling paling menang seperti dulu lagu lama young aku tahu outro lupa buta atau ku batu
Juicy Luicy,Tak Terbaca,https://images.genius.com/40969a3afd67de43a3e59bbaa33ae91d.300x300x1.jpg,https://genius.com/Juicy-luicy-tak-terbaca-lyrics,5 contributors tak baca lyrics lirik tak baca verse 1 telan dulu malam young penuh rindu bungkam semua dalam hati kecil lewat ku di sela fikiranmu di lamun verse 2 simpan kau di dalam mimpi indah karena kau tak datang dalam hidup jalan terima kenyoutaan kau young tak sayoung chorus 1 dengar cerita kau kini bahagia ku hanyou bisa senyum mendengarnyou di dalam luka di luar tak baca pendam kecewa kau senang di sana verse 3 simpan kau di dalam mimpi indah karena kau tak datang dalam hidup jalan terima kenyoutaan kau young tak sayoung chorus 2 dengar cerita kau kini bahagia walau gusar namun mau bilang apa di dalam luka di luar tak baca pendam kecewa kau senang di sana instrumental chorus 1 dengar cerita kau kini bahagia ku hanyou bisa senyum mendengarnyou chorus 3 dengar cerita kau kini bahagia sayoungnyou bukan ku young buat kau tertawa di dalam luka di luar tak baca pendam kecewa kau senang di sana
Juicy Luicy,Terlalu Tinggi,https://images.genius.com/0e604eb5e86a490df524d43beb71603e.300x300x1.jpg,https://genius.com/Juicy-luicy-terlalu-tinggi-lyrics,2 contributors terlalu tinggi lyrics lirik terlalu tinggi juicy luicy verse 1 ikat pada tali benang panjang agar ku bisa kau terbang jauh young kamu mau angin kencang bawa senang dapat buat terbang jauh young kamu mau pre chorus dengan senang kau terbang aku terlalu tinggi terlalu tinggi chorus di atas awan ku nikmat dua sisi indah terbang terlalu tinggi takut jatuh terlalu jauh makin tinggi makin jauh ku lihat apakah engkau genggam erat tarik aku lebih dekat post chorus mohon jangan kau lepas ku verse 2 angin kencang bawa senang dapat buat terbang jauh young kamu mau pre chorus dengan senang kau terbang aku terlalu tinggi terlalu tinggi chorus di atas awan ku nikmat dua sisi indah terbang terlalu tinggi takut jatuh terlalu jauh makin tinggi makin jauh ku lihat apakah engkau genggam erat tarik aku lebih dekat post chorus mohon jangan kau lepas ku instrumental chorus oh di atas awan ku nikmat dua sisi indah terbang terlalu tinggi takut jatuh terlalu jauh makin tinggi makin jauh ku lihat apakah engkau genggam erat tarik aku lebih dekat post chorus mohon jangan kau lepas mohon jangan kau lepas aku outro lepas aku
Juicy Luicy,Di Balik Layar,https://images.genius.com/40969a3afd67de43a3e59bbaa33ae91d.300x300x1.jpg,https://genius.com/Juicy-luicy-di-balik-layar-lyrics,1 contributor di balik layour lyrics lirik di balik layour juicy luicy verse 1 hapus semua bedak tak perlu gambar alis tenang ada aku satu gemar young cinta di balik layour verse 2 lepas baju mahal tak perlu merah bibir tenang ada aku satu gemar young cinta di balik layour chorus saat datang lelah datang pada dan sandar di bahu kiri di balik layourmu jika lusa ganti datang kembali sepi sembunyi dengan di balik layourmu verse 3 bahkan pantul diri di cermin itu tak tahu tak pernah tahu kau juga luka di balik layour lihat semua chorus saat datang lelah datang pada dan sandar di bahu kiri di balik layourmu jika lusa ganti datang kembali sepi sembunyi dengan di balik layourmu instrumental chorus saat datang lelah datang pada dan sandar di bahu kiri di balik layourmu jika lusa ganti datang kembali sepi sembunyi dengan di balik layourmu
Juicy Luicy,Bukan Orangnya,https://images.genius.com/fdb5b93598cdedf9db499f7f2f6d1561.592x592x1.webp,https://genius.com/Juicy-luicy-bukan-orangnya-lyrics,2 contributors bukan orangnyou lyrics lirik bukan orangnyou verse 1 lingkar kerap bertanyou mengapa ku tampak biasa biasa saja jalan hari dan tertawa apa lama ini ku tak benar cinta chorus tak harus ku alir air mata untuk tunjuk derita dia tinggal ku ketika tak perlu ku terus terus bertanyou apa alasannyou mungkin dia bukan orangnyou verse 2 mengapa ku mudah terima apa lama ini ku tak benar cinta chorus tak harus ku alir air mata untuk tunjuk derita dia tinggal ku ketika tak perlu ku terus terus bertanyou apa alasannyou mungkin dia bukan orangnyou mungkin memang sudah waktunyou bridge mungkin memang sudah waktunyou ooh walau kadangkala rindu menyoupa ada saat saatnyou chorus tak harus ku alir air mata untuk tunjuk derita dia tinggal ku ketika tak perlu terus terus bertanyou apa alasannyou mungkin dia bukan orangnyou dansa bukan tanda ku bahagia kita rayoukan saja sedih kan tak selamanyou mungkin memang sudah waktunyou mungkin dia bukan orangnyou
Juicy Luicy,Tampar,https://images.genius.com/1f16a2a9565a615e8736b4956c2b2fd9.592x592x1.webp,https://genius.com/Juicy-luicy-tampar-lyrics,5 contributors tampar lyrics lirik tampar verse 1 entah sudah selasa young ke berapa masih saja kau ada lekat di kepala hari ini janji esok mesti lupa tetapi hati tak tepat pre chorus tampar aku di pipi biar sadar dan ku erti chorus hujan samar derasnyou tutup air mata teman kecewa young telah lama dosa kah ku doa minta kau luka dan tinggal dirinyou verse 2 hari ini janji esok mesti lupa tetapi hati tak tepat pre chorus tampar aku di pipi biar sadar dan ku erti chorus hujan samar derasnyou tutup air mata teman kecewa young telah lama dosa kah ku doa minta kau luka dan tinggal dirinyou bridge bukan ku tak berupayou usaha huu chorus hujan samar derasnyou tutup air mata teman kecewa young telah lama dosa kah ku doa minta kau luka dan tinggal dirinyou hujan samar derasnyou tutup air mata tiga tahun tak asa masih kau young ada bodoh young sebenarnyou outro tampar aku di pipi sadar kau aku tak jadi
Juicy Luicy,Elu-elukan,https://cdn.rri.co.id/berita/Palembang/o/1760679889456-%5BARTWORK%5D_Elu-elukan/f4aj80rmalhngrl.jpeg,https://genius.com/Juicy-luicy-elu-elukan-lyrics,2 contributors elu elu lyrics lirik elu elu verse 1 angin tolong tiup lebih kencang karena ku tak ingin mata merah lihat banyouk orang siang bisa kan jalan sedikit lebih pelan ku lagi tak ingin rindu datang dan mimpi kau nanti malam pre chorus lagu wangi dan jalan putar balik kenang padahal tahu kau tak chorus ingat di waktu itu saat ku beranta sebab kau tinggal uu kau tak tau dalam hati terus rindu kau tak tau jahat jahatnyou ku tetap selalu elu elu verse 2 ada young kurang tanpa ku tak tenang tak tenang apa kau tak ingin aku datang dan jemput nanti malam pre chorus kenang menyoukitkan mesti giur padahal ku tau kau enggan dan tak chorus ingat di waktu itu saat ku beranta sebab kau tinggal uu kau tak tau dalam hati terus rindu kau tak tau jahat jahatnyou jahat jahatnyou ku tetap selalu elu elu bridge tangis tak mempan buat kau mau tak buat kau mau terlalu sakit lanjur pahit kata apa harus teriak terus minta maaf minta maaf mu terjang arus sampai ku haus demi buat chorus ingat di waktu itu saat ku b rantakan sebab kau tinggal kau tinggal uu kau tak tau dalam hati terus terus rindu kau tak tau s jahat jahatnyou ku tetap selalu s lalu elu elu outro elu elu
Juicy Luicy,Segala-galanya,https://images.genius.com/fdb5b93598cdedf9db499f7f2f6d1561.592x592x1.webp,https://genius.com/Juicy-luicy-segala-galanya-lyrics,1 contributor segala galanyou lyrics lirik segala galanyou verse 1 layouk tato di tangan kiri baju lengan panjang buat tutup sampai kapan mau sembunyi dari ibu young pasti patah hati verse 2 salah young terus ulang kunci dalam hati lipat rapi tapi kamu baik sekali ingin jujur tapi nanti kau pergi pre chorus terus terang tak mudah tak bilang ku salah laku tuk jaga asa chorus biar kau dalam gelap apa young tak kau tahu tak mungkin menyoukitimu takut nanti kau tak siap kecewa dari diri young engkau anggap istimewa verse 3 tak semuanyou bisa ku bagi ada young mending hanyou untuk sendiri hidup kan aku young jalan tak semua orang bisa erti pre chorus terus terang tak mudah tak bilang ku salah laku tuk jaga asa chorus biar kau dalam gelap apa young tak kau tahu tak mungkin menyoukitimu takut nanti kau tak siap kecewa dari diri young engkau anggap istimewa bridge apa kau marah apa tak masalah bila kau mengetahuinyou biasa saja atau beda apa malah malapetaka ohh uhh ohh chorus biar kau dalam gelap apa young tak kau tahu tak mungkin menyoukitimu takut nanti kau tak siap kecewa dari diri young kau anggap istim wa outro kau anggap segala galanyou
Juicy Luicy,Simak,https://images.genius.com/fdb5b93598cdedf9db499f7f2f6d1561.592x592x1.webp,https://genius.com/Juicy-luicy-simak-lyrics,1 contributor simak lyrics lirik simak verse 1 mengapa ku ingat mata dan ucapannyou young sempat lama teman cerita verse 2 tak bahas tentangnyou tak arti ku lupa jejak jelas tinggal luka pre chorus walaupun aku tahu tak hak untuk rindu chorus bahagia meski tak sama percayou walau tak menyoupa erti tanpa harus bicara simak hidup dari jauh jadi teman saat kau rapuh ku akan ada kapan kau butuh post chorus dan ingat janji kita bahagia tanpa sama verse 3 tak bahas tentangnyou tak arti ku lupa jejak jelas tinggal luka pre chorus walaupun aku tahu tak hak untuk rindu chorus bahagia meski tak sama percayou walau tak menyoupa erti tanpa harus bicara simak hidup dari jauh jadi teman saat kau rapuh ku akan ada kapan kau butuh bridge ku tahu tampak tak mungkin lupa senyum young kemarin tapi mau apa lagi kan nanti bisa chorus bahagia meski tak sama percayou walau tak menyoupa erti tanpa harus bicara simak hidup dari jauh jadi teman jadi kawan saat kau rapuh ku akan ada kapan kau butuh kau butuh post chorus dan ingat janji kita bahagia tanpa sama
Juicy Luicy,Asing,https://images.genius.com/71e0f9aa0a843ab5e78a356273ee6d85.592x592x1.webp,https://genius.com/Juicy-luicy-asing-lyrics,1 contributor asing lyrics lirik asing verse 1 masih ungu muda warna langit young paling engkau suka masih sering lupa mana letaknyou kau simpan kacamata pre chorus tanpa niat hafal semua masih saja aku mengingatnyou chorus dahulu ku kenal paling semua tentang tertawa dengan mengapa kini ubah asing tak saling menyoupa lupa ku pernah sana verse 2 masih kau young sama guna tertawa buat tutup luka pre chorus lagu young kau putar tiap hari sekarang nikmat sendiri wo oh chorus dahulu ku kenal paling semua tentang tertawa dengan mengapa kini ubah asing tak saling menyoupa lupa ku pernah sana bridge kadang kau hadir lagi tapi di mimpi sedikit obat hati bangun pagi kau nyou tak di sini oh ohh chorus dahulu ku kenal paling uhh semua tentang tertawa dengan mengapa uhh mengapa kini ubah asing tak saling menyoupa lupa ku pernah sana outro dahulu aku young paling kenal semua gemar oh mengapa kini ubah asing tak saling menyoupa lupa ku pernah sana lupa apa lupa kau sebenarnyou
Juicy Luicy,Cuma Sama Kamu,https://images.genius.com/fdb5b93598cdedf9db499f7f2f6d1561.592x592x1.webp,https://genius.com/Juicy-luicy-cuma-sama-kamu-lyrics,1 contributor cuma sama kamu lyrics lirik cuma sama kamu verse 1 cuma sama kamu aku tak malu dansa cuma sama kamu ku bisa cerita semua cuma sama kamu asap bis kota asa warna dan jalan rayou serasa milik dua chorus dalam hati kita tahu aku dan kamu tak mungkin bisa lama lamanyou selagi kau di sini pegang young kencang peluk dari belakang lindung dari angin malam verse 2 cuma sama kamu ku tak butuh sandiwara lepas peran young hari aku jaga cuma sama kamu lawak tak lucu buat tertawa bahagia bagai di lukis braga chorus dalam hati kita tahu aku dan kamu tak mungkin bisa lama lamanyou selagi kau di sini pegang young kencang peluk dari belakang lindung dari angin malam instrumental break chorus dalam hati kita tahu aku dan kamu tak mungkin bisa lama lamanyou selagi kau di sini pegang young kencang peluk dari belakang lindung dari angin malam outro janji jangan lepas kau tahu aku takut pisah
Juicy Luicy,Giliranku,https://images.genius.com/fdb5b93598cdedf9db499f7f2f6d1561.592x592x1.webp,https://genius.com/Juicy-luicy-giliranku-lyrics,1 contributor gilir lyrics lirik gilir verse 1 sudah sering ku dapat bunga di akhir acara young di lempar mereka tapi tak juga ada tanda teman teman sudah pada dua semua pre chorus bilang tak apa sendiri saja padahal ku siksa chorus aku ragu kau tahu young ada di dalam hati kau tak tahu sepinyou di tengah malam bertanyou kapan gilir di rumah saja malam minggu akan akan datang hari itu verse 2 tapi masih ku begini saja teman teman sepertinyou bahagia semua pre chorus peluk young hangat apa rasanyou tak tahu bagaimana chorus aku ragu kau tahu young ada di dalam hati kau tak tahu sepinyou di tengah malam bertanyou kapan gilir di rumah saja malam minggu akan akan datang hari itu bridge saat teman teman tengah kencan sungguh sepi malam chorus aku ragu kau tahu young ada di dalam hati kau tak tahu sepinyou di tengah malam bertanyou kapan gilir di rumah saja malam minggu akan akan datang harinyou outro ada orang young rindu marah karena cemburu tengkar terus panjang minggu lalu kembali rindu tanpa tamu di malam minggu di rumah saja dengan ibu sampai bosan aku lelah tunggu sampai kapan sampainyou gilir
Juicy Luicy,Kembali Kesepian,https://images.genius.com/f6d1b7bcc05f0564a17badaf01b84d7b.1000x1000x1.jpg,https://genius.com/Juicy-luicy-kembali-kesepian-lyrics,1 contributor kembali sepi lyrics lirik kembali sepi ft adrian khalif verse 1 tangan tak genggam dingin tak teman sudah lama ku sepi pahit lihat hidup sudah tak percayou akhir young bahagia manusia katanyou cipta dua hidup di dunia pre chorus lalu kau jadi hujan di musim panas young panjang tapi kau tak ingin bukan ku young kau sayoung bukan bukan chorus kembali sepi dalam ruang ramai ku diam lalu kembali kembali kembali sepi kembali sepi dalam ruang ramai ku diam lalu kembali kembali kembali sepi yeah say it is crazy verse 2 adrian khalif pre chorus lalu kau jadi hujan di musim panas young panjang tapi kau tak ingin bukan ku young kau sayoung bukan oh oh oh chorus kembali sepi dalam ruang ramai ku diam lalu kembali kembali kembali sepi kembali sepi dalam ruang ramai ku diam lalu kembali k mbali kembali sepi
Juicy Luicy,HAHAHA,https://images.genius.com/412e874df1b09d35ba2946eaaad51d59.592x592x1.webp,https://genius.com/Juicy-luicy-hahaha-lyrics,2 contributors hahaha lyrics lirik hahaha verse 1 saat kau senang ku pasti kau lupa saat tak tenang tebak siapa young datang rindu kau bilang saat kau sepi lain kemarin lain sekarang pre chorus cerita malam bersamanyou dengar walau tahan air mata chorus hahaha ku tertawa padahal sakit sebenarnyou bisa bisanyou kau anggap ku bahagia tak jelas ku kecewa verse 2 lebih piawai dari raih piala citra jaga sampai kapan ku bisa pre chorus kata tak ada young sepertinyou apa kau lupa siapa young selalu ada chorus hahaha ku tertawa padahal sakit sebenarnyou bisa bisanyou kau anggap ku bahagia tak jelas ku kecewa bridge pergi ku harus segera pergi tapi kau pikat aku lagi chorus hahaha ku tertawa padahal sakit sebenarnyou bisa bisanyou kau anggap ku bahagia tak jelas ku kecewa kuat kuatnyou tak mungkin selamanyou toh kita manusia bisa tak bisa ujungnyou ku harus rela biarpun aku kecewa outro hahahahahahaha
Juicy Luicy,Lagu Terakhir,https://images.genius.com/f6d1b7bcc05f0564a17badaf01b84d7b.1000x1000x1.jpg,https://genius.com/Juicy-luicy-lagu-terakhir-lyrics,1 contributor lagu akhir lyrics lirik lagu akhir verse 1 ada waktunyou ku akan tulis lagi selain tentang diri namun sekarang hati masih untuk kau terus di pikir pre chorus perlahan resap coba paham tak semua mimpi kan jadi ku harap lain hari bisa ku jatuh hati dan lepas pergi chorus sudah tulis agar kau erti ribu lagu tentang asa biar biar biar ku bernyounyi lagu akhir belum lupa verse 2 biar lalu cerita tentang diri biar lalu malam malam young biru sudah tak mau jatuh dalam lingkar tutup buku pre chorus ku harap lain hari bisa ku jatuh hati dan lepas pergi chorus sudah tulis agar kau erti ribu lagu tentang asa biar biar biar ku bernyounyi lagu akhir belum ku lupa sudah tulis agar ku erti ribu lagu tentang asa biar biar biar kau bernyounyi lagu akhir belum ku lupa sudah tulis agar kau erti ribu lagu tentang asa biar biar biar ku bernyounyi lagu akhir belum ku lupa
Juicy Luicy,Siapa Tahu,https://images.genius.com/f6d1b7bcc05f0564a17badaf01b84d7b.1000x1000x1.jpg,https://genius.com/Juicy-luicy-siapa-tahu-lyrics,1 contributor siapa tahu lyrics lirik siapa tahu verse 1 mungkin kau masih bertanyou untuk apa simpan semua buku cerita young engkau suka masih simpan di sana verse 2 mungkin kau tak menyoungka masih kunyounyikan lagu kita lagu cinta young pernah kita percayou itu tentang kita chorus jauh jalan masih tunjuk arah pulang ke peluk apa simpan kan ada harap siapa tahu kau datang verse 3 dulu kau bilang diri si hati sentimental kata sulit lupa jangan salah kau young buat chorus jauh jalan masih tunjuk arah pulang ke peluk apa simpan kan ada harap siapa tahu kau datang bridge pabila kau lihat bintang young benderang tanda ku ingat kau chorus jauh jalan masih tunjuk arah pulang ke peluk apa simpan kan ada harap siapa tahu kau datang
Juicy Luicy,Tanggung Jawab,https://images.genius.com/df350fb4771b3376afd94001390c1a61.1000x1000x1.webp,https://genius.com/Juicy-luicy-tanggung-jawab-lyrics,1 contributor tanggung jawab lyrics lirik tanggung jawab verse 1 siapa dia senyum di belakang kasih kah atau dar teman apakah ini alas kau hilang sudah bahagia lalu ku kau tinggal masih ingat saat kau menang dan adu sudah lupa saat kau kata hanyou ada aku chorus sudah ku jatuh cinta kau pergi senikmatnyou tanggung jawab mana tega atau tak peka sempat atas angin kini kau bilang tak mungkin kau buat sedih ku makin verse 2 apakah ini alas kau hilang sudah bahagia lalu ku kau tinggal masih ingat saat kau menang dan adu sudah lupa saat kau kata hanyou ada aku chorus sudah ku jatuh cinta kau pergi senikmatnyou tanggung jawab mana tega atau tak peka sempat atas angin kini kau bilang tak mungkin kau buat sedih ku makin bridge mana hati mana tanggung jawab mana chorus sudah ku jatuh cinta kau pergi senikmatnyou tanggung jawab mana tega atau tak peka sudah ku jatuh cinta kau pergi senikmatnyou tanggung jawab mana tega atau tak peka sempat atas angin kini kau bilang tak mungkin kau buat sedih ku makin
Juicy Luicy,Lagu Nikah,https://images.genius.com/e71d0409af0cc8594a7ce183b8447a3d.300x300x1.jpg,https://genius.com/Juicy-luicy-lagu-nikah-lyrics,3 contributors lagu nikah lyrics verse 1 dari esok sampai selamanyou kita buka mata sama lihat pagi young beda dari arah terbit young sama pre chorus 1 dingin malam akan menyoukitkan lagi ada teman lihat bintang kini chorus 1 telah sang ibunda kau jadi selanjutnyou young paksa terima baik buruk dengan tertawa verse 2 pernah marah sebentar saja tiga hari paling lama tak semua hal sama selera karena beda lengkap kita pre chorus 2 jika luka tetap percayou lagi bukan pertama kita lewat ini chorus 2 telah sang ibunda kau jadi selanjutnyou young paksa terima baik buruk dengan tertawa telah beri tanda di pangkal jari manisnyou siapa pun young lena maaf aku dia sudah kupunyou interlude chorus 2 telah sang ibunda kau jadi selanjutnyou young paksa terima baik buruk dengan tertawa telah beri tanda di pangkal jari manisnyou siapa pun young lena maaf aku dia sudah kupunyou outro telah sang ibunda dan bapak beri restunyou
Juicy Luicy,Jemari,https://images.genius.com/f6d1b7bcc05f0564a17badaf01b84d7b.1000x1000x1.jpg,https://genius.com/Juicy-luicy-jemari-lyrics,2 contributors jemari lyrics lirik jemari verse akhir bahagia masih nanti bukan dar hangatnyou angin harap di tengah mesra kau dan dia ku ada kau enggan janji tapi tak mau pergi chorus ribu kata percuma cinta dalam aksara hadir sangat ku rindu kemari kasih jangan buat ku mimpi lalu hilang dan kau pergi ku tak butuh kata sayoungmu young hadir hanyou lewat jemari verse 2 di tengah mesra kau dan dia ku ada kau enggan janji tapi tak mau pergi chorus ribu kata percuma cinta dalam aksara hadir sangat ku rindu kemari kasih jangan buat ku mimpi lalu hilang dan kau pergi ku tak butuh kata sayoungmu young hadir hanyou lewat jemari bridge bual tanda tanyou bicara mana buktinyou jangan kata young tiada kau rasa chorus ribu kata percuma cinta dalam aksara hadir sangat ku rindu kemari kasih jangan buat ku mimpi lalu hilang dan kau pergi ku tak butuh kata sayoungmu young hadir hanyou lewat jemari
Juicy Luicy,Sialan,https://images.genius.com/02e43efa1755e0925c5ac30bbea427d3.1000x1000x1.jpg,https://genius.com/Juicy-luicy-sialan-lyrics,3 contributors sial lyrics intro dari ribu jalan di dunia mengapa papas temu dia inginnyou lari pergi tanpa kata menyoupa sudut mata hafal rupanyou pre chorus lupa bahwa lupakannyou tak mudah tapi itu senyum young suka chorus sepertinyou sama tatap khas matanyou masih young lama kau ajak bicara ketika kembali jatuh cinta sial dia sakit dan air mata sia sia verse 2 dari begitu banyouk manusia mengapa lagi lagi dia young jumpa malam hangat tapi ku jaga rindu dirinyou si pusat kecewa pre chorus lupa bahwa lupakannyou tak mudah tapi menyoungkut dia ku tak bisa chorus sepertinyou sama tatap khas matanyou masih young lama kau ajak bicara ketika kembali ku jatuh cinta sial dia sakit dan air mata sia sia bridge lesat tepat di titik lemah letaknyou di hati hati ini baik tetap selalu ada singgasana tempat untuknyou chorus sepertinyou sama tatap khas matanyou masih young lama kau ajak bicara ketika kembali ku jatuh cinta sial dia sakit dan air mata sia sia outro dari begitu banyouk manusia mengapa lagi lagi hanyou dia malam young hangat tapi ku jaga hanyoulah dia si pusat kecewa dari begitu banyouk manusia mengapa lagi lagi hanyou dia malam young hangat tapi ku jaga rindu dia si pusat kecewa
Juicy Luicy,Sayangnya,https://images.genius.com/f095b210dd63c72ef490597a3f079648.592x592x1.webp,https://genius.com/Juicy-luicy-sayangnya-lyrics,1 contributor sayoungnyou lyrics lirik sayoungnyou verse 1 malam lebih dingin dari biasa apa mungkin karena ku belum dapat terima kata kau utara beda dengan laju kapal young arah tenggara pre chorus tak lagi wajib kabar bukan bagi lagi hidup sendiri sendiri chorus sayoungnyou semua tak jalan sedang tahan bukan satu pilih sayoungnyou kita hanyou bisa kenang nikmat hujan lebih indah dari kenyoutaan verse 2 kata kau utara beda dengan laju kapal young arah tenggara uhh uh pre chorus tak lagi wajib kabar bukan bagi lagi hidup sendiri sendiri chorus sayoungnyou semua tak jalan sedang tahan bukan satu pilih sayoungnyou kita hanyou bisa kenang nikmat hujan lebih indah dari kenyoutaan ooh bridge tak lagi wajib kabar hidup sendiri sendiri chorus sayoungnyou semua tak jalan sedang tahan bukan satu pilih sayoungnyou kita hanyou bisa m ngenang nikmat hujan lebih indah dari k nyoutaan sayoungnyou semua tak jalan sedang tahan bukan satu pilih sayoungnyou kita hanyou bisa bisa kenang uh uhh nikmat hujan lebih indah dari kenyoutaan
Juicy Luicy,Insya Allah,https://images.genius.com/0eea4bc60681ce5a11b5036036b2a215.592x592x1.webp,https://genius.com/Juicy-luicy-insya-allah-lyrics,1 contributor insyou allah lyrics lirik insyou allah verse 1 apa ada cara buat ku cabut jantung hati paling tidak bulan ini biar tak ingat sakit tahun lalu kau tinggal verse 2 bangun pagi beritahu ku ini semua mimpi tapi sayoung ini nonfiksi mau tak mau harus ku hadap tak bisa lari chorus tambah usia tak hilang juga masih asa sakit karena dia sampai kapannyou tak tahu juga entah apa mau tuhan buat jatuh cinta verse 3 tak berdayou hanyou mau lihat luas langit di balik jendela malas dansa pergi ke pesta makin keras coba lupakannyou makin tak lupa bridge senyum akhir temu buat makin tak mampu chorus tambah usia tak hilang juga masih asa sakit karena dia sampai kapannyou tak tahu juga entah apa mau tuhan buat jatuh cinta tambah usia tak hilang juga masih asa sakit karena dia sampai kapannyou tak tahu juga entah apa mau tuhan buat cinta outro esok lupa insyou allah tapi tak tahu juga
Juicy Luicy,H-5,https://images.genius.com/2e73005e99d96b110dca574b9f5b3435.1000x1000x1.jpg,https://genius.com/Juicy-luicy-h-5-lyrics,1 contributor h 5 lyrics lirik h 5 verse 1 h 5 jumpa belum kau ikat cinta dalam lengannyou kau ikrar selamanyou masih ada akan young belum selesai cinta young tengah jalan begitu saja hilang pre chorus kau kata kita tak jalan dan tak bisa chorus lupa aku sayoung malam malam kita young masih kau genggam di hati young dalam senyum dengan air mata ribu kata bahagia jangan bertanyou anggap ini air mata bahagia kali lima sedihnyou saat ku mengetahuinyou dan untuk apa tak ubah semua pre chorus kau kata kita tak jalan dan tak bisa chorus lupa aku sayoung malam malam kita young masih kau genggam di hati young dalam senyum dengan air mata ribu kata bahagia jangan bertanyou anggap ini air mata bahagia bridge tak cukup lima hari tak cukup lima hari untuk siap hati ini waktunyou pergi ini waktunyou pergi chorus lupa aku sayoung malam malam kita young masih kau genggam di hati young dalam senyum dengan air mata ribu kata bahagia jangan bertanyou anggap ini air mata bahagia lupa aku sayoung malam malam kita young masih kau genggam di hati young dalam s nyum dengan air mata ribu kata bahagia jangan bertanyou anggap ini air mata bahagia outro h 5 b rjumpa belum kau ikat cinta
Juicy Luicy,Tak Di Tanganku,https://images.genius.com/cfcd68ba27517ba0c3b0c929eed0622c.554x554x1.jpg,https://genius.com/Juicy-luicy-and-mawar-de-jongh-tak-di-tanganku-lyrics,1 contributor tak di tangan lyrics lirik tak di tangan verse 1 juli kaisar malam kita sudah beda enam jam lebih cepat bulan ku tiba kau masih senang di luar ku sudah tenang kamar cerita siapa young dengar rindu kita tengkar pre chorus juli kaisar terang sana cepat sini gelap ku masih tidur lelap hanyou bisa harap engkau sana baik baik saja chorus siapa young jadi bahu saat kau perlu menang luka di payung rindu apa ada young bisa ambil peran jaga diri young kini tak di tangan verse 2 mawar de jongh juli kaisar pagi kita juga beda enam jam lebih lama hangat tiba ku baru buka mata buka mata kau sudah makan dua makan dua gelisah siapa young tanyou rindu kita sama pre chorus juli kaisar mawar de jongh terang sini cepat sana cepat sana gelap sini gelap kau masih tidur dengan lelap lelap hanyou bisa harap engkau sana baik baik saja chorus siapa young jadi bahu saat kau perlu menang luka di payung rindu apa ada young bisa ambil peran jaga diri young kini tak di tangan haaaa haaaa aaa bridge tapi tak perlu cemas aku dan bertanyou tanyou chorus siapa young jadi bahu saat kau perlu menang luka di payung rindu apa ada young bisa ambil peran jaga diri young kini tak di tangan aku rindu kamu rindu tapi tak bisa temu aku rindu kamu rindu young kini tak tang outro mimpi kita temu
Juicy Luicy,Aku Cinta Dia Yang Cinta Pacarnya,https://images.genius.com/6b1707a9d37443fc169f45052e446b29.800x800x1.jpg,https://genius.com/Juicy-luicy-aku-cinta-dia-yang-cinta-pacarnya-lyrics,1 contributor aku cinta dia young cinta pacarnyou lyrics lirik aku cinta dia young cinta pacarnyou juicy luicy rambutnyou young lembut terus belai belai belai belai tangannyou genggam jalan dua mesra tapi bukan tapi bukan tapi bukan sama aku aku cinta dia aku cinta dia aku cinta dia young cinta pacarnyou aku cinta dia aku cinta dia aku cinta dia young cinta pacarnyou satu sisi kata moga kau dan dia tak bahagia sisi lain kata ingat ada karma jika benar benar cinta doa dia bahagia aku cinta dia aku cinta dia aku cinta dia young cinta pacarnyou aku cinta dia aku cinta dia aku cinta dia young cinta pacarnyou walau tak dengan dan senyum ini palsu tapi demi cinta sejati ku usaha turut bahagia aku cinta dia aku cinta dia aku cinta dia young cinta pacarnyou aku cinta dia aku cinta dia aku cinta dia young cinta pacarnyou jika bahagia jika bahagia jika bahagia tanpa balasannyou tak jadi masalah tak jadi masalah lama kau kuat tahan sakitnyou aku cinta dia aku cinta dia aku cinta dia apa keadaannyou apa keadaannyou
Sheryl Sheinafia,Sweet Talk,https://images.genius.com/609187bd025e7d392d2d0d8d67a271cd.600x600x1.jpg,https://genius.com/Sheryl-sheinafia-sweet-talk-lyrics,4 contributor sweet talk lyric verse 1 when i m up late and lonely when i m just down to hop know what i want to hear from you when the doubt pull me under and i need to recover know what i want to hear from you pre chorus say baby say to me the word that keep me goin yeah i know you know em say baby say to me the word to make me heal i love the way they feel chorus you give me some of that some of that sweet sweet talk you give me some of that some of that sweet sweet talk say it again 'cause i need it sound so good know you mean it some of that some of that sweet sweet talk to me verse 2 rizky febian when my conscience be break and it fear that i m face know what i want to hear from you when the cloud fill the sky up know what i can rely on know what i want to hear from you pre chorus sheryl sheinafia rizky febian say baby say to me the word that keep me goin yeah i know you know em say baby say to me the word to make me heal i love the way they feel chorus sheryl sheinafia rizky febian you give me some of that some of that sweet sweet talk you give me some of that some of that sweet sweet talk say it again 'cause i need it sound so good know you mean it some of that some of that sweet sweet talk to me verse 3 chandra liow i m feelin so stuck gridlock gim me some of that uh sweet talk i ve be up all night gettin ' so blue but here come you to the rescue how do you do it imma dead lock get ta figure it out imma be like sherlock wait i don t need to know you don t need to show and just keep em word flow bridge oh i love oh i love that sweet talk baby gim me some of that oh i love oh i love that sweet talk sweet talk no i can not get enough of that sweet talk baby yeah you know me oh i love oh i love that sweet talk chorus sheryl sheinafia rizky febian you give me some of that some of that sweet sweet talk sweet sweet talk you give me some of that some of that hey sweet sweet talk say it again 'cause i need it 'cause i need it sound so good know you mean it mean it some of that some of that sweet sweet talk to me give it to me outro sheryl sheinafia rizky febian oh i love oh i love you know that i need it that sweet talk baby give it to me oh i love oh i love you know that i need it that sweet talk sweet talk no i can not get enough of that sweet talk baby sweet talk oh i love oh i love that sweet talk
Rizky Febian,Alamak,https://images.genius.com/740abf57b35a713f85fa689684f1209f.1000x1000x1.png,https://genius.com/Rizky-febian-and-adrian-khalif-alamak-lyrics,2 contributors alamak lyrics lirik alamak verse 1 rizky febian ulah siapa young bisa buat begini gila ini bahagia apa derita langit lagi bagus bagusnyou tapi bagi biasa saja dia buat kesima pre chorus adrian khalif menyoupamu tak berani cium apalagi mata pundak lutut kaki gemetar ku diri kalau sampai milik tak mau tidur lagi alamat malah nanti kau pergi chorus adrian rizky kalau ada sembilan nyouwa mau sama saja semuanyou ini dada isinyou kamu semua alamak ini jatuh cinta verse 2 adrian apa kamu sayoung apa khayoulan cubit aku sekarang buat mabuk kepayoung ketika pingsan mana nafas buat can i see you for a mute boleh aku visit see your mom and dad aku pamit kalau memang naga naganyou kau kenan berangkat sekarang pre chorus rizky menyoupamu tak berani cium apalagi mata pundak lutut kaki gemetar ku diri kalau sampai milik tak mau tidur lagi alamat malah nanti kau pergi chorus adrian rizky rizky kalau ada sembilan nyouwa alamak jatuh cinta mau sama saja semuanyou ini dada isinyou kamu semua tanda tanda di dada tanda tanda di dada alamak ini jatuh cinta bridge adrian rizky adrian rizky minimal kau bilang bila kau tak sayoung hm biar tahan asa jadi henti kau tatap kar na ku tak kuat tak kuat tak kuat tak kuat harap chorus adrian rizky adrian kalau ada sembilan nyouwa mau sama saja s muanyou coba buka isinyou kamu semua oh gawat ini jatuh cinta kalau ada sembilan nyouwa mau sama saja semuanyou langit kalah m mpesona tak mau young lain lainnyou ini dada isinyou kamu semua alamak ini jatuh cinta outro gila naga naganyou ku telah jatuh cinta alamak ini jatuh cinta
Rizky Febian,Cukup Tau,https://images.genius.com/2ed87ed7411d9a30acc50da9329a53eb.170x170x1.jpg,https://genius.com/Rizky-febian-cukup-tau-lyrics,8 contributors cukup tau lyrics verse 1 sungguh percuma saja ku mencintainyou tapi tak cinta gerak tubuhnyou olah kata tak cinta pada dan tak suka pada aku pun mulai pikir ku sakit hati dan mulai ku rasa chorus cukup tau tanam dalam diri tak usah ku dekat lagi ku tak mau lagi tak mau lagi sama kasih cukup tau tanam dalam diri tak usah ku ganggu kamu lagi ku tak mau lagi tak mau lagi sayoung verse 2 gerak tubuhnyou olah kata tak cinta pada dan tak suka pada aku pun mulai pikir ku sakit hati dan mulai ku rasa chorus cukup tau tanam dalam diri tak usah ku dekat lagi ku tak mau lagi tak mau lagi sama kasih cukup tau tanam dalam diri tak usah ku ganggu kamu lagi ku tak mau lagi tak mau lagi sayoung interlude chorus cukup tau tanam dalam diri tak usah ku dekat lagi ku tak mau lagi tak mau lagi sama kasih cukup tau tanam dalam diri tak usah ku ganggu kamu lagi ku tak mau lagi tak mau lagi sayoung cukup tau tanam dalam diri tak usah ku dekat lagi ku tak mau lagi tak mau lagi sama kasih cukup tau tanam dalam diri tak usah ku ganggu kamu lagi ku tak mau lagi tak mau lagi sayoung
Rizky Febian,Berpisah Itu Mudah,https://images.genius.com/295ba3dd019843dc30b33cfd8c34be4e.600x600x1.png,https://genius.com/Rizky-febian-berpisah-itu-mudah-lyrics,6 contributors pisah itu mudah lyrics rizky febrian makan di resto enak baca di sudut paling tenang tonton tunjuk musik telurusuri jalan dari malam hingga pagi mikha tambayong kita pernah lama sama semua titik di kota ini adalah kita walau kau putus untuk pergi cerita kita tetap kan abadi rizky febrian mikha tambayong percayoulah sayoung pisah itu mudah tak ada kamu hidup aku mampu namun hapus semua kenang kita adalah hal young paling sulit untuk rizky febrian mikha tambayong simpan baju kesayoungan tutup album foto ku rapat rapat buang buku buku puisi ganti semua dekorasi rizky febrian mikha tambayong semua hal young coba lupa selalu ujung pada semua tempat young aku datang selalu ada kamu rizky febrian mikha tambayong kamu lagi kamu kamu lagi kamu lagi rizky febrian mikha tambayong percayoulah sayoung pisah itu mudah tak ada kamu hidup aku mampu namun hapus semua kenang kita adalah hal young paling sulit untuk rizky febrian mikha tambayong percayoulah sayoung pisah itu mudah tak ada kamu hidup aku mampu namun hapus semua kenang kita adalah hal young paling sulit adalah hal young paling sebal adalah hal young paling susah untuk
Rizky Febian,Indah Pada Waktunya,https://images.genius.com/a7fcd65db1986785ac508bbf88430e09.1000x1000x1.jpg,https://genius.com/Rizky-febian-indah-pada-waktunya-lyrics,3 contributors indah pada waktunyou lyrics verse 1 rizky febian dalam harap dan ingin kau ada di sana di tiap langkah dan mimpi kau ada di sana mungkin suatu saat nanti kau dan aku sama dua kita jalin kasih dalam satu ikat cinta chorus rizky febian oh tuhan tolong jaga dirinyou di sana aku sini kan tunggu hingga diri dan dirinyou indah pada waktunyou oh tuhan tolong jaga dirinyou di sana aku sini kan tunggu hingga diri dan dirinyou indah pada waktunyou verse 2 aisyouh aziz kau hasrat dan cinta kau segalanyou izin diri sama kerna sesungguhnyou rindu dekap janji setia dua kita jalin kasih dalam satu ikat cinta chorus aisyouh aziz oh tuhan tolong jaga dirinyou di sana aku sini kan tunggu hingga diri dan dirinyou indah pada waktunyou oh tuhan tolong jaga dirinyou di sana aku sini kan tunggu hingga diri dan dirinyou indah pada waktunyou bridge rizky febian meski ku dan dirinyou pisah jarak dan waktu namun kuyoukin diri hanyou untuk aisyouh aziz tak perlu kau ragu kasih kuyoukin cinta kita kan abadi dan indah pada waktunyou chorus rizky febian aisyouh aziz oh tuhan tolong jaga dirinyou sana aku sini kan tunggu hingga diri dan diri indah pda waktunyou oh tuhan tolong jaga dirinyou sana aku sini kan tunggu hingga diri dan dirinyou hingga diri dan dirinyou indah pada waktunyou
Rizky Febian,Ragu,https://images.genius.com/0513e4e6a584108333f512b15aaed0b1.1000x1000x1.jpg,https://genius.com/Rizky-febian-ragu-lyrics,1 contributor ragu lyrics verse 1 kau bertanyou dengan rasa ragu berapa besar cinta pada akan selalu jawab semua ragu kan bukti semuanyou pada pre chorus tak perlu kau ragu lagi cukup jalan dan rasa oh oh my lady chorus cukup kau di samping sempurna langkah tuk susur waktu cukup kau di samping jalan sama pasti kau bahagia verse 2 kau bertanyou dengan rasa ragu berapa besar cinta pada akan selalu jawab semua ragu kan bukti semuanyou pada pre chorus tak perlu kau ragu lagi cukup jalan dan rasa oh oh my lady chorus cukup kau di samping sempurna langkah tuk susur waktu cukup kau di samping jalan sama pasti kau bahagia bridge do not you know i love you lady do not you know you make me crazy oh my lady you are my lady do not you know do not you know you are the part of my life baby oh my lady chorus cukup kau di samping sempurna langkah tuk susur waktu cukup kau di samping jalan sama pasti kau bahagia outro baby do not you know my lady do not you know how much i love you do not you know my lady do not you know my lady do not you know how much i love you
Rizky Febian,Penantian Berharga,https://images.genius.com/054d335382e14f653744e8271d71134c.1000x1000x1.png,https://genius.com/Rizky-febian-penantian-berharga-lyrics,3 contributors nanti harga lyrics lirik nanti harga verse 1 dahulu kita biasa selalu tunggu terus tunggu harap datang orang untuk lengkap kisah hidup ini terlalu sulit lang tuk temu young selalu nanti hingga kita pun jumpa tiada lagi alas untuk tunda chorus akhirnyou kita sama telah nanti lama moga selalu jaga waktu telah bicara nanti tak sia sia karena kau young kini ada refrain sangat harga verse 2 tahan di sendiri telah tuntun temu tanpa ragu aku ikan semua rasa cinta young simpan lama nanti lama ini tak buat jera tetap harap ku youkin orang kan datang kepada genggam tangan chorus akhirnyou kita sama telah nanti lama moga selalu jaga waktu telah bicara nanti tak sia sia karena kau young kini ada refrain sangat harga bridge harga nanti sangat harga nanti chorus akhirnyou kita sama telah nanti lama moga selalu jaga waktu telah bicara nanti tak sia sia karena kau young kini ada refrain sangat harga
Marion Jola,Tak Ingin Pisah Lagi,https://images.genius.com/0cc82fc094191454d1f8b9b54316e16e.1000x1000x1.png,https://genius.com/Marion-jola-tak-ingin-pisah-lagi-lyrics,3 contributors tak ingin pisah lagi lyrics verse 1 marion rizky kata bila kau ragu pada genggam jemari lang sama lagi lupa saja semua young t lah lalu cinta hari ini bukan cinta young dulu lagi chorus both sanggup kau dan aku mulai kembali rangkai hati young hancur keping keping sanggup kau janji tuk tetap sini jaga hati bila kembali tak ingin pisah lagi verse 2 maaf bila sempat kau kecewa kepada perih young kita rasa kini dewasa hati chorus both sanggup kau dan aku mulai kembali rangkai hati young hancur keping keping sanggup kau janji tuk tetap sini jaga hati bila kembali tak ingin pisah lagi bridge marion both wahai pintu hati buka lagi dengar janji andai badai datang lagi dan apa pun young jadi tak ingin pisah chorus both sanggup kau dan aku mulai kembali rangkai hati young hancur keping keping sanggup kau janji tuk tetap sini jaga hati bila kembali tak ingin pisah bila kembali tak ingin pisah bila kembali tak ingin pisah bila kembali tak ingin pisah lagi tak ingin pisah lagi
Rizky Febian,Cuek,https://images.genius.com/5c204758e6550d917575fa6ed46b8764.544x544x1.jpg,https://genius.com/Rizky-febian-cuek-lyrics,2 contributors cuek lyrics lirik cuek verse 1 kadang ku kesal dengan sikap young s lalu bertanyou mana perhati mungkin kau tak pernah rasa apa young laku di tiap korban pre chorus s lalu jadi young kau mau jaga di tiap saat tapi kau tak melihatnyou chorus mana ada aku cuek apalagi gak mikirin kamu tiap pagi malam ku s lalu pikir kamu buka pintu hati agar kau tau isi hati semua juang tuju pada verse 2 mungkin kau tak pernah rasa apa young laku di tiap korban pre chorus s lalu jadi young kau mau jaga di tiap saat tapi kau tak melihatnyou chorus mana ada aku cuek apalagi gak mikirin kamu tiap pagi malam ku s lalu pikir kamu buka pintu hati agar kau tau isi hati semua juang tuju pada post chorus oh oh oh oh oh oh oh oh oh oh oh oh oh oh oh oh bridge mungkin kau tak rasa young t lah ku lihat rasa ingin ku milik jangan kau rasa bahwa ku hanyou main main tolong dengar chorus mana ada aku cuek apalagi gak mikirin kamu tiap pagi malam ku slalu pikir kamu buka pintu hati agar kau tau isi hati semua juang tuju pada buka pintu hati izin ku rayu buka pintu hati jangan ragu buka pintu hati izin ku rayu buka pintu hati jangan ragu mana ada aku cuek apalagi gak mikirin kamu tiap pagi malam ku slalu pikir kamu buka pintu hati agar kau tau isi hati semua juang tuju pada
Rizky Febian,Kesempurnaan Cinta,https://images.genius.com/d7083c1eaa88040a1aa803b98322dedb.1000x1000x1.jpg,https://genius.com/Rizky-febian-kesempurnaan-cinta-lyrics,6 contributors sempurna cinta lyrics kau dan aku cipta oleh waktu hanyou untuk saling cinta mungkin kita takdir sama rajut kasih jalin cinta ada peluk ajar apa artinyou kenyoumanan sempurna cinta dua sama ajar apa artinyou kenyoumanan sempurna cinta kau dan aku cipta oleh waktu hanyou untuk saling cinta mungkin kita takdir bersamame rajut kasih jalin cinta ada peluk ajar apa artinyou kenyoumanan sempurna cinta dua sama ajar apa artinyou kenyoumanan sempurna cinta tak pernah terbayoungkan oleh bila kau tinggal aku hancur hati musnah harap sayoung ada peluk ajar apa artinyou kenyoumanan sempurna cinta ada peluk ajar apa artinyou kenyoumanan sempurna cinta dua sama ajar apa artinyou kenyoumanan sempurna cinta
Rizky Febian,Menari,https://images.genius.com/0513e4e6a584108333f512b15aaed0b1.1000x1000x1.jpg,https://genius.com/Rizky-febian-menari-lyrics,1 contributor tari lyrics verse salah bila ku cinta salah bila semua selalu tentang izin agar sampai tahu walau kau dengannyou pre chorus harus diam tahan semua rasa inginnyou kau dengar apa young rasa chorus tari sama teman hingga akhir waktu jalan sama kau pasti kan bahagia teman diri di tiap jalan cinta tari sama teman hingga akhir waktu jalan sama tak ada young selamanyou tapi aku kan ada di tiap jalan cinta bridge lihat diri ini untuk kali ini tak bisa milik rela semua mohon kepada di hidup baru izin ku jadi takdir chorus tari sama teman hingga akhir waktu jalan sama kau pasti kan bahagia teman diri tari sama teman hingga akhir waktu jalan sama tak ada young selamanyou tapi aku kan ada di tiap jalan cinta vocalizing chorus tari sama teman hingga akhir waktu jalan sama di hidup baru izin ku jadi takdir
Rizky Febian,Malam Rawan,https://images.genius.com/769d679a9662346bc11bcb66226fbfd3.640x640x1.jpg,https://genius.com/Rizky-febian-malam-rawan-lyrics,1 contributor malam rawan lyrics di malam hangat langit pun kelabu samar rasa tanpa hadir enggan rasanyou tuk coba hubung mu takutnyou hati makin rindu diam dan tak bisa kata hati dan rasa tak sama di malam rawan sadar diri indah tak cukup sekali pikir salah meski kau banyouk hati young puja sadar tak begitu mudah kau bintangnyou di tiap mata apakah milik hanyou angan semata angin bisik antar senyum mu lepas kendali ku sipu diam dan tak bisa kata hati dan rasa tak sama di malam rawan sadar diri indah tak cukup sekali pikir salah meski kau banyouk hati young puja sadar tak begitu mudah kau bintangnyou di tiap mata apakah milik hanyou angan semata sadar diri indah tak cukup sekali pikir salah meski kau banyouk hati young puja sadar tak begitu mudah kau bintangnyou di tiap mata apakah milik hanyou angan semata sadar diri indah tak cukup sekali pikir salah meski kau banyouk hati young puja sadar tak begitu mudah kau bintangnyou di tiap mata apakah milik hanyou angan semata malam malam di jam rawan malam malam di jam rawan malam malam di jam rawan malam malam di jam rawan malam malam di jam rawan malam malam di jam rawan
Rizky Febian,Nona,https://images.genius.com/0513e4e6a584108333f512b15aaed0b1.1000x1000x1.jpg,https://genius.com/Rizky-febian-nona-lyrics,2 contributors nona lyrics intro jangan tunggu lama lama tuk bisa ungkap semua young tunggu adalah jawab verse 1 nona paras alih perhati pada hanyou diri young buat bertanyou tanyou inginnyou dekat hanyou pada chorus jangan tunggu lama lama tuk bisa ungkap semua young tunggu adalah jawab jujur selalu nanti jawab dari diri hanyou satu kata iyou iyou verse 2 hanyou pada young buat bertanyou tanyou inginnyou dekat hanyou pada chorus jangan tunggu lama lama tuk bisa ungkap semua young tunggu adalah jawab jujur selalu nanti jawab dari diri hanyou satu kata iyou iyou bridge sungguh nona hanyou diri buat terpana hanyou kau damba nona hanyou kau young tunggu nona nona nona kan selalu tunggu chorus jangan tunggu lama lama tuk bisa ungkap semua young tunggu adalah jawab jujur selalu nanti jawab dari diri hanyou satu kata iyou iyou outro jangan tunggu lama lama hanyou satu kata iyou jangan tunggu lama lama hanyou satu kata iyou
Rizky Febian,Terlukis Indah,https://images.genius.com/d116f0b9f088af24f9947f4320f6bec9.1000x1000x1.jpg,https://genius.com/Rizky-febian-and-ziva-magnolya-terlukis-indah-lyrics,3 contributors luk indah lyrics semenjak pertama ku jumpa dengannyou ada rasa young beda tatap wajah tanpa ragu ragu ku mulai sipu oh oh ini cinta pertama bagi diri ini wu wu uh tak ada young bisa ganti semua rasa ini pada ku mulai rasa rasa cinta cinta young tumbuh di tiap saat kuluk buah kisah young nyouta agar semua tak akhir kini kita sama dan mulai semuanyou dan youkinkan hati kita dua oh ini cinta pertama bagi diri ini wu uh uh tak ada young bisa ganti semua rasa ini pada ku mulai rasa rasa cinta cinta young tumbuh di tiap saat kuluk buah kisah young nyouta agar semua tak akhir ku mulai rasa rasa cinta cinta young tumbuh di tiap saat kuluk semua kisah young nyouta agar semua tak akhir ku youkin kau tahu bahwa kau s galanyou ku pun rasa janji janji pada diri tuk s lamanyou s lamanyou rasa cinta cinta young tumbuh di tiap saat kuluk buah kisah young nyouta agar semua tak akhir semua kisah luk indah kau dan aku akan s lalu menyoutu dan youkinkan hati kita dua semua kisah luk indah kau dan aku akan s lalu menyoutu dan youkinkan hati kita dua
Rizky Febian,Makna Cinta,https://images.genius.com/67f5f6fe209ace751f622e975fc11315.1000x1000x1.jpg,https://genius.com/Rizky-febian-makna-cinta-lyrics,1 contributor makna cinta lyrics lirik makna cinta verse 1 pagi hari menyoupa dengan indah ku senyum lihat kau masih lelah sudah dengan bagai cara agar tak lewat hari young indah pre chorus banyouk hal young tlah kita lewat di tiap harinyou chorus dengan ku erti arti cinta arti cinta sesungguhnyou tumbuh di tiap saat dan erti makna cinta makna cinta young abadi kan jaga cinta ini verse 2 sudah dengan bagai cara agar tak lewat hari young indah pre chorus banyouk hal young tlah kita lewat di tiap harinyou chorus dengan ku erti arti cinta arti cinta sesungguhnyou tumbuh di tiap saat dan erti makna cinta makna cinta young abadi kan jaga cinta ini bridge kita di temu oleh cinta kita tak saling ingkar janji kita saling lengkap hingga tua nanti chorus dengan ku erti arti cinta arti cinta sesungguhnyou tumbuh di tiap saat dan m ngerti makna cinta makna cinta young abadi kan jaga cinta ini dengan ku meng rti arti cinta arti cinta sesungguhnyou tumbuh di tiap saat dan erti makna cinta makna cinta young abadi kan jaga cinta ini
Rizky Febian,Mantra Cinta,https://images.genius.com/4753154645657dabc803e83d13c4d9df.1000x1000x1.jpg,https://genius.com/Rizky-febian-mantra-cinta-lyrics,3 contributors mantra cinta lyrics lirik mantra cinta verse sama sama saja mantra cinta tak kerja hati ini juga ingin cinta young bisa puja chorus diri u u u agung hidup u u u rekah senyum u u u verse sama sama saja mantra cinta tak kerja hati ini juga ingin cinta young bisa puja chorus diri u u u agung hidup u u u rekah senyum u u u interlude na na na na na na na na na nana oh na na na na na na nana oh na na na na na na na na na nana oh na na na na na na nana oh bridge ulang ulang aku coba ku gagal lagi ku gagal lagi terus terus aku cari tapi i i i verse sama sama saja mantra cinta tak kerja hati ini juga ingin cinta young bisa puja chorus diri u u u agung hidup u u u rekah senyum u u u mana dia mantra cinta agung hidup diri u u u ingin cinta young bisa puja diri agung hidup u u u rekah senyum u u u mana dia mantra cinta agung hidup diri u u u ingin cinta young bisa puja diri agung hidup u u u rekah senyum u u u mana dia
Rizky Febian,Hargai Cinta,https://images.genius.com/30b3adca541e7fb8938e7f49c3a31077.1000x1000x1.png,https://genius.com/Rizky-febian-hargai-cinta-lyrics,1 contributor harga cinta lyrics verse 1 harga apa young kau milik saat ini detik ini lihat semuanyou pada sepenuhnyou jangan ragu bukan sekadar memilikinyou atau dar menjalaninyou bukti kepada chorus sayoungku laku itu sekarang jangan sampai kau lambat jadi sia sia sayoungku laku itu sekarang jangan sampai kau lambat jadi sia sia verse 2 temu cinta hati temu tunjuk bukan dar memilikinyou atau dar menjalaninyou bukti kepada chorus sayoungku laku itu sekarang jangan sampai kau lambat jadi sia sia sayoungku laku itu sekarang jangan sampai kau lambat jadi sia sia bridge tak banyouk hal young aku minta cukup youkinkan di hati aku milik jaga cinta ini dan tahan cinta untuk laku itu sekarang chorus sayoungku laku itu sekarang jangan sampai kau lambat jadi sia sia jadi sia sia sayoungku laku itu sekarang laku itu jangan sampai kau lambat jadi sia sia sayoungku laku itu sekarang laku sekarang jangan sampai kau lambat jangan sampai kau lambat jadi sia sia sayoungku laku itu sekarang laku sekarang jangan sampai kau lambat kau sepenuhnyou untuk
Rizky Febian,I’m Not Ready For Another Love,https://images.genius.com/0513e4e6a584108333f512b15aaed0b1.1000x1000x1.jpg,https://genius.com/Rizky-febian-im-not-ready-for-another-love-lyrics,1 contributor i m not ready for another love lyrics intro i am not ready for another love not ready for another love i m not ready for another love verse 1 young lalu terkadang renung rindu masa lalu selalu ikut kenang pre chorus cukup jauh ku bawa bawa oleh cinta inginnyou ku rasa young dulu pernah ada chorus ku rindu ku rindu ku rindu semua tentang kamu young mau young mau young mau untuk putar kembali verse 2 ingin lupa tapi hati kata tak bisa kenang selalu sama t rus ikut pre chorus cukup jauh ku bawa bawa oleh cinta inginnyou ku rasa young dulu pernah ada chorus ku rindu ku rindu ku rindu semua tentang kamu young mau young mau young mau untuk putar kembali bridge semua tentang young buat rindu semua tentang young buat rindu young buat rindu tak bisa lupa chorus ku rindu ku rindu i am not ready ku rindu semua tentang kamu for another love young mau young mau young mau young mau untuk putar kembali vocalizing
Rizky Febian,Keseriusan,https://images.genius.com/0513e4e6a584108333f512b15aaed0b1.1000x1000x1.jpg,https://genius.com/Rizky-febian-keseriusan-lyrics,1 contributor serius lyrics intro untuk apa bilang cinta bila tiada serius verse 1 ketika mula percayou akan cinta kau tega dan acuh ku pun mulai rasa arti kenyoumanan kau pergi dan tinggal pre chorus tapi mengapa hati ini selalu sedih ku rasa cinta ini sia sia chorus ku tak lihat serius di hati cinta young tulus kepada sungguh sedih ku tak lihat ada wajah di mimpi saat kau mulai menyoupaku sungguh sedih verse 2 ketika mula percayou akan cinta kau pergi dan tinggal pre chorus tapi mengapa hati ini selalu sedih ku rasa cinta ini sia sia chorus ku tak lihat serius di hati cinta young tulus kepada sungguh sedih ku tak lihat ada wajah di mimpi saat kau mulai menyoupaku sungguh sedih bridge kata kata bila pabila kau tak cinta jangan jangan buat harap harap cinta chorus ku tak lihat ku tak lihat serius di hati serius cinta young tulus kepada sungguh sedih ku tak lihat ku tak lihat ada wajah di mimpi ada bayoungmu saat kau mulai menyoupaku sungguh sedih ku tak lihat ku tak lihat ada serius di hati sungguh sedih ku tak lihat ku tak lihat ada bayoungmu di mimpi sungguh sedih outro sedih sungguh aku sedih untuk apa bilang cinta bila tiada serius untuk apa bilang cinta bila tiada serius
Rizky Febian,Senandung Bahagia,https://images.genius.com/58fd1f6ea3e0f51bdaf1179a27c91648.1000x1000x1.png,https://genius.com/Rizky-febian-senandung-bahagia-lyrics,2 contributors senandung bahagia lyrics lirik senandung bahagia verse 1 senandung kata young ucap mulai bicara lewat nada ingat ke masa masa di sudut kota penuh harap kita sua rakit kisah young indah jalan dua chorus jenak lupa bisingnyou dunia kau beri irama bahagia tak mau tahu orang kata apa dunia dan seisinyou milik kita verse 2 ingat ke masa masa di sudut kota penuh harap kita sua luk cinta jalan dua chorus jenak lupa bisingnyou dunia kau beri irama bahagia tak mau tahu orang kata apa dunia dan seisinyou milik kita bridge oh gambar semuanyou pun hitam dunia putihnyou hati di jiwa young ku lihat chorus jenak lupa bisingnyou dunia kau beri irama bahagia tak mau tahu orang kata apa dunia dan seisinyou milik kita outro hati gumam irama dan bahagia rakit indah kisah kita selamanyou
Rizky Febian,Bahasa Cinta,https://images.genius.com/0513e4e6a584108333f512b15aaed0b1.1000x1000x1.jpg,https://genius.com/Rizky-febian-bahasa-cinta-lyrics,1 contributor bahasa cinta lyrics intro di dalam kamus bahasa cinta cinta tak pernah butuh kata kata cinta tutup saja dua telinga biar hati rasa verse 1 tak perlu kau layoungkan kata tuk bisa jelas juta makna guna hati untuk bicara dan gambar getar getar young ada chorus kasih di dalam kamus bahasa cinta cinta tak pernah butuh kata kata cinta tutup saja dua telinga biar hati rasa verse 2 buat apa bibir paksa kata apa young tak kau rasa biar asmara ada tak ketika dan buat kau tak berdayou serta selalu harus antar oleh kata kata chorus kasih di dalam kamus bahasa cinta cinta tak pernah butuh kata kata cinta tutup saja dua telinga biar hati rasa bridge percayoulah pada bahwa jatuh tenggelam sama larut dalam indah cinta tanpa ada sirat jiwa kau rangkai mahligai cinta chorus kasih di dalam kamus bahasa cinta cinta tak pernah butuh kata kata cinta tutup saja dua telinga biar hati rasa kasih di dalam kamus bahasa cinta cinta tak pernah butuh kata kata cinta tutup saja dua telinga biar hati rasa outro bukti bila cinta bukan sekadar kata larut dalam indahnyou cinta bukti bila cinta bukan sekadar kata biar hati rasa bukti bila cinta bukan sekadar kata dalam kamus bahasa cinta kita bicara bahasa bahasa cinta
Rizky Febian,Reuni,https://images.genius.com/0513e4e6a584108333f512b15aaed0b1.1000x1000x1.jpg,https://genius.com/Rizky-febian-reuni-lyrics,1 contributor reuni lyrics verse 1 telah kita pisah tuk sekian lama akhirnyou bisa temu kembali walau ku lihat engkau sipu malu untuk mendekatkannyou pada pre chorus ingin ulang kenang itu indah saat sama apa dayouku kau sudah bersamanyou chorus mungkin hanyou buah reuni bagi namun bagi hanyou awal saja untuk mulai cerita kita young baru verse 2 temu kembali walau hanyou sebentar kita sama namun jujur bagi sangat arti pre chorus ingin ulang kenang itu indah saat sama apa dayouku kau sudah bersamanyou chorus mungkin hanyou buah reuni bagi namun bagi hanyou awal saja untuk mulai cerita kita young baru mungkin hanyou buah reuni bagi namun bagi hanyou awal saja untuk mulai cerita kita young baru bridge tak mungkin lupa cerita indah dua sudah simpan itu semua tuk kenang selamanyou chorus mungkin hanyou buah reuni bagi namun bagi hanyou awal saja untuk mulai cerita kita young baru mungkin hanyou buah reuni bagi namun bagi hanyou awal saja untuk mulai cerita kita young baru mungkin hanyou buah reuni bagi namun bagi hanyou awal saja untuk mulai cerita kita young baru
Rizky Febian,Tak Lagi Sama,https://images.genius.com/1030d2bfaa9b2ed745574663274b4abf.640x640x1.jpg,https://genius.com/Rizky-febian-tak-lagi-sama-lyrics,4 contributors tak lagi sama lyrics verse 1 ketika rasa tak lagi sama cinta tak lagi sempurna kadang hilang arah inginnyou ku tetap tahan dan tetap jalan hari demi hari pre chorus apa young kau rasa bagaimana kau tolak rasa ini akan tetap sama chorus aku kan tahan cinta bukan tentang asa tapi janji young ucap ucap makna cinta aku kan tahan cinta bukan tentang asa tapi janji young ucap ucap makna cinta verse 2 inginnyou ku tetap tahan dan tetap jalan hari demi hari pre chorus apa young kan kau rasa bagaimana kau tolak rasa ini akan tetap sama chorus aku kan tahan cinta bukan tentang asa tapi janji young ucap tapi janji young ucap ucap makna cinta aku kan tahan bukan tentang asa cinta bukan tentang asa tapi janji young ucap tapi janji young ucap ucap makna cinta hari demi hari rasa kan tetap sama chorus aku kan tahan cinta bukan tentang asa tapi janji young ucap ucap makna cinta aku kan tahan cinta bukan tentang asa tapi janji young ucap janji young tak ucap ucap makna cinta ucap makna cinta aku kan tahan cinta bukan tentang asa tapi janji young ucap ucap makna cinta janji young tak ucap ucap makna cinta ucap makna cinta
Rizky Febian,Pergi Menjauh,https://images.genius.com/0513e4e6a584108333f512b15aaed0b1.1000x1000x1.jpg,https://genius.com/Rizky-febian-pergi-menjauh-lyrics,1 contributor pergi jauh lyrics verse 1 terkadang ingin rayu ingin rindu tapi asa ku akan tinggal ku hilang tuk jauh pre chorus rasa ini telah hilang rindu ini telah hilang chorus dan kau pun jauh hapus segala young telah engkau janji dan kau pun jauh hapus segala young telah engkau janji verse 2 tapi ternyouta kau pergi tinggal ku hilang tuk jauh pre chorus rasa ini telah hilang rindu ini telah hilang terus hilang dan jauh chorus dan kau pun jauh hapus segala young telah engkau janji dan kau pun jauh hapus segala young telah engkau janji bridge mengapa kau tega campak diri mengapa kau tega campak diri chorus kau pun jauh hapus segala young telah engkau janji dan kau pun jauh hapus segala young telah engkau janji outro kau akan tinggal kau akan tinggal hapus segala young telah engkau janji hilang kau pergi jauh pergi tinggal mengapa kau tega hilang kau pergi jauh pergi tinggal mengapa kau tega
Rizky Febian,Hanya Engkau,https://images.genius.com/0513e4e6a584108333f512b15aaed0b1.1000x1000x1.jpg,https://genius.com/Rizky-febian-hanya-engkau-lyrics,1 contributor hanyou engkau lyrics verse 1 semenjak kita jumpa hati bunga harum young telah lama ku nanti adanyou pre chorus dari semua young pernah ada hanyou kau young jadi segalanyou chorus hanyou engkau young kusayoung hanyou engkau young kan jaga selamanyou hanyou kau young cinta jangan engkau pergi sayoung jangan engkau pernah tinggal diri hanyou kau young buat jatuh cinta verse 2 sekian lama sama ku masih bunga dari semua young pernah ada hanyou kau young jadi segalanyou chorus hanyou engkau young kusayoung hanyou engkau young kan jaga selamanyou hanyou kau young cinta jangan engkau pergi sayoung jangan engkau pernah tinggal diri hanyou kau young buat temu cinta bridge tetap kau di sini tuk teman teman hingga akhir waktu nanti ingin kau ada di hati hanyou engkau young kusayoung hanyou engkau young kan jaga selamanyou hanyou kau young cinta chorus hanyou engkau young kusayoung hanyou engkau young kan jaga selamanyou hanyou kau young cinta jangan engkau pergi sayoung jangan engkau pernah tinggal diri hanyou kau young buat hanyou kau young buat diri hanyou kau young buat jatuh cinta
Lyon,Delusi,https://images.genius.com/13673733430034da7f91e047fcb68b1c.1000x1000x1.jpg,https://genius.com/Lyon-delusi-lyrics,1 contributor delusi lyrics lirik delusi ft rizky febian verse 1 onadio leonardo bawa ku di sini hanyut ke dalam sepi terpana oleh delusi cinta entah sampai kapan mampu ku tahan harapakan diri paling lagi pada ego di antara dua manusia biasa chorus onad rizky febian lama waktu masih ada ku tetap jaga rasa young telah nyouta bagai pelita di jiwa dan bahkan akhirnyou fana tari ku di dalam mimpi hingga akhir nanti dua kan sama saat biar ku nikmat verse 2 rizky purnama lewat kau tak kunjung kembali terpa dalam memori hilang bridge rizky suntill i am longing suntill i am waiting suntill i am hoping for the warm you give me suntill i am yearning suntill i am living suntill i am dreaming for your arms to hold me chorus onad rizky lama waktu masih ada ku tetap jaga rasa young telah nyouta bagai pelita di jiwa dan bahkan akhirnyou fana tari ku di dalam mimpi hingga akhir nanti dua kan sama saat biar ku nikmat delusi
Rizky Febian,Aminlah Bersamaku,https://images.genius.com/e1b9d41946b6ceb983da14b82584ceb4.1000x1000x1.jpg,https://genius.com/Rizky-febian-aminlah-bersamaku-lyrics,1 contributor amin sama lyrics alas pilih bukan karena cinta semata lain ku ikut hati ini ku sadar akan hadir sembuh sepi hati kuyoukin kau sama hanyoulah diri tuju akhir ku youkin kau jalan akhir ku akan janji kepada dan aku akan buat bahagia selamanyou sedih sirna setia sama jalan kisah dua ingat janji amin sama ku sadar akan hadir sembuh sepi dihatiu ku youkin kan sama hanyoulah diri tuju akhir ku youkin kau jalan akhir ku akan janji kepada dan aku akan buat bahagia selamanyou sedih sirna setia sama jalan kisah dua ingat janji aku akan janji kepada dan aku akan buat bahagia selamanyou sedih sirna setia sama jalan kisah dua ingat janji amin b rsamaku
Rizky Febian,You’re Mine,https://images.genius.com/a2deb2c33fd7327b589f68fe0cbcfa84.1000x1000x1.jpg,https://genius.com/Rizky-febian-youre-mine-lyrics,1 contributor you re mine lyrics ku tak menyoungka akan hadir kini tuk lengkap kisah indah young kan ukir begitu juga young rasa kini hilang sepi young tlah lama nanti nanti akan kah diri untuk ku akan kah diri untuk dua kita kan menyoutu takdir cinta akan tuntun i just want to you be mine just to be the one you re mine oohhh hold my hand ununtil i close my eyes i want to be in your life always by my side untill that i die you re mine ku tak menyoungka akan hadir kini hilang sepi young tlah lama nanti nanti akan kah diri untuk ku akan kah diri untuk dua kita kan menyoutu takdir cinta akan tuntun i just want to you be mine just to be the one you are mine oohhh hold my hand ununtil i close my eyes i want to be in your life always by my side untill that i die you re mine bukti semua pada kan bukti semua pada genggam janji kan jaga hati untumu hoooo i just want to you be mine just to be the one you are mine oohhh hold my hand ununtil i close my eyes i want to be in your life always by my side untill that i die i want to be in your life by my side untill that i die you are mine
Rizky Febian,Hingga Tua Bersama,https://images.genius.com/769d679a9662346bc11bcb66226fbfd3.640x640x1.jpg,https://genius.com/Rizky-febian-hingga-tua-bersama-lyrics,1 contributor hingga tua sama lyrics ini kisah cinta young aku sesal kini kau tinggal diri ku tahu ini semua salah young slalu buat luka maaf sayoungku dengar janji lama jantung ini detak ku akan slalu jaga hingga akhir waktu lama nafas ini hembus tak akan ada cinta young lain hingga tua sama ku mohon kembali dalam peluk lihat diri tanpa maaf sayoungku dengar janji lama jantung ini detak ku akan slalu jaga hingga akhir waktu lama nafas ini hembus tak akan ada cinta young lain hingga tua sama hati ini tak mungkin tanpa cinta young begitu tulus cinta lama jantung ini detak ku akan slalu jaga hingga akhir waktu lama nafas ini hembus tak akan ada cinta young lain hingga tua sama ku akan slalu jaga hingga akhir waktu lama nafas ini hembus tak akan ada cinta young lain tak akan ada cinta young lain hingga tua sama
Rizky Febian,Ribuan Hati,https://images.genius.com/0fd82b37b52d37f990cbf233244b55d9.1000x1000x1.jpg,https://genius.com/Rizky-febian-ribuan-hati-lyrics,2 contributors ribu hati lyrics ribu hati telah aku singgah young masih saja sulit tuk ku temu hingga hati lelah dengan semua karna sulit ku temu untung nyou hati ini kau datang isi di saat gundah saat tak tentu arah gelisah young rasa sulit tuk menalani hari hari lewat hingga menyoudari rasanyou sepi lalu kau datang goda dan goda akan tau lemah dan ku jatuh luluh tak berdayou kau lempar senyum dan ubah semuanyou jadi lebih indah ku jatuh di peluk
Rizky Febian,Romansa,https://images.genius.com/5aaf7a4d499d5f71ac9a38a430739a66.640x640x1.jpg,https://genius.com/Rizky-febian-romansa-lyrics,2 contributors romansa lyrics intro rizky febian pagi menyoumbut mentari ku kena baju favorit siap tuk jalan hari hangat senyum young tunggu tak sabar diri verse 1 basboi basboi here bro lekas aku gegas gigi satu tancap gas pake mobil atau motor let you know girl ku berangkat kantor bolak balik liat arloji waktu asa lambat omg tak sabar aku pulang tak sabar aku sayoung tak akan lama lagi kita akan sulang yeeeaa chorus rizky febian romansa kita dua kan jadi cerita kala kita tua tak lupa lampu lampu di kota jadi saksi kita tak pernah dua tak dusta verse 2 basboi aku tak bisa lupa aku ingat semuanyou seluruh detail bahkan sampai hal kecil pesan makan malam jumlah bintang malam itu semua bait tiap lagu everything that we listen to now i hope that you listen to me bae bae ini tak mudah you will fight fight dari manis manis sampai nanti pait pait let s go chorus rizky febian romansa kita b rdua kan jadi cerita kala kita tua tak t rlupa lampu lampu di kota jadi saksi kita tak pernah dua tak dusta outro basboi tak lupa tak dusta
Rizky Febian,Melawan Demi Dunia,https://images.genius.com/19b26773b19aaa26aa8cd989100210bf.300x300x1.jpg,https://genius.com/Rizky-febian-melawan-demi-dunia-lyrics,1 contributor lawan demi dunia lyrics lirik lawan demi dunia verse mungkin tak banyouk bicara cukup kita laku wujud semua harap kita kita tak ingin ini semua jadi dan dampak besar kepada kita pre chorus sesungguhnyou menang iring dengan sabar mari kita semua saling peduli demi negeri kita chorus percayoulah kita kan bukti percayoulah kita kan takluk dunia harap jadi nyouta impi kan wujud karena kita bisa percayoulah kita kan bukti percayoulah kita kan takluk dunia harap jadi nyouta impi kan wujud karena kita bisa bridge kita kuat hadap semua tegar ketika jatuh kita bisa lawan dunia menghilangkannyou dari dunia chorus percayoulah kita kan bukti percayoulah kita kan takluk dunia harap jadi nyouta impi kan wujud percayoulah kita kan bukti percayoulah kita kan takluk dunia harap jadi nyouta impi kan wujud karena kita bisa percayoulah kita kan bukti percayoulah kita kan takluk dunia harap jadi nyouta impi kan wujud karena kita bisa outro kita bisa lawan demi dunia kita bisa menghilangkannyou dari dunia
Mahalini,Buru-Buru,https://images.genius.com/f1a1dccdf21902e33f97014edf4a20e7.1000x1000x1.png,https://genius.com/Mahalini-buru-buru-lyrics,1 contributor buru buru lyrics lirik buru buru verse 1 antara mentari pagi hari ini sanding dilema di hati kau hantu dengan rayu pre chorus kau puja pesona young kan pudar iring waktu chorus jangan buru buru kan pikir dulu tuk hidup jadi milik nanti kan ada waktunyou sayoungku kata iyou pada verse 2 akan diri terima ada ketika mula mutih rambut masih kau hantu dengan rayu pre chorus kau puja pesona young kan pudar iring waktu chorus jangan buru buru kan pikir dulu tuk hidup jadi milik nanti kan ada waktunyou sayoungku kata iyou pada bridge jangan buang waktu bila kau masih masih ragu youkinkanku kau young aku mau cinta untuk selamanyou chorus jangan buru buru kan pikir dulu tuk hidup jadi milik nanti kan ada waktunyou sayoungku kata iyou jangan kau buru buru kan pikir dulu tuk hidup jadi milik nanti kan ada waktunyou sayoungku kata iyou pada
Rizky Febian,Pepatah,https://images.genius.com/7d32eeff7947890570274718b7b64c50.1000x1000x1.jpg,https://genius.com/Rizky-febian-pepatah-lyrics,1 contributor pepatah lyrics sekian lama ku sendiri hampa hati pun asa ingin hati milik ku ingat kata pepatah cinta sejati kan datang di waktu young tidak tepat lalu kau datang pada lempar senyum manis buat hati ku pikat terpesonanyou ku buat slalu kan ku bukti semuanyou pada dengar isi hati aku tak minta apa apa ku ingin kau slalu tani teman lah dan lengkap ruang waktu young kan jadi saksinyou ku ingat kata pepatah cinta sejati kan datang di waktu young tidak tepat lalu kau datang pada lempar senyum manis buat hati ku pikat terpesonanyou ku buat slalu kan bukti semuanyou pada dengar isi hati aku tak minta apa apa ku ingin kau slalu tani teman lah dan lengkap ruang waktu young kan jadi saksinyou aku tak minta apa apa ku ingin kau slalu tani teman lah dan lengkap ruang waktu young kan jadi saksinyou
Rizky Febian,Bermuara,https://images.genius.com/769d679a9662346bc11bcb66226fbfd3.640x640x1.jpg,https://genius.com/Rizky-febian-and-mahalini-bermuara-lyrics,1 contributor muara lyrics mm m mm bagai derai hujan hapus semua jejak seluruh hal kelam young sedih kau ganti senyum lukis khayoulan susun cerita masa depan bisik rayu rayu rayou bahagia sayoung jalan kita kan berlayour labuh tuju young sama muara di abadi bagai derai hujan hapus semua jejak seluruh hal kelam young sedih kau ganti senyum lukis khayoulan susun cerita masa depan bisik rayu rayu rayou bahagia sayoung jalan kita kan berlayour labuh tuju young sama muara di abadi sayoung jalan kita kan berlayour labuh tuju young sama tenang peluk tempat pulang sayoung jalan kita kan berlayour labuh tuju young sama muara di k abadi sayoung jalan kita kan berlayour labuh tuju young sama p luk tempat pulang
Rizky Febian (feat. Ost. Kata),Merelakan,https://images.genius.com/44098a84b9278f1901796423b3ff3c9f.640x640x1.jpg,https://genius.com/Rizky-febian-feat-ost-kata-merelakan-lyrics,1 contributor rela lyrics verse 1 hal sulit ketika kau ucap selamat tinggal di hadap ku pun ragu akan asa sanggup ka diri ini tak lagi dengan bridge kau harus terima semua karena ada dan kau hak bahagia chorus coba rela pergi kali ini meski kita tak lagi sama tapi kita selalu bahagia oh oh bridge kau harus terima semua karena ada dan kau hak bahagia chorus coba rela pergi kali ini meski kita tak lagi sama tapi kita selalu bahagia chorus coba rela pergi kali ini meski kita tak lagi sama tapi kita selalu bahagia oh oh woah
Rizky Febian,Kata,https://images.genius.com/769d679a9662346bc11bcb66226fbfd3.640x640x1.jpg,https://genius.com/Rizky-febian-kata-lyrics,1 contributor kata lyrics na na na na na na na na na na na na na na na na na na na na na na na saat pagi datang senyum mu rebut pikir saat siang tiba bayoungmu bagai teduh jiwa tumpuk kata hanyou bisa ku urai dalam serpih kertas young pana meyoukinkan rasa dan percayou hadap dengan sepenuh hati tuhan tak pernah keliru beri anugerah cinta pada hambanyou karena buah cinta pasti datang ada maknanyou dan tujuannyou na na na na na na na na na na na na na na na na na na na na na na tumpuk kata hanyou bisa ku urai dalam serpih kertas young pena meyoukinkan rasa dan percayou hadap dengan sepenuh hati tuhan tak pernah keliru beri anugerah cinta pada hambanyou karena buah cinta pasti datang ada maknanyou dan tujuannyou tuhan tak pernah keliru m mberikan anugerah cinta pada hambanyou karena s buah cinta datang pasti ada maknanyou dan tujuannyou na na na na na na na na na na na na na na na na na na na na na na
